v -0.9541607 -0.6296695 -0.97631407
v -0.9501497 -0.7167407 -0.9671391
v -0.98007053 -0.7216238 -0.8505657
v -0.99555576 -0.62535584 -0.80150867
v -0.973256 -0.72382987 -0.7219734
v -0.94908357 -0.7322446 -0.61622554
v -0.9983829 -0.62556386 -0.5775275
v -0.9967135 -0.65103704 -0.6601581
v -0.9972271 -0.56651115 -0.6524789
v -0.9980912 -0.55138725 -0.47960863
v -0.9899152 -0.4514529 -0.7971625
v -0.99661505 -0.54236686 -0.7460361
v -0.9922637 -0.5218483 -0.9158125
v -0.99453217 -0.69057614 -0.5145826
v -0.8881215 -0.74486375 -0.9100683
v -0.98007053 -0.7216238 -0.8505657
v -0.9501497 -0.7167407 -0.9671391
v -0.86690784 -0.74623525 -0.75771224
v -0.973256 -0.72382987 -0.7219734
v -0.94908357 -0.7322446 -0.61622554
v -0.849655 -0.7466904 -0.5540587
v -0.89506465 -0.74657005 -0.47897977
v -0.90804946 -0.525885 -0.99550736
v -0.84088254 -0.58378786 -0.9992274
v -0.9541607 -0.6296695 -0.97631407
v -0.8145398 -0.72284377 -0.96516645
v -0.8145398 -0.72284377 -0.96516645
v -0.9501497 -0.7167407 -0.9671391
v -0.799477 -0.7466221 -0.65455496
v -0.83484465 -0.7461363 -0.84171695
v -0.74102724 -0.6047622 -0.99741495
v -0.7985566 -0.48514518 -0.9925317
v -0.70821905 -0.74703217 -0.5753701
v -0.75750184 -0.7466142 -0.79134554
v -0.72377867 -0.74651384 -0.8819806
v -0.72914267 -0.7345696 -0.9658456
v -0.6962942 -0.74704754 -0.69730175
v -0.72914267 -0.7345696 -0.9658456
v -0.6670356 -0.7470286 -0.7954552
v -0.6562981 -0.6557156 -0.99624664
v -0.61375123 -0.7473363 -0.65032554
v -0.61690354 -0.56030744 -0.9996537
v -0.6219864 -0.7471225 -0.51291114
v -0.731913 -0.7472259 -0.47744828
v -0.68615496 -0.45290604 -0.9788198
v -0.6103973 -0.73892903 -0.95413446
v -0.60416496 -0.746847 -0.86300313
v -0.6562981 -0.6557156 -0.99624664
v -0.58520406 -0.7471081 -0.75763774
v -0.5150219 -0.74711627 -0.5678485
v -0.53817046 -0.628361 -0.99742556
v -0.6103973 -0.73892903 -0.95413446
v -0.52759045 -0.74718225 -0.6834178
v -0.5070868 -0.7450874 -0.92487425
v -0.5028692 -0.7469478 -0.7915375
v -0.50821966 -0.49703637 -0.99439466
v -0.5070868 -0.7450874 -0.92487425
v -0.4594495 -0.71159494 -0.99003017
v -0.41792166 -0.7469961 -0.69574153
v -0.40248084 -0.74692917 -0.89221764
v -0.4214871 -0.5841433 -0.99903613
v -0.37705594 -0.74723244 -0.7940341
v -0.40589485 -0.74689686 -0.5513363
v -0.33801857 -0.7092272 -0.97943765
v -0.4594495 -0.71159494 -0.99003017
v -0.33801857 -0.7092272 -0.97943765
v -0.33536172 -0.5808023 -0.9995036
v -0.36860603 -0.4817611 -0.9898933
v -0.30643386 -0.74687004 -0.6853487
v -0.2787773 -0.74706185 -0.84376955
v -0.31362364 -0.7469252 -0.5193753
v -0.21552798 -0.74668115 -0.6428859
v -0.22047071 -0.7447758 -0.93859756
v -0.21696487 -0.6524205 -0.999033
v -0.26390854 -0.47764024 -0.98443073
v -0.17589542 -0.74677783 -0.7430745
v -0.2140089 -0.7470566 -0.53938335
v -0.22047071 -0.7447758 -0.93859756
v -0.18785614 -0.51466167 -0.9970698
v -0.18216383 -0.74695194 -0.8464009
v -0.14866596 -0.71944237 -0.9888242
v -0.0948836 -0.74693835 -0.54436654
v -0.098521724 -0.6176009 -0.9999505
v -0.12920305 -0.74671763 -0.9089638
v -0.10240708 -0.74693614 -0.82174766
v -0.14866596 -0.71944237 -0.9888242
v -0.060076144 -0.7465323 -0.63775706
v -0.08138928 -0.4767653 -0.98294574
v -0.0068210997 -0.7340841 -0.96785206
v -0.014535353 -0.7469448 -0.78757983
v -0.0068210997 -0.7340841 -0.96785206
v -0.014276139 -0.64709103 -0.99979484
v 0.04252611 -0.5460145 -0.99936557
v 0.06538916 -0.7469218 -0.7503401
v 0.036122657 -0.7465689 -0.6281469
v 0.096838444 -0.7470317 -0.8819239
v 0.083890244 -0.7467943 -0.5327793
v 0.1003834 -0.68288666 -0.99537444
v 0.1003834 -0.68288666 -0.99537444
v 0.12798795 -0.746727 -0.6524762
v 0.18369296 -0.742244 -0.96105003
v 0.1585697 -0.5858747 -1.0002397
v 0.1725934 -0.74693954 -0.7660247
v 0.23994541 -0.7469235 -0.8385695
v 0.2339409 -0.74687546 -0.62342954
v 0.16961217 -0.74708307 -0.49855667
v 0.19856347 -0.6630497 -0.99833375
v 0.18369296 -0.742244 -0.96105003
v 0.11975725 -0.45988336 -0.9785021
v 0.25655866 -0.55884933 -0.99836564
v 0.25872228 -0.74731964 -0.4925593
v 0.30569834 -0.7467554 -0.73626244
v 0.298293 -0.72201633 -0.9700705
v 0.298293 -0.72201633 -0.9700705
v 0.3190864 -0.74731964 -0.5606569
v 0.38443816 -0.6272257 -0.99850786
v 0.38332427 -0.74676794 -0.87368083
v 0.40080822 -0.5142098 -0.99492395
v 0.3700359 -0.74672914 -0.65481883
v 0.43904877 -0.73647094 -0.9630177
v 0.43535727 -0.7469548 -0.75636643
v 0.43904877 -0.73647094 -0.9630177
v 0.46378848 -0.74730325 -0.5574607
v 0.37982678 -0.7475591 -0.483837
v 0.45803195 -0.7467268 -0.6462562
v 0.48134398 -0.66268086 -0.99700844
v 0.46501964 -0.74732476 -0.8491432
v 0.5546013 -0.5981943 -0.9986352
v 0.57408285 -0.74771357 -0.8046218
v 0.5495654 -0.7468412 -0.631049
v 0.5147022 -0.74709064 -0.72277844
v 0.5290586 -0.5137817 -0.9960558
v 0.5577667 -0.71085274 -0.9960482
v 0.552478 -0.7458845 -0.92248803
v 0.49131995 -0.74736977 -0.44321665
v 0.634355 -0.74716926 -0.7122506
v 0.63452494 -0.6532243 -0.9962418
v 0.66266215 -0.74676573 -0.60105085
v 0.5624616 -0.7470798 -0.52725863
v 0.6577854 -0.74178666 -0.9424284
v 0.64337486 -0.5403719 -0.9981391
v 0.64376146 -0.7468928 -0.47448003
v 0.7206347 -0.74811536 -0.8318396
v 0.6577854 -0.74178666 -0.9424284
v 0.7411258 -0.7221638 -0.9826256
v 0.74778837 -0.60636854 -0.99686885
v 0.72600466 -0.7471329 -0.69681376
v 0.77992445 -0.7470926 -0.5210024
v 0.7991211 -0.7469565 -0.62247014
v 0.732318 -0.50198823 -0.9941666
v 0.7411258 -0.7221638 -0.9826256
v 0.79414994 -0.74771583 -0.7614725
v 0.87112314 -0.7470373 -0.8545959
v 0.8186467 -0.74640995 -0.9322356
v 0.85765487 -0.70301616 -0.99634254
v 0.85765487 -0.70301616 -0.99634254
v 0.81634676 -0.485646 -0.9887077
v 0.86504495 -0.57500154 -0.9981053
v 0.9057218 -0.7466966 -0.7241746
v 0.9447867 -0.740431 -0.489073
v 0.85765487 -0.70301616 -0.99634254
v 0.9661299 -0.71592665 -0.94903904
v 0.9049024 -0.7465766 -0.5890098
v 0.97211313 -0.62349343 -0.9777031
v 0.9693935 -0.73440343 -0.6488716
v 0.9878056 -0.6959364 -0.57847154
v 0.97798216 -0.71197826 -0.8366027
v 0.9627726 -0.5109791 -0.96028006
v 0.9661299 -0.71592665 -0.94903904
v 0.98563296 -0.72401774 -0.749696
v 0.97798216 -0.71197826 -0.8366027
v 0.9925499 -0.61168516 -0.86538637
v 0.994091 -0.6478106 -0.7156139
v 0.9661299 -0.71592665 -0.94903904
v 0.97211313 -0.62349343 -0.9777031
v 0.9627726 -0.5109791 -0.96028006
v 0.9918881 -0.5213895 -0.823425
v 0.98563296 -0.72401774 -0.749696
v 0.9693935 -0.73440343 -0.6488716
v 0.9950484 -0.61153126 -0.6207135
v 0.9878056 -0.6959364 -0.57847154
v 0.99580735 -0.63701886 -0.49940878
v 0.99422884 -0.5024806 -0.6543935
v 0.9954563 -0.5481101 -0.55901164
v 0.99288464 -0.47767103 -0.7515786
v -0.9819182 -0.43218213 -0.60902447
v -0.99676996 -0.4754547 -0.6939164
v -0.96119285 -0.393256 -0.69592774
v -0.87358075 -0.4357612 -0.9624255
v -0.9922637 -0.5218483 -0.9158125
v -0.9899152 -0.4514529 -0.7971625
v -0.9295206 -0.3601356 -0.76969063
v -0.92423636 -0.35287714 -0.53011405
v -0.9848345 -0.43247214 -0.52085924
v -0.89179087 -0.32081074 -0.61456823
v -0.91893494 -0.3664766 -0.866254
v -0.90804946 -0.525885 -0.99550736
v -0.91893494 -0.3664766 -0.866254
v -0.9899152 -0.4514529 -0.7971625
v -0.8796874 -0.30896914 -0.7201121
v -0.8459727 -0.30814496 -0.8345918
v -0.79625475 -0.36506283 -0.912291
v -0.813851 -0.24403232 -0.5013547
v -0.81682545 -0.2502551 -0.6907484
v -0.87358075 -0.4357612 -0.9624255
v -0.79625475 -0.36506283 -0.912291
v -0.8459727 -0.30814496 -0.8345918
v -0.81682545 -0.2502551 -0.6907484
v -0.765503 -0.21319777 -0.5834371
v -0.7405697 -0.26615918 -0.8268819
v -0.79625475 -0.36506283 -0.912291
v -0.8459727 -0.30814496 -0.8345918
v -0.81682545 -0.2502551 -0.6907484
v -0.7405697 -0.26615918 -0.8268819
v -0.70326287 -0.20847261 -0.7504628
v -0.765503 -0.21319777 -0.5834371
v -0.70007104 -0.18695974 -0.64624834
v -0.65024287 -0.34679556 -0.89640427
v -0.70326287 -0.20847261 -0.7504628
v -0.6402634 -0.25250393 -0.8151125
v -0.68509734 -0.1557097 -0.46508753
v -0.61454344 -0.11840524 -0.56625557
v -0.6279187 -0.18804622 -0.7296562
v -0.547337 -0.3917809 -0.9341225
v -0.563138 -0.10628191 -0.6680152
v -0.61454344 -0.11840524 -0.56625557
v -0.6402634 -0.25250393 -0.8151125
v -0.5854975 -0.47247994 -0.98971987
v -0.5078988 -0.23650615 -0.7946016
v -0.563138 -0.10628191 -0.6680152
v -0.54725647 -0.17481318 -0.7244458
v -0.6279187 -0.18804622 -0.7296562
v -0.49905735 -0.33173606 -0.88237363
v -0.6279187 -0.18804622 -0.7296562
v -0.54725647 -0.17481318 -0.7244458
v -0.5078988 -0.23650615 -0.7946016
v -0.48118946 -0.0524423 -0.6329491
v -0.61454344 -0.11840524 -0.56625557
v -0.49636 0.012784539 -0.5158264
v -0.48118946 -0.0524423 -0.6329491
v -0.61454344 -0.11840524 -0.56625557
v -0.44182718 -0.13133033 -0.70852876
v -0.48118946 -0.0524423 -0.6329491
v -0.49636 0.012784539 -0.5158264
v -0.3627658 -0.038053527 -0.57930243
v -0.4371955 -0.4115185 -0.9493782
v -0.43971348 -0.2682659 -0.8275206
v -0.5078988 -0.23650615 -0.7946016
v -0.36418414 -0.2033183 -0.75649416
v -0.3518517 -0.27725273 -0.83537155
v -0.3884913 -0.076452784 -0.6491485
v -0.36418414 -0.2033183 -0.75649416
v -0.3884913 -0.076452784 -0.6491485
v -0.3076363 -0.12635091 -0.6789394
v -0.30979633 -0.36294013 -0.9078448
v -0.26513848 -0.023418188 -0.5394252
v -0.35305035 0.026972532 -0.48559672
v -0.3076363 -0.12635091 -0.6789394
v -0.23654139 -0.20146978 -0.7514366
v -0.22320047 -0.2828682 -0.8399553
v -0.25181353 -0.06868611 -0.6063255
v -0.3076363 -0.12635091 -0.6789394
v -0.23654139 -0.20146978 -0.7514366
v -0.20450321 -0.40517324 -0.94193095
v -0.19555849 -0.11049016 -0.6632178
v -0.19555849 -0.11049016 -0.6632178
v -0.15339679 -0.06563478 -0.60122126
v -0.1600198 0.040411226 -0.46907198
v -0.033519704 -0.22075783 -0.7788985
v -0.13433619 -0.16624236 -0.7084678
v -0.14221197 -0.35928905 -0.90414405
v -0.109690845 -0.27566624 -0.83420783
v -0.13433619 -0.16624236 -0.7084678
v -0.033519704 -0.22075783 -0.7788985
v -0.23654139 -0.20146978 -0.7514366
v -0.07196534 -0.08391179 -0.63096106
v -0.033519704 -0.22075783 -0.7788985
v -0.033458024 -0.15727063 -0.7010842
v -0.099206686 -0.031541623 -0.5469178
v -0.07196534 -0.08391179 -0.63096106
v -0.04339475 -0.35445207 -0.89975536
v 0.014567918 -0.016568707 -0.53777194
v -0.014345874 -0.27870628 -0.836853
v 0.012784024 -0.44307607 -0.969022
v 0.052168816 -0.34585547 -0.8925165
v 0.07855715 -0.11481422 -0.6652026
v -0.07196534 -0.08391179 -0.63096106
v 0.081485644 -0.26320487 -0.82362264
v 0.07855715 -0.11481422 -0.6652026
v 0.108508945 -0.0415864 -0.5698079
v -0.033519704 -0.22075783 -0.7788985
v 0.15814917 -0.20138176 -0.74770325
v -0.033519704 -0.22075783 -0.7788985
v 0.15814917 -0.20138176 -0.74770325
v 0.14632499 -0.3438907 -0.89092374
v 0.22439608 -0.4323079 -0.96230173
v 0.20392996 -0.055860035 -0.58574665
v 0.18326436 -0.26163256 -0.8224477
v 0.15814917 -0.20138176 -0.74770325
v 0.19648951 -0.13202384 -0.68135345
v 0.22829476 -0.33377814 -0.88249326
v 0.19648951 -0.13202384 -0.68135345
v 0.2573295 -0.08770548 -0.637993
v 0.19648951 -0.13202384 -0.68135345
v 0.28629458 -0.25124192 -0.81286293
v 0.15814917 -0.20138176 -0.74770325
v 0.31000754 -0.20135042 -0.7470156
v 0.29509187 -0.14208382 -0.6896434
v 0.2573295 -0.08770548 -0.637993
v 0.31000754 -0.20135042 -0.7470156
v 0.28629458 -0.25124192 -0.81286293
v 0.15814917 -0.20138176 -0.74770325
v 0.32783335 -0.34800982 -0.89407986
v 0.32397404 -0.048326373 -0.57004535
v 0.24427661 0.0073163593 -0.49919745
v 0.31407243 -0.43381205 -0.9633602
v 0.36573276 -0.09272775 -0.6435251
v 0.36573276 -0.09272775 -0.6435251
v 0.2573295 -0.08770548 -0.637993
v 0.39489117 -0.27069694 -0.829673
v 0.31000754 -0.20135042 -0.7470156
v 0.44848716 -0.41660625 -0.9494798
v 0.47642338 -0.057919007 -0.5832907
v 0.42162788 -0.20875107 -0.76119626
v 0.42162788 -0.20875107 -0.76119626
v 0.4093995 -0.017487297 -0.5245085
v 0.44505644 -0.13060246 -0.6803652
v 0.36573276 -0.09272775 -0.6435251
v 0.44505644 -0.13060246 -0.6803652
v 0.5033965 -0.23244706 -0.791037
v 0.5070539 -0.31315172 -0.8652491
v 0.48938268 0.011695375 -0.4925812
v 0.55161905 -0.36598134 -0.9088036
v 0.544311 -0.17336112 -0.71838725
v 0.544311 -0.17336112 -0.71838725
v 0.5033965 -0.23244706 -0.791037
v 0.42162788 -0.20875107 -0.76119626
v 0.5601404 -0.111117214 -0.6616026
v 0.47642338 -0.057919007 -0.5832907
v 0.6074326 -0.4185785 -0.9511275
v 0.6061022 -0.25496137 -0.81619287
v 0.544311 -0.17336112 -0.71838725
v 0.6061022 -0.25496137 -0.81619287
v 0.58700347 -0.076709464 -0.5790273
v 0.47642338 -0.057919007 -0.5832907
v 0.5990655 0.0073655825 -0.49138087
v 0.5601404 -0.111117214 -0.6616026
v 0.58700347 -0.076709464 -0.5790273
v 0.6460518 -0.12865196 -0.64749444
v 0.6460518 -0.12865196 -0.64749444
v 0.65555143 -0.20282473 -0.7515687
v 0.6460518 -0.12865196 -0.64749444
v 0.6474249 -0.3285607 -0.87818545
v 0.7236029 -0.13436064 -0.5202182
v 0.58700347 -0.076709464 -0.5790273
v 0.72216785 -0.43445808 -0.96261156
v 0.7236029 -0.13436064 -0.5202182
v 0.73405707 -0.35189822 -0.8971445
v 0.72314024 -0.24684408 -0.80804443
v 0.65555143 -0.20282473 -0.7515687
v 0.7558409 -0.19970846 -0.71265805
v 0.72314024 -0.24684408 -0.80804443
v 0.65555143 -0.20282473 -0.7515687
v 0.7558409 -0.19970846 -0.71265805
v 0.7480104 -0.18484265 -0.6177308
v 0.80433244 -0.28952807 -0.8393787
v 0.80466455 -0.23932084 -0.76845336
v 0.7974503 -0.20991689 -0.4718894
v 0.8514055 -0.2685312 -0.5491252
v 0.7480104 -0.18484265 -0.6177308
v 0.80433244 -0.28952807 -0.8393787
v 0.85048586 -0.3853178 -0.91881496
v 0.85048586 -0.3853178 -0.91881496
v 0.87883383 -0.31558195 -0.8051056
v 0.7558409 -0.19970846 -0.71265805
v 0.8522451 -0.26893252 -0.6754181
v 0.80466455 -0.23932084 -0.76845336
v 0.7480104 -0.18484265 -0.6177308
v 0.7558409 -0.19970846 -0.71265805
v 0.7480104 -0.18484265 -0.6177308
v 0.85048586 -0.3853178 -0.91881496
v 0.8522451 -0.26893252 -0.6754181
v 0.9133893 -0.33258024 -0.72983646
v 0.87883383 -0.31558195 -0.8051056
v 0.93956506 -0.35907775 -0.6159802
v 0.9410499 -0.41401243 -0.8895782
v 0.9010526 -0.32005215 -0.41008955
v 0.970236 -0.40165174 -0.51173794
v 0.9595057 -0.39354524 -0.7970593
v 0.87883383 -0.31558195 -0.8051056
v 0.96855587 -0.39456102 -0.7145063
v 0.9595057 -0.39354524 -0.7970593
v 0.9627726 -0.5109791 -0.96028006
v 0.85048586 -0.3853178 -0.91881496
v 0.9410499 -0.41401243 -0.8895782
v 0.996012 -0.5066931 -0.47183543
v -0.9974941 -0.63420105 -0.42233378
v -0.99022746 -0.69680667 -0.3190808
v -0.99710953 -0.60506785 -0.29782876
v -0.9455896 -0.74400306 -0.15492392
v -0.99726504 -0.6586263 -0.21869902
v -0.9313103 -0.74300957 -0.23534164
v -0.9912945 -0.7049922 -0.09065009
v -0.9763968 -0.7327082 -0.42447504
v -0.9979444 -0.6543647 -0.020795487
v -0.975918 -0.7312735 0.010142966
v -0.99668324 -0.61374414 -0.12170929
v -0.99635494 -0.5604913 -0.041173536
v -0.998421 -0.5169803 -0.3321713
v -0.99680007 -0.4984681 -0.09834555
v -0.9972238 -0.5619165 -0.20796049
v -0.99453217 -0.69057614 -0.5145826
v -0.9763968 -0.7327082 -0.42447504
v -0.88158 -0.74714917 -0.3286687
v -0.99022746 -0.69680667 -0.3190808
v -0.9313103 -0.74300957 -0.23534164
v -0.9455896 -0.74400306 -0.15492392
v -0.975918 -0.7312735 0.010142966
v -0.9912945 -0.7049922 -0.09065009
v -0.88112426 -0.7471039 -0.06393798
v -0.89129424 -0.74687994 0.037577543
v -0.8302725 -0.74751276 -0.1541144
v -0.79946995 -0.74728376 -0.37656128
v -0.7922732 -0.7474697 -0.27457485
v -0.772424 -0.74735844 -0.032723583
v -0.7179953 -0.74752456 -0.121697634
v -0.7246973 -0.7476767 -0.22822045
v -0.68343395 -0.74727523 -0.41469756
v -0.6508092 -0.7473269 -0.31073532
v -0.6201075 -0.74722683 -0.0024585277
v -0.6736561 -0.7469125 0.094946094
v -0.63260406 -0.7475321 -0.2030474
v -0.5841488 -0.74731386 -0.118903436
v -0.5870911 -0.74722946 -0.3706116
v -0.57092476 -0.747054 -0.4503084
v -0.50731045 -0.7473344 -0.25308156
v -0.51977205 -0.74702966 -0.053994913
v -0.45670968 -0.74721205 -0.41354123
v -0.43121377 -0.74718904 -0.15929335
v -0.38511115 -0.7469286 -0.062524915
v -0.36218876 -0.74723464 -0.30706853
v -0.3383149 -0.74709666 -0.1980803
v -0.27899322 -0.7472583 -0.37698698
v -0.26313165 -0.74710965 -0.26988357
v -0.26118076 -0.74685955 -0.14476198
v -0.2939772 -0.7465676 0.011792969
v -0.40171325 -0.7467693 0.046284422
v -0.220421 -0.7465601 -0.034771435
v -0.20076473 -0.7474016 -0.43620083
v -0.1458573 -0.7470982 -0.22757274
v -0.15245135 -0.7472105 -0.33743542
v -0.17880572 -0.7467289 -0.1253416
v -0.11871748 -0.74651814 -0.022174874
v -0.19790635 -0.7464722 0.051209502
v -0.07862531 -0.7471216 -0.44451183
v -0.08860344 -0.7468196 -0.14227732
v -0.046260517 -0.74694633 -0.3518709
v -0.034379408 -0.74660873 -0.02496125
v -0.031149518 -0.74707913 -0.2583425
v 0.005949344 -0.7468989 -0.1399639
v 0.03754567 -0.74687743 -0.32257625
v 0.08247101 -0.7468896 -0.40325633
v 0.05844924 -0.74682367 -0.0052728904
v 0.06808751 -0.74707645 -0.2453742
v 0.11404422 -0.74701226 -0.1647061
v 0.1421076 -0.7470746 -0.28843263
v 0.15434024 -0.7468011 -0.05706206
v 0.17832604 -0.74718404 -0.3759526
v 0.1449978 -0.74691224 0.08969471
v 0.23034307 -0.74672437 -0.10609693
v 0.27695346 -0.74708986 -0.2239569
v 0.25691134 -0.7472768 -0.40610662
v 0.2935295 -0.74725306 -0.3335138
v 0.24702525 -0.74673826 -7.955469E-4
v 0.343018 -0.7467163 -0.08324048
v 0.37794343 -0.74720806 -0.2834357
v 0.3349089 -0.74667746 0.00797511
v 0.43064806 -0.74740314 -0.35514104
v 0.44572303 -0.7470676 -0.22518224
v 0.4151494 -0.7465917 0.026852062
v 0.44770586 -0.74689806 -0.11525546
v 0.53310317 -0.7469683 -0.0029063127
v 0.55126035 -0.7472219 -0.17845894
v 0.5366651 -0.7470856 -0.31454915
v 0.573851 -0.7469332 -0.39844313
v 0.63116884 -0.74688506 -0.29114303
v 0.66688573 -0.74755865 -0.10344051
v 0.65522563 -0.74756044 0.028582023
v 0.71297634 -0.7468548 -0.41520524
v 0.7367462 -0.7471734 -0.26670852
v 0.7840971 -0.7476714 -0.0036727749
v 0.7940531 -0.747345 -0.1489845
v 0.7932565 -0.7470243 -0.3821969
v 0.83973294 -0.7472798 -0.27754402
v 0.8555995 -0.74767685 -0.05739791
v 0.8885178 -0.7468506 -0.4078854
v 0.9199009 -0.746914 -0.124859795
v 0.9211774 -0.74676734 -0.2793539
v 0.96142 -0.7300483 0.0022424925
v 0.9875653 -0.70067316 -0.29166192
v 0.98862666 -0.7133576 -0.40612036
v 0.98544836 -0.7259755 -0.21330532
v 0.99115694 -0.71619666 -0.097766764
v 0.99115694 -0.71619666 -0.097766764
v 0.9940069 -0.614345 0.040781662
v 0.96142 -0.7300483 0.0022424925
v 0.99526346 -0.6191931 -0.19494703
v 0.98544836 -0.7259755 -0.21330532
v 0.9875653 -0.70067316 -0.29166192
v 0.9954213 -0.60817057 -0.07573036
v 0.9962317 -0.598225 -0.42111993
v 0.98862666 -0.7133576 -0.40612036
v 0.9447867 -0.740431 -0.489073
v 0.9940213 -0.64114153 -0.34975594
v 0.99604774 -0.5613443 -0.26705873
v 0.9942835 -0.4868254 -0.3496744
v 0.9951008 -0.51917017 -0.15909958
v 0.9942565 -0.5303327 -0.008913867
v -0.99174047 -0.45106107 -0.20154323
v -0.9900422 -0.45304474 0.026056288
v -0.9792222 -0.42501086 -0.41305763
v -0.9781696 -0.4189762 -0.32927868
v -0.9598336 -0.39122787 -0.115976796
v -0.93018043 -0.3597541 -0.28766897
v -0.937681 -0.36681548 -0.0068558743
v -0.90646994 -0.33465183 -0.084363885
v -0.8546703 -0.28243327 -0.19735381
v -0.88609654 -0.3147891 -0.39859512
v -0.86775136 -0.29523957 0.04597271
v -0.8474626 -0.27487957 -0.08494543
v -0.8321409 -0.2597626 -0.34000176
v -0.77785456 -0.21416572 -0.03277419
v -0.7785198 -0.21281375 -0.1585841
v -0.7679601 -0.20632 -0.24947162
v -0.813851 -0.24403232 -0.5013547
v -0.7594013 -0.20218085 -0.39587313
v -0.7594013 -0.20218085 -0.39587313
v -0.7594013 -0.20218085 -0.39587313
v -0.8321409 -0.2597626 -0.34000176
v -0.8321409 -0.2597626 -0.34000176
v -0.7679601 -0.20632 -0.24947162
v -0.813851 -0.24403232 -0.5013547
v -0.7785198 -0.21281375 -0.1585841
v -0.6971092 -0.13623047 -0.17572713
v -0.6896003 -0.10937341 -0.055398874
v -0.77785456 -0.21416572 -0.03277419
v -0.6995244 -0.14573532 -0.25588912
v -0.7679601 -0.20632 -0.24947162
v -0.6995244 -0.14573532 -0.25588912
v -0.7594013 -0.20218085 -0.39587313
v -0.6705754 -0.103364155 -0.34064722
v -0.68509734 -0.1557097 -0.46508753
v -0.6971092 -0.13623047 -0.17572713
v -0.66071737 -0.040721454 -0.18982486
v -0.6896003 -0.10937341 -0.055398874
v -0.6095275 0.03855314 -0.118251845
v -0.6217679 0.042141706 -0.0035592038
v -0.6257437 -0.012810972 -0.34096014
v -0.6086863 -0.043296125 -0.4490422
v -0.59284675 0.03894444 -0.24197385
v -0.49636 0.012784539 -0.5158264
v 0.108508945 -0.0415864 -0.5698079
v 0.16198799 0.022022499 -0.4907971
v 0.20392996 -0.055860035 -0.58574665
v 0.3339783 0.044074103 -0.4586197
v 0.5990655 0.0073655825 -0.49138087
v 0.589487 0.016758129 -0.14075804
v 0.55167985 0.0043192264 -0.03944614
v 0.6135966 -0.085198 -0.082137905
v 0.5975375 -0.09877227 0.008949468
v 0.6534505 -0.015046508 -0.1826264
v 0.67096806 -0.16841555 -0.008295566
v 0.7031752 -0.10334346 -0.16260405
v 0.6534505 -0.015046508 -0.1826264
v 0.6135966 -0.085198 -0.082137905
v 0.7031752 -0.10334346 -0.16260405
v 0.7164794 -0.029730666 -0.4620814
v 0.7031752 -0.10334346 -0.16260405
v 0.71194416 0.0542869 -0.29070234
v 0.6534505 -0.015046508 -0.1826264
v 0.7031752 -0.10334346 -0.16260405
v 0.67096806 -0.16841555 -0.008295566
v 0.7749131 -0.19664645 -0.0758549
v 0.7575862 -0.20282751 0.073565535
v 0.7031752 -0.10334346 -0.16260405
v 0.7507326 -0.063877724 -0.27660877
v 0.71194416 0.0542869 -0.29070234
v 0.7031752 -0.10334346 -0.16260405
v 0.7749131 -0.19664645 -0.0758549
v 0.78914326 -0.2000831 -0.17583923
v 0.7697319 -0.14500916 -0.25700557
v 0.7624709 -0.10010606 -0.37417805
v 0.73350734 0.0028173914 -0.37560415
v 0.7164794 -0.029730666 -0.4620814
v 0.7236029 -0.13436064 -0.5202182
v 0.81505525 -0.22902834 -0.38678575
v 0.8275393 -0.24493642 -0.27779973
v 0.81505525 -0.22902834 -0.38678575
v 0.7974503 -0.20991689 -0.4718894
v 0.8213578 -0.24028465 0.017693391
v 0.8638172 -0.28241765 -0.06368612
v 0.7749131 -0.19664645 -0.0758549
v 0.7749131 -0.19664645 -0.0758549
v 0.8638172 -0.28241765 -0.06368612
v 0.78914326 -0.2000831 -0.17583923
v 0.7974503 -0.20991689 -0.4718894
v 0.88865185 -0.30758965 -0.17316113
v 0.8275393 -0.24493642 -0.27779973
v 0.8638172 -0.28241765 -0.06368612
v 0.9128856 -0.33198035 -0.28332764
v 0.87810636 -0.2972111 0.06158738
v 0.9195012 -0.3394537 -0.03810525
v 0.9688021 -0.39519447 -0.12568283
v 0.971457 -0.3989036 -0.38647473
v 0.9824599 -0.4326328 -0.24305072
v 0.98151433 -0.4296614 0.041739188
v 0.9940898 -0.47306386 -0.06976353
v -0.6095275 0.03855314 -0.118251845
v -0.5816989 0.050242513 -0.41568458
v -0.5542352 0.11671004 -0.3418482
v -0.532755 0.05644026 -0.05566953
v -0.6095275 0.03855314 -0.118251845
v -0.6217679 0.042141706 -0.0035592038
v -0.5305654 0.07462077 0.042958286
v -0.49636 0.012784539 -0.5158264
v -0.6086863 -0.043296125 -0.4490422
v -0.5816989 0.050242513 -0.41568458
v -0.4386657 0.09879862 -0.11315322
v -0.4944049 0.09165083 -0.21310638
v -0.59284675 0.03894444 -0.24197385
v -0.5542352 0.11671004 -0.3418482
v -0.445275 0.08141272 -0.009934731
v -0.45055237 0.08587611 -0.44083124
v -0.5816989 0.050242513 -0.41568458
v -0.5542352 0.11671004 -0.3418482
v -0.45055237 0.08587611 -0.44083124
v -0.4422955 0.13034761 -0.36736685
v -0.42166072 0.14015841 -0.27582824
v -0.34585774 0.19866116 -0.16887245
v -0.3875894 0.16507575 -0.02339404
v -0.4386657 0.09879862 -0.11315322
v -0.445275 0.08141272 -0.009934731
v -0.35308906 0.08868843 -0.40051755
v -0.34585774 0.19866116 -0.16887245
v -0.3343326 0.14865223 -0.30929425
v -0.34585774 0.19866116 -0.16887245
v -0.32710084 0.26981097 -0.04999706
v -0.3489736 0.26306444 0.046261456
v -0.25321132 0.088372335 -0.4105968
v -0.2868196 0.32951865 0.04922738
v -0.25207892 0.31911278 -0.13729659
v -0.29505727 0.19940847 -0.24370682
v -0.26982716 0.033597372 -0.4706885
v -0.20722546 0.27559537 -0.2390177
v -0.20722546 0.27559537 -0.2390177
v -0.34585774 0.19866116 -0.16887245
v -0.25207892 0.31911278 -0.13729659
v -0.21707514 0.19484001 -0.3188082
v -0.23852944 0.3817215 -0.042090707
v -0.2868196 0.32951865 0.04922738
v -0.20722546 0.27559537 -0.2390177
v -0.25321132 0.088372335 -0.4105968
v -0.21707514 0.19484001 -0.3188082
v -0.16173398 0.15333557 -0.36495888
v -0.1691564 0.39733097 -0.16601713
v -0.17027587 0.475078 -0.07860486
v -0.25207892 0.31911278 -0.13729659
v -0.20722546 0.27559537 -0.2390177
v -0.20722546 0.27559537 -0.2390177
v -0.19156519 0.4394509 0.047249462
v -0.20722546 0.27559537 -0.2390177
v -0.11825274 0.25624767 -0.30000043
v -0.1691564 0.39733097 -0.16601713
v -0.25207892 0.31911278 -0.13729659
v -0.1600198 0.040411226 -0.46907198
v -0.105102554 0.5049994 -0.13786076
v -0.20722546 0.27559537 -0.2390177
v -0.11825274 0.25624767 -0.30000043
v -0.1022117 0.37022746 -0.23696968
v -0.07377347 0.12644762 -0.40526313
v -0.07637065 0.0412446 -0.4687196
v -0.1600198 0.040411226 -0.46907198
v -0.07637065 0.0412446 -0.4687196
v -0.038312007 0.2079111 -0.35836524
v -0.032560278 0.475845 -0.20089537
v -0.105102554 0.5049994 -0.13786076
v -0.027898775 0.34038508 -0.26379716
v -0.011477521 0.086163245 -0.44850302
v -0.07637065 0.0412446 -0.4687196
v 0.014567918 -0.016568707 -0.53777194
v 0.012302317 0.28589267 -0.3094575
v 0.012729427 0.42189136 -0.2418176
v 0.014567918 -0.016568707 -0.53777194
v -0.07637065 0.0412446 -0.4687196
v 0.0446455 0.13925247 -0.41419435
v 0.0721211 0.5660286 -0.15885289
v 0.10422967 0.4469023 -0.20595491
v 0.08900714 0.053237133 -0.46860301
v 0.014567918 -0.016568707 -0.53777194
v 0.11703481 0.3605157 -0.25361055
v -0.027898775 0.34038508 -0.26379716
v 0.1446407 0.286422 -0.29413447
v 0.012302317 0.28589267 -0.3094575
v 0.0906056 0.21392824 -0.34873027
v 0.1446407 0.286422 -0.29413447
v 0.108508945 -0.0415864 -0.5698079
v 0.14829454 0.14488329 -0.38296786
v 0.19086185 0.47983047 -0.1100437
v 0.16198799 0.022022499 -0.4907971
v 0.2103154 0.07490549 -0.43773448
v 0.16198799 0.022022499 -0.4907971
v 0.08900714 0.053237133 -0.46860301
v 0.2103154 0.07490549 -0.43773448
v 0.1789332 0.40280843 -0.18650544
v 0.19086185 0.47983047 -0.1100437
v 0.24427661 0.0073163593 -0.49919745
v 0.16198799 0.022022499 -0.4907971
v 0.20392996 -0.055860035 -0.58574665
v 0.24110967 0.20200162 -0.3248172
v 0.24951375 0.33574224 -0.18141343
v 0.19086185 0.47983047 -0.1100437
v 0.24951375 0.33574224 -0.18141343
v 0.1789332 0.40280843 -0.18650544
v 0.19086185 0.47983047 -0.1100437
v 0.15827966 0.55587137 0.00994521
v 0.22674 0.4644915 -0.0032506622
v 0.26955724 0.12946075 -0.38300487
v 0.31409264 0.24217106 -0.2824069
v 0.2630908 0.39615262 -0.083600126
v 0.3339783 0.044074103 -0.4586197
v 0.27606893 0.37897357 0.035716817
v 0.26955724 0.12946075 -0.38300487
v 0.39300016 0.17657569 -0.3279525
v 0.3534149 0.2689679 -0.13142054
v 0.3199085 0.31832233 -0.0024723383
v 0.3534149 0.2689679 -0.13142054
v 0.31409264 0.24217106 -0.2824069
v 0.24951375 0.33574224 -0.18141343
v 0.3339783 0.044074103 -0.4586197
v 0.40423176 0.08686013 -0.4138952
v 0.3717998 0.24677818 -0.04390034
v 0.26955724 0.12946075 -0.38300487
v 0.39300016 0.17657569 -0.3279525
v 0.40423176 0.08686013 -0.4138952
v 0.42444897 0.26394185 -0.25463718
v 0.32101995 0.28047687 0.10330784
v 0.42444897 0.26394185 -0.25463718
v 0.4093995 -0.017487297 -0.5245085
v 0.40423176 0.08686013 -0.4138952
v 0.40423176 0.08686013 -0.4138952
v 0.45609027 0.13317916 -0.36811826
v 0.3717998 0.24677818 -0.04390034
v 0.41262805 0.18988389 0.024298888
v 0.4569683 0.1605067 -0.075794384
v 0.46971017 0.2115297 -0.16750056
v 0.47470066 0.20947835 -0.30733767
v 0.52354395 0.09289006 -0.4114129
v 0.52354395 0.09289006 -0.4114129
v 0.46971017 0.2115297 -0.16750056
v 0.4569683 0.1605067 -0.075794384
v 0.54984725 0.1293795 -0.17285147
v 0.53588146 0.2289438 -0.23268318
v 0.5275432 0.06718928 -0.084703535
v 0.46971017 0.2115297 -0.16750056
v 0.53588146 0.2289438 -0.23268318
v 0.42444897 0.26394185 -0.25463718
v 0.48802984 0.092602834 0.024913639
v 0.5649475 0.16291974 -0.3340403
v 0.54984725 0.1293795 -0.17285147
v 0.48938268 0.011695375 -0.4925812
v 0.52354395 0.09289006 -0.4114129
v 0.5649475 0.16291974 -0.3340403
v 0.679228 0.07753061 -0.40585008
v 0.52354395 0.09289006 -0.4114129
v 0.5649475 0.16291974 -0.3340403
v 0.53588146 0.2289438 -0.23268318
v 0.54984725 0.1293795 -0.17285147
v 0.589487 0.016758129 -0.14075804
v 0.6433437 0.06426825 -0.22132966
v 0.6452861 0.1484198 -0.32415423
v 0.52354395 0.09289006 -0.4114129
v 0.679228 0.07753061 -0.40585008
v 0.54984725 0.1293795 -0.17285147
v 0.54984725 0.1293795 -0.17285147
v 0.71194416 0.0542869 -0.29070234
v 0.679228 0.07753061 -0.40585008
v 0.6452861 0.1484198 -0.32415423
v -0.12659046 0.54908407 0.0044043865
v -0.105102554 0.5049994 -0.13786076
v -0.057914365 0.6371956 -0.052765064
v -0.040357735 0.63273144 0.038780965
v -0.029850058 0.5906739 -0.13243514
v -0.029850058 0.5906739 -0.13243514
v 0.03634339 0.66068625 -0.10544805
v 0.051787283 0.6997596 -0.013880402
v 0.03634339 0.66068625 -0.10544805
v 0.0721211 0.5660286 -0.15885289
v 0.03634339 0.66068625 -0.10544805
v 0.13441773 0.62127066 -0.040381946
v 0.051787283 0.6997596 -0.013880402
v -0.9883801 -0.71553534 0.19747311
v -0.95889735 -0.74291337 0.10421939
v -0.990368 -0.70611066 0.40149227
v -0.99747396 -0.64878577 0.2909444
v -0.9969073 -0.64811295 0.109067164
v -0.99723184 -0.61004895 0.5312214
v -0.977679 -0.72847164 0.54571056
v -0.99678326 -0.60809636 0.4011293
v -0.9979836 -0.57747674 0.2330374
v -0.9975241 -0.49731255 0.3163041
v -0.99662304 -0.4903653 0.14581949
v -0.9965416 -0.4986462 0.42423415
v -0.996788 -0.56106126 0.059052475
v -0.9962149 -0.494005 0.551428
v -0.9883801 -0.71553534 0.19747311
v -0.88688266 -0.7464602 0.2703284
v -0.990368 -0.70611066 0.40149227
v -0.95889735 -0.74291337 0.10421939
v -0.9042587 -0.7464733 0.16806898
v -0.8761548 -0.74684453 0.40441167
v -0.977679 -0.72847164 0.54571056
v -0.90851617 -0.7469486 0.49237925
v -0.8233866 -0.7474861 0.53418255
v -0.8095589 -0.74703074 0.075715065
v -0.7733644 -0.74669915 0.2972713
v -0.75861716 -0.74728835 0.48302287
v -0.7598764 -0.74671197 0.18845198
v -0.7378974 -0.74685615 0.38601065
v -0.6532278 -0.7471576 0.51259136
v -0.62509644 -0.746686 0.2147344
v -0.6078787 -0.7466444 0.4023409
v -0.5555099 -0.746544 0.2974313
v -0.50110424 -0.74695563 0.11266198
v -0.55856407 -0.7469604 0.5184159
v -0.5123036 -0.7467724 0.21954954
v -0.496377 -0.7465538 0.39518905
v -0.42170143 -0.74656755 0.31032765
v -0.44807577 -0.7468942 0.53814524
v -0.3810556 -0.7466927 0.21525005
v -0.38831323 -0.7465952 0.39555705
v -0.3523586 -0.74675626 0.49762428
v -0.33959007 -0.74664104 0.12088418
v -0.2817766 -0.74675035 0.40205306
v -0.26101297 -0.7465518 0.21523207
v -0.2603255 -0.7464679 0.102595255
v -0.26250008 -0.7467322 0.55122435
v -0.18528202 -0.7465324 0.29639977
v -0.19788224 -0.7468515 0.47370246
v -0.15076654 -0.74651104 0.1762153
v -0.14490578 -0.7467932 0.39598858
v -0.12248712 -0.7464476 0.080976
v -0.0854532 -0.74713445 0.46964893
v -0.05313653 -0.74656284 0.22469853
v -0.04905884 -0.74676704 0.3458426
v -0.023042329 -0.74665964 0.09184948
v 0.04155322 -0.746839 0.1880742
v 0.0051929094 -0.747541 0.46286297
v 0.10185151 -0.7470406 0.3083128
v 0.12901935 -0.7475874 0.40601674
v 0.048707023 -0.74770164 0.54343307
v 0.13441607 -0.74693674 0.20630941
v 0.16876364 -0.74780107 0.48643088
v 0.22180426 -0.7472987 0.3455706
v 0.22303548 -0.7468857 0.25635958
v 0.2526579 -0.746765 0.15827397
v 0.26441887 -0.7475487 0.42894906
v 0.26871234 -0.7475209 0.5162912
v 0.31949812 -0.7468643 0.31384555
v 0.33050746 -0.74656785 0.20979543
v 0.34475523 -0.74656665 0.10323475
v 0.36338413 -0.7472254 0.519959
v 0.36232862 -0.74712485 0.40000224
v 0.4219172 -0.7464595 0.26576215
v 0.45902315 -0.7465068 0.12421411
v 0.44747016 -0.74685794 0.43893108
v 0.54101443 -0.74640614 0.31155086
v 0.5339228 -0.74647236 0.18203568
v 0.53695285 -0.7467263 0.43996647
v 0.4908763 -0.7468269 0.53504205
v 0.5559256 -0.7468282 0.081871286
v 0.60299355 -0.74669755 0.36492708
v 0.6177767 -0.7466501 0.19172591
v 0.6533878 -0.7470883 0.11078211
v 0.6993365 -0.74680966 0.3160441
v 0.70482504 -0.7471827 0.42620277
v 0.70645225 -0.74676335 0.22309938
v 0.5990121 -0.7469846 0.5301169
v 0.6936078 -0.74727786 0.54324526
v 0.76738596 -0.7473136 0.12030251
v 0.77678436 -0.74754596 0.58598983
v 0.7983095 -0.74684846 0.28032938
v 0.8478352 -0.74700963 0.361879
v 0.83385444 -0.7471864 0.18249862
v 0.8014917 -0.7473626 0.45981467
v 0.9084107 -0.746712 0.26875407
v 0.91130245 -0.747515 0.07409596
v 0.90143424 -0.7470932 0.5185238
v 0.9543934 -0.7457071 0.16884744
v 0.98110104 -0.7271966 0.43771842
v 0.9868017 -0.71216536 0.34082562
v 0.9879324 -0.71790457 0.5453677
v 0.993536 -0.69272923 0.088247664
v 0.9931143 -0.6785121 0.25272295
v 0.9543934 -0.7457071 0.16884744
v 0.993536 -0.69272923 0.088247664
v 0.99474895 -0.6602165 0.16537994
v 0.9931143 -0.6785121 0.25272295
v 0.99383783 -0.6226837 0.43321997
v 0.9868017 -0.71216536 0.34082562
v 0.9944147 -0.6233723 0.34953034
v 0.9934875 -0.59741205 0.5502575
v 0.98110104 -0.7271966 0.43771842
v 0.9937074 -0.5828966 0.2712214
v 0.9940262 -0.52714574 0.39760435
v 0.99449956 -0.5610912 0.16956133
v 0.99407446 -0.4863643 0.25461358
v 0.9898548 -0.45750052 0.13233903
v 0.9879324 -0.71790457 0.5453677
v 0.99233437 -0.49804646 0.55384684
v -0.9692056 -0.40700185 0.5122845
v -0.9738631 -0.41084933 0.39271617
v -0.9816493 -0.42048213 0.26030874
v -0.9659406 -0.39947778 0.18041593
v -0.92019033 -0.34918082 0.114876226
v -0.9065421 -0.3366125 0.3421861
v -0.9055768 -0.33554906 0.43771803
v -0.9026443 -0.33188212 0.24246193
v -0.8303303 -0.2603417 0.4868167
v -0.8767797 -0.30685484 0.56811196
v -0.8272486 -0.25590342 0.17975008
v -0.81389886 -0.24402973 0.3326595
v -0.8075692 -0.23679791 0.09022239
v -0.75795037 -0.1904864 0.42982763
v -0.7511852 -0.17370445 0.15780365
v -0.7407608 -0.17821988 0.28083664
v -0.8075692 -0.23679791 0.09022239
v -0.7511852 -0.17370445 0.15780365
v -0.7400351 -0.1826365 0.06404953
v -0.7407608 -0.17821988 0.28083664
v -0.7511852 -0.17370445 0.15780365
v -0.7289787 -0.16262662 0.5108323
v -0.69340193 -0.12918068 0.34453088
v -0.6986294 -0.09471072 0.15834272
v -0.6705132 -0.08342573 0.250327
v -0.6807649 -0.08775271 0.054710567
v -0.7400351 -0.1826365 0.06404953
v -0.7407608 -0.17821988 0.28083664
v -0.7407608 -0.17821988 0.28083664
v -0.69340193 -0.12918068 0.34453088
v -0.6484192 -0.104287624 0.42837733
v -0.6484192 -0.104287624 0.42837733
v -0.69316673 -0.1275681 0.59356654
v -0.65929663 -0.01178766 0.13161606
v -0.69316673 -0.1275681 0.59356654
v -0.628055 -0.07989661 0.5094054
v -0.6484192 -0.104287624 0.42837733
v -0.61024225 -0.04365368 0.33531916
v -0.62941 0.022268187 0.23115689
v -0.63174427 0.05387798 0.08285688
v -0.6484192 -0.104287624 0.42837733
v -0.61024225 -0.04365368 0.33531916
v -0.69340193 -0.12918068 0.34453088
v -0.628055 -0.07989661 0.5094054
v -0.55122113 -0.023833517 0.46573344
v -0.6484192 -0.104287624 0.42837733
v -0.61024225 -0.04365368 0.33531916
v -0.52184415 0.048905957 0.3661015
v 0.44997847 -0.004508662 0.44846356
v 0.36108863 -0.010144661 0.53095806
v 0.4839629 -0.023969168 0.5383464
v 0.54623955 -0.048956923 0.46824795
v 0.49503633 -0.016916178 0.37029436
v 0.5603131 -0.071068704 0.37198824
v 0.49503633 -0.016916178 0.37029436
v 0.49503633 -0.016916178 0.37029436
v 0.5603131 -0.071068704 0.37198824
v 0.50828224 0.0041536405 0.2928715
v 0.57519424 -0.08074275 0.2886371
v 0.5400584 -0.0011268356 0.16111937
v 0.5952664 -0.100049935 0.1205936
v 0.5507581 -0.012738265 0.04221204
v 0.61732304 -0.1241456 0.23468778
v 0.59875464 -0.04029268 0.5704863
v 0.68194675 -0.12540004 0.37909448
v 0.57519424 -0.08074275 0.2886371
v 0.61732304 -0.1241456 0.23468778
v 0.7202121 -0.18007217 0.20039415
v 0.5952664 -0.100049935 0.1205936
v 0.76013184 -0.1847479 0.31917745
v 0.59875464 -0.04029268 0.5704863
v 0.77234316 -0.18978597 0.47664675
v 0.68194675 -0.12540004 0.37909448
v 0.7277186 -0.14462137 0.59306496
v 0.76013184 -0.1847479 0.31917745
v 0.76013184 -0.1847479 0.31917745
v 0.80911076 -0.22818975 0.19758227
v 0.8213578 -0.24028465 0.017693391
v 0.83151525 -0.24910185 0.430768
v 0.7575862 -0.20282751 0.073565535
v 0.8213578 -0.24028465 0.017693391
v 0.85019815 -0.26784766 0.2714707
v 0.80911076 -0.22818975 0.19758227
v 0.8656802 -0.28427732 0.5578406
v 0.7575862 -0.20282751 0.073565535
v 0.9034573 -0.3223703 0.16413051
v 0.91083974 -0.33046234 0.46112317
v 0.9050796 -0.32342267 0.32557353
v 0.97034085 -0.3944041 0.21099582
v 0.9792713 -0.41228575 0.3811083
v 0.945554 -0.3679211 0.5891392
v 0.9848567 -0.42637655 0.48291266
v -0.61578137 0.12184213 0.19393183
v -0.5396518 0.109517395 0.2972402
v -0.51686215 0.1239721 0.13907602
v -0.63174427 0.05387798 0.08285688
v -0.61578137 0.12184213 0.19393183
v -0.51686215 0.1239721 0.13907602
v -0.61578137 0.12184213 0.19393183
v -0.51976424 0.16456637 0.20963526
v -0.5396518 0.109517395 0.2972402
v -0.51976424 0.16456637 0.20963526
v -0.61578137 0.12184213 0.19393183
v -0.44358778 0.087773755 0.46515748
v -0.47771734 0.023390053 0.57810175
v -0.51976424 0.16456637 0.20963526
v -0.5396518 0.109517395 0.2972402
v -0.42008287 0.12442901 0.2051822
v -0.41328692 0.11798462 0.0680861
v -0.51686215 0.1239721 0.13907602
v -0.42008287 0.12442901 0.2051822
v -0.51686215 0.1239721 0.13907602
v -0.51976424 0.16456637 0.20963526
v -0.4383639 0.13908824 0.34434143
v -0.5396518 0.109517395 0.2972402
v -0.52184415 0.048905957 0.3661015
v -0.4383639 0.13908824 0.34434143
v -0.5396518 0.109517395 0.2972402
v -0.37550938 0.1724546 0.38275445
v -0.35939294 0.15403324 0.29229987
v -0.36757195 0.16395244 0.47700876
v -0.41328692 0.11798462 0.0680861
v -0.37550938 0.1724546 0.38275445
v -0.3247363 0.056575246 0.60604477
v -0.3727332 0.18771718 0.07784931
v -0.42008287 0.12442901 0.2051822
v -0.33132374 0.26279193 0.14173493
v -0.33126596 0.1928153 0.22144476
v -0.35939294 0.15403324 0.29229987
v -0.32689235 0.22613937 0.43340695
v -0.28162462 0.20859236 0.33523118
v -0.25432077 0.277645 0.21934812
v -0.28162462 0.20859236 0.33523118
v -0.35939294 0.15403324 0.29229987
v -0.32689235 0.22613937 0.43340695
v -0.23787633 0.23092636 0.49392104
v -0.32689235 0.22613937 0.43340695
v -0.36757195 0.16395244 0.47700876
v -0.23787633 0.23092636 0.49392104
v -0.25432077 0.277645 0.21934812
v -0.2868196 0.32951865 0.04922738
v -0.33132374 0.26279193 0.14173493
v -0.20807229 0.37301046 0.10878603
v -0.18161386 0.24071845 0.34207076
v -0.2868196 0.32951865 0.04922738
v -0.20807229 0.37301046 0.10878603
v -0.11062748 0.36129192 0.19569662
v -0.23787633 0.23092636 0.49392104
v -0.12903868 0.20088172 0.42411393
v -0.13219559 0.47049487 0.10202834
v -0.11062748 0.36129192 0.19569662
v -0.103656515 0.27910656 0.2768708
v -0.051351678 0.22521973 0.35714304
v -0.062234703 0.18709758 0.49501282
v -0.12903868 0.20088172 0.42411393
v -0.23787633 0.23092636 0.49392104
v -0.11062748 0.36129192 0.19569662
v -0.041028097 0.45438308 0.16925205
v -0.13219559 0.47049487 0.10202834
v -0.017374862 0.29523593 0.27283347
v -0.062234703 0.18709758 0.49501282
v 0.017536333 0.3694937 0.23128399
v -0.017374862 0.29523593 0.27283347
v -0.042982012 0.5525962 0.10666219
v 0.03504158 0.22786425 0.3785909
v 0.08512753 0.5191071 0.13299364
v 0.012296139 0.20159069 0.54168254
v 0.11036407 0.2802983 0.29183552
v 0.1430294 0.42074943 0.18134192
v 0.11036407 0.2802983 0.29183552
v 0.13598876 0.34649155 0.24460317
v 0.08073183 0.17354509 0.5408279
v 0.15188362 0.20209666 0.39243257
v 0.18100116 0.47018337 0.09409365
v 0.16962063 0.13741612 0.50131196
v 0.2295239 0.25868672 0.27453306
v 0.2295239 0.25868672 0.27453306
v 0.18100116 0.47018337 0.09409365
v 0.26143813 0.15013416 0.35829395
v 0.24923652 0.32058394 0.20821097
v 0.1430294 0.42074943 0.18134192
v 0.13598876 0.34649155 0.24460317
v 0.24923652 0.32058394 0.20821097
v 0.24825278 0.37434414 0.11645253
v 0.1430294 0.42074943 0.18134192
v 0.24825278 0.37434414 0.11645253
v 0.1430294 0.42074943 0.18134192
v 0.24923652 0.32058394 0.20821097
v 0.2685813 0.0653221 0.47870323
v 0.26143813 0.15013416 0.35829395
v 0.15188362 0.20209666 0.39243257
v 0.35227984 0.20579487 0.23430806
v 0.24923652 0.32058394 0.20821097
v 0.2685813 0.0653221 0.47870323
v 0.33949512 0.07026144 0.39441943
v 0.35227984 0.20579487 0.23430806
v 0.26143813 0.15013416 0.35829395
v 0.2295239 0.25868672 0.27453306
v 0.36469433 0.1332125 0.30487466
v 0.35227984 0.20579487 0.23430806
v 0.26143813 0.15013416 0.35829395
v 0.36469433 0.1332125 0.30487466
v 0.26143813 0.15013416 0.35829395
v 0.32101995 0.28047687 0.10330784
v 0.35227984 0.20579487 0.23430806
v 0.37261808 0.21931878 0.14819252
v 0.42891923 0.072938144 0.327757
v 0.41262805 0.18988389 0.024298888
v 0.37261808 0.21931878 0.14819252
v 0.42891923 0.072938144 0.327757
v 0.4602145 0.1270907 0.19949228
v 0.35227984 0.20579487 0.23430806
v 0.36469433 0.1332125 0.30487466
v 0.44143486 0.14704838 0.12240024
v 0.35227984 0.20579487 0.23430806
v 0.4602145 0.1270907 0.19949228
v 0.42891923 0.072938144 0.327757
v 0.49503633 -0.016916178 0.37029436
v 0.42891923 0.072938144 0.327757
v 0.44997847 -0.004508662 0.44846356
v 0.5022596 0.06867309 0.109223634
v 0.48802984 0.092602834 0.024913639
v 0.49671754 0.061893694 0.23467179
v 0.42891923 0.072938144 0.327757
v -0.042982012 0.5525962 0.10666219
v -0.040357735 0.63273144 0.038780965
v 0.04581625 0.6025918 0.087204784
v 0.051787283 0.6997596 -0.013880402
v 0.04581625 0.6025918 0.087204784
v 0.08512753 0.5191071 0.13299364
v -0.9953277 -0.68253106 0.63517714
v -0.9976458 -0.6008055 0.6673533
v -0.97454655 -0.69728535 0.7412894
v -0.9794948 -0.68411684 0.8302275
v -0.9972047 -0.5384196 0.7598839
v -0.99621975 -0.56027675 0.8516191
v -0.98883504 -0.657263 0.95128155
v -0.992877 -0.5428455 0.950508
v -0.9268651 -0.5924839 0.9951232
v -0.992877 -0.5428455 0.950508
v -0.98883504 -0.657263 0.95128155
v -0.9794948 -0.68411684 0.8302275
v -0.93415487 -0.7418753 0.9235461
v -0.98883504 -0.657263 0.95128155
v -0.93591166 -0.44522458 0.97026926
v -0.8870081 -0.70332205 0.9932894
v -0.97454655 -0.69728535 0.7412894
v -0.9953277 -0.68253106 0.63517714
v -0.88817614 -0.7470647 0.6104172
v -0.8574185 -0.7465161 0.8799891
v -0.93415487 -0.7418753 0.9235461
v -0.81423604 -0.7471134 0.7976899
v -0.832157 -0.6400503 0.9958129
v -0.8069298 -0.7385538 0.9709358
v -0.8870081 -0.70332205 0.9932894
v -0.7745117 -0.747318 0.7009454
v -0.87301326 -0.52941334 0.99545574
v -0.78004843 -0.7474924 0.6082306
v -0.76676536 -0.55721384 0.9959087
v -0.8069298 -0.7385538 0.9709358
v -0.7457354 -0.74677473 0.91040105
v -0.72745574 -0.69702524 0.99708575
v -0.6617601 -0.57374436 0.99514383
v -0.6939556 -0.74750566 0.80474573
v -0.62688744 -0.7427685 0.9459153
v -0.62688744 -0.7427685 0.9459153
v -0.6503974 -0.7473972 0.61583006
v -0.6474073 -0.7474793 0.70617235
v -0.58411205 -0.6428325 0.9955121
v -0.6129718 -0.7472036 0.8642383
v -0.55764455 -0.7473823 0.7465832
v -0.5330113 -0.7472464 0.62321365
v -0.50354826 -0.5803565 0.9942632
v -0.5504024 -0.46866405 0.9937122
v -0.52870965 -0.74700737 0.86837196
v -0.48381117 -0.7185299 0.9712114
v -0.48381117 -0.7185299 0.9712114
v -0.44521543 -0.74718213 0.68206674
v -0.4335983 -0.74703586 0.82614505
v -0.4123174 -0.613417 0.99424195
v -0.43569294 -0.51646125 0.9928981
v -0.33561254 -0.74711144 0.77250695
v -0.3466414 -0.5119603 0.9931841
v -0.3590987 -0.7468429 0.5966214
v -0.34383672 -0.70585823 0.98516595
v -0.34383672 -0.70585823 0.98516595
v -0.35196292 -0.74695677 0.68253446
v -0.33679977 -0.746894 0.89127827
v -0.34383672 -0.70585823 0.98516595
v -0.29009774 -0.57482255 0.99527264
v -0.19780438 -0.7468586 0.64388335
v -0.22051302 -0.7192464 0.97872114
v -0.16321492 -0.7471837 0.7388749
v -0.22568984 -0.746797 0.89444435
v -0.19601429 -0.5988419 0.99385
v -0.22235571 -0.5187237 0.9924004
v -0.20355915 -0.7471322 0.8129889
v -0.22051302 -0.7192464 0.97872114
v -0.103378505 -0.7469683 0.86840695
v -0.1568028 -0.746778 0.57135636
v -0.13045973 -0.71148854 0.9753796
v -0.13045973 -0.71148854 0.9753796
v -0.11261104 -0.46823975 0.99255925
v -0.06431373 -0.60923994 0.99469656
v -0.05261474 -0.7475085 0.7293786
v -0.04392981 -0.74735755 0.5818422
v -0.016024627 -0.7268139 0.97276735
v 0.0042094765 -0.5242453 0.9922904
v -0.016024627 -0.7268139 0.97276735
v 0.011641052 -0.7475386 0.86851585
v 0.040741812 -0.7480058 0.7507279
v 0.054594822 -0.65605074 0.9938054
v 0.05011417 -0.74762213 0.6353663
v 0.11356472 -0.7448126 0.94103575
v 0.11356472 -0.7448126 0.94103575
v 0.11536948 -0.74801886 0.8027699
v 0.13550346 -0.7477232 0.56721485
v 0.11682657 -0.7477095 0.6869917
v 0.116226025 -0.57407767 0.99317116
v 0.17528574 -0.6936082 0.99106234
v 0.19430858 -0.7476111 0.65122604
v 0.20821424 -0.5850272 0.9931674
v 0.17870978 -0.74769473 0.86165595
v 0.17991503 -0.4731868 0.9918778
v 0.23876208 -0.7468382 0.92544234
v 0.17528574 -0.6936082 0.99106234
v 0.24614471 -0.7475995 0.77326345
v 0.2934646 -0.65035105 0.99203527
v 0.23876208 -0.7468382 0.92544234
v 0.31560433 -0.7339983 0.9727585
v 0.30042154 -0.7472582 0.6316966
v 0.31560433 -0.7339983 0.9727585
v 0.30589825 -0.74727595 0.86962706
v 0.3115939 -0.5460086 0.9926876
v 0.34773338 -0.74718064 0.76911104
v 0.31560433 -0.7339983 0.9727585
v 0.38859707 -0.7474159 0.8719218
v 0.4242878 -0.74685866 0.64135885
v 0.40970135 -0.7303332 0.97331476
v 0.44501168 -0.6158446 0.9929353
v 0.4657073 -0.7468975 0.71446335
v 0.46566728 -0.7471683 0.79244107
v 0.40970135 -0.7303332 0.97331476
v 0.4748298 -0.7473955 0.86489403
v 0.5281452 -0.7068082 0.976694
v 0.5281452 -0.7068082 0.976694
v 0.5288217 -0.74687725 0.61687344
v 0.56864107 -0.5773635 0.9938819
v 0.56733084 -0.7472903 0.72385585
v 0.50731444 -0.4900607 0.99284375
v 0.58562994 -0.7475025 0.8347559
v 0.62169445 -0.74731755 0.6388843
v 0.64099866 -0.63026756 0.9932607
v 0.6549748 -0.7473911 0.8950401
v 0.6340512 -0.73497456 0.975516
v 0.6340512 -0.73497456 0.975516
v 0.6607819 -0.46306562 0.99350774
v 0.6920787 -0.56454813 0.99401253
v 0.6855545 -0.74794114 0.715189
v 0.7152811 -0.7476901 0.83288205
v 0.7433678 -0.6903917 0.9872323
v 0.7433678 -0.6903917 0.9872323
v 0.7725648 -0.74802506 0.71569467
v 0.78883326 -0.5690083 0.9945439
v 0.741404 -0.4668337 0.9938262
v 0.77437437 -0.74630404 0.93916535
v 0.8570391 -0.74642634 0.8929657
v 0.8708645 -0.7475383 0.63941604
v 0.84432745 -0.5008068 0.99397814
v 0.88792187 -0.7469867 0.77293205
v 0.88931745 -0.6006595 0.9919741
v 0.8640638 -0.7079575 0.98963034
v 0.8640638 -0.7079575 0.98963034
v 0.9783997 -0.7120923 0.6751262
v 0.9761102 -0.69269854 0.94243896
v 0.96008605 -0.74380076 0.87879723
v 0.9761102 -0.69269854 0.94243896
v 0.98865783 -0.6877171 0.8009622
v 0.9522951 -0.48258412 0.97256804
v 0.9887569 -0.5900999 0.93807256
v 0.98865783 -0.6877171 0.8009622
v 0.9761102 -0.69269854 0.94243896
v 0.96008605 -0.74380076 0.87879723
v 0.9887569 -0.5900999 0.93807256
v 0.9761102 -0.69269854 0.94243896
v 0.9783997 -0.7120923 0.6751262
v 0.99352205 -0.6686298 0.6101409
v 0.99189633 -0.59310365 0.6728807
v 0.99270844 -0.5943694 0.80018365
v 0.99225867 -0.5056994 0.66256595
v 0.9918381 -0.47752246 0.7454229
v 0.99238944 -0.49516055 0.8388919
v -0.9890566 -0.45190936 0.8572296
v -0.9941977 -0.4609785 0.6544539
v -0.9802675 -0.422884 0.73444057
v -0.9562868 -0.3895458 0.60079527
v -0.93591166 -0.44522458 0.97026926
v -0.90530026 -0.3371336 0.76303387
v -0.90244424 -0.34110016 0.85570884
v -0.9129808 -0.3442257 0.66656876
v -0.8251219 -0.35670105 0.96592563
v -0.90244424 -0.34110016 0.85570884
v -0.93591166 -0.44522458 0.97026926
v -0.8369067 -0.44907278 0.99510413
v -0.8435049 -0.27339593 0.6852089
v -0.8251219 -0.35670105 0.96592563
v -0.79854536 -0.22897646 0.76484406
v -0.793396 -0.22377732 0.60363716
v -0.82197726 -0.2694686 0.86292356
v -0.82197726 -0.2694686 0.86292356
v -0.7624106 -0.2849377 0.931563
v -0.7523502 -0.22041658 0.8597946
v -0.79854536 -0.22897646 0.76484406
v -0.7307489 -0.3859725 0.99068403
v -0.7324659 -0.16527282 0.65610147
v -0.7624106 -0.2849377 0.931563
v -0.6681742 -0.25706536 0.92017573
v -0.7523502 -0.22041658 0.8597946
v -0.7062715 -0.14660814 0.76907253
v -0.7523502 -0.22041658 0.8597946
v -0.66756636 -0.43664092 0.9944375
v -0.6235903 -0.14501363 0.82951736
v -0.7523502 -0.22041658 0.8597946
v -0.6401667 -0.058544215 0.7124438
v -0.6235903 -0.14501363 0.82951736
v -0.7062715 -0.14660814 0.76907253
v -0.6048258 -0.35561347 0.98434365
v -0.62041557 -0.04954562 0.6031041
v -0.628055 -0.07989661 0.5094054
v -0.5931857 -0.20255199 0.8761537
v -0.6401667 -0.058544215 0.7124438
v -0.7062715 -0.14660814 0.76907253
v -0.51651704 -0.23952463 0.9068848
v -0.56873906 0.02259229 0.65035045
v -0.5551809 -0.05948907 0.77109015
v -0.475595 6.289943E-4 0.68804836
v -0.62041557 -0.04954562 0.6031041
v -0.55122113 -0.023833517 0.46573344
v -0.5165632 -0.15754722 0.8399247
v -0.4815306 -0.32962787 0.97220516
v -0.47771734 0.023390053 0.57810175
v -0.43860263 -0.12293899 0.81098056
v -0.40934956 -0.05828538 0.7421913
v -0.43033636 -0.4273941 0.9935027
v -0.475595 6.289943E-4 0.68804836
v -0.40934956 -0.05828538 0.7421913
v -0.475595 6.289943E-4 0.68804836
v -0.3669804 -0.23429406 0.90431285
v -0.37520587 -0.32864657 0.97507906
v -0.3247363 0.056575246 0.60604477
v -0.31401205 -0.020869318 0.70871043
v -0.43860263 -0.12293899 0.81098056
v -0.28602868 -0.09071699 0.7990209
v -0.3143531 -0.40122563 0.99303365
v -0.28517944 -0.17452914 0.8653436
v -0.28602868 -0.09071699 0.7990209
v -0.28602868 -0.09071699 0.7990209
v -0.26818383 -0.33071747 0.9790497
v -0.2647567 -0.2622192 0.92582625
v -0.20846677 -0.1578714 0.8442253
v -0.28602868 -0.09071699 0.7990209
v -0.20780462 -0.4139921 0.99288416
v -0.18094438 -0.24014023 0.907822
v -0.17109925 0.0418292 0.7015526
v -0.14240663 -0.31296974 0.9646896
v -0.1115269 -0.1316628 0.8226075
v -0.11354742 -0.20420352 0.87915814
v -0.17109925 0.0418292 0.7015526
v -0.06544407 -0.02794373 0.74578685
v -0.013820055 -0.26667964 0.92858934
v -0.025380928 -0.38113466 0.99013954
v -0.040630125 -0.17689362 0.85706514
v -0.0342467 -0.1100934 0.8053575
v 0.019036938 -0.054106988 0.76281726
v 0.06887816 -0.21190314 0.8842127
v 0.04535471 0.012511708 0.71490985
v 0.050519153 -0.1178392 0.81043386
v 0.086417794 -0.31163174 0.96299195
v 0.06053613 -0.4389632 0.99213207
v 0.12590022 -0.06928747 0.77131355
v 0.12590022 -0.06928747 0.77131355
v 0.12566334 -0.38322714 0.9909078
v 0.15194443 -0.24025492 0.90681475
v 0.20331155 -0.3258764 0.9684104
v 0.21442859 -0.1769762 0.85554874
v 0.26447323 -0.053561717 0.68366945
v 0.1461302 8.7814033E-4 0.69126713
v 0.12590022 -0.06928747 0.77131355
v 0.33836526 -0.2277517 0.89589554
v 0.22740215 0.010650059 0.6056312
v 0.2883367 -0.42455974 0.99215484
v 0.28932512 -0.114638135 0.7890685
v 0.28932512 -0.114638135 0.7890685
v 0.30560243 -0.31593668 0.9648257
v 0.32757804 -0.043609086 0.62907517
v 0.36863947 -0.16763753 0.84711385
v 0.3854809 -0.110922724 0.7880355
v 0.3948493 -0.44992465 0.9924938
v 0.37389386 -0.3590263 0.9894382
v 0.3854809 -0.110922724 0.7880355
v 0.42714703 -0.068866074 0.688292
v 0.42066997 -0.28533697 0.9428445
v 0.48060766 -0.17665339 0.8541297
v 0.43238115 -0.040201157 0.5990864
v 0.48385662 -0.10627617 0.7902268
v 0.49011377 -0.37746388 0.9892843
v 0.48625395 -0.24474512 0.910043
v 0.48385662 -0.10627617 0.7902268
v 0.50083244 -0.033760212 0.6499212
v 0.5558991 -0.28894615 0.9456384
v 0.5516887 -0.066620395 0.75901985
v 0.5516887 -0.066620395 0.75901985
v 0.59936833 -0.18990916 0.86462605
v 0.5854703 -0.01491265 0.669968
v 0.5516887 -0.066620395 0.75901985
v 0.5976908 -0.41232955 0.99189985
v 0.5516887 -0.066620395 0.75901985
v 0.6471704 -0.13211292 0.8077854
v 0.6569788 -0.2819817 0.9395739
v 0.64712775 -0.07763841 0.74044865
v 0.64712775 -0.07763841 0.74044865
v 0.5854703 -0.01491265 0.669968
v 0.64712775 -0.07763841 0.74044865
v 0.6644771 -0.081788346 0.6531896
v 0.71317744 -0.33539015 0.9748146
v 0.75228006 -0.2387751 0.89199746
v 0.75183636 -0.16947624 0.6774614
v 0.6471704 -0.13211292 0.8077854
v 0.75228006 -0.2387751 0.89199746
v 0.76711035 -0.19463283 0.79337275
v 0.64712775 -0.07763841 0.74044865
v 0.6471704 -0.13211292 0.8077854
v 0.75183636 -0.16947624 0.6774614
v 0.6471704 -0.13211292 0.8077854
v 0.76711035 -0.19463283 0.79337275
v 0.8271706 -0.41701043 0.99016845
v 0.7910748 -0.20841996 0.58062303
v 0.804427 -0.33401772 0.9628658
v 0.8332844 -0.27269685 0.8657432
v 0.71317744 -0.33539015 0.9748146
v 0.804427 -0.33401772 0.9628658
v 0.75228006 -0.2387751 0.89199746
v 0.83982444 -0.25787047 0.6512929
v 0.86670333 -0.28665003 0.776896
v 0.8332844 -0.27269685 0.8657432
v 0.895401 -0.3153142 0.70211947
v 0.9284947 -0.39377576 0.9293982
v 0.9284947 -0.39377576 0.9293982
v 0.9215752 -0.34945294 0.8539007
v 0.9284947 -0.39377576 0.9293982
v 0.94784683 -0.37040105 0.7487361
v 0.9744384 -0.40721312 0.81634116
v 0.9284947 -0.39377576 0.9293982
v 0.9832151 -0.4187671 0.6501181
v 0.9522951 -0.48258412 0.97256804
v -0.56873906 0.02259229 0.65035045
v -0.6401667 -0.058544215 0.7124438
v -0.56873906 0.02259229 0.65035045
v -0.44358778 0.087773755 0.46515748
v -0.2673853 0.14257616 0.5626934
v -0.36757195 0.16395244 0.47700876
v -0.3247363 0.056575246 0.60604477
v -0.23787633 0.23092636 0.49392104
v -0.31401205 -0.020869318 0.70871043
v -0.17109925 0.0418292 0.7015526
v -0.3247363 0.056575246 0.60604477
v -0.12873057 0.14171824 0.6212831
v -0.12873057 0.14171824 0.6212831
v -0.12873057 0.14171824 0.6212831
v -0.23787633 0.23092636 0.49392104
v -0.07642961 0.07863654 0.68577945
v 0.01688166 0.10189307 0.64647704
v 0.012296139 0.20159069 0.54168254
v 0.08073183 0.17354509 0.5408279
v 0.13670363 0.076622546 0.6075274
v 0.1461302 8.7814033E-4 0.69126713
v 0.16962063 0.13741612 0.50131196
v 0.13670363 0.076622546 0.6075274
v 0.2685813 0.0653221 0.47870323
v 0.13670363 0.076622546 0.6075274
v 0.22740215 0.010650059 0.6056312
v 0.2685813 0.0653221 0.47870323
vn -0.9273349 0.041058913 -0.15300974
vn -0.77983207 -0.55741215 -0.17573476
vn -0.85745454 -0.35032237 -0.00972041
vn -0.9860827 -0.001046434 -0.00904873
vn -0.9529915 -0.05238344 0.003744775
vn -0.79934347 -0.49132454 -0.014650342
vn -0.9901348 -0.019910544 -0.0017773437
vn -0.9872484 -0.106344536 -0.012279687
vn -0.9948238 0.0039005857 -0.006510352
vn -0.99468863 0.0030502928 0.0012949219
vn -0.935241 0.25379187 -0.023026438
vn -0.9942312 -0.0117898425 -0.006019531
vn -0.9281591 0.098144144 -0.1401371
vn -0.9480567 -0.16145137 -0.005522852
vn -0.0045797853 -0.9933317 -0.055423044
vn -0.6063515 -0.76262283 -0.0022162353
vn -0.19078852 -0.81114703 -0.39202374
vn -0.005301562 -0.9999812 -0.0016859375
vn -0.43619704 -0.82998925 -0.008526367
vn -0.25556278 -0.91480446 -0.008381737
vn -0.0039539062 -1.0 -0.002319922
vn -0.012568457 -0.9998727 -0.002086328
vn -0.07979072 0.12709701 -0.96369493
vn -0.011412696 -0.037477344 -0.9971297
vn -0.1861125 -0.1067377 -0.92326254
vn -0.024152149 -0.87893045 -0.37179142
vn -0.03543496 -0.23760305 -0.90890276
vn -0.1339082 -0.4065369 -0.84317935
vn -0.0034062502 -1.0 -0.0020992188
vn -0.004425 -1.0 -0.005090625
vn -6.5253885E-4 -0.022770217 -0.99044055
vn -0.012678125 0.25075117 -0.94119024
vn -0.0028304686 -1.0 -2.2109377E-4
vn -0.00545625 -1.0 -0.001453125
vn -0.004058594 -0.99995077 -0.0059054685
vn -0.014667286 -0.8141414 -0.4963508
vn -0.0048066406 -1.0 -7.0273434E-4
vn -0.011353125 -0.4451949 -0.8623609
vn -0.0019640627 -0.99999845 -0.0023578126
vn -0.005159082 -0.08616954 -0.97360504
vn -0.0014689453 -0.9999832 -7.570314E-4
vn -0.0013095703 0.0036517575 -0.9995396
vn 0.0012078125 -1.0 1.1484373E-4
vn -7.539062E-4 -0.99997014 -0.0015949218
vn 0.0028199218 0.44186717 -0.8587609
vn -0.0107868165 -0.9282407 -0.22609386
vn 3.2265624E-4 -1.0 -0.002546094
vn -0.0327125 -0.77050626 -0.627975
vn 0.003038281 -0.99998826 -0.003422656
vn 0.0012910157 -1.0 0.0011201171
vn -0.007133789 -0.029589599 -0.99204326
vn -0.0050562504 -0.31858185 -0.9225857
vn 0.0032484373 -0.99999106 -0.0027476563
vn -0.0029769533 -0.9795252 -0.08599297
vn -0.0011015625 -0.9999969 -9.5E-4
vn 0.0060273437 0.20303965 -0.95675725
vn -0.0038273437 -0.54769063 -0.80820704
vn -0.0024017089 -0.2717754 -0.92164457
vn -3.3798823E-4 -0.9999926 0.0023862305
vn -7.113282E-4 -0.9999418 -0.0083937505
vn -0.0040808595 -0.024510548 -0.9971539
vn -0.0015408202 -0.9999887 -3.8515628E-4
vn 0.0018542969 -0.99999845 -7.7421876E-4
vn -0.005235571 -0.33372304 -0.87434757
vn -0.00455625 -0.8406848 -0.45644102
vn -0.009914941 -0.8627374 -0.41875753
vn -0.005075781 -0.017479395 -0.99928516
vn 0.005605664 0.27104217 -0.93866116
vn 0.0026277346 -0.9999902 0.002619531
vn 0.0012539551 -0.9999422 -0.0021542478
vn -8.361328E-4 -0.9999977 -0.0025677732
vn 1.859375E-4 -1.0 -8.617188E-4
vn -0.0015540039 -0.9809431 -0.09141514
vn -0.001452246 -0.036707032 -0.99824464
vn 0.0037257813 0.3250871 -0.910816
vn 0.0013710938 -0.9999969 0.0033468748
vn -0.0033078126 -1.0 -0.0057062497
vn -0.022179103 -0.5419748 -0.78855526
vn 8.1015634E-4 0.124875784 -0.9908719
vn 0.00194375 -1.0 -0.0017390626
vn -0.005391797 -0.3984801 -0.85663944
vn 0.002813672 -0.9999988 -0.0044574216
vn -0.002658203 -0.0073363283 -0.99964845
vn -6.0625E-4 -0.99993753 -0.008412501
vn 0.0010230469 -0.9999781 -7.8476564E-4
vn -0.0025453125 -0.8749855 -0.41580313
vn 0.0010921875 -1.0 -0.00135
vn 0.002192969 0.34341505 -0.9057031
vn -0.003886133 -0.92661834 -0.27102578
vn -0.0018359375 -1.0 0.003175
vn -0.015902296 -0.4248323 -0.83088803
vn -0.0013464845 -0.017029297 -0.9992801
vn -9.555672E-5 0.060487404 -0.9949973
vn -4.7539067E-4 -1.0 0.0030683593
vn -0.0013421875 -1.0 -6.406248E-5
vn 0.0010052734 -0.99995935 -0.0041558594
vn -0.0018062501 -1.0 -0.002709375
vn 8.2932157E-4 -0.12173771 -0.9669305
vn -0.0049488284 -0.81339025 -0.48103827
vn -8.15625E-4 -1.0 9.1562496E-4
vn 0.001975 -0.9463055 -0.1837953
vn 0.0017234375 -0.022794532 -0.9981691
vn 1.4375002E-4 -1.0 0.0023367186
vn 0.001046875 -0.9999969 -0.0015597657
vn -0.0018992187 -1.0 -0.0030625002
vn -0.0026109377 -0.99999845 -0.0017429687
vn 0.009082031 0.021645315 -0.99254763
vn 0.0015265625 -0.35961407 -0.910057
vn 0.002007031 0.43646923 -0.8753624
vn 0.003865039 0.041223243 -0.992967
vn -0.001303125 -1.0 -7.171875E-4
vn 0.0013289063 -1.0 0.00114375
vn 0.0030737305 -0.28213418 -0.9236372
vn 0.0031988283 -0.83753395 -0.38776758
vn -0.001321875 -0.9999896 -0.0030046876
vn 0.002312109 0.0184916 -0.9908316
vn -0.0019476563 -0.9999625 -0.006533594
vn 9.559572E-4 0.16488789 -0.97580343
vn 0.0010796875 -0.9999969 -0.004034375
vn 1.5234365E-4 -0.30386826 -0.93121874
vn -0.0043695313 -0.9999922 0.00481875
vn -0.0018708983 -0.90978265 -0.2564678
vn 0.0034472656 -0.9999828 -0.0053253905
vn -0.0020921875 -0.9999831 -0.0014934081
vn -2.1874998E-4 -0.9999969 -0.002884375
vn 0.0017128908 0.049875 -0.9847648
vn -0.00408125 -0.9999703 -0.005802344
vn 0.002004492 -0.034463868 -0.9887916
vn -0.0028433593 -0.9999857 0.0037123049
vn 1.953158E-6 -0.9999988 -9.902344E-4
vn -0.0021640626 -0.9999969 0.005753125
vn -8.046877E-5 0.14807403 -0.98774004
vn 0.00827627 -0.23142365 -0.9427649
vn -0.0043974607 -0.971518 -0.10413047
vn 0.003973242 -0.99993694 0.0012308594
vn -0.0014414062 -0.99998826 0.006828516
vn 0.0076716794 0.0038748085 -0.9810995
vn -5.015625E-4 -1.0 8.984376E-5
vn 0.0032843752 -1.0 -0.0014484376
vn 1.6367197E-4 -0.45295036 -0.84396136
vn 5.852538E-4 0.074322164 -0.9921305
vn 2.320312E-4 -0.9999933 0.0010582032
vn -0.0022514649 -0.9999484 0.0015298827
vn -0.0024009277 -0.9650318 -0.13587311
vn 0.004178125 -0.34831178 -0.868115
vn -0.0025212888 -0.07912167 -0.9830198
vn -3.7460937E-4 -0.9999953 0.0059957034
vn -0.0030625002 -0.9999969 -5.4453127E-4
vn 2.6523438E-4 -1.0 -4.828125E-4
vn 0.0017093751 0.16628437 -0.98518276
vn 0.002956348 -0.8802593 -0.3674266
vn 5.625002E-5 -0.9999207 0.010278223
vn 0.018917285 -0.9996965 -0.0071536135
vn 0.008126367 -0.9871071 -0.06462754
vn 0.009266406 -0.1394951 -0.96900856
vn 0.01995 -0.73106253 -0.65495
vn 0.037431736 0.2758457 -0.9440993
vn 0.03184453 0.021828713 -0.99126846
vn 0.013338671 -0.9998797 0.002645703
vn 0.18159145 -0.93574655 -6.7026366E-4
vn 0.01695 -0.6224 -0.7815
vn 0.23825958 -0.87884164 -0.1838961
vn 0.012059376 -0.99990624 -0.0023750002
vn 0.14659853 0.06547187 -0.9372722
vn 0.2599664 -0.92164296 -0.002759375
vn 0.3403836 -0.9001258 -0.002875
vn 0.18849823 -0.95672035 -0.011524415
vn 0.34326345 0.44219637 -0.78629315
vn 0.12292793 -0.4571625 -0.7864634
vn 0.5274185 -0.80599874 -0.00933252
vn 0.8811979 -0.3067355 -0.008152441
vn 0.9880195 -0.004599806 -0.0063488283
vn 0.9857551 0.046728324 2.9917015E-4
vn 0.88656855 -0.31416464 -0.15674022
vn 0.9168454 -0.0030082548 -0.23411126
vn 0.80557406 0.34459162 -0.3364004
vn 0.98620987 0.052751735 -0.035789207
vn 0.9182751 -0.34414735 -0.008567188
vn 0.89418054 -0.37181562 -0.0076804683
vn 0.9900384 -0.02315205 -0.0077990238
vn 0.9542051 -0.12239087 -0.0041137207
vn 0.99051535 -0.016640037 -0.004026074
vn 0.99043703 0.024881883 -0.0059069823
vn 0.99352264 -0.04067656 -0.0013093752
vn 0.98793364 0.086965635 -0.015599609
vn -0.86866987 0.39050314 -0.005549512
vn -0.98573875 0.0807748 -0.0031988278
vn -0.77112687 0.61960566 -0.004289258
vn -0.4221906 0.6497619 -0.62936586
vn -0.4341594 0.67205 -0.5962906
vn -0.5529063 0.637725 -0.53155625
vn -0.71727115 0.6964358 -9.607909E-4
vn -0.7120116 0.7020254 -5.644532E-4
vn -0.8979027 0.36421564 -0.0030410157
vn -0.70482206 0.7092671 -0.0033139647
vn -0.6879967 0.71292365 -0.10856016
vn -0.4488 0.6257 -0.635
vn -0.51170146 0.66610956 -0.5101751
vn -0.5798328 0.6785422 -0.43028983
vn -0.7106328 0.7034899 3.0468684E-5
vn -0.65419436 0.7428459 -0.11897988
vn -0.4724 0.63825 -0.60725
vn -0.68511224 0.72766554 -0.0044618165
vn -0.6866019 0.72557485 -0.012744579
vn -0.12679747 0.54925215 -0.7843988
vn -0.18479142 0.71358126 -0.6650367
vn -0.39846337 0.7547934 -0.4462793
vn -0.6797 0.73165 -0.05065
vn -0.6715371 0.740432 -0.003613867
vn -0.050392386 0.664876 -0.73971134
vn -0.029477248 0.6623925 -0.7437342
vn -0.0872375 0.6926563 -0.71459377
vn -0.46154952 0.8360776 -0.14759
vn -0.18044999 0.71580625 -0.6682969
vn -0.085350044 0.9278594 -0.25967014
vn -0.53570384 0.8220236 -0.005177539
vn -0.40414804 0.8924633 -0.060328122
vn 0.004691016 0.6520176 -0.7581789
vn -0.024609374 0.69596094 -0.7147
vn 0.009490625 0.6574688 -0.75218284
vn -0.5442784 0.8036175 -0.07478352
vn -0.65913594 0.75116575 -0.021809693
vn -0.16928653 0.78467757 -0.5280832
vn 0.010076953 0.65001017 -0.7597711
vn -0.4122492 0.7389816 -0.4752627
vn -0.662 0.7452 -0.08
vn 0.0014875 0.7864125 -0.5603125
vn 0.008019531 0.3256117 -0.91288984
vn 0.0036003906 0.6907898 -0.7189305
vn -0.1896172 0.5878781 -0.7691633
vn -0.02514961 0.4930637 -0.8587699
vn -0.0611 0.424 -0.9036
vn 0.0055472655 0.64778674 -0.76176286
vn 6.375E-4 0.74846256 -0.66131246
vn -0.01004375 0.8308625 -0.48543128
vn -7.0761726E-4 0.8771446 -0.4374258
vn -0.13419776 0.827685 -0.4722204
vn -0.6523809 0.7471613 -0.11044063
vn -0.6138265 0.5417203 -0.55153906
vn -0.6328125 0.7435375 -0.20991251
vn -0.67142004 0.72024405 -0.08347786
vn 0.040974803 0.44131505 -0.8814229
vn 0.07459532 0.65215623 -0.72435
vn -0.2598853 0.7305795 -0.5771184
vn 0.17116152 0.8237177 -0.527998
vn 0.0065160156 0.62683904 -0.777257
vn 3.8437505E-4 0.6531094 -0.75720626
vn -0.018821875 0.54380625 -0.815225
vn 0.044164844 0.6130469 -0.75379413
vn -8.230469E-4 0.6463248 -0.7629916
vn 0.21397305 0.67859614 -0.692698
vn 0.0011593751 0.7118453 -0.6966305
vn 0.2916656 0.7527391 -0.5838172
vn 0.054466013 0.6485414 -0.749734
vn 0.003811719 0.64685 -0.7625258
vn 0.05246953 0.7375672 -0.52808356
vn 0.14505234 0.78488517 -0.59633595
vn 0.0062 0.7054 -0.7088
vn 0.0130187515 0.6378117 -0.7561828
vn 0.0010259766 0.64397246 -0.764983
vn 0.012776564 0.8648781 -0.5016234
vn 0.009678125 0.7736391 -0.6265172
vn 0.00125 0.7309688 -0.67838746
vn 0.0035539062 0.6112426 -0.785607
vn 0.0014671875 0.7831484 -0.6143594
vn 0.004621094 0.6674375 -0.7431109
vn -0.0062781246 0.870725 -0.4916625
vn -0.003223828 0.7539555 -0.65437186
vn 0.00116875 0.6978238 -0.7119906
vn 0.00398125 0.5945297 -0.8027047
vn 0.0018832032 0.6423121 -0.7663981
vn -4.5000002E-4 0.64829063 -0.76128435
vn 0.0027 0.8487625 -0.5162625
vn 8.9863286E-4 0.8856932 -0.41453362
vn 0.009392968 0.8363887 -0.51935506
vn -0.004392969 0.81856483 -0.56660855
vn 8.0E-4 0.7178 -0.69205
vn -0.0016390623 0.6344738 -0.76836604
vn -0.00513125 0.8035234 -0.5897188
vn -8.875E-4 0.69023746 -0.72307503
vn 5.765625E-4 0.6372484 -0.7706032
vn -0.022115625 0.8059125 -0.58085
vn 6.375E-4 0.64685625 -0.7625438
vn 0.003099219 0.50630546 -0.8404461
vn 5.40625E-4 0.6359672 -0.7716609
vn -7.3046846E-5 0.6696795 -0.7389411
vn -0.0047750003 0.7118312 -0.7015438
vn -0.002034375 0.65021956 -0.7597484
vn 9.062502E-5 0.79100394 -0.60728276
vn 0.013382813 0.8032328 -0.58537495
vn 0.002171875 0.65317345 -0.75253123
vn 0.00135 0.71096253 -0.70262504
vn 0.00115 0.71372503 -0.700425
vn 0.0020812498 0.66920626 -0.7344547
vn 5.28125E-4 0.6358531 -0.7717484
vn 0.0014761719 0.57607424 -0.8090375
vn 0.013573023 0.84940267 -0.5197963
vn -8.1562495E-4 0.6500656 -0.7598109
vn 0.0024 0.722 -0.6919
vn -0.0011046876 0.62925625 -0.7749672
vn 5.929687E-4 0.6373984 -0.77052736
vn -5.0E-4 0.7288 -0.6847
vn 0.006220313 0.7974672 -0.5950578
vn -5.6250003E-4 0.75675 -0.6521
vn 0.0045136716 0.69616175 -0.7160479
vn -0.0017 0.7178 -0.69624996
vn 0.0014035157 0.69019294 -0.71154296
vn 0.001511719 0.6096162 -0.7921916
vn -0.003359375 0.7187875 -0.69333434
vn 3.824219E-4 0.8763594 -0.4444465
vn 0.0017281251 0.83765936 -0.50632656
vn 0.0011164063 0.8742914 -0.44399706
vn 0.001008203 0.63332653 -0.7738461
vn 0.006858984 0.85444725 -0.51027536
vn 0.03400625 0.7228985 -0.68934613
vn -0.001084375 0.5764625 -0.80828595
vn 0.0053507816 0.7914859 -0.6010375
vn 0.0111 0.71475 -0.69904995
vn -5.500001E-4 0.73364997 -0.67945004
vn 0.0039734375 0.6523687 -0.75773984
vn 0.0053585935 0.6888195 -0.7240383
vn 2.1074209E-4 0.5953336 -0.7954904
vn 0.0103798825 0.8561045 -0.5078843
vn 0.00415 0.6805219 -0.7300485
vn -0.003619336 0.65120447 -0.74987674
vn 0.0061 0.7564719 -0.6478125
vn 0.0028625 0.62283045 -0.78130233
vn 0.003972656 0.7396453 -0.6714953
vn 0.0052 0.709 -0.7052
vn 7.773435E-4 0.6799344 -0.73071957
vn 4.8046885E-4 0.6388742 -0.76916564
vn -0.0066093756 0.72719526 -0.6858906
vn -0.035948828 0.22497071 -0.2626125
vn 0.0013740235 0.61788166 -0.78423715
vn 1.0E-4 0.6639 -0.7478
vn 0.002745703 0.8371984 -0.49970487
vn -0.00355 0.8512344 -0.48712033
vn 0.0110894535 0.69002974 -0.7220168
vn 0.003 0.7355 -0.6775
vn 7.009766E-4 0.59149885 -0.7983174
vn -6.9550774E-4 0.65445215 -0.7554398
vn -0.0015312498 0.8932812 -0.41345313
vn -0.00344375 0.74314374 -0.6655375
vn 0.2511 0.7145 -0.653
vn 0.1173 0.7098 -0.6946
vn 0.12798947 0.5844984 -0.7847335
vn 0.09447773 0.7721836 -0.5908477
vn 0.35916054 0.82940125 -0.34832704
vn 0.3122787 0.78667617 -0.3861697
vn 0.029434888 0.65575135 -0.7502432
vn 5.6679687E-4 0.84861135 -0.47905898
vn -0.0010062499 0.88159376 -0.4519875
vn 1.4375005E-4 0.6327937 -0.77424693
vn 0.4958874 0.5975628 -0.60845983
vn 0.3838 0.694 -0.6092
vn -0.0013553711 0.55532825 -0.8154279
vn 0.5655751 0.72821 -0.26867908
vn 0.005251758 0.6332207 -0.77376086
vn 0.022023438 0.6610483 -0.74689615
vn 6.875E-4 0.71438754 -0.6978
vn 0.3124312 0.8069043 -0.31334844
vn 0.09967129 0.7723953 -0.57566386
vn -0.0070812497 0.629936 -0.76676714
vn 0.13977891 0.68509686 -0.71189064
vn 0.54151464 0.82330525 -0.03824314
vn 0.16059825 0.6988293 -0.69095975
vn 0.4557969 0.73881096 -0.44427186
vn 0.78114295 0.5932889 -0.035279296
vn 0.7030132 0.7101924 -0.0022419926
vn 0.7199812 0.5525125 -0.3742875
vn 0.21156241 0.71815443 -0.64502585
vn 0.1440671 0.6331406 -0.74546313
vn 0.13103437 0.67153126 -0.717005
vn 0.58446544 0.7225447 -0.36003768
vn 0.6933 0.7206 0.0107
vn 0.70259047 0.71059096 -0.004309131
vn 0.64578164 0.75649726 -0.042699218
vn 0.68408126 0.7293625 0.00415
vn 0.6933 0.7206 0.0107
vn 0.684782 0.72856957 -0.0015578126
vn 0.37014052 0.66097045 -0.6469086
vn 0.6429047 0.7146 -0.19974062
vn 0.73398745 0.67328674 -0.052089844
vn 0.7094 0.6996 -0.0854
vn 0.734745 0.676342 -0.004601563
vn 0.5304637 0.69727564 -0.46179757
vn 0.7093314 0.7047692 0.0035585938
vn 0.83652663 0.47476524 -0.0012263184
vn 0.73352927 0.6551535 -0.14791992
vn 0.67603123 0.69363123 -0.24729376
vn 0.80859804 0.5633883 -0.032000195
vn 0.6837 0.6996 -0.2074
vn 0.39423436 0.68336564 -0.60569686
vn 0.3249875 0.68743753 -0.6489625
vn 0.7189521 0.61352646 -0.25564748
vn 0.993932 0.044789646 -0.00390625
vn -0.9896075 -0.0064789075 0.0024113283
vn -0.9389075 -0.15158325 -9.257812E-5
vn -0.9853918 0.017632805 0.005511328
vn -0.8772125 -0.4621 0.0063375
vn -0.98947674 -0.023240771 9.933593E-4
vn -0.92096406 -0.25323984 0.0056484374
vn -0.9600395 -0.12193476 -0.0020546874
vn -0.9093754 -0.21844804 0.004181836
vn -0.99511266 -0.009977246 0.006739355
vn -0.9136977 -0.28410295 0.0032277342
vn -0.98112124 0.05602402 0.003582617
vn -0.99300015 5.516615E-4 -5.1074196E-5
vn -0.9964137 0.0051199216 -0.0016058595
vn -0.9918207 0.066921875 9.69531E-4
vn -0.9923262 -0.067200586 0.00264375
vn -0.54572344 -0.79941094 -0.0074609374
vn -0.45081005 -0.83084404 -0.009449659
vn -0.009271485 -0.99987185 -0.001876953
vn -0.4968078 -0.8116758 0.0012316407
vn -0.1424813 -0.95238346 0.0022833254
vn -0.18160468 -0.9448234 0.002526172
vn -0.36714724 -0.8859609 0.0025989257
vn -0.5731727 -0.7705029 0.0027648439
vn -0.007873437 -0.99995005 6.34375E-4
vn -0.008985938 -0.99993825 0.0023125
vn -0.003473828 -0.9998951 0.004010937
vn 2.2070296E-4 -0.9999455 -0.0015929688
vn -0.0019027344 -0.9999315 -0.0024241211
vn 7.650391E-4 -0.9999715 0.0016990234
vn 7.5878913E-4 -0.99993753 0.0015478515
vn 0.0016144532 -0.9999683 -0.002392578
vn 0.0014398438 -0.9999953 -0.0014539063
vn 9.4238285E-4 -0.9999961 -0.0010136719
vn 0.0010328124 -0.99995565 0.0014710937
vn -4.0673834E-4 -0.99999833 0.0027079103
vn -0.0024390626 -0.9998871 0.002948828
vn 0.0027414062 -0.9999969 0.0012492188
vn 9.0312504E-4 -1.0 -0.0017781251
vn -7.7968737E-4 -0.99999374 -8.2343747E-4
vn 4.375E-4 -0.9999934 -7.78125E-4
vn 0.0017625977 -0.9999931 0.0020782226
vn -2.4511717E-4 -0.99999845 -0.002208203
vn 4.5556642E-4 -0.9999963 0.0025476564
vn 0.0012865234 -1.0 0.0023728516
vn 0.0018617187 -0.99999845 0.0011656249
vn 0.002843164 -0.9999908 6.2089844E-4
vn -9.2011725E-4 -0.9999765 -5.266602E-4
vn -0.0014242188 -0.99996954 -0.001215625
vn 7.40625E-4 -0.99999607 0.002941406
vn 0.002390625 -1.0 0.001978125
vn 0.0010242187 -1.0 1.3554687E-4
vn 8.9375E-4 -1.0 0.0014625001
vn -0.0019328126 -0.9999855 -1.7968821E-5
vn 8.3046884E-4 -0.9999977 0.0022335937
vn 0.0022666017 -0.99998206 0.0018992188
vn -4.75E-4 -0.9999844 0.003690625
vn -5.2187504E-4 -1.0 0.0013812501
vn 1.25E-4 -1.0 1.6875E-4
vn 0.0037125 -0.9999922 -3.726562E-4
vn -3.5820316E-4 -0.9999977 0.0031515625
vn 0.0017322266 -1.0 -8.595703E-4
vn 0.021662502 -0.93782496 -0.057553124
vn -8.437501E-4 -0.99997497 -1.1718756E-4
vn -0.0025015625 -0.9999937 0.0036052736
vn 0.0012125 -1.0 -0.0025015625
vn -0.0023914063 -1.0 6.9765624E-4
vn -0.0010613281 -1.0 -7.371094E-4
vn -5.484375E-4 -0.99999845 -0.0017492188
vn -0.03900117 -0.9541606 0.027101368
vn -9.6093747E-4 -0.99999964 -8.851563E-4
vn 7.09375E-4 -1.0 -2.75E-4
vn -0.0018999999 -0.99999535 3.1171873E-4
vn 0.0010910156 -1.0 -8.375E-4
vn 6.0234376E-4 -1.0 0.0013179687
vn -5.6894525E-4 -0.9999988 0.0031853514
vn -6.140625E-4 -1.0 0.0010140626
vn -3.4375006E-4 -0.9999851 6.050781E-4
vn 8.7421876E-4 -1.0 -4.25E-4
vn -3.2343747E-4 -1.0 0.0017941407
vn 0.0015773437 -1.0 0.0027761718
vn 7.0468755E-4 -1.0 4.3281252E-4
vn -6.376952E-4 -0.99994123 0.0026242188
vn -3.8203128E-4 -0.9999977 0.0011335938
vn 2.1562503E-4 -1.0 0.0010406249
vn -0.0025406252 -1.0 0.0026484376
vn -0.005964062 -0.99999845 0.0027312501
vn -0.001580957 -0.99999416 -0.0021549806
vn 0.004108594 -0.9999813 -1.1718948E-6
vn 0.0046203127 -1.0 0.0012992187
vn 2.8632814E-4 -0.9999656 -0.0028871095
vn 0.0010250001 -0.9999492 -0.0031501953
vn -0.0040693358 -0.9999404 0.005850879
vn -0.0017632812 -0.9999969 2.734375E-4
vn -0.002069336 -0.99999094 -0.0024041992
vn -0.0014720703 -0.99994946 -5.4033205E-4
vn -8.1953127E-4 -0.99998474 5.207031E-4
vn -0.0014171875 -0.99999374 -1.5000004E-4
vn -4.976563E-4 -0.99999106 -0.0033529298
vn -0.0010669922 -0.99991673 -0.0022484376
vn 0.0076515623 -0.9999473 -9.3749986E-5
vn 0.03759121 -0.99498653 -8.3632814E-4
vn 0.016676564 -0.99983126 -0.0032765623
vn 0.20919453 -0.9291619 -0.01420957
vn 0.41703436 -0.8616078 -7.2031247E-4
vn 0.27284843 -0.93701875 -0.0021234376
vn 0.35472968 -0.89028823 -4.492188E-4
vn 0.5167281 -0.80306876 7.2812475E-4
vn 0.8976457 -0.25631857 -6.523455E-5
vn 0.9884473 0.0025433572 0.003685547
vn 0.9014331 -0.22445732 -0.0019296873
vn 0.990217 0.008356689 0.0049623046
vn 0.9031369 -0.33243752 -7.310547E-4
vn 0.9085506 -0.2102621 0.002494336
vn 0.98826563 -0.018699367 0.002530664
vn 0.9921047 0.022221874 0.0053921873
vn 0.8906477 -0.29125333 -3.3818372E-4
vn 0.84921646 -0.4847914 -0.003904297
vn 0.99002576 -0.047992192 -1.257814E-4
vn 0.987713 -0.05441279 -0.009336426
vn 0.9829058 0.061570313 8.540065E-5
vn 0.99016786 0.021115039 0.0035359864
vn 0.9896867 0.08476875 0.01769375
vn -0.9354074 0.2509013 0.00230708
vn -0.9295506 0.23771474 -2.372071E-4
vn -0.86936563 0.4170069 0.001162793
vn -0.84751797 0.47340938 -5.3515658E-5
vn -0.7605274 0.6382098 3.6855467E-4
vn -0.71897113 0.6948985 -0.0023003905
vn -0.7237156 0.6900047 7.3125004E-4
vn -0.7150078 0.6990949 -0.00130625
vn -0.7086084 0.7053836 7.2902837E-4
vn -0.71882343 0.69508636 -0.0016019533
vn -0.70900154 0.70506644 0.003375
vn -0.7031586 0.7109047 2.246094E-4
vn -0.69521266 0.7179946 0.0030604983
vn -0.6750488 0.737541 0.001679297
vn -0.66445935 0.7471719 9.812498E-4
vn -0.66288745 0.7485312 -0.0028000001
vn -0.6593 0.7519 -0.0015
vn -0.6671 0.74495 -0.0038
vn -0.5503592 0.8205883 -0.026743457
vn -0.665 0.7468 -0.0034
vn -0.667225 0.7449 -0.0010500001
vn -0.6482438 0.76080626 -0.0036937501
vn -0.6055229 0.79168653 -0.006110742
vn -0.64570624 0.7599848 0.0013654297
vn -0.58511955 0.8072457 -0.0024621093
vn -0.65796876 0.7521687 -0.011575
vn -0.6644328 0.74623513 0.0023968748
vn -0.62970376 0.77444243 0.003583203
vn -0.6808 0.7324 0.0078
vn -0.6573375 0.75339997 -0.0053375
vn -0.8103494 0.5587037 -0.048645116
vn -0.67841876 0.72856796 -0.051463865
vn -0.8556026 0.4741856 -0.029641055
vn -0.69319206 0.66901314 -0.16149129
vn -0.8767596 0.44337052 0.022093555
vn -0.86813307 0.3620946 -0.24817261
vn -0.90980786 0.33159232 0.017985694
vn -0.83433247 0.4690322 0.09458242
vn -0.84731996 0.44350886 -0.0013800748
vn -0.8853936 0.36644512 0.055493556
vn -0.7312146 0.42569283 -0.5124367
vn -0.7304397 0.58698696 -0.04655367
vn -0.6268 0.4152 -0.65915
vn 0.0943 0.7061 -0.7018
vn 0.0917 0.7152 -0.6929
vn 0.0817 0.7204 -0.6887
vn 0.013588281 0.72589844 -0.6872469
vn 0.02315 0.71855 -0.69484997
vn 0.70427305 0.43106326 0.55750936
vn 0.86082107 0.4666289 0.18769297
vn 0.7956388 0.46490312 0.36999208
vn 0.85043675 0.50463945 0.09475605
vn 0.647125 0.4495875 0.6156125
vn 0.6982699 0.6635141 0.16914882
vn 0.62635624 0.52033126 0.5790312
vn 0.638 0.4437 0.6294
vn 0.6371125 0.447925 0.627225
vn 0.5316262 0.5837306 0.60506237
vn 0.61433166 0.35492206 -0.68732035
vn 0.5964738 0.4767172 0.6412617
vn 0.5824496 0.4356453 0.66966033
vn 0.5543961 0.42999062 0.70295465
vn 0.4118252 0.69583607 0.5743092
vn 0.3679452 0.88006526 0.18789332
vn 0.5263375 0.81123203 0.10329668
vn 0.28538632 0.936544 0.030800587
vn 0.6795884 0.51847315 0.50031483
vn 0.94427264 0.22695312 0.116499804
vn 0.8211053 0.39653388 0.23651627
vn 0.62976253 0.69087505 0.3395625
vn 0.6264 0.71555 0.30900002
vn 0.75320774 0.62941587 0.081637695
vn 0.9426369 0.28905216 0.066275
vn 0.96552384 0.23313358 0.004546484
vn 0.90108395 0.3247133 -0.11232383
vn 0.7078842 0.4565279 -0.47781816
vn 0.6971283 0.51267916 -0.4433095
vn 0.77071184 0.6020128 0.0027044923
vn 0.87209606 0.4596078 0.005599219
vn 0.6839 0.7295 -0.0111
vn 0.6823 0.7311 0.0046
vn 0.69316876 0.7193969 -0.00436875
vn 0.6746 0.7381 -0.0095
vn 0.7262455 0.6806485 0.047313478
vn 0.6947 0.7193 -1.0E-4
vn 0.683507 0.729825 -0.004575781
vn 0.68439996 0.7291 0.004375
vn 0.6953 0.7187 -0.001
vn 0.70930624 0.7048672 -0.0019023439
vn 0.69891715 0.71503127 0.0056960937
vn 0.70152646 0.71251965 -0.002105078
vn 0.7055906 0.7085843 -5.4609374E-4
vn 0.7139375 0.7001914 -1.08203065E-4
vn 0.71227187 0.70184684 0.004167187
vn 0.79851353 0.5406001 0.0035694335
vn 0.8287424 0.48315352 -0.0016333985
vn 0.8976415 0.2953704 -8.397461E-4
vn 0.89518195 0.3110788 0.002735449
vn 0.9949359 -0.009598436 -0.0064796875
vn -0.63574535 0.65027344 -0.35189688
vn -0.76002795 0.36498514 -0.48716208
vn -0.62477744 0.60215807 0.11855094
vn 0.022003125 0.9891106 0.0035824217
vn -0.41167888 0.86359453 0.0031907503
vn -0.54721284 0.7748705 -0.16667682
vn 0.30153692 0.88994825 -0.31045213
vn -0.28424913 0.6550783 -0.6728771
vn -0.64387345 0.37967813 -0.66417503
vn -0.6574 0.3778 -0.652
vn -0.37318164 0.88442826 0.12314571
vn -0.34088397 0.8406582 0.4087656
vn -0.572349 0.72134244 -0.042780817
vn -0.45561087 0.75327873 0.06678416
vn -0.4575186 0.8470839 -0.02307461
vn 0.15143672 0.6720281 -0.708276
vn -0.525614 0.4576254 -0.69279575
vn -0.21673046 0.6540203 -0.6671227
vn 0.26566565 0.73717225 -0.6019914
vn 0.21135606 0.9020551 -0.27793652
vn -0.3539906 0.9070617 -0.009485155
vn -0.6286633 0.7505336 0.19449219
vn -0.9085351 0.40659022 -0.0041874996
vn -0.7338215 0.65370816 0.13050273
vn -0.6905272 0.7186085 -0.014875
vn 0.11844374 0.8059656 -0.56677735
vn -0.54765475 0.77290154 -0.24640705
vn -0.17518497 0.8349932 -0.47359318
vn -0.6761213 0.66932034 -0.17540836
vn -0.7359179 0.6055295 -0.2510627
vn -0.92231333 0.3623789 0.0493957
vn -0.09481904 0.71530056 -0.68946123
vn -0.69389415 0.6949961 0.030012503
vn -0.725226 0.53023106 -0.4128998
vn -0.438407 0.7698492 -0.4332984
vn -0.005078125 0.76854527 -0.63957655
vn -0.6027688 0.6954125 -0.38898748
vn -0.5811 0.65205 -0.4837
vn -0.5858 0.6688 -0.4578
vn -0.6591 0.5872 -0.4699
vn -0.3424789 0.6861941 -0.61456716
vn -0.82486504 0.54123306 -0.09093774
vn -0.6527 0.7457 -0.1337
vn -0.6138 0.669 -0.4191
vn -0.113094576 0.6879414 -0.7152789
vn -0.24227801 0.6567464 -0.6901995
vn -0.10806563 0.6299781 -0.7665586
vn -0.67300624 0.5302156 -0.49965975
vn -0.7624515 0.53434217 -0.3260746
vn -0.5656 0.5642 -0.6015
vn -0.4869691 0.55482775 -0.6671254
vn -0.5727 0.5607 -0.598
vn -0.77251977 0.5301131 0.3182786
vn -0.54987615 0.6741152 -0.4739617
vn -0.1189 0.6792 -0.7243
vn -0.5763024 0.5249882 -0.625093
vn -0.5635 0.5638 -0.6038
vn -0.03275781 0.6988371 -0.7129687
vn -0.62790626 0.5485687 -0.54719377
vn -0.33905154 0.65086794 -0.658286
vn -0.26438498 0.4958346 -0.81906486
vn -0.31803435 0.49690896 -0.77766466
vn -0.20775625 0.56887656 -0.7918469
vn -0.0211 0.7175 -0.6963
vn -0.0061953124 0.71964216 -0.6942281
vn -0.0838168 0.6723449 -0.7312766
vn -0.23994622 0.5512627 -0.7795407
vn -0.3831885 0.4606246 -0.772256
vn -0.5635102 0.49960417 -0.65290487
vn -0.083925046 0.45013827 -0.84367764
vn -0.177304 0.547196 -0.8169505
vn -0.06361875 0.7135594 -0.6969531
vn -0.0644 0.7208 -0.6902
vn -0.09684238 0.61872536 -0.74922657
vn -0.07060274 0.29086298 -0.8799249
vn -0.1153 0.7017 -0.7031
vn -0.1041 0.6955 -0.711
vn 0.10879804 0.5544214 -0.8058805
vn 0.3367399 0.41322735 -0.7553114
vn 0.41387242 0.46014616 -0.7752426
vn 0.13591875 0.6607031 -0.72999215
vn -0.045450002 0.7071363 -0.7028184
vn 0.17695166 0.5267099 -0.7593817
vn -0.3892 0.4982 -0.7748
vn -0.4376 0.6055 -0.6647
vn -0.5587 0.5222 -0.6443
vn 0.26273403 0.5162626 -0.80630696
vn 0.22756694 0.4651625 -0.8312993
vn 0.04058125 0.7146032 -0.69665
vn 0.09092841 0.6112042 -0.76011777
vn 0.5507188 0.3919 -0.7324219
vn 0.07790625 0.7082422 -0.70155627
vn 0.051942192 0.6503299 -0.7536688
vn 0.0663625 0.71650004 -0.69430006
vn 0.104128905 0.7118664 -0.6938664
vn 0.020825 0.7219625 -0.69121873
vn 0.5194875 0.5321063 -0.66594064
vn 0.6075594 0.4803133 -0.63204217
vn 0.03835625 0.7085875 -0.70407814
vn 0.076 0.6991 -0.7109
vn 0.0686 0.7213 -0.6892
vn 0.23339882 0.6377328 -0.7247117
vn 0.53575623 0.59490937 -0.59707814
vn 0.6143 0.4826 -0.6243
vn 0.6129098 0.59089446 -0.5166805
vn 0.5953 0.5123 -0.619
vn 0.7081382 0.49877882 -0.46014827
vn 0.78290105 0.47831327 0.27921015
vn 0.8084533 0.5483088 0.11655566
vn 0.17455244 0.676867 -0.70559686
vn -0.03942334 0.5282415 -0.82733935
vn 0.7910361 0.5130489 -0.2911989
vn 0.025571875 0.7147281 -0.69853204
vn 0.798733 0.5403006 0.23300996
vn 0.1555 0.6998 -0.6972
vn -0.011663769 0.6196705 -0.7782637
vn 0.6915621 0.68048006 -0.15042832
vn 0.8294504 0.5364 0.04686172
vn 0.58546114 0.7590457 0.009883251
vn -0.100573435 0.7963213 -0.0037897676
vn 0.42483488 0.73904145 -0.39841378
vn 0.011453126 0.71353745 -0.7003938
vn 0.0045960937 0.7008977 -0.7131605
vn 0.78165585 0.61748433 -0.0022007814
vn 0.101252735 0.71486914 -0.68419576
vn -0.0027 0.7143 -0.6999
vn 0.0015 0.71335 -0.7008
vn 0.1110375 0.74457026 0.62708163
vn 0.7159713 0.5907755 0.26795477
vn 0.054112695 0.4949086 -0.84523594
vn 0.0036 0.7288 -0.6847
vn 0.00420625 0.71795624 -0.69593126
vn -0.0018500001 0.7119 -0.70222497
vn 9.2734385E-4 0.69695234 -0.7167922
vn 0.628175 0.7484219 0.20391251
vn 0.6732875 0.7287586 0.11332813
vn 0.63705814 0.7174195 0.2590375
vn 0.4273703 0.6857735 0.5833719
vn -0.0826914 0.5496777 -0.82788146
vn -0.023098437 0.7172645 -0.69560933
vn -0.008716406 0.7147445 -0.6981547
vn 0.56703126 0.60416245 0.55634373
vn 0.7287539 0.6294449 0.23037596
vn 0.6674579 0.45952412 0.57389593
vn 0.1951707 0.5393523 -0.7576699
vn 0.78662187 0.5170219 0.3181203
vn 0.43098477 0.58919907 0.6658572
vn 0.5354173 0.4287454 0.69929636
vn 0.14644834 0.71279263 0.6492952
vn 0.80969864 0.56792116 0.059950393
vn 0.3619492 0.58749336 -0.6882832
vn 0.6115917 0.4134666 0.67033017
vn -0.061968748 0.72091246 -0.68869376
vn -0.1389375 0.70676255 -0.69236255
vn 0.017767042 0.8290018 -0.42179313
vn -0.19754061 0.74215156 -0.61825943
vn -0.1297373 0.7163489 -0.6800113
vn 0.70012856 0.5707703 -0.16249569
vn 0.75045794 0.4213292 0.12600577
vn 0.68371564 0.40486485 0.59870076
vn 0.6456094 0.42665315 0.6328813
vn 0.5277188 0.396982 0.7437242
vn 0.28487188 0.750551 -0.08839762
vn -0.16294219 0.67023826 -0.71723515
vn 0.258689 0.589038 -0.7212192
vn 0.6038 0.636 0.4805
vn 0.5871 0.6269 0.5121
vn 0.54239297 0.6500118 0.5231563
vn 0.6585672 0.5060461 -0.5367242
vn 0.6747547 0.6364836 0.043736316
vn -0.7365998 0.55616534 0.19757627
vn -0.61748457 0.5226161 -0.58169746
vn -0.6920934 0.5826762 -0.37658828
vn -0.6402105 0.5234424 0.5326371
vn -0.509916 0.49533886 -0.6922158
vn -0.5923703 0.58309996 -0.55146253
vn -0.57448125 0.58787036 -0.56595623
vn -0.62539685 0.63239866 -0.32110453
vn 0.31961927 0.5416834 -0.6703996
vn 0.6736324 0.4705711 -0.5665848
vn 0.5702678 0.5522982 -0.6059524
vn 0.79962635 0.4538246 -0.1285463
vn 0.62358594 0.5397619 -0.14828318
vn -0.8979289 -0.27343398 -0.005757422
vn -0.746 -0.65349996 -0.0039
vn -0.95852673 -0.13619716 -0.002703711
vn -0.99273264 -9.691389E-4 -4.396484E-4
vn -0.99345237 -0.0106248045 -0.0039103515
vn -0.99401426 0.011139648 -0.0047308593
vn -0.9664434 -0.09426817 0.0066406247
vn -0.9911473 0.005496094 0.0038427738
vn -0.9937233 -0.019473244 -0.0045966795
vn -0.9902766 0.050353322 0.003938281
vn -0.98688066 0.08102012 -0.0023083985
vn -0.98909914 0.07565801 0.0045844726
vn -0.99348414 0.008277345 -0.0010666015
vn -0.9918713 0.038820803 7.9238287E-4
vn -0.5593649 -0.80612457 -0.010474903
vn -0.012503906 -0.99950624 1.56241E-6
vn -0.4789799 -0.8131012 -0.006452149
vn -0.22740391 -0.94440156 -0.0034296876
vn -0.020585937 -0.9992391 5.640625E-4
vn -0.0063152346 -0.9999414 -0.0031828126
vn -0.41266915 -0.83295953 5.800766E-5
vn -0.01190625 -0.9999125 -0.0022687502
vn -0.0025402345 -0.9999789 -1.878906E-4
vn -0.0012046874 -0.9999906 0.0031890627
vn 1.3437499E-4 -1.0 -0.0014601562
vn 8.3828124E-4 -0.9999828 -0.0046242187
vn -3.6328114E-5 -1.0 0.0013656251
vn 0.0018742187 -1.0 -0.0027664062
vn 0.00291875 -0.9999965 -0.003869922
vn -0.001730371 -0.99997276 0.002519336
vn 0.002478125 -0.9999969 -0.0030703126
vn -2.4531252E-4 -1.0 0.0018109374
vn 6.3769537E-4 -0.9999951 -4.7333987E-4
vn 0.0016472656 -1.0 -0.0036539063
vn 9.40625E-4 -1.0 0.0023640625
vn -6.007813E-4 -1.0 -0.0019582033
vn -1.0937496E-5 -1.0 0.0012859375
vn 0.002286133 -0.9999951 -0.0027060546
vn 0.0017726563 -1.0 0.0010976563
vn -9.5E-4 -1.0 -0.001871875
vn -0.0010289063 -1.0 -4.8359376E-4
vn 0.0028648437 -1.0 1.4140623E-4
vn -3.9921876E-4 -1.0 -0.0014546876
vn 4.015625E-4 -1.0 -1.890625E-4
vn 4.375E-4 -1.0 -8.5E-4
vn 0.0010265625 -1.0 6.4062496E-4
vn -1.5625E-4 -1.0 -5.2812503E-4
vn -0.001034375 -1.0 0.00104375
vn 1.4375E-4 -1.0 -3.46875E-4
vn -0.0016421875 -1.0 -0.0036531251
vn 3.375E-4 -1.0 -1.125E-4
vn -0.004078516 -1.0 -0.0017781252
vn -0.001540625 -1.0 -4.0625004E-5
vn -0.0022210937 -1.0 -0.0038007814
vn -0.00283125 -1.0 -2.671875E-4
vn -0.0030515625 -1.0 7.0312497E-4
vn -0.0040552733 -0.9999922 -0.0031984376
vn -0.0021867189 -1.0 -0.004109375
vn -4.970704E-4 -0.99999064 -0.005338867
vn 6.289064E-4 -0.99995935 0.0031679687
vn -3.523437E-4 -1.0 5.953125E-4
vn 0.0031140624 -0.9999945 2.2695313E-4
vn 9.7187504E-4 -0.99999803 -0.0043628905
vn 0.0017968749 -1.0 -0.002178125
vn 0.0029609376 -1.0 -6.53125E-4
vn 0.0022884766 -0.9999951 -0.0029091798
vn 0.0010722656 -1.0 0.0032199218
vn 0.0032984375 -0.99999845 -0.005030469
vn 0.001659375 -1.0 -3.0937503E-4
vn 9.71875E-4 -1.0 6.8125007E-4
vn 0.0030917968 -0.9999715 0.002811328
vn 0.0051078126 -1.0 -0.0042828126
vn 0.0024562501 -1.0 -9.75E-4
vn -3.984375E-4 -1.0 0.0013671875
vn 0.004291406 -0.99999374 -0.002752344
vn -0.0013390626 -1.0 -0.00185
vn -0.0021375 -1.0 0.0027437499
vn -9.13672E-4 -1.0 -0.0025558593
vn 0.001775 -1.0 0.0015125
vn -0.0044812504 -1.0 0.003134375
vn -0.0035140626 -1.0 -0.0028000001
vn -0.0028875 -1.0 0.003215625
vn -0.003278125 -0.99999845 0.0050125
vn -0.0018249999 -1.0 -0.0034703123
vn -0.0025804685 -0.99999845 -0.0024164063
vn -0.0024 -0.9999875 0.0028875
vn -0.0025906248 -1.0 1.2499993E-5
vn -0.0040316405 -0.9999963 -0.0010240235
vn -0.0020669922 -0.99994785 0.004630664
vn -8.730469E-4 -0.9999543 -0.0044085938
vn -0.0027281248 -1.0 -5.000003E-5
vn 0.002330469 -0.9999796 -0.0028861328
vn -0.0022120117 -0.99999166 0.004573242
vn -3.7499936E-5 -0.99998826 -0.0012998045
vn 0.018409375 -0.99922895 0.0039296877
vn 0.015997462 -0.99964726 0.0011486328
vn 0.009296094 -0.99993086 -0.0015615234
vn 0.10252031 -0.9792687 0.003479883
vn 0.40166378 -0.8630247 -0.0043242676
vn 0.24656563 -0.9398397 -8.867192E-5
vn 0.36872578 -0.8820484 0.002428125
vn 0.3699211 -0.892641 0.0024082032
vn 0.49397188 -0.84709686 0.005028125
vn 0.73876894 -0.6431225 0.002638281
vn 0.92781854 -0.18465401 -0.0058566653
vn 0.98844683 -0.026117772 -1.0341802E-4
vn 0.96566874 -0.07713184 0.0035562497
vn 0.99102384 -0.03911914 -0.008392872
vn 0.9125137 -0.17868717 0.004491504
vn 0.9880582 -0.0076609384 0.0027555665
vn 0.99667764 0.009749561 0.015952785
vn 0.8837154 -0.36193645 -8.138672E-4
vn 0.9895867 0.05142969 0.003434375
vn 0.9944366 -0.0027263705 2.7334038E-4
vn 0.9879881 0.048772365 0.009573877
vn 0.9931157 0.055580854 0.006397168
vn 0.95733035 0.13111113 -0.0030059568
vn 0.93523794 -0.23065132 0.0071124025
vn 0.99402964 0.02518164 0.009291798
vn -0.81364536 0.53963685 0.0036970703
vn -0.8249953 0.5233258 0.003903125
vn -0.86348987 0.45927894 0.0027542969
vn -0.79107964 0.5873098 -0.0012972656
vn -0.7202518 0.6932758 0.0021273438
vn -0.71346855 0.7005537 0.0052074217
vn -0.71441996 0.6996344 3.988281E-4
vn -0.71366954 0.7003871 0.006032031
vn -0.6816524 0.71049356 -0.004393457
vn -0.7113031 0.7028594 0.0028703124
vn -0.68763566 0.725119 0.0045708497
vn -0.7001555 0.7139549 0.0028017578
vn -0.67969453 0.7332133 -6.726563E-4
vn -0.6868291 0.7265494 0.0019814454
vn -0.6627 0.74875 -0.00665
vn -0.6802344 0.73155075 -0.02469375
vn -0.65734684 0.75331247 -0.004403125
vn -0.681275 0.7295984 -0.041275002
vn -0.6225367 0.76748985 -0.10831953
vn -0.6304 0.7532 0.1879
vn -0.7074922 0.6696188 -0.123080894
vn -0.69394994 0.71998125 -0.0051843747
vn -0.7124983 0.6327611 0.11361719
vn -0.82015127 0.43579423 -0.11318886
vn -0.7150705 0.4704067 0.23308426
vn -0.9366125 0.3268844 -0.03217324
vn -0.6696563 0.7239668 -0.13165039
vn -0.62058127 0.6660594 0.40455937
vn -0.67745936 0.7047031 -0.17760937
vn -0.6093 0.7922 0.0336
vn -0.6626 0.7488 -0.0183
vn -0.6445594 0.76278436 -0.04083125
vn -0.7070351 0.7038084 -0.012055469
vn -0.9459008 0.292484 -0.07339531
vn -0.6574 0.7534 -0.012
vn -0.5528555 0.81136453 -0.16153203
vn -0.6331 0.773 -0.0416
vn -0.66569746 0.54616237 0.19875872
vn -0.82726073 0.224658 0.47583592
vn -0.8421545 0.41705406 -0.18308555
vn -0.5249186 0.8402924 -0.08765547
vn -0.6066688 0.7338406 0.14603125
vn -0.48377675 0.7914984 0.25491485
vn -0.6606 0.7442 -0.0987
vn -0.70574176 0.6948468 0.035270996
vn -0.6906015 0.7183875 -0.07130469
vn -0.65395725 0.52982265 0.46730313
vn -0.6937624 0.5342957 0.45378995
vn 0.38580537 0.8819386 0.19717705
vn 0.20681006 0.8904989 0.3767218
vn 0.06475352 0.9801086 0.07326133
vn 0.33747888 0.8879201 -0.22931093
vn 0.6560447 0.69835955 0.22972247
vn 0.5543431 0.80195314 -0.05922343
vn 0.676 0.7344 0.0613
vn 0.6635953 0.64274687 0.3522336
vn 0.70176405 0.7033398 0.08808594
vn 0.7689414 0.50310075 0.38959923
vn 0.7657572 0.60947406 0.10443574
vn 0.88512826 0.457592 0.049868163
vn 0.84444845 0.5233325 0.014215625
vn 0.8950801 0.44349533 0.042235155
vn 0.76666605 0.6296373 -0.019433985
vn 0.37013286 0.83617973 -0.17602754
vn 0.3600792 0.88282007 -0.1814901
vn 0.67265856 0.731692 -0.03454824
vn 0.5431355 0.7866427 -0.16846561
vn 0.3331373 0.9090217 -0.1949752
vn 0.5208934 0.8271207 -0.009290235
vn 0.574885 0.7911525 -0.10073282
vn 0.6955279 0.7172092 -0.028653223
vn 0.70881253 0.70537657 -0.001725
vn 0.6708414 0.74059534 -0.031885937
vn 0.70762795 0.70655 0.002689453
vn 0.6865938 0.7267375 -0.018775001
vn 0.6949588 0.7189033 -0.0055615725
vn 0.54102147 0.8214601 -0.010689453
vn 0.65295 0.75565004 -0.0047
vn 0.71071875 0.70344377 0.0028460938
vn 0.6826 0.7308 -0.007
vn 0.6914 0.7224 -0.0123
vn 0.71044064 0.7037313 -0.0044890624
vn 0.68976116 0.72330415 -0.0042562988
vn 0.7169621 0.69710076 -2.0703126E-5
vn 0.67965937 0.73336565 -0.0056734374
vn 0.71003205 0.70413655 -0.0053050783
vn 0.7165578 0.6974801 0.006072266
vn 0.71511036 0.6989651 0.002909375
vn 0.8075998 0.53135526 -0.0026707035
vn 0.8571436 0.4148208 2.9394496E-4
vn 0.7464427 0.65034676 -4.2773492E-5
vn 0.9184054 0.29893595 0.0047539063
vn -0.84152365 0.27234292 0.19107221
vn -0.743943 0.2251656 0.6230656
vn 0.43183437 0.63701874 -0.59975934
vn -0.4604887 0.7300449 -0.4306758
vn -0.18811719 0.67985 -0.6552141
vn 0.26816523 0.6580574 -0.6760266
vn 0.0067125 0.7055875 -0.7079625
vn 0.06131563 0.7046406 -0.69236255
vn -0.5253464 0.3609025 0.7031553
vn -0.45234424 0.5847242 0.62965506
vn -0.67314374 0.25704375 0.6909187
vn -0.6533076 0.5959933 0.4050381
vn -0.65743124 0.7197 0.18570313
vn 0.66794574 0.5898384 -0.30579963
vn 0.6193125 0.6555313 0.42955312
vn 0.65952504 0.70266247 0.2481125
vn -0.582041 0.779334 -0.07981357
vn 0.56581247 0.61528754 -0.54567504
vn -0.15704027 0.81059885 -0.067797184
vn 0.6095344 0.62450624 -0.48439687
vn 0.60552657 0.722175 -0.29222345
vn -0.6907102 0.6857141 0.1910789
vn -0.37454295 0.74704844 0.532866
vn -0.55486405 0.69976246 0.42396405
vn -0.55180013 0.7902377 -0.011417946
vn -0.0022246093 0.7901328 0.49237382
vn -0.6722057 0.7069088 0.18702832
vn -0.40314317 0.8458375 -0.18322071
vn -0.6492039 0.56851834 0.4838109
vn -0.79393053 0.580657 0.028303903
vn -0.37998247 0.80482733 -0.29746404
vn -0.57645 0.56815004 0.58685005
vn -0.9372375 0.33707812 0.08639219
vn -0.73926234 0.63501644 0.14966142
vn -0.81219137 0.4723037 0.26405817
vn -0.7727885 0.47396475 0.3752467
vn -0.65185 0.75689995 0.0434
vn -0.67255 0.70684767 0.17323592
vn -0.5124122 0.788573 0.07010442
vn -0.6182098 0.6177043 0.46266094
vn -0.6629242 0.6867766 0.27481097
vn -0.6541172 0.7466328 0.11858125
vn -0.54015136 0.7629932 -0.13318965
vn -0.42657685 0.50235105 0.71811455
vn -0.6441 0.528 0.5535
vn -0.6105 0.5162 0.6007
vn 0.30855784 0.78212357 0.047208376
vn -0.3411379 0.72781056 0.5889528
vn -0.5194291 0.8164864 0.04003428
vn -0.56632817 0.7802 0.24900001
vn -0.3911949 0.8375965 0.2909496
vn 0.04893043 0.8737383 0.26820982
vn -0.7043836 0.66301095 0.19510975
vn -0.67041093 0.572191 0.46156248
vn -0.21892579 0.7346141 0.6177879
vn 0.61216545 0.71688503 -0.008155294
vn 0.3725966 0.83971924 0.21183574
vn -0.6375631 0.53922266 0.5411953
vn -0.60894376 0.5257094 0.5925063
vn -0.037653126 0.7983688 0.6006219
vn -0.043376468 0.8590252 0.50420076
vn 0.6643938 0.7361562 -0.07006875
vn 0.6628 0.7406 0.11
vn 0.726925 0.68367505 -0.060099997
vn -0.35878202 0.52390784 0.74732035
vn -0.28058404 0.47142595 0.8310074
vn -0.54482675 0.5267484 0.64401656
vn -0.06116875 0.771418 0.63165313
vn -0.30588007 0.90734816 0.0044482406
vn -0.1476 0.47959882 0.8625188
vn -0.14916973 0.6344879 0.74148905
vn -0.49439442 0.5508952 0.64677346
vn -0.107509665 0.8916517 0.29418728
vn 0.3058593 0.57648873 0.728042
vn 0.08424622 0.79805726 0.48793277
vn 0.12095 0.75143516 0.6357621
vn 0.36195844 0.5643799 0.7146344
vn 0.11133086 0.64485765 0.7391063
vn 0.1315118 0.5042823 0.8401717
vn 0.49494922 0.7315764 0.41359276
vn 0.39083344 0.80400276 0.40453488
vn 0.5680437 0.5511383 0.6031023
vn 0.58949566 0.69450194 0.40688127
vn 0.21626875 0.737 0.63905
vn 0.3535955 0.622687 0.6705524
vn 0.699044 0.57994735 0.4131436
vn 0.52086115 0.6540132 0.5442459
vn 0.49970508 0.7446914 0.37744904
vn 0.33671874 0.75833124 0.550625
vn 0.3275469 0.7627938 0.5380813
vn 0.55835587 0.4852211 0.65025973
vn 0.7407176 0.5832765 0.327966
vn 0.57818127 0.58804375 0.5605625
vn 0.6022 0.6437 0.4721
vn 0.5324 0.6173 0.5793
vn 0.5151 0.6629 0.5434
vn 0.625625 0.68102497 0.38047498
vn 0.51652145 0.6249047 0.5831592
vn 0.41755 0.67065 0.6129
vn 0.61445 0.448075 0.6477875
vn 0.67309904 0.56134975 0.4390223
vn 0.5466141 0.7161547 0.4203863
vn 0.37341407 0.7652539 0.50937676
vn 0.64273643 0.5627464 0.50209916
vn 0.5999465 0.57740295 0.5526501
vn 0.5878695 0.5604359 0.58105
vn 0.3287 0.7173 0.6144
vn 0.44796875 0.6547344 0.6010875
vn 0.4001 0.6896 0.6037
vn 0.2929238 0.7182352 0.6265019
vn 0.45256877 0.6750953 0.57820934
vn 0.6695 0.6866 0.2833
vn 0.30873454 0.7828303 0.37233126
vn 0.5961998 0.77497536 -0.0861956
vn 0.37459373 0.6935812 0.61495626
vn 0.75345623 0.64403474 0.10251485
vn 0.67485476 0.7183676 0.022545703
vn 0.515582 0.6842977 0.50502574
vn 0.58240545 0.49478126 0.6349828
vn 0.17400566 0.6882154 0.6686097
vn 0.14244336 0.6916082 0.68663436
vn 0.73502886 0.66985154 -0.06748203
vn 0.70491153 0.62354743 0.109567955
vn 0.8080419 0.5495612 0.07419664
vn 0.47836128 0.5921182 0.6394477
vn 0.6322 0.5899 0.5023
vn 0.5661 0.5904 0.57185
vn 0.5447 0.6744 0.4985
vn 0.8375125 0.5442265 0.022134375
vn 0.7628 0.646 0.0274
vn 0.82085854 0.49200478 0.2332999
vn 0.61717653 0.5377914 0.57054764
vn -0.59636563 0.5536593 0.5804906
vn -0.46539295 0.5672864 0.66319376
vn 0.21810138 0.5548902 0.7699906
vn 0.03533569 0.57589686 0.65430725
vn 0.65226877 0.47060156 0.5927453
vn 0.59601796 0.60400075 0.52423674
vn -0.9888475 -0.053451173 -0.0038186521
vn -0.9953523 0.024480958 -0.0010892579
vn -0.9739003 -0.10313067 0.003212793
vn -0.9786379 -0.06940673 0.009585107
vn -0.9974431 0.001340772 -0.0026693358
vn -0.99710506 -0.0013226569 0.010133984
vn -0.8946188 -0.11094955 0.20852506
vn -0.95106936 0.055444635 0.15373653
vn -0.008557031 -0.0054015624 0.99982655
vn -0.47413594 0.11823281 0.8055903
vn -0.33900204 -0.21584561 0.8369214
vn -0.2824961 -0.9029402 0.007722266
vn -0.15343301 -0.9419433 0.13875322
vn -0.6731328 -0.71634376 0.013726562
vn -0.3718912 0.3792314 0.7963906
vn -0.0026656252 -0.16887227 0.9421668
vn -0.26964727 -0.88615686 0.0053216796
vn -0.6345961 -0.694932 0.007425
vn -0.00842461 -0.999948 0.0025304686
vn -0.0047570313 -0.99996716 0.007978907
vn -0.19890311 -0.49751097 0.82785153
vn -0.00555625 -0.99999607 0.0024460936
vn -0.0015966797 0.00792422 0.9973256
vn 0.002170703 -0.91516954 0.3188871
vn -0.032217577 -0.9128804 0.3382758
vn -0.002571289 -0.9999867 6.9121097E-4
vn -4.3906271E-4 0.0047085937 0.99994844
vn -0.0017789063 -0.9999969 0.002430078
vn 3.9980467E-4 -0.0018509761 0.9995962
vn -6.8867207E-4 -0.54334337 0.8137172
vn -0.00434375 -0.99962425 0.015771095
vn 0.0024015626 -0.018053126 0.99205625
vn 0.006895312 1.5878864E-4 0.99803615
vn -4.1679686E-4 -0.9999845 0.0014695313
vn 0.0035777343 -0.9453893 0.1963383
vn 0.011654297 -0.54422873 0.80188227
vn 0.0020587891 -0.99999785 -5.7246094E-4
vn 0.0012187499 -0.9999969 -0.001740625
vn 0.0021617187 -0.05260293 0.9913849
vn 0.003560156 -0.99998826 0.004510156
vn 6.8457035E-4 -0.99999416 8.9296885E-4
vn 1.6640624E-4 -0.9999965 -6.1601563E-4
vn 0.0041257814 0.009565625 0.9952898
vn 0.0031890627 -0.0019203124 0.99998593
vn 0.0015695313 -1.0 0.0030296876
vn -9.082032E-4 -0.9547508 0.16840702
vn 0.0033417968 -0.34739745 0.86830974
vn 0.0039089844 -0.9999641 -4.15625E-4
vn 3.0312504E-4 -0.99999845 0.0017601564
vn 0.0018125002 -0.01203418 0.9911064
vn 0.0021757812 -0.0019421875 0.9997562
vn 1.7382813E-4 -0.9999971 -4.486328E-4
vn 0.0013837891 0.010532617 0.9989121
vn 0.00113125 -1.0 -0.0013531251
vn 0.0030021486 -0.8298707 0.49400058
vn 0.0077624028 -0.5316812 0.7921611
vn 5.507812E-4 -1.0 -0.0026617188
vn 3.9765623E-4 -0.9999547 0.0061851563
vn 0.0047652344 -0.2749014 0.8995801
vn 0.0015242188 0.08314453 0.993325
vn -0.0013982421 -0.9999992 -0.0025376952
vn -0.007739941 -0.7810721 0.57832074
vn -0.001969336 -0.99999297 -0.0028513675
vn 0.00105625 -1.0 0.0041375
vn 0.0041519534 0.03689727 0.99182
vn 0.0028941405 -0.009271094 0.9996508
vn -4.210938E-4 -0.9999914 0.0021875
vn 0.0040313476 -0.3458709 0.8754852
vn -0.0022189454 -0.99996835 0.0042439452
vn -0.0028625 -1.0 -2.3750006E-4
vn -0.004102734 -0.9080355 0.27350897
vn -1.0781258E-4 -0.2944038 0.90742445
vn -0.01108164 -0.0036923825 0.9842205
vn 0.0669373 0.008553123 0.93097675
vn -0.0038048828 -0.99991345 -5.0546875E-4
vn -0.005234375 -0.99999297 9.609375E-5
vn -0.0025493167 -0.76946497 0.505176
vn 0.0036306642 0.021437744 0.9980141
vn 0.0014009766 -0.20882049 0.9359418
vn -0.008461328 -0.9998207 0.009551562
vn -7.8154315E-4 -0.9999036 -0.003017578
vn 0.0036503905 -0.04012305 0.9872535
vn -0.0012796874 -0.9999969 -0.0023945314
vn -4.9843744E-4 -0.95830095 0.14004706
vn -0.0023812498 -0.54341257 0.80468285
vn 0.0029852293 -0.99971914 -0.0015751952
vn -2.4218741E-4 -0.99999535 8.4843754E-4
vn 0.013886718 -0.98653436 0.029675
vn 0.0055435547 0.055834763 0.9935645
vn -2.6379398E-4 -0.120498374 0.9553682
vn 0.0024766603 -0.99997103 2.0952144E-4
vn 0.0016703124 -0.013357425 0.9932691
vn 0.00407793 -0.9997267 0.005918164
vn -3.4726565E-4 -0.0040851557 0.99996686
vn -0.0010972656 -0.9948666 0.040027536
vn -0.0107528325 -0.76500106 0.5944503
vn 0.0035589358 -0.9998244 2.2021483E-4
vn -1.5488273E-4 -0.008297268 0.9884416
vn -0.0058 -0.578 0.816
vn -0.012 -0.5784 0.8157
vn 0.0046738284 -0.9999781 -0.0012019532
vn -0.0011859376 -0.48632383 0.8596918
vn -7.1874994E-4 -0.99996245 -3.312502E-4
vn -0.0036175782 0.017696777 0.998487
vn 0.0022777342 -0.99999803 -0.0014160157
vn -0.003279297 -0.8815344 0.33544883
vn -0.0011859374 -0.9999789 -7.3593744E-4
vn 0.0016117187 -0.9999977 -2.5234374E-4
vn -0.0066878907 -0.2342629 0.9371941
vn -0.0018785156 -0.02475752 0.99280465
vn -9.6718746E-4 -0.99999845 -0.0011671876
vn -3.8125E-4 -1.0 -0.0035109376
vn -0.004141406 -0.87118745 0.35408205
vn 0.002009375 -0.9999992 -0.0022933593
vn -0.0012931641 -0.92253524 0.2693593
vn -0.00605293 -0.21052599 0.91972744
vn -0.002788281 -0.99999064 -0.002678906
vn -0.0040472657 -0.0099943355 0.9975297
vn -0.007053516 -0.9999504 -0.0024953124
vn -0.004803125 -1.5625003E-5 1.0
vn -0.001221289 -0.9985305 0.008178515
vn -0.004842578 -0.99995583 -0.0041507813
vn 0.0019445312 -0.0028406251 0.9921621
vn 4.667968E-4 -0.99983716 0.008802734
vn 0.0012515627 -0.9326953 0.26178905
vn 7.449219E-4 -0.47412577 0.82643163
vn -0.0042406255 0.00365625 0.99998903
vn -0.0018523438 -0.0010097637 0.9986738
vn 0.0029232423 -0.9962273 -0.003487988
vn 0.0015649293 -0.999862 0.0048602903
vn 0.004719653 -0.14445603 0.94561183
vn 0.013731006 -0.8672295 0.38195193
vn 0.0025312498 -0.99995434 7.6718756E-4
vn -9.5390645E-4 0.01008164 0.99980235
vn -0.0025578125 0.0046125 1.0
vn 0.005491016 -0.99763715 0.05106406
vn 0.005657715 -0.9992379 0.019997166
vn 0.00938584 -0.999923 -0.0022813478
vn 0.0040828125 0.007376563 0.9999844
vn 0.012929687 -0.9997914 0.007524219
vn 0.017823193 -0.029284716 0.9946574
vn 0.0219625 -0.8594414 0.41759375
vn 0.013257324 -0.2053506 0.9345996
vn 0.22682051 -0.8947362 0.025138037
vn 0.12323867 -0.8724109 0.2652672
vn 0.17543732 -0.960549 -0.0035839844
vn 0.15921503 -0.25733516 0.856417
vn 0.28777656 -0.92590475 0.0074624997
vn 0.24777164 0.2285363 0.8419958
vn 0.3277883 0.078012496 0.8337476
vn 0.96361756 -0.11688528 0.023431567
vn 0.7963042 -0.51666594 -0.0056977784
vn 0.7677719 -0.59848124 -0.03881406
vn 0.97004884 -0.022532567 0.12605992
vn 0.865188 -0.19963829 0.15922773
vn 0.84834635 -0.4109953 0.006675585
vn 0.997702 0.0076968754 0.014870702
vn 0.99764085 -0.015548437 -0.007840824
vn 0.99745643 -0.015102294 -0.009784471
vn 0.99725896 0.001176564 -0.0010576174
vn 0.9956 0.016837891 -0.029600784
vn 0.9949187 0.052440822 0.021303125
vn -0.9179476 0.30206728 0.05509961
vn -0.967884 0.1667961 -0.002609375
vn -0.85915303 0.45642304 0.007178125
vn -0.75621986 0.63952017 -0.0011734375
vn -0.68238664 0.48673552 0.47198072
vn -0.71309376 0.7009543 0.0024476564
vn -0.6630974 0.709726 0.21507463
vn -0.7117125 0.7024219 0.0075875
vn -0.47221345 0.6915616 0.53489625
vn -0.621716 0.7230023 0.2964043
vn -0.61021507 0.7207433 0.31936386
vn -0.022850586 0.045692973 0.9919449
vn -0.71466017 0.69945776 0.0026835937
vn -0.27396417 0.47983924 0.78777283
vn -0.69448626 0.7162219 0.027154591
vn -0.6979977 0.716 -0.0053910157
vn -0.65977657 0.7243203 0.18543124
vn -0.59670115 0.73222756 0.32047498
vn -0.40663475 0.7114602 0.5668422
vn -0.42782992 0.7436441 0.49214882
vn -0.64919996 0.73907495 0.17350626
vn -0.02146294 0.15859616 0.95903254
vn -0.6825181 0.729262 -0.004268555
vn -0.23202422 0.68722034 0.68163025
vn -0.019778907 0.6392912 0.76721
vn -0.27191252 0.717775 0.6394375
vn -0.69359124 0.6583573 0.12900752
vn -0.59272504 0.74405 0.300875
vn 0.009763282 0.0050828126 0.9999187
vn -0.07652627 0.6254819 0.7599348
vn -0.26129922 0.7015102 0.66247106
vn -0.74806505 0.58307934 0.06363186
vn -0.3199242 0.70132107 0.63160074
vn -0.46613047 0.71385354 0.5032017
vn 0.0037703125 0.2559214 0.92632675
vn -0.6847971 0.6613562 -0.27689844
vn -0.66116875 0.7480375 -0.04799375
vn 3.593749E-4 0.6306703 0.77597964
vn -0.46437678 0.60530436 0.63821036
vn -0.5342419 0.6553408 0.52126914
vn -0.006044141 0.6357933 0.77179825
vn -0.7236508 0.6334691 -0.20915702
vn 0.020031251 0.51516855 0.8415797
vn -0.13338277 0.63224065 0.62827426
vn -0.5874164 0.71924293 -0.3611039
vn -0.6497166 0.7567004 -0.027597362
vn -0.003375 0.62596405 0.77971566
vn 7.2265626E-4 0.4169208 0.86848915
vn -0.2698694 0.8633355 0.11882348
vn 0.023018554 0.66284513 0.733233
vn 0.34333086 0.6858617 0.6292875
vn 0.0017749999 0.0052843755 0.9999281
vn 0.51177967 0.7117203 0.4547297
vn 0.08297779 0.78581417 0.537112
vn 0.2251257 0.77279705 0.40677083
vn -0.018457228 0.6016609 0.7942545
vn 0.00125 0.45598555 0.85858285
vn -0.27931118 0.73419493 0.5964194
vn -0.24180977 0.7833375 0.56265193
vn -0.020841014 0.764873 0.6349788
vn -0.1024 0.7381 0.6668
vn 6.1093754E-4 0.027239062 0.9989914
vn 0.06615781 0.48100498 0.8474751
vn -0.26189694 0.7539493 0.59302735
vn -0.16847734 0.67977256 0.6935239
vn -7.4843754E-4 0.5211117 0.8355621
vn 0.00103125 0.6265781 0.7793602
vn 0.057728905 0.5869523 0.79563355
vn 0.07870552 0.54779243 0.79494965
vn 0.0028342772 0.0252958 0.99744034
vn 0.00291875 0.6249813 0.7805875
vn -0.29986593 0.71855366 0.61981475
vn 0.0020453124 0.5441451 0.8203549
vn 0.0036234376 0.61174536 0.7909726
vn 0.0049601565 0.6172719 0.7866422
vn -0.13170287 0.60120726 0.7316412
vn 0.04220938 0.5523703 0.82996327
vn 0.0025710938 0.6238563 0.7814336
vn 0.0015677734 0.14765938 0.9599793
vn 0.00745 0.6131 0.78997505
vn 0.008042187 0.6066297 0.7949156
vn 0.0051859375 0.5970422 0.8021578
vn 0.0027961913 0.62563753 0.7800421
vn 0.061097067 0.5856006 0.79715353
vn 0.006192188 0.6069765 0.7946563
vn -0.1582385 0.4939736 0.6587119
vn 0.0042894534 -3.7539075E-4 0.99995977
vn 0.038314845 0.6272104 0.769289
vn 0.06927226 0.63638943 0.75367695
vn -0.004334766 0.07136426 0.985409
vn 0.0030296873 0.63517344 0.7723656
vn 0.0013537109 0.43798494 0.85628104
vn 0.0054359375 0.6213902 0.78345394
vn 0.24657764 0.85804933 0.41675556
vn 0.4047969 0.7129789 0.56895006
vn 0.32314852 0.72951174 0.5954031
vn 5.9726555E-4 0.6307707 0.77594614
vn 0.5364078 0.68092775 0.49540392
vn -0.003248828 0.0021433595 0.9998789
vn 0.016322656 0.6763875 0.7334477
vn 0.05081016 0.8516924 0.49926662
vn 0.0012566407 0.5099218 0.8319484
vn 0.17747968 0.90068805 0.37264472
vn 0.003526953 0.63080585 0.77589965
vn 0.00301875 0.6738976 0.7356094
vn -0.0015757813 0.0013015626 0.9999797
vn -0.0011476562 0.23450625 0.9447875
vn 0.009267187 0.8684797 0.45752186
vn -0.1573917 0.9174664 0.32980168
vn -0.0011050781 0.6277539 0.77829456
vn 0.0020271484 0.6317824 0.7750955
vn -0.075678125 0.9546656 0.28738752
vn -0.1079625 0.79337186 0.5720426
vn -6.1884767E-4 0.19152668 0.94747597
vn -6.718747E-5 0.6324719 0.7745485
vn -0.0430914 0.71057343 0.6959171
vn -0.379621 0.8851793 0.15364492
vn 0.0034999999 0.6254172 0.78005975
vn -0.26913437 0.7203719 0.63565314
vn -0.3738867 0.73818123 0.52402496
vn 7.256348E-4 0.6317835 0.77509725
vn 0.24737087 0.8660263 0.106025144
vn -0.08567192 0.68012416 0.7096784
vn -0.0036941408 0.08198437 0.9796498
vn -0.0042902343 0.76182187 0.64180017
vn 0.114947796 0.67207825 0.7199458
vn 0.0030796877 0.62853986 0.7775391
vn 0.4050553 0.7427006 0.4800789
vn 0.14356875 0.7059625 0.6869969
vn 0.6840875 0.72895 -0.022850001
vn 0.6867824 0.7170067 0.093682416
vn 0.7132015 0.7008703 0.001871875
vn 0.044721045 0.43403065 0.86436373
vn 0.20256875 0.6941648 0.67780197
vn 0.7087578 0.7053922 0.00668125
vn 0.28 0.718 0.6372
vn 0.33963516 0.72496045 0.59206593
vn 0.5744903 0.7378832 0.3001371
vn 0.382416 0.7442531 0.48250702
vn 0.34586143 0.7309119 0.55165434
vn 0.6981 0.716 0.0046
vn 0.6786 0.7303 0.0783
vn 0.6904242 0.719396 0.07149993
vn 0.0739915 0.13537373 0.96350014
vn 0.7089648 0.7052188 1.2656249E-4
vn 0.22792423 0.53866833 0.78092074
vn 0.59407 0.72055507 0.33610773
vn 0.2882 0.7043 0.6488
vn 0.388217 0.68050766 0.61706114
vn 0.3276 0.7206 0.611
vn 0.71374923 0.70035 0.0028187498
vn 0.71540314 0.6984117 0.012467188
vn 0.66981924 0.6988553 0.23936075
vn 0.71590936 0.6981406 0.0050031254
vn 0.60902834 0.67685294 0.3989662
vn 0.51268363 0.600369 0.600654
vn 0.6969062 0.69195783 0.17060156
vn 0.65241253 0.69478124 0.30215624
vn 0.7456367 0.66019845 0.010464843
vn 0.85035 0.482 0.063116014
vn 0.6269347 0.62521374 0.45209992
vn 0.8986875 0.34542188 -0.0019707032
vn 0.866755 0.2813681 0.24414162
vn -0.6333 0.751 0.187
vn -0.5882 0.7759 0.228
vn -0.56395555 0.71645415 -0.23084342
vn -0.5427402 0.6629828 0.51162076
vn -0.32963887 0.52602607 0.7735824
vn -0.5871906 0.5218625 0.61711097
vn -0.35583144 0.6724914 0.6443852
vn 0.053435728 0.6902875 0.623551
vn -0.3683 0.6981 0.614
vn -0.3878 0.6924 0.6084
vn -0.3806 0.6918 0.6136
vn -0.16708201 0.63998187 0.6655979
vn -0.3708203 0.6976641 0.5993953
vn -0.25708753 0.8108779 0.40081498
vn 0.1578907 0.8273399 0.40690643
vn 0.114995316 0.46677655 0.87667966
vn 0.2863881 0.6405904 0.7003674
vn 0.32115936 0.6853312 0.65085316
vn 0.36265862 0.6662508 0.647725
vn 0.41897988 0.676195 0.6033406
vn 0.30580628 0.6962875 0.6476
vn 0.4946 0.646 0.5814
vn 0.45019266 0.67373055 0.5806008
vn 0.6032344 0.65625 0.452225
vn 0.5904 0.643 0.4878
vn 0.5834 0.6457 0.4926
vn 0.62106407 0.6678164 0.40870392
vt 0.642967 0.43527412
vt 0.66256917 0.4340365
vt 0.66140044 0.4612216
vt 0.6423931 0.46941322
vt 0.65918434 0.48932385
vt 0.66272736 0.5090344
vt 0.64252675 0.51798916
vt 0.64791864 0.50010294
vt 0.629735 0.5017495
vt 0.62646866 0.53923464
vt 0.6048338 0.47043085
vt 0.624489 0.48143014
vt 0.61955523 0.44543195
vt 0.6561084 0.53158796
vt 0.41280192 0.024765076
vt 0.40057683 0.003487369
vt 0.42374408 0.013196424
vt 0.37977222 0.029274125
vt 0.37388855 0.006680469
vt 0.35036182 0.011793628
vt 0.33559418 0.03298185
vt 0.3193551 0.023060799
vt 0.27794883 0.4512176
vt 0.2653717 0.4657488
vt 0.25555664 0.4419632
vt 0.42371744 0.040046617
vt 0.24032053 0.47143862
vt 0.23782855 0.4411232
vt 0.3573705 0.043914672
vt 0.39800262 0.036254972
vt 0.26093557 0.48743993
vt 0.2868356 0.47491843
vt 0.34013742 0.06361956
vt 0.38701636 0.053054847
vt 0.40663147 0.060401864
vt 0.4265067 0.06006764
vt 0.36657423 0.06628423
vt 0.23569922 0.49583924
vt 0.38785547 0.072715595
vt 0.24992937 0.50589573
vt 0.35635373 0.08417314
vt 0.27057102 0.51434046
vt 0.32654768 0.08226779
vt 0.31891394 0.058421202
vt 0.29405975 0.49924946
vt 0.4218346 0.084714875
vt 0.40246767 0.0863991
vt 0.42895502 0.07888781
vt 0.37958723 0.09044647
vt 0.33841938 0.10552792
vt 0.25591832 0.53145313
vt 0.23670223 0.52060604
vt 0.363472 0.10286148
vt 0.41575044 0.1073722
vt 0.38692278 0.10831465
vt 0.28440094 0.53785706
vt 0.23358959 0.534999
vt 0.23843253 0.5475305
vt 0.36608127 0.12662841
vt 0.40869328 0.13010216
vt 0.26552773 0.5567322
vt 0.38737774 0.1355553
vt 0.3347931 0.12918866
vt 0.2393418 0.57714766
vt 0.427372 0.12599185
vt 0.42617545 0.14004317
vt 0.26633927 0.5753837
vt 0.28785044 0.5681467
vt 0.36378956 0.15081787
vt 0.39810777 0.15691456
vt 0.32778364 0.14914787
vt 0.35452843 0.17052849
vt 0.418576 0.16963854
vt 0.2508878 0.60112053
vt 0.2888975 0.5908308
vt 0.37622067 0.17918769
vt 0.33206186 0.1707764
vt 0.23382524 0.59323585
vt 0.28077137 0.60733604
vt 0.39859787 0.17792511
vt 0.23640686 0.6157003
vt 0.33308223 0.19658096
vt 0.25848585 0.62677383
vt 0.4121245 0.189392
vt 0.3932361 0.19513884
vt 0.42758548 0.18855092
vt 0.35332483 0.2041779
vt 0.2891845 0.6304055
vt 0.42406273 0.2159375
vt 0.385788 0.2141608
vt 0.23550877 0.6487617
vt 0.25214678 0.6450586
vt 0.27407658 0.65732646
vt 0.3776666 0.23146237
vt 0.3512114 0.2250517
vt 0.40617365 0.2383413
vt 0.33049774 0.23535158
vt 0.24464686 0.66991377
vt 0.42754006 0.24301335
vt 0.35639185 0.24501029
vt 0.42307466 0.2572137
vt 0.26549047 0.6825057
vt 0.38098323 0.2547798
vt 0.3966989 0.269329
vt 0.35005385 0.2679748
vt 0.32298663 0.253933
vt 0.24883612 0.691228
vt 0.23468502 0.692562
vt 0.29302865 0.6740158
vt 0.27143234 0.703743
vt 0.32163996 0.2733078
vt 0.3744803 0.2835369
vt 0.23747203 0.7090168
vt 0.4242441 0.28411674
vt 0.3363504 0.28640446
vt 0.25671628 0.73152757
vt 0.40423107 0.3005181
vt 0.28123447 0.7350073
vt 0.35681129 0.29752356
vt 0.2362172 0.74463654
vt 0.37876898 0.31164554
vt 0.42301887 0.31301796
vt 0.33557993 0.31781387
vt 0.3196826 0.29952067
vt 0.3549267 0.31652838
vt 0.24911882 0.7525492
vt 0.39886853 0.31824136
vt 0.26310778 0.768395
vt 0.3891386 0.34182546
vt 0.35150334 0.33641624
vt 0.37139904 0.32896417
vt 0.2813778 0.76280487
vt 0.23845206 0.76913196
vt 0.41483787 0.33717334
vt 0.31083396 0.32368752
vt 0.3690777 0.35482782
vt 0.25125647 0.7857488
vt 0.3449344 0.360901
vt 0.32900995 0.3391266
vt 0.23471017 0.7855511
vt 0.27567822 0.78761685
vt 0.31750485 0.35673323
vt 0.39495546 0.37360278
vt 0.41837665 0.36014318
vt 0.23692645 0.8101948
vt 0.26145846 0.81029975
vt 0.36570844 0.37475586
vt 0.32751274 0.38622665
vt 0.3495198 0.39054877
vt 0.28409567 0.806877
vt 0.42601562 0.37839943
vt 0.379659 0.38953114
vt 0.39982346 0.40626955
vt 0.41668493 0.39495134
vt 0.24059609 0.83417815
vt 0.42858887 0.39233398
vt 0.28774217 0.8250851
vt 0.26831627 0.83571196
vt 0.37152487 0.4137173
vt 0.3214512 0.4214337
vt 0.428955 0.398193
vt 0.42044252 0.42486864
vt 0.3421934 0.4135132
vt 0.25907564 0.85715616
vt 0.35489482 0.42655563
vt 0.33729953 0.42816925
vt 0.3968258 0.4246741
vt 0.28458595 0.85535705
vt 0.23607226 0.85159075
vt 0.37569714 0.42951393
vt 0.6736654 0.46298832
vt 0.6947851 0.4555331
vt 0.6869269 0.4880011
vt 0.6736393 0.4366303
vt 0.6930563 0.43280983
vt 0.7179508 0.43713576
vt 0.7143137 0.46462566
vt 0.67134666 0.4806504
vt 0.67087543 0.50297916
vt 0.69473505 0.5085954
vt 0.67703414 0.51731205
vt 0.68926287 0.5348885
vt 0.7183945 0.50128126
vt 0.7084694 0.5219707
vt 0.7237873 0.48018074
vt 0.60041237 0.51116323
vt 0.61013883 0.49272782
vt 0.59158564 0.49230576
vt 0.43834615 0.020304553
vt 0.43944928 0.00558475
vt 0.44934845 0.0019531562
vt 0.58364856 0.47630566
vt 0.58189875 0.5282221
vt 0.60054773 0.530263
vt 0.5741792 0.5098977
vt 0.58340466 0.460454
vt 0.4312745 0.013672
vt 0.45536837 0.015219063
vt 0.4546433 0.0049096877
vt 0.5713272 0.48701864
vt 0.56704235 0.47155184
vt 0.44775403 0.02294925
vt 0.55659753 0.53253675
vt 0.557665 0.49344996
vt 0.29822335 0.4607697
vt 0.44933036 0.030197058
vt 0.46267128 0.031040203
vt 0.560791 0.477783
vt 0.5524998 0.51379836
vt 0.336237 0.48750022
vt 0.3137115 0.47530794
vt 0.3241732 0.47222918
vt 0.48819628 0.044862416
vt 0.46579742 0.047447264
vt 0.48250738 0.06284953
vt 0.5205736 0.048120826
vt 0.50490564 0.063983895
vt 0.31805426 0.5069523
vt 0.34730917 0.49444574
vt 0.33944133 0.50897217
vt 0.53499657 0.06929933
vt 0.5189589 0.081947595
vt 0.48659843 0.07961957
vt 0.30790034 0.5293226
vt 0.50046253 0.09321496
vt 0.507324 0.074707
vt 0.4753723 0.078704685
vt 0.28974718 0.52109903
vt 0.3422414 0.5379965
vt 0.36001766 0.71442413
vt 0.3725472 0.7132424
vt 0.370605 0.726074
vt 0.32158655 0.5397253
vt 0.34802288 0.518066
vt 0.48387164 0.093597375
vt 0.4774936 0.10361095
vt 0.5080279 0.111400574
vt 0.5195847 0.094532035
vt 0.4976387 0.5293122
vt 0.50427234 0.5183414
vt 0.52155626 0.5227736
vt 0.36319545 0.6902108
vt 0.35110104 0.6943245
vt 0.5335319 0.10946293
vt 0.5191541 0.13733004
vt 0.30352202 0.5532247
vt 0.33605963 0.5525589
vt 0.37707525 0.69898987
vt 0.37597865 0.67327297
vt 0.33403015 0.571581
vt 0.35527048 0.67459106
vt 0.3472902 0.56876004
vt 0.50439847 0.13158417
vt 0.36191463 0.66126823
vt 0.31461146 0.5807953
vt 0.5275917 0.15857318
vt 0.5398483 0.13964462
vt 0.501465 0.148926
vt 0.37580878 0.6475448
vt 0.33286616 0.5995006
vt 0.51277155 0.161316
vt 0.50357056 0.15246582
vt 0.3480072 0.59831226
vt 0.30511662 0.6036921
vt 0.5034486 0.17309564
vt 0.35875323 0.6363296
vt 0.5135193 0.18272406
vt 0.5348376 0.17792118
vt 0.34655762 0.63273716
vt 0.3705444 0.62364197
vt 0.3155517 0.61710835
vt 0.3345261 0.6241379
vt 0.48394787 0.18304437
vt 0.4772139 0.21014974
vt 0.4828282 0.16643526
vt 0.5071144 0.1999398
vt 0.37744176 0.6204227
vt 0.36861897 0.6017858
vt 0.5253678 0.19458756
vt 0.35626215 0.6155699
vt 0.31671527 0.63856125
vt 0.5215702 0.21457678
vt 0.33394623 0.6447983
vt 0.29672045 0.65080065
vt 0.3187256 0.659279
vt 0.35964155 0.57638264
vt 0.35568243 0.5994569
vt 0.33752432 0.66553885
vt 0.5035515 0.23334885
vt 0.51937103 0.23956311
vt 0.37642676 0.58305734
vt 0.34762537 0.67157
vt 0.34802252 0.65856946
vt 0.37636212 0.561123
vt 0.31924048 0.67968756
vt 0.29924113 0.6966972
vt 0.5159049 0.2607965
vt 0.33792874 0.6876144
vt 0.3479 0.675049
vt 0.36306766 0.55185705
vt 0.32156947 0.6974658
vt 0.500488 0.254883
vt 0.5034313 0.2718317
vt 0.5012207 0.2578736
vt 0.34421608 0.7094763
vt 0.3479 0.6931155
vt 0.37651855 0.5268374
vt 0.3652839 0.5304265
vt 0.35609442 0.53627026
vt 0.4784268 0.28213513
vt 0.4727213 0.2695312
vt 0.4792514 0.24889103
vt 0.3184241 0.7190447
vt 0.5187245 0.28627014
vt 0.5327146 0.26775724
vt 0.2989711 0.7161578
vt 0.50255394 0.29470825
vt 0.356323 0.5220945
vt 0.355713 0.531006
vt 0.33598334 0.73354244
vt 0.3470176 0.7210333
vt 0.3029375 0.74526
vt 0.5151744 0.31921002
vt 0.3461688 0.7382011
vt 0.37544107 0.5011834
vt 0.52867126 0.30434412
vt 0.36270908 0.49788672
vt 0.3556574 0.5145915
vt 0.498535 0.3125
vt 0.34395605 0.7562495
vt 0.32640368 0.75788593
vt 0.5351563 0.32192993
vt 0.315054 0.7663536
vt 0.3701558 0.47601798
vt 0.483398 0.322754
vt 0.47433078 0.32742837
vt 0.47643092 0.30831522
vt 0.35812116 0.47294232
vt 0.356201 0.48584
vt 0.30262095 0.7797425
vt 0.33964208 0.77926373
vt 0.47854236 0.33898172
vt 0.47061163 0.34344506
vt 0.946289 0.195312
vt 0.946777 0.192871
vt 0.9621125 0.19518074
vt 0.49984556 0.33783352
vt 0.5156884 0.34319878
vt 0.5003242 0.3560207
vt 0.36608744 0.45562956
vt 0.47734737 0.35670838
vt 0.48066688 0.35214257
vt 0.32299036 0.78833956
vt 0.9563462 0.23637247
vt 0.950684 0.210938
vt 0.2990945 0.8046268
vt 0.51804733 0.3640775
vt 0.3177833 0.8071511
vt 0.3411407 0.80424595
vt 0.34793115 0.7884675
vt 0.48543185 0.3789966
vt 0.4697556 0.37357813
vt 0.37567523 0.4472882
vt 0.37485322 0.43886375
vt 0.5054068 0.37788332
vt 0.33048058 0.8233477
vt 0.4736167 0.3887387
vt 0.7840166 0.5403123
vt 0.77311337 0.52184093
vt 0.79277056 0.52574897
vt 0.45867682 0.38970095
vt 0.3034981 0.8336842
vt 0.3183975 0.8288998
vt 0.4636844 0.40529388
vt 0.78125 0.490234
vt 0.7715151 0.49602497
vt 0.7801971 0.48219296
vt 0.7815248 0.499237
vt 0.78125 0.490234
vt 0.7825433 0.51324236
vt 0.44159698 0.40411788
vt 0.47467425 0.3993302
vt 0.7561798 0.48493958
vt 0.76416 0.478027
vt 0.7501459 0.50963145
vt 0.44401926 0.4184785
vt 0.7590493 0.55437315
vt 0.7405486 0.5322161
vt 0.7426644 0.46909136
vt 0.7534025 0.46730062
vt 0.74205494 0.48824126
vt 0.458496 0.417969
vt 0.4346545 0.42262283
vt 0.43377697 0.41864014
vt 0.7352984 0.45394975
vt 0.71742827 0.5408806
vt 0.64431524 0.5516572
vt 0.65706015 0.5730597
vt 0.6380235 0.5786371
vt 0.6643677 0.60708624
vt 0.6495452 0.59581447
vt 0.6630477 0.5939236
vt 0.65846634 0.6238165
vt 0.6625136 0.554155
vt 0.6486254 0.6387291
vt 0.6626568 0.64482594
vt 0.6399137 0.6168571
vt 0.62837225 0.63431066
vt 0.61905867 0.5711966
vt 0.6150379 0.621912
vt 0.6287519 0.5981469
vt 0.32355112 0.0033722268
vt 0.3075193 0.00495476
vt 0.28673163 0.025852308
vt 0.28030574 0.0039654924
vt 0.26639703 0.015026645
vt 0.24917743 0.011831312
vt 0.21361709 0.0058359383
vt 0.23839816 0.0031280858
vt 0.22933179 0.025856048
vt 0.20733714 0.023525344
vt 0.2488573 0.036931947
vt 0.29708153 0.04373172
vt 0.2749651 0.045247097
vt 0.22250965 0.049415633
vt 0.24177834 0.061279304
vt 0.26488292 0.059871677
vt 0.30529225 0.06888197
vt 0.28272676 0.07596112
vt 0.21586196 0.08238603
vt 0.19477846 0.07075928
vt 0.25937176 0.07985492
vt 0.24109326 0.090309136
vt 0.29567716 0.08976769
vt 0.3129388 0.09333784
vt 0.27015394 0.10703659
vt 0.22697327 0.104181245
vt 0.30490687 0.11808592
vt 0.2497692 0.12346549
vt 0.22875455 0.13341528
vt 0.28176743 0.13851926
vt 0.2581244 0.14359465
vt 0.2968938 0.15660712
vt 0.27366832 0.15999217
vt 0.24651514 0.16032793
vt 0.21258911 0.15304574
vt 0.20518821 0.1297206
vt 0.222664 0.16906719
vt 0.3096943 0.1735974
vt 0.264431 0.18540192
vt 0.28825325 0.18399245
vt 0.24226765 0.17812365
vt 0.21985638 0.19116211
vt 0.20398338 0.17395018
vt 0.3114223 0.20007703
vt 0.24588877 0.19775006
vt 0.2913341 0.2070885
vt 0.22043234 0.20951849
vt 0.2710265 0.21030442
vt 0.24534655 0.21827322
vt 0.28491592 0.22517392
vt 0.30238807 0.23502919
vt 0.2161049 0.2295762
vt 0.26816368 0.23180383
vt 0.25059158 0.24164383
vt 0.2774582 0.24785805
vt 0.22725672 0.2503815
vt 0.29640394 0.25579068
vt 0.19546036 0.24826051
vt 0.2378492 0.26691428
vt 0.26339483 0.27704242
vt 0.30288312 0.2727813
vt 0.28712565 0.28072348
vt 0.21502776 0.2704621
vt 0.2328386 0.2913512
vt 0.27623177 0.2989789
vt 0.21305847 0.28950495
vt 0.29177332 0.31048962
vt 0.26357841 0.31369027
vt 0.20893097 0.30690008
vt 0.23972224 0.31401446
vt 0.2153072 0.3324051
vt 0.25338107 0.33650455
vt 0.28287512 0.33346564
vt 0.30105785 0.34156036
vt 0.27776048 0.35391814
vt 0.237046 0.3615599
vt 0.20842166 0.35893634
vt 0.30462262 0.37174988
vt 0.2723891 0.37682587
vt 0.21533932 0.38693237
vt 0.24684384 0.3891736
vt 0.2974244 0.3891296
vt 0.27469116 0.39913744
vt 0.22694744 0.40246588
vt 0.30293655 0.4097595
vt 0.24153973 0.4164314
vt 0.2750321 0.41677853
vt 0.21468323 0.42403412
vt 0.28294006 0.42850494
vt 0.29692456 0.42843634
vt 0.26039302 0.4287377
vt 0.22902681 0.42997733
vt 0.6721286 0.6225023
vt 0.6941633 0.652041
vt 0.6726742 0.6453753
vt 0.69312155 0.6009133
vt 0.6707342 0.5975357
vt 0.6757346 0.5802073
vt 0.69547606 0.6267936
vt 0.6976699 0.5518875
vt 0.67297554 0.55513215
vt 0.66891456 0.53760916
vt 0.68837357 0.5673561
vt 0.70558316 0.5852864
vt 0.7217665 0.5673672
vt 0.7147456 0.60867864
vt 0.7123412 0.64126587
vt 0.6047096 0.59952
vt 0.60503995 0.64887977
vt 0.59883547 0.5536434
vt 0.5974579 0.5718212
vt 0.59100056 0.61806107
vt 0.5834886 0.5807656
vt 0.585083 0.64170074
vt 0.5774727 0.6248503
vt 0.56502056 0.6003313
vt 0.57271194 0.556715
vt 0.56812274 0.6531173
vt 0.56324005 0.6247263
vt 0.5596619 0.5692698
vt 0.5530931 0.63474655
vt 0.5511017 0.6076892
vt 0.5519105 0.59045386
vt 0.552734 0.547119
vt 0.55249 0.5552975
vt 0.5592742 0.051251367
vt 0.558105 0.042969
vt 0.56433153 0.04235825
vt 0.5799867 0.045105122
vt 0.5916606 0.048171826
vt 0.54088306 0.042983957
vt 0.60897255 0.049800828
vt 0.6072998 0.061798062
vt 0.63172925 0.06272903
vt 0.6372082 0.04876087
vt 0.5959475 0.062012
vt 0.5396119 0.58496106
vt 0.53170395 0.58756167
vt 0.5381012 0.5664915
vt 0.521882 0.56915045
vt 0.5311276 0.54491985
vt 0.52926266 0.60504574
vt 0.5080955 0.60185766
vt 0.52362823 0.6309861
vt 0.49866366 0.6251226
vt 0.49561214 0.6446893
vt 0.5012474 0.5690536
vt 0.5053511 0.5459018
vt 0.49015442 0.59120893
vt 0.4971925 0.534912
vt 0.53418 0.24707
vt 0.532227 0.253418
vt 0.529785 0.255859
vt 0.5432092 0.28872287
vt 0.52783203 0.33251947
vt 0.8781395 0.5517873
vt 0.8952751 0.5655784
vt 0.87650394 0.5775192
vt 0.8915958 0.59050894
vt 0.8732909 0.55822766
vt 0.8831368 0.5990181
vt 0.8687135 0.57868963
vt 0.406738 0.534668
vt 0.4086609 0.5378111
vt 0.4057169 0.5474608
vt 0.97233534 0.21901795
vt 0.40152478 0.5424118
vt 0.3829451 0.51534456
vt 0.4000759 0.52682877
vt 0.6117462 0.36766475
vt 0.6384291 0.3636848
vt 0.6257583 0.3846514
vt 0.65586615 0.38196748
vt 0.80737644 0.60553765
vt 0.8164692 0.58328736
vt 0.8424684 0.5799328
vt 0.79882836 0.6152041
vt 0.796875 0.6132815
vt 0.78595454 0.6055234
vt 0.7986145 0.5875411
vt 0.8085022 0.5621138
vt 0.83114815 0.56180954
vt 0.8245372 0.5441226
vt 0.80456805 0.53381467
vt 0.78044146 0.5594804
vt 0.7855797 0.5806999
vt 0.779297 0.550781
vt 0.777832 0.548096
vt 0.7775229 0.6469133
vt 0.775391 0.63501
vt 0.7873017 0.62095964
vt 0.41748 0.452637
vt 0.42193982 0.44774997
vt 0.41821325 0.45971674
vt 0.775879 0.541016
vt 0.7619438 0.6056939
vt 0.77618015 0.58752275
vt 0.76994723 0.6262497
vt 0.75634 0.5817604
vt 0.7643299 0.6565896
vt 0.7546081 0.63494873
vt 0.7419405 0.61595106
vt 0.74118227 0.55937755
vt 0.7336445 0.59048754
vt 0.7343352 0.6522472
vt 0.72472376 0.6280594
vt 0.49317554 0.60422516
vt 0.48666576 0.5532131
vt 0.4727863 0.5682825
vt 0.6337948 0.10216521
vt 0.6200767 0.08530966
vt 0.64483285 0.083263874
vt 0.65527153 0.10300732
vt 0.39922535 0.7044563
vt 0.38712308 0.7098999
vt 0.383789 0.704834
vt 0.620102 0.115082726
vt 0.59977144 0.10990339
vt 0.5958824 0.08882029
vt 0.5724501 0.09685075
vt 0.6445065 0.11869856
vt 0.39857894 0.68576515
vt 0.38436028 0.69702816
vt 0.38405618 0.6816499
vt 0.5517541 0.117916204
vt 0.56643295 0.12069121
vt 0.58623505 0.12541957
vt 0.5998767 0.1242294
vt 0.9157676 0.36810303
vt 0.94096947 0.36936766
vt 0.9213616 0.3886843
vt 0.5586853 0.13989645
vt 0.60659504 0.14304972
vt 0.578679 0.14427277
vt 0.93595326 0.3485536
vt 0.90813744 0.34362695
vt 0.89157486 0.35664552
vt 0.5537584 0.16242065
vt 0.88478273 0.34819794
vt 0.91872215 0.324048
vt 0.5930481 0.15300374
vt 0.54280084 0.15776843
vt 0.59689367 0.15740976
vt 0.768799 0.8619995
vt 0.767578 0.863403
vt 0.767578 0.859619
vt 0.5777521 0.16594127
vt 0.8939066 0.3225339
vt 0.89502 0.335938
vt 0.591309 0.159668
vt 0.8533646 0.04503312
vt 0.87541527 0.034990303
vt 0.87609863 0.050209045
vt 0.90872574 0.30666924
vt 0.88977623 0.2996863
vt 0.898926 0.01709
vt 0.8948155 0.024682872
vt 0.895996 0.019043
vt 0.8703003 0.32053322
vt 0.58992004 0.16535169
vt 0.580566 0.178711
vt 0.9158498 0.010524865
vt 0.901367 0.015625
vt 0.856966 0.06267348
vt 0.902588 0.29895043
vt 0.8873139 0.027599234
vt 0.89955616 0.041793782
vt 0.92081934 0.027292214
vt 0.88419724 0.06862262
vt 0.539062 0.193848
vt 0.85500324 0.07083895
vt 0.8691789 0.080629416
vt 0.9028568 0.062148303
vt 0.94823736 0.022967372
vt 0.9447958 0.0064388155
vt 0.9266489 0.04382638
vt 0.8863736 0.08481687
vt 0.5376129 0.20251441
vt 0.530762 0.208008
vt 0.9209317 0.05765244
vt 0.9457178 0.03844978
vt 0.87207 0.094238
vt 0.871094 0.089844
vt 0.903347 0.08594899
vt 0.9786484 0.025705475
vt 0.9633417 0.049277574
vt 0.89619064 0.10646047
vt 0.87505907 0.10568628
vt 0.95086384 0.0641914
vt 0.428955 0.522217
vt 0.428955 0.531006
vt 0.427979 0.5271
vt 0.9226703 0.081978865
vt 0.9425946 0.079685226
vt 0.88844305 0.1190645
vt 0.91958386 0.101567656
vt 0.9776 0.043701187
vt 0.9009931 0.120773435
vt 0.9165765 0.12205516
vt 0.42565924 0.54519653
vt 0.41869724 0.54889894
vt 0.42176795 0.5394441
vt 0.9672549 0.06745906
vt 0.97475046 0.06448386
vt 0.910263 0.13558957
vt 0.904297 0.121582
vt 0.899902 0.133301
vt 0.9427471 0.10775556
vt 0.9603958 0.08664711
vt 0.92627 0.47168
vt 0.9095669 0.48405135
vt 0.918945 0.475098
vt 0.9408444 0.4667963
vt 0.97198725 0.46688944
vt 0.9582683 0.48269844
vt 0.9362683 0.12340013
vt 0.96015203 0.113551185
vt 0.9354315 0.48605058
vt 0.9281312 0.14062083
vt 0.9549971 0.5033807
vt 0.943359 0.121582
vt 0.9606629 0.13598543
vt 0.9152127 0.50359297
vt 0.94059557 0.5103502
vt 0.6826124 0.88650763
vt 0.7013816 0.9035028
vt 0.6923117 0.9111124
vt 0.9355928 0.14688098
vt 0.94661707 0.15135574
vt 0.9245224 0.518981
vt 0.4175643 0.77979153
vt 0.422852 0.784058
vt 0.4177245 0.793701
vt 0.7000732 0.8840096
vt 0.955317 0.5299541
vt 0.98127365 0.12665746
vt 0.535645 0.302734
vt 0.54760754 0.3112794
vt 0.95080554 0.14123525
vt 0.962517 0.15272146
vt 0.6780547 0.8733902
vt 0.67022336 0.8657618
vt 0.6791744 0.8643242
vt 0.69602203 0.868456
vt 0.9780034 0.14418995
vt 0.54729664 0.3239938
vt 0.9648361 0.1664011
vt 0.8981935 0.51966834
vt 0.90776825 0.5320277
vt 0.8882242 0.53271574
vt 0.99222755 0.1435738
vt 0.8945924 0.54854596
vt 0.40859497 0.46549714
vt 0.39301103 0.4663224
vt 0.40575728 0.4456644
vt 0.9179725 0.556509
vt 0.98227465 0.16018875
vt 0.40114745 0.48803517
vt 0.9553528 0.17788693
vt 0.9586185 0.1755375
vt 0.3866631 0.65557235
vt 0.39841825 0.6614208
vt 0.38853163 0.6716052
vt 0.41249174 0.681986
vt 0.41851017 0.6746924
vt 0.42092305 0.69270897
vt 0.4034954 0.5154114
vt 0.39253616 0.5102214
vt 0.39768845 0.64545476
vt 0.9736861 0.17710112
vt 0.98280287 0.19007224
vt 0.383301 0.634766
vt 0.389893 0.633545
vt 0.39783883 0.6310617
vt 0.85016644 0.5559681
vt 0.8612213 0.57100105
vt 0.86564374 0.2941322
vt 0.89541006 0.28628838
vt 0.86590385 0.27000043
vt 0.85069966 0.2816087
vt 0.9677211 0.006858754
vt 0.87772363 0.26583865
vt 0.8740922 0.257721
vt 0.85579705 0.25723374
vt 0.9890635 0.009468506
vt 0.9515666 0.4459018
vt 0.96720815 0.42977718
vt 0.9706325 0.44877046
vt 0.979574 0.43475878
vt 0.6609 0.68687063
vt 0.665039 0.666626
vt 0.65881294 0.73021436
vt 0.64739317 0.706335
vt 0.6472331 0.66687626
vt 0.63903236 0.75842494
vt 0.6607455 0.7601578
vt 0.6386031 0.73022556
vt 0.6320475 0.6937557
vt 0.6147404 0.711814
vt 0.61323965 0.67485255
vt 0.6149968 0.73522496
vt 0.62852657 0.6560144
vt 0.61397976 0.7628139
vt 0.17395762 0.0027699503
vt 0.15685657 0.024375882
vt 0.12822446 0.0035992756
vt 0.1930705 0.008727992
vt 0.17904659 0.0207215
vt 0.12776609 0.02667043
vt 0.09672682 0.0047348514
vt 0.10871893 0.019561939
vt 0.09959784 0.038044058
vt 0.1990051 0.04124447
vt 0.15095349 0.048965428
vt 0.110663414 0.052108724
vt 0.17454624 0.052061006
vt 0.13167752 0.056686435
vt 0.104187965 0.07493013
vt 0.16877575 0.08117761
vt 0.12808032 0.08481594
vt 0.15080649 0.0962905
vt 0.19083084 0.10815002
vt 0.10287355 0.09547045
vt 0.16765307 0.10572812
vt 0.129554 0.10901646
vt 0.14792824 0.12524411
vt 0.09854028 0.119402945
vt 0.1685153 0.13419718
vt 0.12941366 0.13244626
vt 0.10727364 0.14019014
vt 0.18895712 0.14314643
vt 0.12795252 0.1555863
vt 0.16845725 0.1601334
vt 0.19290163 0.16040024
vt 0.09559647 0.15966041
vt 0.15081781 0.17655951
vt 0.11237145 0.1736908
vt 0.1768495 0.18411268
vt 0.12920956 0.18526445
vt 0.19750205 0.19033793
vt 0.11318709 0.19806483
vt 0.16627884 0.20516968
vt 0.14000311 0.2060968
vt 0.19507217 0.21181491
vt 0.17417547 0.22581485
vt 0.11461508 0.21772869
vt 0.14805962 0.23877719
vt 0.12686491 0.24464038
vt 0.097121164 0.22713087
vt 0.17017004 0.2459526
vt 0.10940807 0.25319856
vt 0.13992588 0.26479346
vt 0.15925938 0.2652054
vt 0.1805174 0.2716217
vt 0.121825606 0.2739697
vt 0.102877215 0.27488902
vt 0.14675227 0.2859916
vt 0.16930787 0.2884367
vt 0.19239432 0.29153422
vt 0.10202936 0.29538155
vt 0.12802976 0.29527286
vt 0.15712345 0.30822372
vt 0.18778613 0.31634527
vt 0.11954931 0.31365582
vt 0.14712127 0.33401474
vt 0.17520541 0.33258083
vt 0.119287804 0.33306122
vt 0.09868263 0.32310474
vt 0.19690691 0.337326
vt 0.13551328 0.3474807
vt 0.17306878 0.35070804
vt 0.19059569 0.35857397
vt 0.1460562 0.36837757
vt 0.12216622 0.36951444
vt 0.16622135 0.3699646
vt 0.09969703 0.34647375
vt 0.09679295 0.3670302
vt 0.18846537 0.38322926
vt 0.08747485 0.3850098
vt 0.15373993 0.38981622
vt 0.13603343 0.40052754
vt 0.17495367 0.39763206
vt 0.11482242 0.39044774
vt 0.15619566 0.41373438
vt 0.19839667 0.4144248
vt 0.102042 0.41212273
vt 0.17791091 0.42367467
vt 0.11757331 0.4278471
vt 0.14232881 0.42726055
vt 0.09490824 0.42839822
vt 0.19635779 0.42911157
vt 0.16093072 0.43013012
vt 0.6672724 0.68331146
vt 0.6768427 0.6621449
vt 0.68420607 0.67902243
vt 0.68024063 0.6979999
vt 0.6923494 0.73714685
vt 0.6735112 0.7168379
vt 0.69219214 0.71898085
vt 0.697809 0.76251435
vt 0.6702252 0.7378358
vt 0.70095825 0.7020073
vt 0.71303564 0.7294023
vt 0.705692 0.67994356
vt 0.7219015 0.69838095
vt 0.72814226 0.6718901
vt 0.6720934 0.76169777
vt 0.7193341 0.7632915
vt 0.59455293 0.7543174
vt 0.5955257 0.72838837
vt 0.5978508 0.69964314
vt 0.59291077 0.6823244
vt 0.58092684 0.66806835
vt 0.5778656 0.71735764
vt 0.5775813 0.7380876
vt 0.5767784 0.69574153
vt 0.5595689 0.74847156
vt 0.57071877 0.7663341
vt 0.5570923 0.68045473
vt 0.55565554 0.7152481
vt 0.5541839 0.66280353
vt 0.5429468 0.7361913
vt 0.5490725 0.6740725
vt 0.5422821 0.7099112
vt 0.6653901 0.04699728
vt 0.67058575 0.051597733
vt 0.65906143 0.057418782
vt 0.541992 0.693359
vt 0.54058003 0.6733675
vt 0.5358886 0.7538071
vt 0.52663565 0.7153387
vt 0.52066994 0.6773641
vt 0.51776093 0.6973742
vt 0.5186739 0.65485626
vt 0.5396652 0.65894794
vt 0.53836066 0.6944963
vt 0.53582776 0.70659626
vt 0.530762 0.72583
vt 0.530762 0.730225
vt 0.5278475 0.73946345
vt 0.5275287 0.77170277
vt 0.50180054 0.6715126
vt 0.374756 0.853149
vt 0.381836 0.8449417
vt 0.378418 0.856934
vt 0.5049258 0.7112918
vt 0.49371624 0.6930847
vt 0.48717543 0.66112936
vt 0.39179283 0.8603091
vt 0.4030456 0.8599719
vt 0.397997 0.8720423
vt 0.512207 0.745361
vt 0.5038095 0.74022835
vt 0.51197815 0.7380067
vt 0.5075543 0.7230739
vt 0.4852715 0.7223576
vt 0.7393094 0.31707525
vt 0.75750595 0.2980771
vt 0.75858486 0.32470128
vt 0.74298865 0.33803365
vt 0.72266114 0.32672304
vt 0.7226429 0.3411141
vt 0.730957 0.330078
vt 0.9662477 0.61166674
vt 0.9562987 0.6216259
vt 0.9560623 0.6042824
vt 0.943161 0.61802334
vt 0.9312467 0.5900894
vt 0.9118861 0.6037178
vt 0.9080753 0.5783253
vt 0.92776203 0.6202998
vt 0.7605573 0.35263634
vt 0.72221816 0.36652613
vt 0.7065181 0.34467512
vt 0.69368255 0.35560286
vt 0.6835594 0.37487596
vt 0.66668123 0.3592092
vt 0.7044926 0.38236615
vt 0.81565106 0.7606078
vt 0.7889328 0.74662405
vt 0.80147946 0.73226154
vt 0.7993059 0.7718681
vt 0.7937927 0.71829224
vt 0.7868416 0.7141156
vt 0.6828518 0.38998222
vt 0.647949 0.39013702
vt 0.77534485 0.736658
vt 0.783203 0.663818
vt 0.782227 0.653564
vt 0.7710343 0.702095
vt 0.7805275 0.68506026
vt 0.7672701 0.76418567
vt 0.7830809 0.6652562
vt 0.7584944 0.6788168
vt 0.75667185 0.7432203
vt 0.7583245 0.7138052
vt 0.74210536 0.68896055
vt 0.73809075 0.72583646
vt 0.74809414 0.77095926
vt 0.7349043 0.7479105
vt 0.4719687 0.68505365
vt 0.47912598 0.7033767
vt 0.66636634 0.09985347
vt 0.6586626 0.088779345
vt 0.66642755 0.091690145
vt 0.40210176 0.7259034
vt 0.39712524 0.7302245
vt 0.39979178 0.7208194
vt 0.42335528 0.7222339
vt 0.4214276 0.70276976
vt 0.4268111 0.7110598
vt 0.47557795 0.7450907
vt 0.49006256 0.75271225
vt 0.41447973 0.6314965
vt 0.42318743 0.61601233
vt 0.4237975 0.62030023
vt 0.667837 0.12626874
vt 0.67163074 0.106994376
vt 0.69288164 0.1264585
vt 0.6781924 0.11132828
vt 0.6909943 0.11302187
vt 0.46490288 0.7234249
vt 0.7141684 0.10839079
vt 0.7206116 0.11167136
vt 0.72203135 0.124800414
vt 0.7096443 0.111583985
vt 0.45826834 0.7306043
vt 0.7095413 0.14083481
vt 0.45668983 0.7459439
vt 0.9044342 0.38553244
vt 0.72765476 0.14003967
vt 0.4698485 0.75701904
vt 0.8941117 0.37471008
vt 0.8833145 0.39263028
vt 0.8735122 0.3668899
vt 0.86634105 0.38853878
vt 0.8666995 0.401611
vt 0.4422608 0.7403451
vt 0.71498775 0.15788516
vt 0.86162186 0.3683108
vt 0.8516864 0.39333543
vt 0.8595277 0.3993376
vt 0.73933804 0.14852998
vt 0.010197869 0.5891858
vt 0.014664 0.577637
vt 0.017624 0.576416
vt 0.74826574 0.16938749
vt 0.6956942 0.16377227
vt 0.6580548 0.15472838
vt 0.67610204 0.1544345
vt 0.67375946 0.16857156
vt 0.71993655 0.17953208
vt 0.88212764 0.33862883
vt 0.86639225 0.33943278
vt 0.69179344 0.18930824
vt 0.7494359 0.18211234
vt 0.73728657 0.19124795
vt 0.85605526 0.3192863
vt 0.859436 0.34394842
vt 0.70578 0.19621277
vt 0.7226859 0.20783328
vt 0.42843625 0.8621369
vt 0.426025 0.865479
vt 0.42584202 0.8630675
vt 0.95881015 0.6452749
vt 0.93379027 0.65018535
vt 0.93562514 0.63550234
vt 0.70827866 0.21203247
vt 0.75235105 0.20598042
vt 0.94565 0.670288
vt 0.9633894 0.6713366
vt 0.9159394 0.6373576
vt 0.72703886 0.22666834
vt 0.9084435 0.6678026
vt 0.7613541 0.22213699
vt 0.70973396 0.24314693
vt 0.9228028 0.68923146
vt 0.9531995 0.6992375
vt 0.9391431 0.6960991
vt 0.7558213 0.24036409
vt 0.72954977 0.25199026
vt 0.91443634 0.6894835
vt 0.7526264 0.2562809
vt 0.7121278 0.26013172
vt 0.95061576 0.7211544
vt 0.9771018 0.49255562
vt 0.72484654 0.27219
vt 0.38850355 0.73296267
vt 0.38184363 0.7289275
vt 0.3830033 0.7213365
vt 0.93419844 0.7183676
vt 0.9694052 0.5134052
vt 0.980774 0.5114748
vt 0.381592 0.738037
vt 0.380127 0.736572
vt 0.383301 0.736572
vt 0.7446288 0.26843274
vt 0.9655181 0.73708117
vt 0.9622805 0.72479224
vt 0.9412841 0.7312926
vt 0.97941583 0.5328707
vt 0.746643 0.2786522
vt 0.7284518 0.29286382
vt 0.97423875 0.55858845
vt 0.983501 0.5810342
vt 0.97958004 0.55806553
vt 0.423828 0.696045
vt 0.42673132 0.69138336
vt 0.427002 0.697021
vt 0.70865834 0.29487234
vt 0.71324915 0.28465253
vt 0.723633 0.879211
vt 0.7322798 0.86843485
vt 0.7348198 0.88092566
vt 0.7215272 0.29891962
vt 0.929823 0.537879
vt 0.9540273 0.54434484
vt 0.7231102 0.30993617
vt 0.40487653 0.58234024
vt 0.4182861 0.56843704
vt 0.4165383 0.58427906
vt 0.94237137 0.5574913
vt 0.9660053 0.560799
vt 0.9538934 0.5703958
vt 0.41287875 0.5967723
vt 0.483643 0.861938
vt 0.4851075 0.8604125
vt 0.485352 0.863892
vt 0.9302903 0.57087696
vt 0.929199 0.556885
vt 0.9523893 0.5868232
vt 0.9684819 0.59951854
vt 0.8494263 0.2952423
vt 0.89334476 0.6332368
vt 0.8953056 0.6516117
vt 0.87770295 0.6393132
vt 0.98573685 0.45993814
vt 0.9867326 0.4838675
vt 0.6541939 0.7805927
vt 0.63700676 0.78794706
vt 0.6554022 0.80625075
vt 0.6527598 0.8249343
vt 0.62354296 0.80800843
vt 0.62828445 0.82790935
vt 0.648643 0.84915805
vt 0.6243948 0.84925413
vt 0.19961265 0.44711688
vt 0.19300078 0.4344787
vt 0.214796 0.43604803
vt 0.039214298 0.008972211
vt 0.015243883 0.013802525
vt 0.022552203 0.0014343594
vt 0.16795766 0.4453321
vt 0.22343251 0.4559135
vt 0.061785676 0.01027884
vt 0.07750853 0.0021208907
vt 0.083108716 0.023904761
vt 0.024637485 0.030445071
vt 0.22839153 0.4483415
vt 0.04245897 0.03986744
vt 0.20989974 0.46767145
vt 0.0052448595 0.041759506
vt 0.0038838594 0.022728063
vt 0.06341382 0.04853061
vt 0.18602568 0.4587403
vt 0.08352066 0.047428053
vt 0.19204047 0.4817943
vt 0.22929205 0.47201705
vt 0.017980125 0.05461131
vt 0.22223666 0.49034876
vt 0.1956006 0.50461584
vt 0.040862463 0.0659536
vt 0.010277815 0.08049156
vt 0.22887036 0.50950617
vt 0.08180514 0.07552338
vt 0.062213466 0.07609558
vt 0.21050999 0.5214267
vt 0.027917914 0.083408475
vt 0.05339825 0.0955428
vt 0.0801395 0.10097118
vt 0.19699144 0.5389319
vt 0.17289162 0.5287437
vt 0.026971664 0.101745635
vt 0.009920027 0.11076722
vt 0.22550303 0.5418878
vt 0.06731909 0.11997603
vt 0.036075488 0.12239463
vt 0.204133 0.5587125
vt 0.18319021 0.5536291
vt 0.047654003 0.143671
vt 0.18221998 0.5729518
vt 0.08580516 0.1386567
vt 0.003924635 0.13986492
vt 0.22795731 0.56949353
vt 0.06716549 0.14013666
vt 0.021899797 0.1433868
vt 0.22072905 0.5824089
vt 0.19582953 0.58520323
vt 0.07547037 0.17365171
vt 0.003225034 0.17176583
vt 0.054849833 0.18107797
vt 0.021148905 0.16746531
vt 0.20098774 0.6055908
vt 0.18367192 0.5998928
vt 0.038802486 0.17228691
vt 0.22567007 0.5984564
vt 0.026727837 0.19396779
vt 0.091163754 0.18258657
vt 0.0075830077 0.18807219
vt 0.22394657 0.6204643
vt 0.17275262 0.6237073
vt 0.20327377 0.6341391
vt 0.05684865 0.20506908
vt 0.088833 0.20706281
vt 0.004381202 0.21351579
vt 0.18487316 0.6490069
vt 0.22461574 0.6457362
vt 0.026639238 0.21894647
vt 0.052166462 0.22530596
vt 0.21335322 0.65995026
vt 0.07717899 0.22740549
vt 0.010930069 0.24087767
vt 0.22960462 0.6664008
vt 0.040838428 0.24148327
vt 0.091909066 0.24598308
vt 0.06597006 0.2418767
vt 0.1956586 0.67329746
vt 0.22142446 0.68643266
vt 0.07365736 0.2586751
vt 0.19803302 0.6932678
vt 0.028034395 0.25516027
vt 0.17385437 0.68711764
vt 0.01416857 0.26811796
vt 0.0023677247 0.25387248
vt 0.04716305 0.26984575
vt 0.21211122 0.71175766
vt 0.230835 0.699707
vt 0.230835 0.706055
vt 0.07783307 0.28164488
vt 0.22982979 0.7157991
vt 0.026234297 0.2827378
vt 0.18959594 0.7156651
vt 0.048007876 0.29185098
vt 0.0048091365 0.28430176
vt 0.025691815 0.3006354
vt 0.07566556 0.30855364
vt 0.22596356 0.7341424
vt 0.2046932 0.74461734
vt 0.05979208 0.3174972
vt 0.04288422 0.31742856
vt 0.0046051247 0.30517578
vt 0.027166625 0.31936452
vt 0.0066956435 0.32976016
vt 0.22346514 0.76059943
vt 0.08092424 0.33126444
vt 0.19641699 0.771419
vt 0.057697743 0.33952048
vt 0.17754747 0.75812143
vt 0.033640698 0.34344766
vt 0.0760894 0.35130692
vt 0.2078171 0.78711563
vt 0.02052937 0.35844797
vt 0.004603297 0.35248557
vt 0.22928698 0.7853415
vt 0.17175674 0.7913933
vt 0.1936574 0.79819006
vt 0.05944141 0.3651623
vt 0.033975348 0.37154356
vt 0.22050498 0.8092475
vt 0.0034909756 0.3807538
vt 0.059354633 0.3840236
vt 0.19462207 0.8191724
vt 0.17255205 0.80888355
vt 0.010894664 0.38429636
vt 0.020866364 0.4022116
vt 0.07584212 0.40540886
vt 0.17989357 0.8311995
vt 0.04687692 0.40896606
vt 0.20141631 0.84095234
vt 0.0028616954 0.4063415
vt 0.22442678 0.8354147
vt 0.0696181 0.42513275
vt 0.007371387 0.42286688
vt 0.023726005 0.42442805
vt 0.22371568 0.8564123
vt 0.039828908 0.42645276
vt 0.17538176 0.853143
vt 0.2058601 0.8596935
vt 0.67846143 0.8168326
vt 0.67072785 0.8418622
vt 0.6678237 0.83220863
vt 0.6994248 0.8465367
vt 0.67418957 0.85419476
vt 0.6709236 0.7938566
vt 0.6823826 0.77548784
vt 0.69880295 0.78910434
vt 0.69848084 0.816705
vt 0.7177171 0.7868755
vt 0.7238083 0.8048358
vt 0.71994257 0.8250943
vt 0.60469264 0.8291154
vt 0.6067753 0.7851523
vt 0.598207 0.8024845
vt 0.59051514 0.7734766
vt 0.6033578 0.8489851
vt 0.5779533 0.8086358
vt 0.57718194 0.83119434
vt 0.5796203 0.7877159
vt 0.39624935 0.5710707
vt 0.3838035 0.57324517
vt 0.38605085 0.5572791
vt 0.1686573 0.4666509
vt 0.5625953 0.7917061
vt 0.14884105 0.46952775
vt 0.5519161 0.80884105
vt 0.5507145 0.7739836
vt 0.5599901 0.82390964
vt 0.38530254 0.58726573
vt 0.39949125 0.5839796
vt 0.39352843 0.59929717
vt 0.38027975 0.5950929
vt 0.15494996 0.4896655
vt 0.53700525 0.78606987
vt 0.13133177 0.48177814
vt 0.12567812 0.50325924
vt 0.1215285 0.48669437
vt 0.5324773 0.8073249
vt 0.540039 0.8167725
vt 0.16598138 0.5033072
vt 0.099358305 0.51317275
vt 0.11822622 0.49019235
vt 0.51079804 0.79584426
vt 0.3977167 0.6215973
vt 0.38770103 0.6170478
vt 0.14827356 0.5169378
vt 0.50797755 0.77256846
vt 0.5190126 0.7611314
vt 0.112993315 0.5195581
vt 0.07827781 0.51257384
vt 0.09147525 0.49932724
vt 0.121617995 0.5361681
vt 0.4946613 0.78482467
vt 0.07992428 0.527864
vt 0.064800665 0.52745575
vt 0.37477124 0.82904136
vt 0.3998428 0.840888
vt 0.10252475 0.5361709
vt 0.14241809 0.5437193
vt 0.39226466 0.81039083
vt 0.09392308 0.55405587
vt 0.0782004 0.55209154
vt 0.1639786 0.5548018
vt 0.37176114 0.7899358
vt 0.3768025 0.7755732
vt 0.37394497 0.7968646
vt 0.120445 0.56858355
vt 0.142273 0.56674004
vt 0.4052626 0.78756833
vt 0.39556843 0.76514673
vt 0.36984643 0.7718606
vt 0.374756 0.762207
vt 0.15830623 0.57996356
vt 0.106737465 0.58635587
vt 0.3822953 0.75203216
vt 0.09153035 0.57112575
vt 0.14280419 0.59000874
vt 0.12692167 0.5907212
vt 0.1027053 0.6030055
vt 0.08457814 0.59933865
vt 0.16108556 0.6030606
vt 0.121786155 0.60890967
vt 0.40899566 0.7460871
vt 0.13869454 0.61726475
vt 0.09659712 0.6240311
vt 0.113434836 0.623579
vt 0.06127257 0.61048996
vt 0.07261391 0.6340552
vt 0.12795414 0.64513206
vt 0.15394637 0.64261866
vt 0.107082374 0.63937384
vt 0.09159362 0.64076614
vt 0.078624815 0.6523666
vt 0.11521583 0.6631245
vt 0.06324752 0.65813255
vt 0.09337138 0.65914917
vt 0.1385668 0.6665453
vt 0.16646102 0.66123384
vt 0.08914913 0.6811595
vt 0.07644765 0.67052084
vt 0.15443397 0.6753717
vt 0.12181288 0.6810798
vt 0.14157796 0.6922231
vt 0.10708238 0.6947155
vt 0.79061556 0.27764097
vt 0.7925261 0.25228497
vt 0.80472505 0.25251883
vt 0.118890524 0.72153854
vt 0.7740631 0.26906866
vt 0.16338056 0.71063983
vt 0.09470098 0.70492566
vt 0.8107767 0.28685957
vt 0.13935642 0.71440434
vt 0.7786646 0.2911749
vt 0.10490064 0.72811794
vt 0.09457881 0.73350716
vt 0.16886517 0.73373795
vt 0.14918423 0.72920024
vt 0.81173706 0.3047868
vt 0.7909979 0.31296298
vt 0.13230938 0.7393637
vt 0.1070072 0.75241977
vt 0.77182 0.31370553
vt 0.81178653 0.32465544
vt 0.15314105 0.75439876
vt 0.12286766 0.7536124
vt 0.0920396 0.7524327
vt 0.782627 0.32879728
vt 0.13315295 0.76868486
vt 0.80667126 0.33134472
vt 0.80045325 0.332344
vt 0.11011248 0.77823174
vt 0.7863112 0.3469491
vt 0.08173623 0.7679395
vt 0.16074714 0.77770734
vt 0.8010646 0.34149382
vt 0.09673652 0.78723437
vt 0.13152024 0.7906103
vt 0.8014574 0.35580283
vt 0.08284572 0.7802084
vt 0.82763684 0.7882693
vt 0.81567395 0.79966354
vt 0.8137666 0.7849178
vt 0.14378679 0.80277085
vt 0.121128514 0.80766594
vt 0.7936249 0.79017067
vt 0.824707 0.373535
vt 0.83289707 0.385291
vt 0.8169256 0.3875294
vt 0.80677783 0.36125022
vt 0.8133481 0.36626077
vt 0.798828 0.375
vt 0.799805 0.809937
vt 0.79102135 0.8133637
vt 0.16172668 0.8274698
vt 0.7846947 0.7691642
vt 0.14347741 0.82229376
vt 0.8263407 0.4019343
vt 0.841309 0.388672
vt 0.8445607 0.39966866
vt 0.839844 0.388672
vt 0.77329254 0.7844706
vt 0.7667655 0.8116979
vt 0.76495135 0.82874346
vt 0.7601929 0.7954923
vt 0.8378928 0.4194099
vt 0.15682487 0.84600866
vt 0.75242627 0.8283576
vt 0.7552794 0.83662415
vt 0.7475548 0.80556774
vt 0.739254 0.8202181
vt 0.74003166 0.8456304
vt 0.73659706 0.7841724
vt 0.7220967 0.8496714
vt 0.357422 0.812988
vt 0.356689 0.812134
vt 0.3650336 0.81511676
vt 0.4117174 0.81448674
vt 0.031984054 0.59040654
vt 0.025349898 0.5735606
vt 0.04976072 0.5803914
vt 0.007839358 0.6013422
vt 0.416748 0.8573
vt 0.417725 0.851929
vt 0.419922 0.855347
vt 0.033581123 0.6224506
vt 0.7814711 0.19174182
vt 0.77924657 0.19988593
vt 0.7638984 0.1894187
vt 0.048360392 0.6317253
vt 0.042766146 0.65194035
vt 0.02334922 0.64857477
vt 0.025207797 0.6638622
vt 0.048355486 0.6768464
vt 0.060472377 0.66992176
vt 0.030716 0.675293
vt 0.77703345 0.248353
vt 0.75819373 0.26594555
vt 0.426514 0.525391
vt 0.424072 0.532227
vt 0.4228611 0.51244175
f 1/1/1 2/2/2 3/3/3
f 4/4/4 3/3/3 5/5/5
f 6/6/6 7/7/7 8/8/8
f 1/1/1 3/3/3 4/4/4
f 4/4/4 8/8/8 9/9/9
f 7/7/7 9/9/9 8/8/8
f 9/9/9 7/7/7 10/10/10
f 11/11/11 4/4/4 12/12/12
f 11/11/11 13/13/13 4/4/4
f 5/5/5 6/6/6 8/8/8
f 7/7/7 6/6/6 14/14/14
f 4/4/4 5/5/5 8/8/8
f 13/13/13 1/1/1 4/4/4
f 12/12/12 4/4/4 9/9/9
f 15/15/15 16/16/16 17/17/17
f 16/16/16 18/18/18 19/19/19
f 19/19/19 18/18/18 20/20/20
f 15/15/15 18/18/18 16/16/16
f 20/20/20 21/21/21 22/22/22
f 23/23/23 24/24/24 25/25/25
f 15/15/15 17/17/17 26/26/26
f 27/27/27 28/28/28 25/25/25
f 20/20/20 29/29/29 21/21/21
f 25/25/25 24/24/24 27/27/27
f 30/30/30 18/18/18 15/15/15
f 18/18/18 29/29/29 20/20/20
f 24/24/24 31/31/31 27/27/27
f 23/23/23 32/32/32 24/24/24
f 29/29/29 33/33/33 21/21/21
f 26/26/26 30/30/30 15/15/15
f 32/32/32 31/31/31 24/24/24
f 30/30/30 34/34/34 18/18/18
f 26/26/26 35/35/35 30/30/30
f 35/35/35 34/34/34 30/30/30
f 34/34/34 29/29/29 18/18/18
f 36/36/36 35/35/35 26/26/26
f 29/29/29 37/37/37 33/33/33
f 34/34/34 37/37/37 29/29/29
f 27/27/27 31/31/31 38/38/38
f 35/35/35 39/39/39 34/34/34
f 39/39/39 37/37/37 34/34/34
f 31/31/31 40/40/40 38/38/38
f 37/37/37 41/41/41 33/33/33
f 31/31/31 42/42/42 40/40/40
f 33/33/33 43/43/43 44/44/44
f 31/31/31 45/45/45 42/42/42
f 35/35/35 36/36/36 46/46/46
f 35/35/35 47/47/47 39/39/39
f 46/46/46 36/36/36 48/48/48
f 39/39/39 49/49/49 37/37/37
f 46/46/46 47/47/47 35/35/35
f 37/37/37 49/49/49 41/41/41
f 41/41/41 43/43/43 33/33/33
f 49/49/49 39/39/39 47/47/47
f 41/41/41 50/50/50 43/43/43
f 40/40/40 42/42/42 51/51/51
f 40/40/40 51/51/51 52/52/52
f 53/53/53 50/50/50 41/41/41
f 49/49/49 53/53/53 41/41/41
f 46/46/46 54/54/54 47/47/47
f 47/47/47 55/55/55 49/49/49
f 56/56/56 51/51/51 42/42/42
f 55/55/55 53/53/53 49/49/49
f 51/51/51 57/57/57 52/52/52
f 58/58/58 57/57/57 51/51/51
f 54/54/54 55/55/55 47/47/47
f 55/55/55 59/59/59 53/53/53
f 54/54/54 60/60/60 55/55/55
f 53/53/53 59/59/59 50/50/50
f 51/51/51 56/56/56 61/61/61
f 55/55/55 62/62/62 59/59/59
f 59/59/59 63/63/63 50/50/50
f 60/60/60 62/62/62 55/55/55
f 51/51/51 64/64/64 58/58/58
f 65/65/65 60/60/60 54/54/54
f 61/61/61 64/64/64 51/51/51
f 66/66/66 60/60/60 65/65/65
f 61/61/61 67/67/67 64/64/64
f 61/61/61 68/68/68 67/67/67
f 59/59/59 69/69/69 63/63/63
f 70/70/70 62/62/62 60/60/60
f 62/62/62 69/69/69 59/59/59
f 66/66/66 70/70/70 60/60/60
f 69/69/69 62/62/62 70/70/70
f 69/69/69 71/71/71 63/63/63
f 69/69/69 72/72/72 71/71/71
f 73/73/73 70/70/70 66/66/66
f 67/67/67 74/74/74 64/64/64
f 67/67/67 68/68/68 74/74/74
f 74/74/74 68/68/68 75/75/75
f 70/70/70 76/76/76 69/69/69
f 72/72/72 77/77/77 71/71/71
f 74/74/74 78/78/78 64/64/64
f 75/75/75 79/79/79 74/74/74
f 73/73/73 80/80/80 70/70/70
f 80/80/80 76/76/76 70/70/70
f 76/76/76 72/72/72 69/69/69
f 78/78/78 74/74/74 81/81/81
f 72/72/72 82/82/82 77/77/77
f 79/79/79 83/83/83 74/74/74
f 73/73/73 84/84/84 80/80/80
f 84/84/84 85/85/85 80/80/80
f 80/80/80 85/85/85 76/76/76
f 73/73/73 86/86/86 84/84/84
f 76/76/76 87/87/87 72/72/72
f 74/74/74 83/83/83 81/81/81
f 88/88/88 83/83/83 79/79/79
f 87/87/87 82/82/82 72/72/72
f 89/89/89 84/84/84 86/86/86
f 85/85/85 90/90/90 76/76/76
f 90/90/90 87/87/87 76/76/76
f 89/89/89 85/85/85 84/84/84
f 83/83/83 91/91/91 81/81/81
f 83/83/83 92/92/92 91/91/91
f 89/89/89 90/90/90 85/85/85
f 88/88/88 93/93/93 83/83/83
f 90/90/90 94/94/94 87/87/87
f 83/83/83 93/93/93 92/92/92
f 94/94/94 95/95/95 87/87/87
f 95/95/95 82/82/82 87/87/87
f 96/96/96 90/90/90 89/89/89
f 95/95/95 97/97/97 82/82/82
f 92/92/92 98/98/98 91/91/91
f 92/92/92 93/93/93 98/98/98
f 96/96/96 89/89/89 99/99/99
f 96/96/96 94/94/94 90/90/90
f 100/100/100 95/95/95 94/94/94
f 100/100/100 97/97/97 95/95/95
f 101/101/101 96/96/96 99/99/99
f 93/93/93 102/102/102 98/98/98
f 96/96/96 103/103/103 94/94/94
f 103/103/103 100/100/100 94/94/94
f 101/101/101 104/104/104 96/96/96
f 100/100/100 105/105/105 97/97/97
f 104/104/104 103/103/103 96/96/96
f 105/105/105 106/106/106 97/97/97
f 98/98/98 102/102/102 107/107/107
f 98/98/98 107/107/107 108/108/108
f 109/109/109 110/110/110 102/102/102
f 103/103/103 105/105/105 100/100/100
f 102/102/102 110/110/110 107/107/107
f 105/105/105 111/111/111 106/106/106
f 104/104/104 112/112/112 103/103/103
f 112/112/112 105/105/105 103/103/103
f 107/107/107 110/110/110 113/113/113
f 107/107/107 113/113/113 108/108/108
f 101/101/101 114/114/114 104/104/104
f 105/105/105 115/115/115 111/111/111
f 110/110/110 116/116/116 113/113/113
f 114/114/114 117/117/117 104/104/104
f 110/110/110 118/118/118 116/116/116
f 119/119/119 115/115/115 105/105/105
f 117/117/117 112/112/112 104/104/104
f 112/112/112 119/119/119 105/105/105
f 120/120/120 113/113/113 116/116/116
f 117/117/117 121/121/121 112/112/112
f 122/122/122 117/117/117 114/114/114
f 121/121/121 119/119/119 112/112/112
f 123/123/123 124/124/124 115/115/115
f 123/123/123 115/115/115 119/119/119
f 121/121/121 125/125/125 119/119/119
f 119/119/119 125/125/125 123/123/123
f 116/116/116 126/126/126 120/120/120
f 127/127/127 121/121/121 117/117/117
f 122/122/122 127/127/127 117/117/117
f 118/118/118 128/128/128 116/116/116
f 128/128/128 126/126/126 116/116/116
f 129/129/129 121/121/121 127/127/127
f 130/130/130 123/123/123 125/125/125
f 131/131/131 125/125/125 121/121/121
f 118/118/118 132/132/132 128/128/128
f 131/131/131 130/130/130 125/125/125
f 129/129/129 131/131/131 121/121/121
f 126/126/126 133/133/133 120/120/120
f 134/134/134 129/129/129 127/127/127
f 130/130/130 135/135/135 123/123/123
f 134/134/134 127/127/127 122/122/122
f 128/128/128 133/133/133 126/126/126
f 129/129/129 136/136/136 131/131/131
f 131/131/131 136/136/136 130/130/130
f 133/133/133 128/128/128 137/137/137
f 130/130/130 138/138/138 139/139/139
f 133/133/133 137/137/137 140/140/140
f 141/141/141 128/128/128 132/132/132
f 136/136/136 138/138/138 130/130/130
f 138/138/138 142/142/142 139/139/139
f 143/143/143 129/129/129 134/134/134
f 128/128/128 141/141/141 137/137/137
f 144/144/144 143/143/143 134/134/134
f 143/143/143 136/136/136 129/129/129
f 140/140/140 137/137/137 145/145/145
f 146/146/146 137/137/137 141/141/141
f 146/146/146 145/145/145 137/137/137
f 147/147/147 138/138/138 136/136/136
f 143/143/143 147/147/147 136/136/136
f 148/148/148 142/142/142 138/138/138
f 147/147/147 149/149/149 138/138/138
f 149/149/149 148/148/148 138/138/138
f 141/141/141 150/150/150 146/146/146
f 151/151/151 143/143/143 144/144/144
f 143/143/143 152/152/152 147/147/147
f 143/143/143 153/153/153 152/152/152
f 154/154/154 143/143/143 151/151/151
f 152/152/152 149/149/149 147/147/147
f 145/145/145 146/146/146 155/155/155
f 154/154/154 153/153/153 143/143/143
f 156/156/156 154/154/154 151/151/151
f 157/157/157 158/158/158 146/146/146
f 146/146/146 158/158/158 155/155/155
f 159/159/159 149/149/149 152/152/152
f 149/149/149 160/160/160 148/148/148
f 153/153/153 159/159/159 152/152/152
f 161/161/161 162/162/162 154/154/154
f 149/149/149 163/163/163 160/160/160
f 159/159/159 163/163/163 149/149/149
f 158/158/158 164/164/164 155/155/155
f 159/159/159 165/165/165 163/163/163
f 166/166/166 160/160/160 163/163/163
f 167/167/167 159/159/159 153/153/153
f 162/162/162 153/153/153 154/154/154
f 168/168/168 164/164/164 158/158/158
f 164/164/164 169/169/169 155/155/155
f 170/170/170 165/165/165 159/159/159
f 166/166/166 163/163/163 165/165/165
f 167/167/167 170/170/170 159/159/159
f 162/162/162 167/167/167 153/153/153
f 171/171/171 172/172/172 173/173/173
f 174/174/174 175/175/175 172/172/172
f 176/176/176 177/177/177 172/172/172
f 178/178/178 173/173/173 179/179/179
f 171/171/171 173/173/173 178/178/178
f 179/179/179 173/173/173 180/180/180
f 179/179/179 180/180/180 181/181/181
f 171/171/171 174/174/174 172/172/172
f 181/181/181 180/180/180 182/182/182
f 173/173/173 183/183/183 180/180/180
f 182/182/182 180/180/180 184/184/184
f 173/173/173 172/172/172 177/177/177
f 175/175/175 176/176/176 172/172/172
f 180/180/180 183/183/183 184/184/184
f 185/185/185 173/173/173 177/177/177
f 173/173/173 185/185/185 183/183/183
f 186/186/186 9/9/9 10/10/10
f 12/12/12 187/187/187 11/11/11
f 187/187/187 9/9/9 186/186/186
f 12/12/12 9/9/9 187/187/187
f 188/188/188 187/187/187 186/186/186
f 187/187/187 188/188/188 11/11/11
f 189/189/189 190/190/190 191/191/191
f 188/188/188 192/192/192 11/11/11
f 193/193/193 186/186/186 194/194/194
f 186/186/186 193/193/193 195/195/195
f 196/196/196 11/11/11 192/192/192
f 189/189/189 197/197/197 190/190/190
f 186/186/186 195/195/195 188/188/188
f 198/198/198 189/189/189 199/199/199
f 200/200/200 192/192/192 188/188/188
f 192/192/192 201/201/201 196/196/196
f 188/188/188 195/195/195 200/200/200
f 198/198/198 202/202/202 189/189/189
f 201/201/201 192/192/192 200/200/200
f 195/195/195 193/193/193 203/203/203
f 204/204/204 200/200/200 195/195/195
f 205/205/205 32/32/32 23/23/23
f 206/206/206 198/198/198 207/207/207
f 201/201/201 200/200/200 208/208/208
f 195/195/195 209/209/209 204/204/204
f 203/203/203 209/209/209 195/195/195
f 210/210/210 211/211/211 212/212/212
f 213/213/213 214/214/214 207/207/207
f 205/205/205 211/211/211 32/32/32
f 215/215/215 214/214/214 213/213/213
f 211/211/211 45/45/45 32/32/32
f 216/216/216 217/217/217 213/213/213
f 32/32/32 45/45/45 31/31/31
f 215/215/215 213/213/213 217/217/217
f 211/211/211 210/210/210 218/218/218
f 210/210/210 219/219/219 220/220/220
f 220/220/220 218/218/218 210/210/210
f 216/216/216 221/221/221 222/222/222
f 223/223/223 215/215/215 217/217/217
f 222/222/222 217/217/217 216/216/216
f 218/218/218 45/45/45 211/211/211
f 224/224/224 45/45/45 218/218/218
f 225/225/225 223/223/223 217/217/217
f 226/226/226 225/225/225 217/217/217
f 223/223/223 227/227/227 215/215/215
f 45/45/45 228/228/228 42/42/42
f 224/224/224 228/228/228 45/45/45
f 218/218/218 220/220/220 229/229/229
f 230/230/230 231/231/231 232/232/232
f 229/229/229 233/233/233 218/218/218
f 234/234/234 229/229/229 220/220/220
f 223/223/223 235/235/235 236/236/236
f 228/228/228 56/56/56 42/42/42
f 56/56/56 228/228/228 224/224/224
f 224/224/224 218/218/218 233/233/233
f 237/237/237 225/225/225 238/238/238
f 239/239/239 240/240/240 241/241/241
f 230/230/230 242/242/242 231/231/231
f 230/230/230 243/243/243 242/242/242
f 237/237/237 244/244/244 245/245/245
f 233/233/233 246/246/246 224/224/224
f 247/247/247 233/233/233 229/229/229
f 248/248/248 231/231/231 242/242/242
f 246/246/246 56/56/56 224/224/224
f 248/248/248 242/242/242 249/249/249
f 56/56/56 68/68/68 61/61/61
f 247/247/247 250/250/250 233/233/233
f 242/242/242 243/243/243 251/251/251
f 56/56/56 246/246/246 68/68/68
f 252/252/252 247/247/247 229/229/229
f 245/245/245 253/253/253 237/237/237
f 250/250/250 246/246/246 233/233/233
f 252/252/252 250/250/250 247/247/247
f 242/242/242 251/251/251 254/254/254
f 249/249/249 242/242/242 254/254/254
f 68/68/68 246/246/246 255/255/255
f 250/250/250 255/255/255 246/246/246
f 256/256/256 245/245/245 257/257/257
f 68/68/68 255/255/255 75/75/75
f 253/253/253 245/245/245 258/258/258
f 259/259/259 249/249/249 254/254/254
f 250/250/250 252/252/252 260/260/260
f 260/260/260 255/255/255 250/250/250
f 261/261/261 262/262/262 245/245/245
f 261/261/261 245/245/245 256/256/256
f 252/252/252 263/263/263 260/260/260
f 264/264/264 75/75/75 255/255/255
f 261/261/261 265/265/265 262/262/262
f 260/260/260 264/264/264 255/255/255
f 259/259/259 254/254/254 266/266/266
f 75/75/75 264/264/264 79/79/79
f 267/267/267 261/261/261 256/256/256
f 268/268/268 267/267/267 256/256/256
f 260/260/260 263/263/263 269/269/269
f 267/267/267 265/265/265 261/261/261
f 259/259/259 266/266/266 270/270/270
f 271/271/271 264/264/264 260/260/260
f 272/272/272 260/260/260 269/269/269
f 272/272/272 271/271/271 260/260/260
f 264/264/264 88/88/88 79/79/79
f 273/273/273 274/274/274 275/275/275
f 264/264/264 271/271/271 88/88/88
f 267/267/267 276/276/276 265/265/265
f 277/277/277 270/270/270 278/278/278
f 268/268/268 279/279/279 267/267/267
f 270/270/270 266/266/266 280/280/280
f 88/88/88 271/271/271 281/281/281
f 271/271/271 272/272/272 281/281/281
f 279/279/279 276/276/276 267/267/267
f 280/280/280 278/278/278 270/270/270
f 282/282/282 276/276/276 279/279/279
f 281/281/281 272/272/272 283/283/283
f 283/283/283 272/272/272 269/269/269
f 281/281/281 284/284/284 88/88/88
f 88/88/88 284/284/284 93/93/93
f 285/285/285 281/281/281 283/283/283
f 286/286/286 278/278/278 287/287/287
f 284/284/284 281/281/281 285/285/285
f 269/269/269 288/288/288 283/283/283
f 282/282/282 289/289/289 276/276/276
f 284/284/284 109/109/109 93/93/93
f 290/290/290 289/289/289 282/282/282
f 291/291/291 278/278/278 286/286/286
f 283/283/283 288/288/288 285/285/285
f 292/292/292 288/288/288 293/293/293
f 109/109/109 284/284/284 285/285/285
f 286/286/286 294/294/294 291/291/291
f 285/285/285 295/295/295 109/109/109
f 288/288/288 295/295/295 285/285/285
f 93/93/93 109/109/109 102/102/102
f 109/109/109 295/295/295 296/296/296
f 290/290/290 297/297/297 289/289/289
f 298/298/298 288/288/288 299/299/299
f 286/286/286 300/300/300 294/294/294
f 298/298/298 295/295/295 288/288/288
f 295/295/295 298/298/298 301/301/301
f 297/297/297 302/302/302 289/289/289
f 301/301/301 296/296/296 295/295/295
f 303/303/303 304/304/304 297/297/297
f 305/305/305 301/301/301 298/298/298
f 298/298/298 306/306/306 305/305/305
f 307/307/307 294/294/294 300/300/300
f 308/308/308 300/300/300 309/309/309
f 310/310/310 311/311/311 312/312/312
f 300/300/300 308/308/308 307/307/307
f 296/296/296 110/110/110 109/109/109
f 296/296/296 301/301/301 313/313/313
f 303/303/303 297/297/297 314/314/314
f 305/305/305 313/313/313 301/301/301
f 315/315/315 314/314/314 297/297/297
f 316/316/316 110/110/110 296/296/296
f 313/313/313 316/316/316 296/296/296
f 314/314/314 317/317/317 303/303/303
f 316/316/316 118/118/118 110/110/110
f 318/318/318 308/308/308 319/319/319
f 313/313/313 118/118/118 316/316/316
f 313/313/313 305/305/305 320/320/320
f 321/321/321 320/320/320 305/305/305
f 118/118/118 313/313/313 322/322/322
f 323/323/323 317/317/317 314/314/314
f 324/324/324 320/320/320 321/321/321
f 307/307/307 308/308/308 325/325/325
f 326/326/326 323/323/323 314/314/314
f 327/327/327 308/308/308 328/328/328
f 320/320/320 322/322/322 313/313/313
f 325/325/325 308/308/308 327/327/327
f 329/329/329 317/317/317 323/323/323
f 324/324/324 330/330/330 320/320/320
f 331/331/331 320/320/320 330/330/330
f 322/322/322 132/132/132 118/118/118
f 323/323/323 326/326/326 332/332/332
f 320/320/320 331/331/331 322/322/322
f 333/333/333 322/322/322 331/331/331
f 334/334/334 325/325/325 327/327/327
f 335/335/335 336/336/336 337/337/337
f 338/338/338 327/327/327 339/339/339
f 338/338/338 334/334/334 327/327/327
f 132/132/132 322/322/322 340/340/340
f 341/341/341 331/331/331 330/330/330
f 340/340/340 322/322/322 333/333/333
f 342/342/342 343/343/343 336/336/336
f 344/344/344 345/345/345 346/346/346
f 347/347/347 323/323/323 348/348/348
f 132/132/132 340/340/340 141/141/141
f 341/341/341 333/333/333 331/331/331
f 349/349/349 347/347/347 348/348/348
f 338/338/338 350/350/350 334/334/334
f 351/351/351 343/343/343 342/342/342
f 352/352/352 351/351/351 342/342/342
f 341/341/341 353/353/353 333/333/333
f 333/333/333 353/353/353 340/340/340
f 346/346/346 354/354/354 355/355/355
f 356/356/356 141/141/141 340/340/340
f 348/348/348 357/357/357 349/349/349
f 340/340/340 353/353/353 358/358/358
f 358/358/358 356/356/356 340/340/340
f 341/341/341 359/359/359 353/353/353
f 341/341/341 360/360/360 359/359/359
f 359/359/359 358/358/358 353/353/353
f 361/361/361 362/362/362 351/351/351
f 363/363/363 350/350/350 364/364/364
f 356/356/356 150/150/150 141/141/141
f 349/349/349 357/357/357 365/365/365
f 365/365/365 361/361/361 349/349/349
f 150/150/150 356/356/356 157/157/157
f 366/366/366 358/358/358 359/359/359
f 367/367/367 362/362/362 361/361/361
f 150/150/150 157/157/157 146/146/146
f 368/368/368 369/369/369 370/370/370
f 367/367/367 371/371/371 362/362/362
f 372/372/372 157/157/157 356/356/356
f 356/356/356 358/358/358 373/373/373
f 374/374/374 371/371/371 367/367/367
f 375/375/375 376/376/376 377/377/377
f 378/378/378 376/376/376 379/379/379
f 356/356/356 373/373/373 372/372/372
f 380/380/380 369/369/369 376/376/376
f 366/366/366 373/373/373 358/358/358
f 371/371/371 374/374/374 381/381/381
f 382/382/382 374/374/374 367/367/367
f 168/168/168 158/158/158 157/157/157
f 376/376/376 383/383/383 384/384/384
f 168/168/168 157/157/157 372/372/372
f 369/369/369 385/385/385 376/376/376
f 374/374/374 386/386/386 381/381/381
f 376/376/376 385/385/385 383/383/383
f 369/369/369 387/387/387 388/388/388
f 369/369/369 388/388/388 385/385/385
f 383/383/383 389/389/389 390/390/390
f 385/385/385 391/391/391 383/383/383
f 374/374/374 392/392/392 386/386/386
f 383/383/383 391/391/391 389/389/389
f 386/386/386 393/393/393 394/394/394
f 395/395/395 389/389/389 177/177/177
f 176/176/176 395/395/395 177/177/177
f 391/391/391 185/185/185 389/389/389
f 385/385/385 183/183/183 391/391/391
f 177/177/177 389/389/389 185/185/185
f 183/183/183 385/385/385 388/388/388
f 185/185/185 391/391/391 183/183/183
f 184/184/184 388/388/388 396/396/396
f 184/184/184 183/183/183 388/388/388
f 397/397/397 398/398/398 399/399/399
f 400/400/400 401/401/401 402/402/402
f 401/401/401 400/400/400 403/403/403
f 397/397/397 404/404/404 398/398/398
f 405/405/405 403/403/403 406/406/406
f 399/399/399 398/398/398 401/401/401
f 407/407/407 403/403/403 405/405/405
f 10/10/10 14/14/14 397/397/397
f 407/407/407 401/401/401 403/403/403
f 7/7/7 14/14/14 10/10/10
f 407/407/407 405/405/405 408/408/408
f 399/399/399 409/409/409 397/397/397
f 410/410/410 407/407/407 408/408/408
f 409/409/409 399/399/399 411/411/411
f 411/411/411 407/407/407 410/410/410
f 409/409/409 10/10/10 397/397/397
f 401/401/401 398/398/398 402/402/402
f 397/397/397 14/14/14 404/404/404
f 411/411/411 399/399/399 401/401/401
f 411/411/411 401/401/401 407/407/407
f 412/412/412 22/22/22 413/413/413
f 413/413/413 414/414/414 415/415/415
f 20/20/20 22/22/22 412/412/412
f 414/414/414 416/416/416 415/415/415
f 417/417/417 418/418/418 419/419/419
f 413/413/413 22/22/22 414/414/414
f 417/417/417 420/420/420 418/418/418
f 420/420/420 421/421/421 418/418/418
f 422/422/422 420/420/420 417/417/417
f 416/416/416 422/422/422 417/417/417
f 22/22/22 423/423/423 414/414/414
f 414/414/414 424/424/424 416/416/416
f 424/424/424 422/422/422 416/416/416
f 422/422/422 425/425/425 420/420/420
f 420/420/420 425/425/425 421/421/421
f 21/21/21 44/44/44 22/22/22
f 44/44/44 423/423/423 22/22/22
f 422/422/422 426/426/426 425/425/425
f 423/423/423 424/424/424 414/414/414
f 33/33/33 44/44/44 21/21/21
f 424/424/424 427/427/427 422/422/422
f 428/428/428 423/423/423 44/44/44
f 428/428/428 424/424/424 423/423/423
f 427/427/427 426/426/426 422/422/422
f 429/429/429 424/424/424 428/428/428
f 430/430/430 431/431/431 425/425/425
f 424/424/424 429/429/429 427/427/427
f 432/432/432 426/426/426 427/427/427
f 430/430/430 425/425/425 426/426/426
f 429/429/429 432/432/432 427/427/427
f 43/43/43 428/428/428 44/44/44
f 426/426/426 433/433/433 430/430/430
f 428/428/428 434/434/434 429/429/429
f 432/432/432 433/433/433 426/426/426
f 435/435/435 434/434/434 428/428/428
f 43/43/43 435/435/435 428/428/428
f 429/429/429 436/436/436 432/432/432
f 433/433/433 437/437/437 430/430/430
f 436/436/436 433/433/433 432/432/432
f 438/438/438 434/434/434 435/435/435
f 434/434/434 436/436/436 429/429/429
f 50/50/50 435/435/435 43/43/43
f 438/438/438 436/436/436 434/434/434
f 50/50/50 438/438/438 435/435/435
f 439/439/439 437/437/437 433/433/433
f 436/436/436 439/439/439 433/433/433
f 63/63/63 438/438/438 50/50/50
f 439/439/439 440/440/440 437/437/437
f 438/438/438 441/441/441 436/436/436
f 441/441/441 439/439/439 436/436/436
f 63/63/63 71/71/71 438/438/438
f 441/441/441 442/442/442 439/439/439
f 442/442/442 440/440/440 439/439/439
f 438/438/438 443/443/443 441/441/441
f 71/71/71 443/443/443 438/438/438
f 441/441/441 444/444/444 442/442/442
f 442/442/442 445/445/445 440/440/440
f 446/446/446 447/447/447 440/440/440
f 444/444/444 445/445/445 442/442/442
f 448/448/448 446/446/446 440/440/440
f 445/445/445 448/448/448 440/440/440
f 443/443/443 444/444/444 441/441/441
f 449/449/449 443/443/443 71/71/71
f 77/77/77 449/449/449 71/71/71
f 444/444/444 450/450/450 445/445/445
f 451/451/451 444/444/444 443/443/443
f 445/445/445 452/452/452 448/448/448
f 449/449/449 451/451/451 443/443/443
f 451/451/451 450/450/450 444/444/444
f 450/450/450 452/452/452 445/445/445
f 453/453/453 448/448/448 452/452/452
f 453/453/453 454/454/454 448/448/448
f 77/77/77 82/82/82 449/449/449
f 82/82/82 455/455/455 449/449/449
f 455/455/455 451/451/451 449/449/449
f 452/452/452 456/456/456 453/453/453
f 450/450/450 456/456/456 452/452/452
f 457/457/457 450/450/450 451/451/451
f 455/455/455 457/457/457 451/451/451
f 458/458/458 453/453/453 456/456/456
f 457/457/457 459/459/459 450/450/450
f 450/450/450 459/459/459 456/456/456
f 456/456/456 460/460/460 458/458/458
f 459/459/459 460/460/460 456/456/456
f 457/457/457 461/461/461 459/459/459
f 97/97/97 455/455/455 82/82/82
f 455/455/455 462/462/462 457/457/457
f 97/97/97 462/462/462 455/455/455
f 460/460/460 463/463/463 458/458/458
f 461/461/461 464/464/464 459/459/459
f 464/464/464 460/460/460 459/459/459
f 462/462/462 461/461/461 457/457/457
f 465/465/465 460/460/460 464/464/464
f 465/465/465 463/463/463 460/460/460
f 466/466/466 464/464/464 461/461/461
f 462/462/462 466/466/466 461/461/461
f 106/106/106 462/462/462 97/97/97
f 465/465/465 467/467/467 463/463/463
f 106/106/106 468/468/468 462/462/462
f 466/466/466 465/465/465 464/464/464
f 462/462/462 468/468/468 466/466/466
f 467/467/467 469/469/469 463/463/463
f 465/465/465 470/470/470 467/467/467
f 468/468/468 471/471/471 466/466/466
f 466/466/466 471/471/471 465/465/465
f 106/106/106 472/472/472 468/468/468
f 465/465/465 471/471/471 470/470/470
f 468/468/468 473/473/473 471/471/471
f 470/470/470 474/474/474 467/467/467
f 111/111/111 472/472/472 106/106/106
f 472/472/472 473/473/473 468/468/468
f 475/475/475 470/470/470 471/471/471
f 475/475/475 474/474/474 470/470/470
f 124/124/124 472/472/472 111/111/111
f 115/115/115 124/124/124 111/111/111
f 124/124/124 473/473/473 472/472/472
f 473/473/473 476/476/476 471/471/471
f 475/475/475 477/477/477 474/474/474
f 124/124/124 478/478/478 473/473/473
f 479/479/479 475/475/475 471/471/471
f 476/476/476 479/479/479 471/471/471
f 478/478/478 476/476/476 473/473/473
f 480/480/480 477/477/477 475/475/475
f 479/479/479 481/481/481 475/475/475
f 481/481/481 480/480/480 475/475/475
f 478/478/478 479/479/479 476/476/476
f 123/123/123 135/135/135 124/124/124
f 124/124/124 135/135/135 478/478/478
f 481/481/481 482/482/482 480/480/480
f 479/479/479 483/483/483 481/481/481
f 135/135/135 484/484/484 478/478/478
f 484/484/484 479/479/479 478/478/478
f 483/483/483 482/482/482 481/481/481
f 484/484/484 483/483/483 479/479/479
f 130/130/130 139/139/139 135/135/135
f 135/135/135 485/485/485 484/484/484
f 139/139/139 485/485/485 135/135/135
f 142/142/142 485/485/485 139/139/139
f 485/485/485 486/486/486 484/484/484
f 486/486/486 483/483/483 484/484/484
f 487/487/487 482/482/482 483/483/483
f 487/487/487 488/488/488 482/482/482
f 142/142/142 489/489/489 485/485/485
f 489/489/489 486/486/486 485/485/485
f 483/483/483 486/486/486 487/487/487
f 490/490/490 487/487/487 486/486/486
f 489/489/489 490/490/490 486/486/486
f 487/487/487 491/491/491 488/488/488
f 148/148/148 489/489/489 142/142/142
f 490/490/490 492/492/492 487/487/487
f 489/489/489 493/493/493 490/490/490
f 492/492/492 491/491/491 487/487/487
f 493/493/493 494/494/494 490/490/490
f 148/148/148 493/493/493 489/489/489
f 494/494/494 492/492/492 490/490/490
f 492/492/492 495/495/495 491/491/491
f 148/148/148 496/496/496 493/493/493
f 496/496/496 494/494/494 493/493/493
f 148/148/148 160/160/160 496/496/496
f 494/494/494 497/497/497 492/492/492
f 497/497/497 495/495/495 492/492/492
f 496/496/496 498/498/498 494/494/494
f 498/498/498 497/497/497 494/494/494
f 497/497/497 499/499/499 495/495/495
f 496/496/496 500/500/500 498/498/498
f 501/501/501 500/500/500 496/496/496
f 502/502/502 497/497/497 498/498/498
f 160/160/160 501/501/501 496/496/496
f 500/500/500 502/502/502 498/498/498
f 497/497/497 503/503/503 499/499/499
f 504/504/504 505/505/505 506/506/506
f 507/507/507 508/508/508 509/509/509
f 504/504/504 507/507/507 510/510/510
f 504/504/504 510/510/510 505/505/505
f 182/182/182 511/511/511 512/512/512
f 181/181/181 182/182/182 513/513/513
f 513/513/513 182/182/182 512/512/512
f 508/508/508 507/507/507 504/504/504
f 512/512/512 514/514/514 509/509/509
f 509/509/509 515/515/515 507/507/507
f 512/512/512 511/511/511 514/514/514
f 509/509/509 514/514/514 515/515/515
f 516/516/516 514/514/514 511/511/511
f 507/507/507 517/517/517 510/510/510
f 514/514/514 516/516/516 515/515/515
f 510/510/510 518/518/518 505/505/505
f 184/184/184 396/396/396 182/182/182
f 182/182/182 396/396/396 511/511/511
f 507/507/507 515/515/515 517/517/517
f 396/396/396 516/516/516 511/511/511
f 409/409/409 411/411/411 519/519/519
f 519/519/519 411/411/411 410/410/410
f 410/410/410 408/408/408 520/520/520
f 194/194/194 186/186/186 10/10/10
f 521/521/521 10/10/10 409/409/409
f 194/194/194 10/10/10 521/521/521
f 522/522/522 409/409/409 519/519/519
f 521/521/521 409/409/409 522/522/522
f 523/523/523 519/519/519 410/410/410
f 523/523/523 410/410/410 520/520/520
f 193/193/193 194/194/194 521/521/521
f 519/519/519 524/524/524 522/522/522
f 523/523/523 524/524/524 519/519/519
f 520/520/520 525/525/525 523/523/523
f 526/526/526 523/523/523 525/525/525
f 521/521/521 522/522/522 524/524/524
f 523/523/523 527/527/527 524/524/524
f 528/528/528 521/521/521 524/524/524
f 521/521/521 528/528/528 193/193/193
f 523/523/523 526/526/526 527/527/527
f 529/529/529 526/526/526 525/525/525
f 530/530/530 526/526/526 529/529/529
f 527/527/527 531/531/531 524/524/524
f 531/531/531 528/528/528 524/524/524
f 527/527/527 526/526/526 530/530/530
f 528/528/528 203/203/203 193/193/193
f 529/529/529 532/532/532 530/530/530
f 531/531/531 203/203/203 528/528/528
f 533/533/533 527/527/527 530/530/530
f 531/531/531 527/527/527 534/534/534
f 535/535/535 531/531/531 536/536/536
f 530/530/530 532/532/532 533/533/533
f 527/527/527 533/533/533 534/534/534
f 537/537/537 538/538/538 539/539/539
f 537/537/537 540/540/540 541/541/541
f 537/537/537 221/221/221 542/542/542
f 221/221/221 216/216/216 542/542/542
f 543/543/543 544/544/544 541/541/541
f 545/545/545 543/543/543 546/546/546
f 544/544/544 547/547/547 541/541/541
f 545/545/545 544/544/544 543/543/543
f 548/548/548 549/549/549 550/550/550
f 550/550/550 549/549/549 551/551/551
f 551/551/551 552/552/552 550/550/550
f 549/549/549 553/553/553 554/554/554
f 554/554/554 553/553/553 555/555/555
f 554/554/554 555/555/555 556/556/556
f 554/554/554 551/551/551 549/549/549
f 556/556/556 555/555/555 557/557/557
f 551/551/551 558/558/558 559/559/559
f 559/559/559 552/552/552 551/551/551
f 554/554/554 558/558/558 551/551/551
f 560/560/560 558/558/558 554/554/554
f 559/559/559 241/241/241 552/552/552
f 561/561/561 241/241/241 559/559/559
f 562/562/562 563/563/563 564/564/564
f 565/565/565 314/314/314 315/315/315
f 332/332/332 566/566/566 323/323/323
f 567/567/567 568/568/568 569/569/569
f 568/568/568 570/570/570 569/569/569
f 569/569/569 571/571/571 567/567/567
f 572/572/572 569/569/569 570/570/570
f 572/572/572 573/573/573 569/569/569
f 574/574/574 575/575/575 576/576/576
f 577/577/577 354/354/354 346/346/346
f 578/578/578 579/579/579 580/580/580
f 581/581/581 582/582/582 583/583/583
f 583/583/583 582/582/582 584/584/584
f 585/585/585 586/586/586 587/587/587
f 588/588/588 589/589/589 590/590/590
f 586/586/586 585/585/585 591/591/591
f 592/592/592 593/593/593 587/587/587
f 590/590/590 591/591/591 585/585/585
f 592/592/592 587/587/587 586/586/586
f 592/592/592 594/594/594 593/593/593
f 592/592/592 586/586/586 591/591/591
f 595/595/595 594/594/594 592/592/592
f 368/368/368 370/370/370 595/595/595
f 368/368/368 595/595/595 592/592/592
f 596/596/596 591/591/591 597/597/597
f 596/596/596 592/592/592 591/591/591
f 597/597/597 591/591/591 590/590/590
f 368/368/368 592/592/592 596/596/596
f 598/598/598 387/387/387 599/599/599
f 600/600/600 601/601/601 602/602/602
f 603/603/603 604/604/604 605/605/605
f 606/606/606 387/387/387 369/369/369
f 590/590/590 607/607/607 608/608/608
f 590/590/590 609/609/609 607/607/607
f 608/608/608 387/387/387 596/596/596
f 608/608/608 607/607/607 610/610/610
f 608/608/608 610/610/610 387/387/387
f 609/609/609 611/611/611 612/612/612
f 609/609/609 613/613/613 607/607/607
f 610/610/610 614/614/614 387/387/387
f 612/612/612 613/613/613 609/609/609
f 607/607/607 613/613/613 610/610/610
f 610/610/610 613/613/613 615/615/615
f 612/612/612 616/616/616 613/613/613
f 610/610/610 615/615/615 614/614/614
f 614/614/614 615/615/615 516/516/516
f 387/387/387 614/614/614 388/388/388
f 510/510/510 617/617/617 518/518/518
f 517/517/517 613/613/613 617/617/617
f 615/615/615 613/613/613 517/517/517
f 396/396/396 614/614/614 516/516/516
f 617/617/617 613/613/613 616/616/616
f 396/396/396 388/388/388 614/614/614
f 510/510/510 517/517/517 617/617/617
f 515/515/515 615/615/615 517/517/517
f 516/516/516 615/615/615 515/515/515
f 616/616/616 518/518/518 617/617/617
f 618/618/618 560/560/560 554/554/554
f 558/558/558 619/619/619 559/559/559
f 620/620/620 619/619/619 558/558/558
f 558/558/558 560/560/560 620/620/620
f 621/621/621 622/622/622 623/623/623
f 624/624/624 621/621/621 623/623/623
f 625/625/625 626/626/626 627/627/627
f 621/621/621 628/628/628 622/622/622
f 622/622/622 629/629/629 630/630/630
f 629/629/629 631/631/631 630/630/630
f 624/624/624 632/632/632 621/621/621
f 629/629/629 622/622/622 628/628/628
f 633/633/633 625/625/625 634/634/634
f 634/634/634 635/635/635 633/633/633
f 632/632/632 628/628/628 621/621/621
f 636/636/636 631/631/631 637/637/637
f 638/638/638 631/631/631 629/629/629
f 639/639/639 629/629/629 628/628/628
f 638/638/638 629/629/629 639/639/639
f 637/637/637 631/631/631 638/638/638
f 640/640/640 641/641/641 642/642/642
f 245/245/245 244/244/244 257/257/257
f 257/257/257 244/244/244 636/636/636
f 637/637/637 643/643/643 636/636/636
f 644/644/644 645/645/645 638/638/638
f 645/645/645 637/637/637 638/638/638
f 641/641/641 640/640/640 646/646/646
f 643/643/643 257/257/257 636/636/636
f 640/640/640 647/647/647 646/646/646
f 645/645/645 643/643/643 637/637/637
f 647/647/647 640/640/640 648/648/648
f 257/257/257 643/643/643 649/649/649
f 647/647/647 648/648/648 650/650/650
f 651/651/651 646/646/646 647/647/647
f 645/645/645 644/644/644 652/652/652
f 653/653/653 257/257/257 649/649/649
f 649/649/649 643/643/643 645/645/645
f 653/653/653 256/256/256 257/257/257
f 654/654/654 652/652/652 644/644/644
f 655/655/655 656/656/656 657/657/657
f 652/652/652 658/658/658 645/645/645
f 647/647/647 659/659/659 651/651/651
f 660/660/660 659/659/659 647/647/647
f 658/658/658 649/649/649 645/645/645
f 658/658/658 652/652/652 661/661/661
f 662/662/662 663/663/663 664/664/664
f 649/649/649 268/268/268 653/653/653
f 653/653/653 268/268/268 256/256/256
f 659/659/659 665/665/665 651/651/651
f 666/666/666 665/665/665 659/659/659
f 667/667/667 668/668/668 669/669/669
f 666/666/666 659/659/659 670/670/670
f 658/658/658 671/671/671 672/672/672
f 673/673/673 668/668/668 674/674/674
f 664/664/664 675/675/675 662/662/662
f 676/676/676 665/665/665 666/666/666
f 677/677/677 668/668/668 678/678/678
f 664/664/664 663/663/663 678/678/678
f 673/673/673 679/679/679 668/668/668
f 680/680/680 675/675/675 664/664/664
f 679/679/679 678/678/678 668/668/668
f 279/279/279 268/268/268 681/681/681
f 682/682/682 675/675/675 683/683/683
f 664/664/664 678/678/678 684/684/684
f 684/684/684 680/680/680 664/664/664
f 680/680/680 683/683/683 675/675/675
f 685/685/685 673/673/673 686/686/686
f 679/679/679 687/687/687 678/678/678
f 679/679/679 673/673/673 685/685/685
f 683/683/683 680/680/680 688/688/688
f 689/689/689 690/690/690 279/279/279
f 678/678/678 687/687/687 691/691/691
f 679/679/679 692/692/692 687/687/687
f 688/688/688 693/693/693 694/694/694
f 692/692/692 679/679/679 685/685/685
f 695/695/695 680/680/680 684/684/684
f 691/691/691 684/684/684 678/678/678
f 695/695/695 688/688/688 680/680/680
f 685/685/685 696/696/696 697/697/697
f 688/688/688 698/698/698 699/699/699
f 698/698/698 688/688/688 695/695/695
f 692/692/692 700/700/700 687/687/687
f 685/685/685 697/697/697 692/692/692
f 701/701/701 702/702/702 703/703/703
f 704/704/704 695/695/695 684/684/684
f 691/691/691 704/704/704 684/684/684
f 700/700/700 705/705/705 687/687/687
f 692/692/692 697/697/697 700/700/700
f 704/704/704 691/691/691 705/705/705
f 698/698/698 706/706/706 699/699/699
f 695/695/695 704/704/704 707/707/707
f 695/695/695 707/707/707 698/698/698
f 696/696/696 708/708/708 697/697/697
f 709/709/709 706/706/706 698/698/698
f 698/698/698 707/707/707 710/710/710
f 711/711/711 712/712/712 713/713/713
f 714/714/714 700/700/700 697/697/697
f 715/715/715 714/714/714 697/697/697
f 710/710/710 716/716/716 717/717/717
f 716/716/716 718/718/718 709/709/709
f 705/705/705 719/719/719 704/704/704
f 705/705/705 700/700/700 720/720/720
f 714/714/714 720/720/720 700/700/700
f 719/719/719 707/707/707 704/704/704
f 721/721/721 722/722/722 723/723/723
f 724/724/724 725/725/725 726/726/726
f 719/719/719 727/727/727 707/707/707
f 728/728/728 705/705/705 720/720/720
f 710/710/710 707/707/707 727/727/727
f 729/729/729 722/722/722 724/724/724
f 719/719/719 705/705/705 728/728/728
f 724/724/724 726/726/726 729/729/729
f 710/710/710 730/730/730 716/716/716
f 726/726/726 731/731/731 729/729/729
f 730/730/730 710/710/710 727/727/727
f 732/732/732 719/719/719 733/733/733
f 733/733/733 719/719/719 728/728/728
f 722/722/722 729/729/729 734/734/734
f 731/731/731 735/735/735 729/729/729
f 729/729/729 735/735/735 734/734/734
f 736/736/736 737/737/737 738/738/738
f 739/739/739 727/727/727 740/740/740
f 735/735/735 741/741/741 734/734/734
f 742/742/742 743/743/743 744/744/744
f 745/745/745 737/737/737 736/736/736
f 746/746/746 741/741/741 735/735/735
f 326/326/326 314/314/314 565/565/565
f 747/747/747 733/733/733 728/728/728
f 332/332/332 748/748/748 565/565/565
f 332/332/332 565/565/565 749/749/749
f 750/750/750 733/733/733 751/751/751
f 752/752/752 753/753/753 754/754/754
f 752/752/752 754/754/754 736/736/736
f 755/755/755 745/745/745 736/736/736
f 755/755/755 736/736/736 754/754/754
f 751/751/751 733/733/733 756/756/756
f 332/332/332 749/749/749 757/757/757
f 756/756/756 733/733/733 747/747/747
f 751/751/751 758/758/758 740/740/740
f 759/759/759 760/760/760 761/761/761
f 756/756/756 747/747/747 762/762/762
f 761/761/761 760/760/760 763/763/763
f 764/764/764 765/765/765 766/766/766
f 767/767/767 763/763/763 760/760/760
f 751/751/751 756/756/756 768/768/768
f 762/762/762 768/768/768 756/756/756
f 769/769/769 765/765/765 764/764/764
f 751/751/751 768/768/768 758/758/758
f 763/763/763 767/767/767 568/568/568
f 770/770/770 771/771/771 346/346/346
f 763/763/763 568/568/568 567/567/567
f 567/567/567 761/761/761 763/763/763
f 772/772/772 773/773/773 774/774/774
f 775/775/775 776/776/776 777/777/777
f 769/769/769 778/778/778 779/779/779
f 780/780/780 773/773/773 772/772/772
f 346/346/346 781/781/781 782/782/782
f 780/780/780 772/772/772 783/783/783
f 580/580/580 779/779/779 778/778/778
f 779/779/779 579/579/579 769/769/769
f 784/784/784 785/785/785 780/780/780
f 580/580/580 579/579/579 779/779/779
f 587/587/587 786/786/786 787/787/787
f 782/782/782 577/577/577 346/346/346
f 786/786/786 587/587/587 593/593/593
f 594/594/594 786/786/786 593/593/593
f 788/788/788 789/789/789 666/666/666
f 790/790/790 789/789/789 788/788/788
f 791/791/791 790/790/790 788/788/788
f 685/685/685 686/686/686 792/792/792
f 793/793/793 789/789/789 790/790/790
f 794/794/794 793/793/793 790/790/790
f 790/790/790 795/795/795 794/794/794
f 685/685/685 792/792/792 696/696/696
f 696/696/696 792/792/792 796/796/796
f 797/797/797 798/798/798 799/799/799
f 799/799/799 798/798/798 800/800/800
f 799/799/799 724/724/724 797/797/797
f 799/799/799 725/725/725 724/724/724
f 801/801/801 406/406/406 802/802/802
f 803/803/803 804/804/804 801/801/801
f 805/805/805 406/406/406 801/801/801
f 806/806/806 803/803/803 807/807/807
f 405/405/405 406/406/406 805/805/805
f 808/808/808 803/803/803 806/806/806
f 809/809/809 805/805/805 801/801/801
f 809/809/809 801/801/801 804/804/804
f 804/804/804 803/803/803 808/808/808
f 809/809/809 804/804/804 810/810/810
f 810/810/810 804/804/804 808/808/808
f 811/811/811 805/805/805 809/809/809
f 812/812/812 808/808/808 806/806/806
f 811/811/811 813/813/813 805/805/805
f 810/810/810 808/808/808 812/812/812
f 814/814/814 812/812/812 806/806/806
f 805/805/805 813/813/813 405/405/405
f 408/408/408 405/405/405 813/813/813
f 815/815/815 816/816/816 817/817/817
f 818/818/818 819/819/819 815/815/815
f 820/820/820 821/821/821 817/817/817
f 815/815/815 819/819/819 816/816/816
f 816/816/816 820/820/820 817/817/817
f 418/418/418 421/421/421 818/818/818
f 820/820/820 822/822/822 821/821/821
f 421/421/421 819/819/819 818/818/818
f 820/820/820 823/823/823 822/822/822
f 421/421/421 824/824/824 819/819/819
f 825/825/825 820/820/820 816/816/816
f 820/820/820 826/826/826 823/823/823
f 819/819/819 827/827/827 816/816/816
f 425/425/425 824/824/824 421/421/421
f 824/824/824 827/827/827 819/819/819
f 827/827/827 825/825/825 816/816/816
f 828/828/828 826/826/826 820/820/820
f 825/825/825 828/828/828 820/820/820
f 425/425/425 431/431/431 824/824/824
f 431/431/431 827/827/827 824/824/824
f 829/829/829 826/826/826 828/828/828
f 830/830/830 825/825/825 827/827/827
f 431/431/431 830/830/830 827/827/827
f 825/825/825 830/830/830 828/828/828
f 830/830/830 831/831/831 828/828/828
f 831/831/831 829/829/829 828/828/828
f 830/830/830 832/832/832 831/831/831
f 430/430/430 833/833/833 431/431/431
f 431/431/431 833/833/833 830/830/830
f 834/834/834 829/829/829 831/831/831
f 835/835/835 832/832/832 830/830/830
f 437/437/437 833/833/833 430/430/430
f 833/833/833 835/835/835 830/830/830
f 832/832/832 836/836/836 831/831/831
f 836/836/836 834/834/834 831/831/831
f 437/437/437 447/447/447 833/833/833
f 835/835/835 837/837/837 832/832/832
f 837/837/837 836/836/836 832/832/832
f 838/838/838 834/834/834 836/836/836
f 839/839/839 835/835/835 833/833/833
f 839/839/839 837/837/837 835/835/835
f 837/837/837 840/840/840 836/836/836
f 836/836/836 841/841/841 838/838/838
f 440/440/440 447/447/447 437/437/437
f 840/840/840 841/841/841 836/836/836
f 447/447/447 842/842/842 833/833/833
f 842/842/842 839/839/839 833/833/833
f 839/839/839 843/843/843 837/837/837
f 842/842/842 844/844/844 839/839/839
f 844/844/844 843/843/843 839/839/839
f 447/447/447 446/446/446 842/842/842
f 840/840/840 843/843/843 841/841/841
f 843/843/843 840/840/840 837/837/837
f 446/446/446 845/845/845 842/842/842
f 843/843/843 846/846/846 841/841/841
f 446/446/446 454/454/454 845/845/845
f 845/845/845 844/844/844 842/842/842
f 847/847/847 843/843/843 844/844/844
f 446/446/446 448/448/448 454/454/454
f 848/848/848 846/846/846 843/843/843
f 454/454/454 849/849/849 845/845/845
f 845/845/845 849/849/849 844/844/844
f 847/847/847 850/850/850 843/843/843
f 843/843/843 850/850/850 848/848/848
f 849/849/849 847/847/847 844/844/844
f 851/851/851 849/849/849 454/454/454
f 850/850/850 852/852/852 848/848/848
f 453/453/453 851/851/851 454/454/454
f 849/849/849 853/853/853 847/847/847
f 853/853/853 854/854/854 847/847/847
f 854/854/854 850/850/850 847/847/847
f 855/855/855 849/849/849 851/851/851
f 854/854/854 852/852/852 850/850/850
f 453/453/453 855/855/855 851/851/851
f 855/855/855 853/853/853 849/849/849
f 458/458/458 855/855/855 453/453/453
f 463/463/463 855/855/855 458/458/458
f 855/855/855 856/856/856 853/853/853
f 854/854/854 857/857/857 852/852/852
f 853/853/853 856/856/856 854/854/854
f 856/856/856 858/858/858 854/854/854
f 858/858/858 857/857/857 854/854/854
f 463/463/463 856/856/856 855/855/855
f 859/859/859 860/860/860 857/857/857
f 858/858/858 859/859/859 857/857/857
f 469/469/469 856/856/856 463/463/463
f 861/861/861 858/858/858 856/856/856
f 469/469/469 861/861/861 856/856/856
f 859/859/859 862/862/862 860/860/860
f 858/858/858 863/863/863 859/859/859
f 474/474/474 469/469/469 467/467/467
f 861/861/861 864/864/864 858/858/858
f 469/469/469 865/865/865 861/861/861
f 864/864/864 863/863/863 858/858/858
f 863/863/863 866/866/866 859/859/859
f 866/866/866 862/862/862 859/859/859
f 866/866/866 867/867/867 862/862/862
f 865/865/865 864/864/864 861/861/861
f 474/474/474 865/865/865 469/469/469
f 864/864/864 868/868/868 863/863/863
f 869/869/869 864/864/864 865/865/865
f 869/869/869 868/868/868 864/864/864
f 477/477/477 870/870/870 474/474/474
f 870/870/870 865/865/865 474/474/474
f 866/866/866 871/871/871 867/867/867
f 868/868/868 866/866/866 863/863/863
f 868/868/868 872/872/872 866/866/866
f 870/870/870 869/869/869 865/865/865
f 480/480/480 870/870/870 477/477/477
f 872/872/872 871/871/871 866/866/866
f 869/869/869 873/873/873 868/868/868
f 870/870/870 874/874/874 869/869/869
f 872/872/872 875/875/875 871/871/871
f 874/874/874 873/873/873 869/869/869
f 873/873/873 872/872/872 868/868/868
f 874/874/874 870/870/870 480/480/480
f 873/873/873 875/875/875 872/872/872
f 876/876/876 875/875/875 873/873/873
f 874/874/874 877/877/877 873/873/873
f 876/876/876 878/878/878 875/875/875
f 482/482/482 874/874/874 480/480/480
f 877/877/877 876/876/876 873/873/873
f 878/878/878 879/879/879 875/875/875
f 482/482/482 880/880/880 874/874/874
f 880/880/880 877/877/877 874/874/874
f 482/482/482 488/488/488 880/880/880
f 881/881/881 878/878/878 876/876/876
f 882/882/882 876/876/876 877/877/877
f 880/880/880 882/882/882 877/877/877
f 880/880/880 883/883/883 882/882/882
f 488/488/488 883/883/883 880/880/880
f 876/876/876 884/884/884 881/881/881
f 882/882/882 884/884/884 876/876/876
f 881/881/881 885/885/885 878/878/878
f 882/882/882 886/886/886 884/884/884
f 878/878/878 885/885/885 887/887/887
f 884/884/884 885/885/885 881/881/881
f 885/885/885 888/888/888 887/887/887
f 883/883/883 886/886/886 882/882/882
f 488/488/488 889/889/889 883/883/883
f 883/883/883 889/889/889 886/886/886
f 890/890/890 888/888/888 885/885/885
f 491/491/491 889/889/889 488/488/488
f 886/886/886 891/891/891 884/884/884
f 884/884/884 892/892/892 885/885/885
f 891/891/891 892/892/892 884/884/884
f 889/889/889 893/893/893 886/886/886
f 893/893/893 891/891/891 886/886/886
f 892/892/892 894/894/894 885/885/885
f 885/885/885 894/894/894 890/890/890
f 891/891/891 895/895/895 892/892/892
f 893/893/893 895/895/895 891/891/891
f 495/495/495 896/896/896 491/491/491
f 889/889/889 896/896/896 893/893/893
f 892/892/892 897/897/897 894/894/894
f 491/491/491 896/896/896 889/889/889
f 499/499/499 896/896/896 495/495/495
f 893/893/893 898/898/898 895/895/895
f 892/892/892 899/899/899 897/897/897
f 896/896/896 898/898/898 893/893/893
f 895/895/895 900/900/900 892/892/892
f 899/899/899 901/901/901 897/897/897
f 900/900/900 899/899/899 892/892/892
f 896/896/896 902/902/902 898/898/898
f 499/499/499 902/902/902 896/896/896
f 898/898/898 903/903/903 895/895/895
f 895/895/895 903/903/903 900/900/900
f 904/904/904 905/905/905 906/906/906
f 904/904/904 906/906/906 907/907/907
f 908/908/908 909/909/909 910/910/910
f 506/506/506 505/505/505 905/905/905
f 908/908/908 911/911/911 912/912/912
f 907/907/907 910/910/910 909/909/909
f 905/905/905 505/505/505 906/906/906
f 913/913/913 914/914/914 910/910/910
f 913/913/913 915/915/915 916/916/916
f 505/505/505 917/917/917 915/915/915
f 505/505/505 616/616/616 917/917/917
f 909/909/909 908/908/908 912/912/912
f 912/912/912 911/911/911 918/918/918
f 915/915/915 907/907/907 906/906/906
f 907/907/907 913/913/913 910/910/910
f 907/907/907 915/915/915 913/913/913
f 910/910/910 914/914/914 908/908/908
f 908/908/908 914/914/914 911/911/911
f 518/518/518 616/616/616 505/505/505
f 911/911/911 914/914/914 919/919/919
f 913/913/913 916/916/916 914/914/914
f 906/906/906 505/505/505 915/915/915
f 520/520/520 408/408/408 813/813/813
f 811/811/811 520/520/520 813/813/813
f 811/811/811 809/809/809 810/810/810
f 920/920/920 812/812/812 814/814/814
f 921/921/921 810/810/810 812/812/812
f 922/922/922 811/811/811 810/810/810
f 922/922/922 923/923/923 811/811/811
f 812/812/812 920/920/920 921/921/921
f 922/922/922 810/810/810 921/921/921
f 924/924/924 811/811/811 923/923/923
f 924/924/924 520/520/520 811/811/811
f 921/921/921 925/925/925 922/922/922
f 920/920/920 926/926/926 921/921/921
f 923/923/923 922/922/922 927/927/927
f 525/525/525 520/520/520 924/924/924
f 922/922/922 925/925/925 927/927/927
f 926/926/926 925/925/925 921/921/921
f 927/927/927 924/924/924 923/923/923
f 525/525/525 924/924/924 529/529/529
f 928/928/928 926/926/926 929/929/929
f 925/925/925 926/926/926 928/928/928
f 930/930/930 924/924/924 927/927/927
f 529/529/529 924/924/924 930/930/930
f 927/927/927 925/925/925 931/931/931
f 931/931/931 925/925/925 928/928/928
f 930/930/930 927/927/927 931/931/931
f 930/930/930 932/932/932 529/529/529
f 532/532/532 529/529/529 932/932/932
f 931/931/931 928/928/928 933/933/933
f 930/930/930 934/934/934 932/932/932
f 935/935/935 930/930/930 931/931/931
f 546/546/546 936/936/936 937/937/937
f 937/937/937 938/938/938 546/546/546
f 930/930/930 939/939/939 940/940/940
f 931/931/931 933/933/933 935/935/935
f 933/933/933 928/928/928 941/941/941
f 546/546/546 938/938/938 545/545/545
f 935/935/935 933/933/933 942/942/942
f 943/943/943 940/940/940 944/944/944
f 940/940/940 945/945/945 946/946/946
f 944/944/944 940/940/940 947/947/947
f 940/940/940 943/943/943 945/945/945
f 945/945/945 555/555/555 946/946/946
f 942/942/942 944/944/944 948/948/948
f 949/949/949 933/933/933 950/950/950
f 951/951/951 933/933/933 941/941/941
f 951/951/951 941/941/941 952/952/952
f 943/943/943 953/953/953 945/945/945
f 954/954/954 955/955/955 956/956/956
f 557/557/557 555/555/555 945/945/945
f 943/943/943 944/944/944 953/953/953
f 944/944/944 942/942/942 957/957/957
f 953/953/953 944/944/944 958/958/958
f 959/959/959 945/945/945 953/953/953
f 959/959/959 557/557/557 945/945/945
f 960/960/960 961/961/961 962/962/962
f 944/944/944 957/957/957 958/958/958
f 963/963/963 964/964/964 965/965/965
f 964/964/964 966/966/966 965/965/965
f 966/966/966 964/964/964 967/967/967
f 968/968/968 969/969/969 970/970/970
f 971/971/971 968/968/968 970/970/970
f 968/968/968 971/971/971 972/972/972
f 971/971/971 973/973/973 974/974/974
f 975/975/975 976/976/976 977/977/977
f 978/978/978 977/977/977 976/976/976
f 979/979/979 977/977/977 978/978/978
f 979/979/979 980/980/980 981/981/981
f 570/570/570 568/568/568 981/981/981
f 982/982/982 979/979/979 978/978/978
f 981/981/981 980/980/980 570/570/570
f 979/979/979 982/982/982 980/980/980
f 971/971/971 983/983/983 973/973/973
f 973/973/973 984/984/984 985/985/985
f 983/983/983 984/984/984 973/973/973
f 980/980/980 572/572/572 570/570/570
f 985/985/985 984/984/984 986/986/986
f 987/987/987 988/988/988 986/986/986
f 984/984/984 989/989/989 986/986/986
f 989/989/989 987/987/987 986/986/986
f 584/584/584 582/582/582 988/988/988
f 987/987/987 584/584/584 988/988/988
f 990/990/990 991/991/991 992/992/992
f 990/990/990 993/993/993 991/991/991
f 994/994/994 992/992/992 995/995/995
f 992/992/992 991/991/991 995/995/995
f 989/989/989 996/996/996 987/987/987
f 987/987/987 996/996/996 584/584/584
f 997/997/997 583/583/583 584/584/584
f 991/991/991 998/998/998 995/995/995
f 999/999/999 611/611/611 1000/1000/1000
f 995/995/995 1001/1001/1001 1002/1002/1002
f 1003/1003/1003 998/998/998 991/991/991
f 1004/1004/1004 1002/1002/1002 611/611/611
f 1002/1002/1002 1001/1001/1001 1005/1005/1005
f 995/995/995 998/998/998 1006/1006/1006
f 1002/1002/1002 1005/1005/1005 611/611/611
f 995/995/995 1007/1007/1007 1001/1001/1001
f 1006/1006/1006 1007/1007/1007 995/995/995
f 600/600/600 611/611/611 609/609/609
f 1003/1003/1003 1006/1006/1006 998/998/998
f 1001/1001/1001 1007/1007/1007 1005/1005/1005
f 1005/1005/1005 1007/1007/1007 1008/1008/1008
f 611/611/611 616/616/616 612/612/612
f 1005/1005/1005 616/616/616 611/611/611
f 1006/1006/1006 1009/1009/1009 1007/1007/1007
f 1010/1010/1010 1011/1011/1011 1006/1006/1006
f 1005/1005/1005 1008/1008/1008 917/917/917
f 1005/1005/1005 917/917/917 616/616/616
f 1006/1006/1006 1011/1011/1011 1009/1009/1009
f 1007/1007/1007 1009/1009/1009 1008/1008/1008
f 1009/1009/1009 914/914/914 916/916/916
f 914/914/914 1011/1011/1011 919/919/919
f 1009/1009/1009 1011/1011/1011 914/914/914
f 917/917/917 1008/1008/1008 916/916/916
f 1011/1011/1011 1010/1010/1010 919/919/919
f 916/916/916 1008/1008/1008 1009/1009/1009
f 915/915/915 917/917/917 916/916/916
f 1012/1012/1012 953/953/953 958/958/958
f 959/959/959 953/953/953 1012/1012/1012
f 1012/1012/1012 958/958/958 1013/1013/1013
f 958/958/958 957/957/957 1013/1013/1013
f 1014/1014/1014 1015/1015/1015 1016/1016/1016
f 967/967/967 1013/1013/1013 957/957/957
f 624/624/624 623/623/623 1015/1015/1015
f 1017/1017/1017 1018/1018/1018 1019/1019/1019
f 1014/1014/1014 624/624/624 1015/1015/1015
f 1020/1020/1020 1021/1021/1021 1022/1022/1022
f 967/967/967 964/964/964 1023/1023/1023
f 964/964/964 1024/1024/1024 1023/1023/1023
f 1025/1025/1025 1026/1026/1026 1027/1027/1027
f 1028/1028/1028 624/624/624 1029/1029/1029
f 1028/1028/1028 632/632/632 624/624/624
f 1030/1030/1030 1031/1031/1031 1032/1032/1032
f 1030/1030/1030 1028/1028/1028 1031/1031/1031
f 967/967/967 1023/1023/1023 1033/1033/1033
f 1034/1034/1034 1035/1035/1035 1036/1036/1036
f 1036/1036/1036 1030/1030/1030 1037/1037/1037
f 1038/1038/1038 1033/1033/1033 1023/1023/1023
f 1036/1036/1036 1039/1039/1039 1030/1030/1030
f 1040/1040/1040 1038/1038/1038 1023/1023/1023
f 642/642/642 1041/1041/1041 640/640/640
f 1039/1039/1039 1036/1036/1036 1042/1042/1042
f 1043/1043/1043 1040/1040/1040 1023/1023/1023
f 640/640/640 1041/1041/1041 1044/1044/1044
f 1044/1044/1044 1041/1041/1041 1045/1045/1045
f 640/640/640 1044/1044/1044 648/648/648
f 1046/1046/1046 1044/1044/1044 1045/1045/1045
f 1047/1047/1047 1045/1045/1045 1048/1048/1048
f 1049/1049/1049 1038/1038/1038 1040/1040/1040
f 1046/1046/1046 1045/1045/1045 1047/1047/1047
f 648/648/648 1044/1044/1044 1046/1046/1046
f 1050/1050/1050 1039/1039/1039 1042/1042/1042
f 650/650/650 648/648/648 1046/1046/1046
f 1046/1046/1046 1047/1047/1047 1051/1051/1051
f 1052/1052/1052 1047/1047/1047 1053/1053/1053
f 1050/1050/1050 1042/1042/1042 1054/1054/1054
f 1055/1055/1055 1056/1056/1056 1057/1057/1057
f 1047/1047/1047 1052/1052/1052 1051/1051/1051
f 1050/1050/1050 1054/1054/1054 1058/1058/1058
f 1059/1059/1059 1060/1060/1060 1061/1061/1061
f 1060/1060/1060 1059/1059/1059 1062/1062/1062
f 1063/1063/1063 1059/1059/1059 1050/1050/1050
f 1064/1064/1064 1065/1065/1065 670/670/670
f 1058/1058/1058 1063/1063/1063 1050/1050/1050
f 670/670/670 659/659/659 1064/1064/1064
f 1062/1062/1062 1059/1059/1059 1066/1066/1066
f 1067/1067/1067 1068/1068/1068 1063/1063/1063
f 788/788/788 666/666/666 670/670/670
f 1069/1069/1069 1065/1065/1065 1070/1070/1070
f 1069/1069/1069 670/670/670 1065/1065/1065
f 788/788/788 670/670/670 1069/1069/1069
f 1071/1071/1071 1059/1059/1059 1063/1063/1063
f 1063/1063/1063 1068/1068/1068 1072/1072/1072
f 1071/1071/1071 1066/1066/1066 1059/1059/1059
f 1073/1073/1073 1074/1074/1074 1075/1075/1075
f 1072/1072/1072 1071/1071/1071 1063/1063/1063
f 1076/1076/1076 1077/1077/1077 1078/1078/1078
f 1072/1072/1072 1079/1079/1079 1071/1071/1071
f 1071/1071/1071 1079/1079/1079 1066/1066/1066
f 1068/1068/1068 1080/1080/1080 1072/1072/1072
f 1081/1081/1081 1076/1076/1076 1082/1082/1082
f 1081/1081/1081 1077/1077/1077 1076/1076/1076
f 1077/1077/1077 1083/1083/1083 1078/1078/1078
f 1084/1084/1084 1072/1072/1072 1080/1080/1080
f 1084/1084/1084 1079/1079/1079 1072/1072/1072
f 1077/1077/1077 1085/1085/1085 1083/1083/1083
f 1080/1080/1080 1086/1086/1086 1084/1084/1084
f 1084/1084/1084 1087/1087/1087 1079/1079/1079
f 1081/1081/1081 1088/1088/1088 1077/1077/1077
f 1077/1077/1077 1088/1088/1088 1085/1085/1085
f 1081/1081/1081 1082/1082/1082 1089/1089/1089
f 1089/1089/1089 1088/1088/1088 1081/1081/1081
f 1088/1088/1088 1089/1089/1089 1090/1090/1090
f 1086/1086/1086 1091/1091/1091 1084/1084/1084
f 1084/1084/1084 1091/1091/1091 1092/1092/1092
f 1087/1087/1087 1084/1084/1084 1092/1092/1092
f 1088/1088/1088 1093/1093/1093 1085/1085/1085
f 1092/1092/1092 1091/1091/1091 1094/1094/1094
f 1092/1092/1092 1095/1095/1095 1087/1087/1087
f 1096/1096/1096 1090/1090/1090 1089/1089/1089
f 1097/1097/1097 726/726/726 725/725/725
f 1094/1094/1094 1098/1098/1098 1092/1092/1092
f 1099/1099/1099 1100/1100/1100 1101/1101/1101
f 1096/1096/1096 1102/1102/1102 1090/1090/1090
f 1103/1103/1103 1097/1097/1097 1104/1104/1104
f 1105/1105/1105 1106/1106/1106 1107/1107/1107
f 1108/1108/1108 1098/1098/1098 1094/1094/1094
f 1109/1109/1109 1096/1096/1096 1110/1110/1110
f 731/731/731 726/726/726 1097/1097/1097
f 731/731/731 1097/1097/1097 1103/1103/1103
f 1111/1111/1111 1102/1102/1102 1096/1096/1096
f 746/746/746 1103/1103/1103 1112/1112/1112
f 1113/1113/1113 1114/1114/1114 1098/1098/1098
f 746/746/746 1112/1112/1112 1115/1115/1115
f 1116/1116/1116 1115/1115/1115 1117/1117/1117
f 731/731/731 1103/1103/1103 746/746/746
f 735/735/735 731/731/731 746/746/746
f 1118/1118/1118 1119/1119/1119 1120/1120/1120
f 1121/1121/1121 1122/1122/1122 1114/1114/1114
f 1123/1123/1123 1124/1124/1124 1125/1125/1125
f 1126/1126/1126 1121/1121/1121 1114/1114/1114
f 1113/1113/1113 969/969/969 1114/1114/1114
f 1127/1127/1127 746/746/746 1128/1128/1128
f 746/746/746 1127/1127/1127 741/741/741
f 1129/1129/1129 1114/1114/1114 968/968/968
f 1114/1114/1114 969/969/969 968/968/968
f 1130/1130/1130 1131/1131/1131 1132/1132/1132
f 1128/1128/1128 1133/1133/1133 1127/1127/1127
f 1134/1134/1134 1135/1135/1135 1128/1128/1128
f 1130/1130/1130 1132/1132/1132 1136/1136/1136
f 1128/1128/1128 1135/1135/1135 1133/1133/1133
f 1127/1127/1127 767/767/767 760/760/760
f 1133/1133/1133 767/767/767 1127/1127/1127
f 1137/1137/1137 1138/1138/1138 1139/1139/1139
f 1133/1133/1133 1140/1140/1140 1141/1141/1141
f 1142/1142/1142 1135/1135/1135 1143/1143/1143
f 977/977/977 1143/1143/1143 975/975/975
f 1142/1142/1142 1143/1143/1143 977/977/977
f 1140/1140/1140 1133/1133/1133 1135/1135/1135
f 1135/1135/1135 1142/1142/1142 1140/1140/1140
f 1142/1142/1142 977/977/977 979/979/979
f 1142/1142/1142 979/979/979 1140/1140/1140
f 1140/1140/1140 981/981/981 767/767/767
f 1140/1140/1140 979/979/979 981/981/981
f 767/767/767 981/981/981 568/568/568
f 1144/1144/1144 788/788/788 1069/1069/1069
f 788/788/788 1144/1144/1144 791/791/791
f 795/795/795 790/790/790 791/791/791
f 1145/1145/1145 1083/1083/1083 1146/1146/1146
f 1146/1146/1146 1147/1147/1147 1145/1145/1145
f 1146/1146/1146 1083/1083/1083 1085/1085/1085
f 725/725/725 1148/1148/1148 1149/1149/1149
f 799/799/799 800/800/800 1148/1148/1148
f 725/725/725 799/799/799 1148/1148/1148
f 1097/1097/1097 725/725/725 1149/1149/1149
f 806/806/806 807/807/807 1150/1150/1150
f 1151/1151/1151 1150/1150/1150 1152/1152/1152
f 1152/1152/1152 1153/1153/1153 1154/1154/1154
f 806/806/806 1150/1150/1150 1151/1151/1151
f 1155/1155/1155 1154/1154/1154 1153/1153/1153
f 1155/1155/1155 1153/1153/1153 1156/1156/1156
f 1151/1151/1151 1152/1152/1152 1154/1154/1154
f 814/814/814 806/806/806 1151/1151/1151
f 1156/1156/1156 1157/1157/1157 1155/1155/1155
f 1158/1158/1158 1159/1159/1159 1160/1160/1160
f 1161/1161/1161 1162/1162/1162 1163/1163/1163
f 1164/1164/1164 1159/1159/1159 1158/1158/1158
f 1165/1165/1165 1158/1158/1158 1160/1160/1160
f 821/821/821 1166/1166/1166 1167/1167/1167
f 822/822/822 1168/1168/1168 821/821/821
f 1168/1168/1168 1166/1166/1166 821/821/821
f 1161/1161/1161 1169/1169/1169 1162/1162/1162
f 1165/1165/1165 1160/1160/1160 1170/1170/1170
f 823/823/823 1168/1168/1168 822/822/822
f 1171/1171/1171 1161/1161/1161 1166/1166/1166
f 1158/1158/1158 1165/1165/1165 1172/1172/1172
f 1162/1162/1162 1173/1173/1173 1174/1174/1174
f 1168/1168/1168 1175/1175/1175 1166/1166/1166
f 1166/1166/1166 1175/1175/1175 1171/1171/1171
f 1171/1171/1171 1169/1169/1169 1161/1161/1161
f 1169/1169/1169 1173/1173/1173 1162/1162/1162
f 1176/1176/1176 1158/1158/1158 1172/1172/1172
f 823/823/823 1177/1177/1177 1168/1168/1168
f 1178/1178/1178 1176/1176/1176 1172/1172/1172
f 1177/1177/1177 1175/1175/1175 1168/1168/1168
f 1179/1179/1179 1172/1172/1172 1165/1165/1165
f 1171/1171/1171 1180/1180/1180 1169/1169/1169
f 1180/1180/1180 1173/1173/1173 1169/1169/1169
f 1179/1179/1179 1181/1181/1181 1172/1172/1172
f 1182/1182/1182 1178/1178/1178 1172/1172/1172
f 1175/1175/1175 1183/1183/1183 1171/1171/1171
f 1182/1182/1182 1172/1172/1172 1181/1181/1181
f 826/826/826 1177/1177/1177 823/823/823
f 1180/1180/1180 1184/1184/1184 1173/1173/1173
f 1179/1179/1179 1185/1185/1185 1181/1181/1181
f 826/826/826 1186/1186/1186 1177/1177/1177
f 1171/1171/1171 1183/1183/1183 1180/1180/1180
f 1177/1177/1177 1186/1186/1186 1175/1175/1175
f 1187/1187/1187 1183/1183/1183 1175/1175/1175
f 1183/1183/1183 1184/1184/1184 1180/1180/1180
f 826/826/826 829/829/829 1186/1186/1186
f 1188/1188/1188 1182/1182/1182 1181/1181/1181
f 1186/1186/1186 1187/1187/1187 1175/1175/1175
f 1188/1188/1188 1181/1181/1181 1185/1185/1185
f 1189/1189/1189 1184/1184/1184 1183/1183/1183
f 834/834/834 1186/1186/1186 829/829/829
f 1190/1190/1190 1183/1183/1183 1187/1187/1187
f 1183/1183/1183 1190/1190/1190 1189/1189/1189
f 1190/1190/1190 1187/1187/1187 1186/1186/1186
f 834/834/834 1191/1191/1191 1186/1186/1186
f 1191/1191/1191 1190/1190/1190 1186/1186/1186
f 1192/1192/1192 1193/1193/1193 1182/1182/1182
f 1194/1194/1194 1184/1184/1184 1189/1189/1189
f 1192/1192/1192 1182/1182/1182 1188/1188/1188
f 1190/1190/1190 1194/1194/1194 1189/1189/1189
f 1194/1194/1194 1195/1195/1195 1184/1184/1184
f 1188/1188/1188 1185/1185/1185 1196/1196/1196
f 838/838/838 1191/1191/1191 834/834/834
f 1191/1191/1191 1197/1197/1197 1190/1190/1190
f 1190/1190/1190 1198/1198/1198 1194/1194/1194
f 838/838/838 1197/1197/1197 1191/1191/1191
f 1196/1196/1196 1192/1192/1192 1188/1188/1188
f 1197/1197/1197 1198/1198/1198 1190/1190/1190
f 1194/1194/1194 1198/1198/1198 1195/1195/1195
f 1199/1199/1199 1192/1192/1192 1196/1196/1196
f 1200/1200/1200 1192/1192/1192 1199/1199/1199
f 1201/1201/1201 1198/1198/1198 1197/1197/1197
f 1202/1202/1202 1200/1200/1200 1199/1199/1199
f 838/838/838 1203/1203/1203 1197/1197/1197
f 1198/1198/1198 1204/1204/1204 1195/1195/1195
f 1199/1199/1199 1196/1196/1196 1205/1205/1205
f 1203/1203/1203 1206/1206/1206 1197/1197/1197
f 1206/1206/1206 1201/1201/1201 1197/1197/1197
f 1207/1207/1207 1204/1204/1204 1198/1198/1198
f 841/841/841 1203/1203/1203 838/838/838
f 1201/1201/1201 1207/1207/1207 1198/1198/1198
f 1208/1208/1208 1199/1199/1199 1205/1205/1205
f 1209/1209/1209 1202/1202/1202 1199/1199/1199
f 1209/1209/1209 1199/1199/1199 1208/1208/1208
f 841/841/841 846/846/846 1203/1203/1203
f 1203/1203/1203 1210/1210/1210 1206/1206/1206
f 846/846/846 1210/1210/1210 1203/1203/1203
f 1210/1210/1210 1201/1201/1201 1206/1206/1206
f 1211/1211/1211 1204/1204/1204 1207/1207/1207
f 1210/1210/1210 1212/1212/1212 1201/1201/1201
f 1213/1213/1213 1211/1211/1211 1207/1207/1207
f 1214/1214/1214 1209/1209/1209 1208/1208/1208
f 1215/1215/1215 1202/1202/1202 1209/1209/1209
f 1216/1216/1216 1207/1207/1207 1201/1201/1201
f 1217/1217/1217 1214/1214/1214 1208/1208/1208
f 1216/1216/1216 1213/1213/1213 1207/1207/1207
f 1215/1215/1215 1209/1209/1209 1214/1214/1214
f 1212/1212/1212 1216/1216/1216 1201/1201/1201
f 1216/1216/1216 1218/1218/1218 1213/1213/1213
f 846/846/846 1219/1219/1219 1210/1210/1210
f 1218/1218/1218 1220/1220/1220 1213/1213/1213
f 1213/1213/1213 1220/1220/1220 1211/1211/1211
f 1221/1221/1221 1214/1214/1214 1217/1217/1217
f 848/848/848 1219/1219/1219 846/846/846
f 1222/1222/1222 1215/1215/1215 1214/1214/1214
f 1214/1214/1214 1221/1221/1221 1223/1223/1223
f 1210/1210/1210 1224/1224/1224 1212/1212/1212
f 852/852/852 1219/1219/1219 848/848/848
f 1212/1212/1212 1218/1218/1218 1216/1216/1216
f 1219/1219/1219 1225/1225/1225 1210/1210/1210
f 1223/1223/1223 1222/1222/1222 1214/1214/1214
f 852/852/852 1225/1225/1225 1219/1219/1219
f 1225/1225/1225 1224/1224/1224 1210/1210/1210
f 1212/1212/1212 1224/1224/1224 1218/1218/1218
f 1218/1218/1218 1226/1226/1226 1220/1220/1220
f 1227/1227/1227 1222/1222/1222 1223/1223/1223
f 1228/1228/1228 1223/1223/1223 1221/1221/1221
f 1224/1224/1224 1229/1229/1229 1218/1218/1218
f 857/857/857 1225/1225/1225 852/852/852
f 1230/1230/1230 1229/1229/1229 1224/1224/1224
f 1229/1229/1229 1226/1226/1226 1218/1218/1218
f 1227/1227/1227 1223/1223/1223 1231/1231/1231
f 857/857/857 860/860/860 1225/1225/1225
f 1225/1225/1225 1232/1232/1232 1224/1224/1224
f 1232/1232/1232 1230/1230/1230 1224/1224/1224
f 860/860/860 1232/1232/1232 1225/1225/1225
f 1231/1231/1231 1223/1223/1223 1228/1228/1228
f 1229/1229/1229 1233/1233/1233 1226/1226/1226
f 1231/1231/1231 1228/1228/1228 1234/1234/1234
f 1235/1235/1235 1229/1229/1229 1230/1230/1230
f 1235/1235/1235 1233/1233/1233 1229/1229/1229
f 1236/1236/1236 1232/1232/1232 860/860/860
f 1237/1237/1237 1230/1230/1230 1232/1232/1232
f 1238/1238/1238 1227/1227/1227 1231/1231/1231
f 1230/1230/1230 1237/1237/1237 1235/1235/1235
f 1234/1234/1234 1239/1239/1239 1231/1231/1231
f 862/862/862 1236/1236/1236 860/860/860
f 1236/1236/1236 1237/1237/1237 1232/1232/1232
f 1238/1238/1238 1231/1231/1231 1239/1239/1239
f 1240/1240/1240 1237/1237/1237 1236/1236/1236
f 1239/1239/1239 1241/1241/1241 1238/1238/1238
f 1235/1235/1235 1242/1242/1242 1233/1233/1233
f 1240/1240/1240 1235/1235/1235 1237/1237/1237
f 1241/1241/1241 1243/1243/1243 1238/1238/1238
f 1233/1233/1233 1244/1244/1244 1245/1245/1245
f 1235/1235/1235 1246/1246/1246 1242/1242/1242
f 862/862/862 1240/1240/1240 1236/1236/1236
f 1240/1240/1240 1246/1246/1246 1235/1235/1235
f 1242/1242/1242 1244/1244/1244 1233/1233/1233
f 1241/1241/1241 1239/1239/1239 1247/1247/1247
f 862/862/862 867/867/867 1240/1240/1240
f 1246/1246/1246 1244/1244/1244 1242/1242/1242
f 1239/1239/1239 1248/1248/1248 1249/1249/1249
f 867/867/867 1250/1250/1250 1240/1240/1240
f 1250/1250/1250 1246/1246/1246 1240/1240/1240
f 1251/1251/1251 1247/1247/1247 1239/1239/1239
f 1246/1246/1246 1252/1252/1252 1244/1244/1244
f 1253/1253/1253 1241/1241/1241 1247/1247/1247
f 1254/1254/1254 1252/1252/1252 1246/1246/1246
f 871/871/871 1250/1250/1250 867/867/867
f 1252/1252/1252 1255/1255/1255 1244/1244/1244
f 1250/1250/1250 1254/1254/1254 1246/1246/1246
f 1252/1252/1252 1256/1256/1256 1255/1255/1255
f 1250/1250/1250 1257/1257/1257 1254/1254/1254
f 1258/1258/1258 1247/1247/1247 1251/1251/1251
f 1254/1254/1254 1256/1256/1256 1252/1252/1252
f 1259/1259/1259 1253/1253/1253 1247/1247/1247
f 871/871/871 1257/1257/1257 1250/1250/1250
f 1257/1257/1257 1260/1260/1260 1254/1254/1254
f 1261/1261/1261 1256/1256/1256 1254/1254/1254
f 1259/1259/1259 1247/1247/1247 1258/1258/1258
f 1256/1256/1256 1262/1262/1262 1255/1255/1255
f 1260/1260/1260 1261/1261/1261 1254/1254/1254
f 1261/1261/1261 1263/1263/1263 1256/1256/1256
f 1263/1263/1263 1264/1264/1264 1256/1256/1256
f 1264/1264/1264 1262/1262/1262 1256/1256/1256
f 1265/1265/1265 1259/1259/1259 1258/1258/1258
f 875/875/875 879/879/879 871/871/871
f 879/879/879 1257/1257/1257 871/871/871
f 1266/1266/1266 1260/1260/1260 1257/1257/1257
f 879/879/879 1266/1266/1266 1257/1257/1257
f 1267/1267/1267 1259/1259/1259 1265/1265/1265
f 1268/1268/1268 1260/1260/1260 1266/1266/1266
f 1267/1267/1267 1269/1269/1269 1259/1259/1259
f 1260/1260/1260 1268/1268/1268 1261/1261/1261
f 878/878/878 887/887/887 879/879/879
f 1268/1268/1268 1270/1270/1270 1261/1261/1261
f 1261/1261/1261 1270/1270/1270 1263/1263/1263
f 887/887/887 1266/1266/1266 879/879/879
f 1263/1263/1263 1270/1270/1270 1264/1264/1264
f 887/887/887 1271/1271/1271 1266/1266/1266
f 1271/1271/1271 1268/1268/1268 1266/1266/1266
f 1272/1272/1272 1267/1267/1267 1265/1265/1265
f 1273/1273/1273 1274/1274/1274 1264/1264/1264
f 1270/1270/1270 1273/1273/1273 1264/1264/1264
f 1275/1275/1275 1272/1272/1272 1265/1265/1265
f 1276/1276/1276 1267/1267/1267 1277/1277/1277
f 1271/1271/1271 1278/1278/1278 1268/1268/1268
f 1278/1278/1278 1270/1270/1270 1268/1268/1268
f 1277/1277/1277 1267/1267/1267 1272/1272/1272
f 887/887/887 888/888/888 1271/1271/1271
f 1279/1279/1279 1273/1273/1273 1270/1270/1270
f 1280/1280/1280 1272/1272/1272 1275/1275/1275
f 1278/1278/1278 1279/1279/1279 1270/1270/1270
f 1273/1273/1273 1281/1281/1281 1274/1274/1274
f 888/888/888 1278/1278/1278 1271/1271/1271
f 1277/1277/1277 1272/1272/1272 1280/1280/1280
f 1279/1279/1279 1281/1281/1281 1273/1273/1273
f 888/888/888 890/890/890 1278/1278/1278
f 1282/1282/1282 1279/1279/1279 1278/1278/1278
f 1283/1283/1283 1284/1284/1284 1277/1277/1277
f 1279/1279/1279 1285/1285/1285 1281/1281/1281
f 890/890/890 1282/1282/1282 1278/1278/1278
f 1280/1280/1280 1283/1283/1283 1277/1277/1277
f 1286/1286/1286 1285/1285/1285 1279/1279/1279
f 890/890/890 1287/1287/1287 1282/1282/1282
f 1288/1288/1288 1284/1284/1284 1283/1283/1283
f 1289/1289/1289 1279/1279/1279 1282/1282/1282
f 1285/1285/1285 1286/1286/1286 1281/1281/1281
f 1289/1289/1289 1286/1286/1286 1279/1279/1279
f 1290/1290/1290 1283/1283/1283 1280/1280/1280
f 1287/1287/1287 1289/1289/1289 1282/1282/1282
f 897/897/897 890/890/890 894/894/894
f 1286/1286/1286 1291/1291/1291 1281/1281/1281
f 1290/1290/1290 1280/1280/1280 1292/1292/1292
f 1290/1290/1290 1288/1288/1288 1283/1283/1283
f 897/897/897 1287/1287/1287 890/890/890
f 1287/1287/1287 1293/1293/1293 1289/1289/1289
f 1286/1286/1286 1294/1294/1294 1291/1291/1291
f 1295/1295/1295 1286/1286/1286 1289/1289/1289
f 1286/1286/1286 1295/1295/1295 1294/1294/1294
f 1296/1296/1296 1290/1290/1290 1292/1292/1292
f 897/897/897 1293/1293/1293 1287/1287/1287
f 1293/1293/1293 1297/1297/1297 1289/1289/1289
f 901/901/901 1293/1293/1293 897/897/897
f 1289/1289/1289 1297/1297/1297 1295/1295/1295
f 1298/1298/1298 1290/1290/1290 1299/1299/1299
f 1290/1290/1290 1296/1296/1296 1299/1299/1299
f 1300/1300/1300 1301/1301/1301 1302/1302/1302
f 1301/1301/1301 1303/1303/1303 1304/1304/1304
f 1305/1305/1305 918/918/918 1306/1306/1306
f 1306/1306/1306 1307/1307/1307 1305/1305/1305
f 1305/1305/1305 1307/1307/1307 1308/1308/1308
f 1300/1300/1300 1308/1308/1308 1301/1301/1301
f 1306/1306/1306 911/911/911 1307/1307/1307
f 1301/1301/1301 1308/1308/1308 1303/1303/1303
f 911/911/911 1309/1309/1309 1307/1307/1307
f 1307/1307/1307 1310/1310/1310 1308/1308/1308
f 911/911/911 919/919/919 1309/1309/1309
f 1305/1305/1305 1308/1308/1308 1300/1300/1300
f 918/918/918 911/911/911 1306/1306/1306
f 1308/1308/1308 1311/1311/1311 1303/1303/1303
f 1312/1312/1312 1155/1155/1155 1157/1157/1157
f 1313/1313/1313 814/814/814 1154/1154/1154
f 1312/1312/1312 1154/1154/1154 1155/1155/1155
f 1313/1313/1313 1154/1154/1154 1314/1314/1314
f 1314/1314/1314 1154/1154/1154 1312/1312/1312
f 814/814/814 1151/1151/1151 1154/1154/1154
f 1315/1315/1315 814/814/814 1313/1313/1313
f 1316/1316/1316 1312/1312/1312 1157/1157/1157
f 920/920/920 814/814/814 1315/1315/1315
f 1315/1315/1315 1313/1313/1313 1314/1314/1314
f 1312/1312/1312 1317/1317/1317 1314/1314/1314
f 1318/1318/1318 1312/1312/1312 1316/1316/1316
f 1317/1317/1317 1312/1312/1312 1318/1318/1318
f 1314/1314/1314 1319/1319/1319 1315/1315/1315
f 1176/1176/1176 1164/1164/1164 1158/1158/1158
f 1315/1315/1315 929/929/929 920/920/920
f 1317/1317/1317 1319/1319/1319 1314/1314/1314
f 926/926/926 920/920/920 929/929/929
f 1320/1320/1320 1321/1321/1321 1322/1322/1322
f 929/929/929 1315/1315/1315 1319/1319/1319
f 1176/1176/1176 1323/1323/1323 1164/1164/1164
f 1324/1324/1324 929/929/929 1319/1319/1319
f 1323/1323/1323 1325/1325/1325 1164/1164/1164
f 1324/1324/1324 1319/1319/1319 1317/1317/1317
f 1318/1318/1318 1326/1326/1326 1317/1317/1317
f 1178/1178/1178 1323/1323/1323 1176/1176/1176
f 1327/1327/1327 929/929/929 1324/1324/1324
f 1324/1324/1324 1317/1317/1317 1326/1326/1326
f 1318/1318/1318 1328/1328/1328 1326/1326/1326
f 1320/1320/1320 1329/1329/1329 1321/1321/1321
f 929/929/929 1327/1327/1327 928/928/928
f 1320/1320/1320 1330/1330/1330 1329/1329/1329
f 1324/1324/1324 1326/1326/1326 1327/1327/1327
f 1330/1330/1330 1331/1331/1331 1329/1329/1329
f 1332/1332/1332 1329/1329/1329 1331/1331/1331
f 1333/1333/1333 1325/1325/1325 1323/1323/1323
f 1334/1334/1334 1327/1327/1327 1326/1326/1326
f 1333/1333/1333 1335/1335/1335 1325/1325/1325
f 1178/1178/1178 1333/1333/1333 1323/1323/1323
f 1327/1327/1327 941/941/941 928/928/928
f 1336/1336/1336 1337/1337/1337 1335/1335/1335
f 1338/1338/1338 1326/1326/1326 1339/1339/1339
f 1326/1326/1326 1338/1338/1338 1334/1334/1334
f 952/952/952 941/941/941 1327/1327/1327
f 1334/1334/1334 952/952/952 1327/1327/1327
f 1340/1340/1340 1333/1333/1333 1178/1178/1178
f 1335/1335/1335 1333/1333/1333 1336/1336/1336
f 1341/1341/1341 1342/1342/1342 1336/1336/1336
f 1343/1343/1343 1334/1334/1334 1338/1338/1338
f 1344/1344/1344 1345/1345/1345 1331/1331/1331
f 1182/1182/1182 1340/1340/1340 1178/1178/1178
f 1346/1346/1346 1333/1333/1333 1340/1340/1340
f 1333/1333/1333 1346/1346/1346 1336/1336/1336
f 952/952/952 1334/1334/1334 1343/1343/1343
f 1343/1343/1343 1347/1347/1347 952/952/952
f 1348/1348/1348 952/952/952 1347/1347/1347
f 1336/1336/1336 1349/1349/1349 1341/1341/1341
f 1341/1341/1341 1350/1350/1350 1351/1351/1351
f 1340/1340/1340 1182/1182/1182 1193/1193/1193
f 1346/1346/1346 1352/1352/1352 1336/1336/1336
f 1352/1352/1352 1349/1349/1349 1336/1336/1336
f 1353/1353/1353 1347/1347/1347 1343/1343/1343
f 1354/1354/1354 1355/1355/1355 1350/1350/1350
f 1356/1356/1356 1357/1357/1357 955/955/955
f 1354/1354/1354 1350/1350/1350 1341/1341/1341
f 1193/1193/1193 1346/1346/1346 1340/1340/1340
f 1349/1349/1349 1358/1358/1358 1341/1341/1341
f 1359/1359/1359 1346/1346/1346 1193/1193/1193
f 1360/1360/1360 1357/1357/1357 1356/1356/1356
f 1346/1346/1346 1359/1359/1359 1352/1352/1352
f 1352/1352/1352 1358/1358/1358 1349/1349/1349
f 1358/1358/1358 1354/1354/1354 1341/1341/1341
f 1358/1358/1358 1361/1361/1361 1354/1354/1354
f 1354/1354/1354 1362/1362/1362 1355/1355/1355
f 1200/1200/1200 1193/1193/1193 1192/1192/1192
f 1361/1361/1361 1362/1362/1362 1354/1354/1354
f 1363/1363/1363 1193/1193/1193 1200/1200/1200
f 1363/1363/1363 1359/1359/1359 1193/1193/1193
f 1358/1358/1358 1352/1352/1352 1361/1361/1361
f 1364/1364/1364 1365/1365/1365 1366/1366/1366
f 1359/1359/1359 1367/1367/1367 1352/1352/1352
f 1363/1363/1363 1368/1368/1368 1359/1359/1359
f 1202/1202/1202 1363/1363/1363 1200/1200/1200
f 1367/1367/1367 1361/1361/1361 1352/1352/1352
f 1202/1202/1202 1368/1368/1368 1363/1363/1363
f 1369/1369/1369 1366/1366/1366 1370/1370/1370
f 1365/1365/1365 1371/1371/1371 1372/1372/1372
f 1366/1366/1366 1365/1365/1365 1370/1370/1370
f 1368/1368/1368 1367/1367/1367 1359/1359/1359
f 1373/1373/1373 1368/1368/1368 1202/1202/1202
f 1374/1374/1374 1361/1361/1361 1367/1367/1367
f 1365/1365/1365 1375/1375/1375 1370/1370/1370
f 1374/1374/1374 1376/1376/1376 1361/1361/1361
f 1373/1373/1373 1377/1377/1377 1368/1368/1368
f 1367/1367/1367 1368/1368/1368 1378/1378/1378
f 1377/1377/1377 1378/1378/1378 1368/1368/1368
f 1374/1374/1374 1367/1367/1367 1378/1378/1378
f 1376/1376/1376 1374/1374/1374 1379/1379/1379
f 1379/1379/1379 1380/1380/1380 1376/1376/1376
f 1215/1215/1215 1373/1373/1373 1202/1202/1202
f 1381/1381/1381 1373/1373/1373 1215/1215/1215
f 1381/1381/1381 1377/1377/1377 1373/1373/1373
f 1378/1378/1378 1382/1382/1382 1374/1374/1374
f 1375/1375/1375 1383/1383/1383 1370/1370/1370
f 1377/1377/1377 1384/1384/1384 1378/1378/1378
f 1377/1377/1377 1381/1381/1381 1384/1384/1384
f 1378/1378/1378 1384/1384/1384 1382/1382/1382
f 1374/1374/1374 1382/1382/1382 1379/1379/1379
f 1381/1381/1381 1215/1215/1215 1222/1222/1222
f 1379/1379/1379 1385/1385/1385 1380/1380/1380
f 1379/1379/1379 1386/1386/1386 1385/1385/1385
f 1385/1385/1385 1387/1387/1387 1380/1380/1380
f 1382/1382/1382 1386/1386/1386 1379/1379/1379
f 1222/1222/1222 1384/1384/1384 1381/1381/1381
f 1386/1386/1386 1382/1382/1382 1384/1384/1384
f 1385/1385/1385 1388/1388/1388 1387/1387/1387
f 1384/1384/1384 1389/1389/1389 1386/1386/1386
f 1390/1390/1390 1384/1384/1384 1222/1222/1222
f 1391/1391/1391 1385/1385/1385 1386/1386/1386
f 1392/1392/1392 1388/1388/1388 1385/1385/1385
f 1390/1390/1390 1222/1222/1222 1227/1227/1227
f 1389/1389/1389 1384/1384/1384 1390/1390/1390
f 1391/1391/1391 1392/1392/1392 1385/1385/1385
f 1386/1386/1386 1389/1389/1389 1391/1391/1391
f 1392/1392/1392 1393/1393/1393 1388/1388/1388
f 1391/1391/1391 1389/1389/1389 1394/1394/1394
f 1391/1391/1391 1394/1394/1394 1392/1392/1392
f 1388/1388/1388 1393/1393/1393 1395/1395/1395
f 1392/1392/1392 1394/1394/1394 1396/1396/1396
f 1389/1389/1389 1390/1390/1390 1397/1397/1397
f 1398/1398/1398 1390/1390/1390 1227/1227/1227
f 1397/1397/1397 1390/1390/1390 1398/1398/1398
f 1396/1396/1396 1393/1393/1393 1392/1392/1392
f 1396/1396/1396 1394/1394/1394 1399/1399/1399
f 1396/1396/1396 1400/1400/1400 1393/1393/1393
f 1393/1393/1393 1400/1400/1400 1395/1395/1395
f 1394/1394/1394 1389/1389/1389 1397/1397/1397
f 1401/1401/1401 1397/1397/1397 1398/1398/1398
f 1243/1243/1243 1398/1398/1398 1227/1227/1227
f 1399/1399/1399 1400/1400/1400 1396/1396/1396
f 1243/1243/1243 1227/1227/1227 1238/1238/1238
f 1401/1401/1401 1398/1398/1398 1243/1243/1243
f 1394/1394/1394 1397/1397/1397 1402/1402/1402
f 1397/1397/1397 1401/1401/1401 1403/1403/1403
f 1397/1397/1397 1403/1403/1403 1402/1402/1402
f 1394/1394/1394 1404/1404/1404 1399/1399/1399
f 1402/1402/1402 1404/1404/1404 1394/1394/1394
f 1403/1403/1403 1401/1401/1401 1243/1243/1243
f 1405/1405/1405 1406/1406/1406 1407/1407/1407
f 1408/1408/1408 1404/1404/1404 1402/1402/1402
f 1406/1406/1406 1405/1405/1405 1409/1409/1409
f 1403/1403/1403 1243/1243/1243 1410/1410/1410
f 1408/1408/1408 1402/1402/1402 1403/1403/1403
f 1399/1399/1399 1404/1404/1404 1411/1411/1411
f 1405/1405/1405 1407/1407/1407 1412/1412/1412
f 1408/1408/1408 1403/1403/1403 1413/1413/1413
f 1253/1253/1253 1243/1243/1243 1241/1241/1241
f 1253/1253/1253 1410/1410/1410 1243/1243/1243
f 1409/1409/1409 1405/1405/1405 1414/1414/1414
f 1413/1413/1413 1403/1403/1403 1410/1410/1410
f 1408/1408/1408 1411/1411/1411 1404/1404/1404
f 1408/1408/1408 1415/1415/1415 1411/1411/1411
f 1411/1411/1411 1415/1415/1415 1416/1416/1416
f 1414/1414/1414 1405/1405/1405 1412/1412/1412
f 1417/1417/1417 1413/1413/1413 1410/1410/1410
f 1418/1418/1418 1413/1413/1413 1417/1417/1417
f 1417/1417/1417 1410/1410/1410 1253/1253/1253
f 1419/1419/1419 1420/1420/1420 1412/1412/1412
f 1418/1418/1418 1421/1421/1421 1413/1413/1413
f 1420/1420/1420 1414/1414/1414 1412/1412/1412
f 1408/1408/1408 1413/1413/1413 1421/1421/1421
f 1408/1408/1408 1422/1422/1422 1415/1415/1415
f 1414/1414/1414 1423/1423/1423 969/969/969
f 1423/1423/1423 1414/1414/1414 1420/1420/1420
f 1259/1259/1259 1417/1417/1417 1253/1253/1253
f 1419/1419/1419 1424/1424/1424 1420/1420/1420
f 1425/1425/1425 1418/1418/1418 1417/1417/1417
f 1408/1408/1408 1421/1421/1421 1426/1426/1426
f 1425/1425/1425 1421/1421/1421 1418/1418/1418
f 1408/1408/1408 1426/1426/1426 1422/1422/1422
f 1416/1416/1416 1415/1415/1415 1422/1422/1422
f 1269/1269/1269 1417/1417/1417 1259/1259/1259
f 1416/1416/1416 1422/1422/1422 1427/1427/1427
f 1423/1423/1423 970/970/970 969/969/969
f 1420/1420/1420 1428/1428/1428 1423/1423/1423
f 1428/1428/1428 970/970/970 1423/1423/1423
f 1425/1425/1425 1417/1417/1417 1269/1269/1269
f 1421/1421/1421 1425/1425/1425 1429/1429/1429
f 1430/1430/1430 1420/1420/1420 1424/1424/1424
f 1426/1426/1426 1421/1421/1421 1429/1429/1429
f 1420/1420/1420 1431/1431/1431 1428/1428/1428
f 1428/1428/1428 983/983/983 970/970/970
f 1422/1422/1422 1426/1426/1426 1432/1432/1432
f 983/983/983 971/971/971 970/970/970
f 1433/1433/1433 983/983/983 1428/1428/1428
f 1427/1427/1427 1422/1422/1422 1434/1434/1434
f 1435/1435/1435 1425/1425/1425 1269/1269/1269
f 1429/1429/1429 1432/1432/1432 1426/1426/1426
f 1436/1436/1436 1433/1433/1433 1428/1428/1428
f 1422/1422/1422 1437/1437/1437 1434/1434/1434
f 1432/1432/1432 1437/1437/1437 1422/1422/1422
f 1425/1425/1425 1435/1435/1435 1429/1429/1429
f 1435/1435/1435 1269/1269/1269 1267/1267/1267
f 1435/1435/1435 1438/1438/1438 1429/1429/1429
f 1276/1276/1276 1435/1435/1435 1267/1267/1267
f 1436/1436/1436 1439/1439/1439 1433/1433/1433
f 1437/1437/1437 1440/1440/1440 1434/1434/1434
f 1429/1429/1429 1438/1438/1438 1432/1432/1432
f 1441/1441/1441 1442/1442/1442 990/990/990
f 1442/1442/1442 1443/1443/1443 990/990/990
f 1435/1435/1435 1444/1444/1444 1438/1438/1438
f 1444/1444/1444 1435/1435/1435 1276/1276/1276
f 1445/1445/1445 1437/1437/1437 1432/1432/1432
f 1443/1443/1443 993/993/993 990/990/990
f 1442/1442/1442 1446/1446/1446 1443/1443/1443
f 1284/1284/1284 1276/1276/1276 1277/1277/1277
f 1438/1438/1438 1445/1445/1445 1432/1432/1432
f 1443/1443/1443 1446/1446/1446 993/993/993
f 1444/1444/1444 1276/1276/1276 1284/1284/1284
f 1447/1447/1447 1448/1448/1448 1449/1449/1449
f 1450/1450/1450 1451/1451/1451 1452/1452/1452
f 1453/1453/1453 1454/1454/1454 1446/1446/1446
f 1444/1444/1444 1445/1445/1445 1438/1438/1438
f 1455/1455/1455 1444/1444/1444 1284/1284/1284
f 993/993/993 1446/1446/1446 1456/1456/1456
f 1457/1457/1457 1444/1444/1444 1455/1455/1455
f 993/993/993 1456/1456/1456 991/991/991
f 1449/1449/1449 1448/1448/1448 1458/1458/1458
f 1459/1459/1459 1460/1460/1460 1461/1461/1461
f 1448/1448/1448 1460/1460/1460 1458/1458/1458
f 1446/1446/1446 1462/1462/1462 1456/1456/1456
f 1446/1446/1446 1454/1454/1454 1462/1462/1462
f 1456/1456/1456 1003/1003/1003 991/991/991
f 1288/1288/1288 1455/1455/1455 1284/1284/1284
f 1456/1456/1456 1462/1462/1462 1003/1003/1003
f 1454/1454/1454 1463/1463/1463 1462/1462/1462
f 1454/1454/1454 1464/1464/1464 1463/1463/1463
f 1463/1463/1463 1465/1465/1465 1462/1462/1462
f 1460/1460/1460 1466/1466/1466 1458/1458/1458
f 1467/1467/1467 1457/1457/1457 1455/1455/1455
f 1298/1298/1298 1455/1455/1455 1288/1288/1288
f 1463/1463/1463 1464/1464/1464 1468/1468/1468
f 1462/1462/1462 1465/1465/1465 1003/1003/1003
f 1298/1298/1298 1288/1288/1288 1290/1290/1290
f 1003/1003/1003 1465/1465/1465 1010/1010/1010
f 1467/1467/1467 1455/1455/1455 1298/1298/1298
f 1464/1464/1464 1469/1469/1469 1468/1468/1468
f 1463/1463/1463 1470/1470/1470 1465/1465/1465
f 1463/1463/1463 1468/1468/1468 1470/1470/1470
f 1010/1010/1010 1465/1465/1465 1470/1470/1470
f 1003/1003/1003 1010/1010/1010 1006/1006/1006
f 1468/1468/1468 1471/1471/1471 1470/1470/1470
f 1468/1468/1468 1472/1472/1472 1471/1471/1471
f 1470/1470/1470 1473/1473/1473 1010/1010/1010
f 1472/1472/1472 1474/1474/1474 1311/1311/1311
f 1471/1471/1471 1472/1472/1472 1311/1311/1311
f 919/919/919 1010/1010/1010 1473/1473/1473
f 1310/1310/1310 1470/1470/1470 1471/1471/1471
f 1473/1473/1473 1470/1470/1470 1310/1310/1310
f 1310/1310/1310 1311/1311/1311 1308/1308/1308
f 1307/1307/1307 1309/1309/1309 1310/1310/1310
f 919/919/919 1473/1473/1473 1309/1309/1309
f 1310/1310/1310 1471/1471/1471 1311/1311/1311
f 1309/1309/1309 1473/1473/1473 1310/1310/1310
f 1311/1311/1311 1474/1474/1474 1303/1303/1303
f 1366/1366/1366 1475/1475/1475 1476/1476/1476
f 1360/1360/1360 1356/1356/1356 1477/1477/1477
f 1366/1366/1366 1360/1360/1360 1477/1477/1477
f 1366/1366/1366 1369/1369/1369 1360/1360/1360
f 1369/1369/1369 1478/1478/1478 1360/1360/1360
f 1479/1479/1479 1480/1480/1480 1481/1481/1481
f 1055/1055/1055 1480/1480/1480 1479/1479/1479
f 1482/1482/1482 1055/1055/1055 1479/1479/1479
f 1483/1483/1483 1484/1484/1484 1485/1485/1485
f 1486/1486/1486 1479/1479/1479 1481/1481/1481
f 1486/1486/1486 1482/1482/1482 1479/1479/1479
f 1481/1481/1481 1387/1387/1387 1486/1486/1486
f 1487/1487/1487 1488/1488/1488 1489/1489/1489
f 1490/1490/1490 1387/1387/1387 1388/1388/1388
f 1490/1490/1490 1486/1486/1486 1387/1387/1387
f 1489/1489/1489 1488/1488/1488 1080/1080/1080
f 1486/1486/1486 1490/1490/1490 1491/1491/1491
f 1395/1395/1395 1490/1490/1490 1388/1388/1388
f 1086/1086/1086 1080/1080/1080 1488/1488/1488
f 1491/1491/1491 1490/1490/1490 1395/1395/1395
f 1492/1492/1492 1486/1486/1486 1491/1491/1491
f 1491/1491/1491 1493/1493/1493 1492/1492/1492
f 1395/1395/1395 1494/1494/1494 1491/1491/1491
f 1494/1494/1494 1493/1493/1493 1491/1491/1491
f 1495/1495/1495 1494/1494/1494 1395/1395/1395
f 1400/1400/1400 1495/1495/1495 1395/1395/1395
f 1494/1494/1494 1496/1496/1496 1493/1493/1493
f 1406/1406/1406 1409/1409/1409 1497/1497/1497
f 1498/1498/1498 1094/1094/1094 1497/1497/1497
f 1499/1499/1499 1500/1500/1500 1501/1501/1501
f 969/969/969 1113/1113/1113 1409/1409/1409
f 969/969/969 1409/1409/1409 1414/1414/1414
