v 2.946604 3.6657023 -1.975645
v 2.7523346 4.736864 -1.69947
v 3.975421 3.943561 -1.7754726
v 5.317091 0.32741544 -0.2545705
v 5.522612 0.9108472 0.48800504
v 5.132081 0.28036967 0.53360915
v 3.9455276 4.4550886 0.11276116
v 4.2189116 5.042241 -0.02485837
v 3.6497788 5.1980305 0.17614865
v -2.5444462 8.429683 0.34285024
v -2.2479515 8.735125 -0.088580415
v -3.0492303 8.701954 -0.06986151
v 3.033914 7.1556425 -0.83468854
v 3.7217946 6.5624743 -0.37285954
v 3.7638128 6.845091 -1.1514308
v -2.4049344 3.8673701 -0.52936965
v -2.4949543 4.691553 -1.4146452
v -1.8479736 4.657233 -0.7109028
v 1.4874821 1.5456977 -1.5617414
v 1.6869402 0.6115457 -1.1334023
v 1.2626967 1.5801474 -0.91416764
v -2.0654745 2.7361808 -1.0281899
v -3.1918995 3.213201 -1.0309508
v -2.4049344 3.8673701 -0.52936965
v 1.4874821 1.5456977 -1.5617414
v 1.7921185 1.0014899 -1.6591918
v 1.6869402 0.6115457 -1.1334023
v 6.087355 2.6304436 1.1110771
v 6.044653 1.9900031 1.28209
v 5.967759 1.8550406 0.6756562
v -3.43691 1.1660343 -2.0712814
v -3.489769 0.48786795 -1.91716
v -4.2364297 0.9333528 -1.644649
v 3.4320314 0.20362593 0.48491192
v 3.746293 0.0853523 -0.4315734
v 4.3830657 0.088676564 0.8362844
v -1.8213733 8.013949 -1.5041865
v -1.6939998 8.185793 -0.8959367
v -1.2938724 7.4299836 -1.1824476
v 4.918988 3.1577663 0.06561777
v 5.4435883 1.8585554 0.29768515
v 4.7037854 2.0587502 0.6007141
v -4.2364297 0.9333528 -1.644649
v -4.700194 0.4547 -1.4142625
v -4.8739457 0.63124967 -2.03925
v -2.7994368 8.61072 -1.9278913
v -2.8550427 8.767694 -0.80928075
v -2.1001008 8.608427 -1.3678647
v -5.369019 2.839077 0.6140911
v -5.224556 1.8915609 0.9849063
v -4.927166 2.7421408 1.1180658
v -1.6044925 8.321625 -0.29318208
v -1.6939998 8.185793 -0.8959367
v -2.1728837 8.855174 -0.6671868
v -1.2938724 7.4299836 -1.1824476
v -1.0700474 6.627599 -1.1992192
v -1.5037943 6.7858133 -1.6952116
v 2.1863124 3.421304 -1.6197437
v 1.5511866 2.6935985 -1.1751093
v 2.1004806 3.5977306 -0.73339236
v -1.4710586 0.12233125 1.5603254
v -0.42522043 0.4371 1.1461029
v -0.7990163 0.28127548 1.9751521
v -2.9604502 3.619278 0.5817588
v -2.7550383 4.1976743 0.4223752
v -3.6712446 4.296565 0.79779315
v 5.522612 0.9108472 0.48800504
v 4.95195 1.3816836 0.07800767
v 5.4435883 1.8585554 0.29768515
v -3.671474 7.1628914 -0.65770406
v -4.438613 7.4735518 -0.44472635
v -4.4174824 7.263626 -1.0506291
v 2.9081242 5.4011774 0.10136507
v 2.1662602 5.751864 0.06756194
v 2.3700125 5.157894 -0.34640625
v -3.6407123 0.1120084 0.51406133
v -2.5072803 0.17502189 0.2895117
v -2.3467703 0.1441961 0.88117814
v -2.345461 0.09701348 -0.8506799
v -2.9738374 0.21584836 -1.5523334
v -2.0074372 0.09229942 -1.5361938
v -2.2203903 8.3336315 -2.00476
v -2.6020663 7.8355904 -2.1743937
v -2.7994368 8.61072 -1.9278913
v -2.9040802 0.42668632 1.4954964
v -2.3467703 0.1441961 0.88117814
v -2.0646539 0.5298699 1.4987633
v 1.2626967 1.5801474 -0.91416764
v 1.4419112 1.9920392 -0.35712034
v 1.5511866 2.6935985 -1.1751093
v -2.8550427 8.767694 -0.80928075
v -2.3325455 9.294001 -1.1083452
v -2.1001008 8.608427 -1.3678647
v -5.1526356 1.0702078 -0.7093551
v -5.34449 0.7954346 -1.5086685
v -4.49338 0.31653434 -0.5704229
v -3.1918995 3.213201 -1.0309508
v -3.0745597 2.4208083 -1.4194785
v -4.073882 3.1600718 -1.2783096
v -3.8718312 7.9857206 -1.4632623
v -3.369756 7.4523497 -1.6881869
v -4.4174824 7.263626 -1.0506291
v -2.672553 0.6149964 2.3571696
v -3.328232 1.4963775 2.5237217
v -3.2755084 0.26729333 2.6258163
v 4.4497 4.2631907 -0.26619878
v 4.2777653 3.4227917 -0.81256646
v 4.918988 3.1577663 0.06561777
v -3.1504703 2.1013045 1.7702763
v -3.925696 1.4222528 2.0989985
v -3.328232 1.4963775 2.5237217
v 1.9963815 1.2545707 1.1772511
v 1.0929406 0.61131287 1.0614507
v 1.1888732 0.64547473 1.8145571
v 2.8473659 0.6510873 -2.81667
v 3.1187108 0.87052596 -2.3023415
v 2.4802833 1.4139531 -2.4526453
v -2.557577 7.0685186 0.47890607
v -3.4669945 7.1525106 0.39409974
v -2.432085 6.401841 0.3807772
v -1.4967805 0.08549766 -0.7494898
v -1.7809091 0.13786913 -0.09672423
v -2.345461 0.09701348 -0.8506799
v 1.961178 4.7958517 -0.7759266
v 2.6604617 4.618019 -0.3467739
v 2.3700125 5.157894 -0.34640625
v 0.72810876 6.78259 -1.2909383
v 0.101783596 5.444379 -1.8136189
v 0.03665137 6.147989 -1.3239465
v -4.593996 3.771744 0.8845189
v -5.1932125 3.6356468 0.3794885
v -5.369019 2.839077 0.6140911
v -5.3329005 2.2568288 -0.7542379
v -4.9903164 2.9216852 -1.0050037
v -4.659388 1.8326576 -1.3638916
v -2.9190335 4.9383984 0.48950255
v -3.990338 4.98271 0.23151788
v -3.6712446 4.296565 0.79779315
v -1.8229321 6.242547 0.11279045
v -2.557577 7.0685186 0.47890607
v -2.432085 6.401841 0.3807772
v -2.7994368 8.61072 -1.9278913
v -3.6770592 8.54734 -1.1828767
v -2.8550427 8.767694 -0.80928075
v -1.4190965 5.892292 -0.47848475
v -1.3350213 5.9629984 -1.423013
v -1.0700474 6.627599 -1.1992192
v 3.621472 0.9371635 -1.9677238
v 3.3871055 1.675365 -1.9517426
v 4.1605406 1.1425679 -1.2911508
v -1.3252039 7.5063305 -2.4322376
v -1.475302 6.786642 -2.3466973
v -2.0864139 7.281025 -2.346844
v 1.8398361 2.8331392 -0.354248
v 1.8940679 2.1558683 0.087786525
v 2.4398274 2.8388844 0.021553969
v 1.1120988 6.241494 -1.988599
v 1.3727055 5.292077 -2.031461
v 0.73764133 5.4357567 -2.052869
v -5.58859 6.8374653 1.0397483
v -5.6311274 6.18985 0.96038413
v -3.866999 6.398743 0.6776224
v -0.30619994 0.84186065 -0.71536964
v 0.13271718 1.5412047 -0.9672703
v 0.080957815 1.3178883 -0.20446485
v -0.38931876 1.2224078 -1.3516679
v 0.096159376 1.93995 -1.4203453
v 0.13271718 1.5412047 -0.9672703
v -4.7812977 7.9679465 0.9888193
v -5.4059067 8.707102 0.39553526
v -5.583276 8.364656 1.1044753
v 5.2615786 4.8598347 -1.0214695
v 4.884585 5.4551306 -1.0499568
v 5.762761 5.224612 -0.7459573
v -5.975692 8.1915455 0.11862138
v -5.2540517 7.605942 -0.5205626
v -4.6932793 7.6858816 0.19959775
v 5.553129 2.6412745 0.07932362
v 4.918988 3.1577663 0.06561777
v 5.835911 3.7363493 -0.2892545
v -2.6213117 1.482136 2.356312
v -3.328232 1.4963775 2.5237217
v -2.672553 0.6149964 2.3571696
v 1.7921185 1.0014899 -1.6591918
v 2.518918 0.8445109 -1.8377597
v 1.6869402 0.6115457 -1.1334023
v -2.8550427 8.767694 -0.80928075
v -2.2479515 8.735125 -0.088580415
v -2.1728837 8.855174 -0.6671868
v -3.0492303 8.701954 -0.06986151
v -2.2479515 8.735125 -0.088580415
v -2.0074372 0.09229942 -1.5361938
v -1.3436713 0.39892852 -1.7171055
v -1.4967805 0.08549766 -0.7494898
v -4.167777 6.855895 0.43812364
v -4.0899305 6.913597 -0.22444414
v -4.6453733 6.7780547 -0.016114429
v -0.8728076 4.734507 -1.0617123
v -0.63757646 5.2089524 -0.56655955
v -0.3946703 5.379938 -1.3446001
v -4.734454 4.4878864 -0.026902907
v -4.614555 4.173996 -0.84637636
v -5.239354 3.5556388 -0.33036396
v -4.734454 4.4878864 -0.026902907
v -4.6861706 4.244787 0.52229005
v -3.990338 4.98271 0.23151788
v -1.6410328 7.4876375 -1.8121676
v -1.7280473 8.005749 -2.2268395
v -1.8213733 8.013949 -1.5041865
v 0.080957815 1.3178883 -0.20446485
v -0.5430301 0.82565 0.5829269
v -0.30619994 0.84186065 -0.71536964
v -5.957634 6.557681 1.5662153
v -6.5193777 6.215095 0.27422178
v -5.6311274 6.18985 0.96038413
v 4.466251 5.7185926 -0.48628262
v 4.884585 5.4551306 -1.0499568
v 4.347283 6.3091474 -0.80962485
v 4.806452 0.5855912 1.8669913
v 5.483056 0.72987497 1.3684719
v 5.3079042 1.2143922 1.9163282
v -3.8333306 1.0405061 2.8979003
v -3.2755084 0.26729333 2.6258163
v -3.328232 1.4963775 2.5237217
v 2.6650043 0.74572396 1.7245715
v 3.2448506 1.4428204 1.6002738
v 2.7711437 1.8431509 2.042268
v -1.7200683 0.4876721 -2.480278
v -1.3436713 0.39892852 -1.7171055
v -2.0074372 0.09229942 -1.5361938
v 6.2245855 5.741478 -0.4341277
v 5.5259466 6.115389 -0.4395175
v 5.762761 5.224612 -0.7459573
v 1.4621005 1.3433863 0.45832196
v 1.9963815 1.2545707 1.1772511
v 1.6983981 1.927104 0.60825896
v -1.0306048 6.833066 -0.19766374
v -1.4190965 5.892292 -0.47848475
v -1.0700474 6.627599 -1.1992192
v 4.620904 1.0317266 -0.52966416
v 4.8641715 0.38136744 -0.85760367
v 4.0816193 0.38746667 -1.3631165
v -5.4947543 1.6096957 0.30342892
v -5.224556 1.8915609 0.9849063
v -5.369019 2.839077 0.6140911
v -5.533532 2.6841054 -0.2001844
v -5.4947543 1.6096957 0.30342892
v 1.4621005 1.3433863 0.45832196
v 1.6983981 1.927104 0.60825896
v 1.4419112 1.9920392 -0.35712034
v 4.40291 0.07597969 -0.15149374
v 4.3830657 0.088676564 0.8362844
v 3.746293 0.0853523 -0.4315734
v 4.620904 1.0317266 -0.52966416
v 5.317091 0.32741544 -0.2545705
v 4.8641715 0.38136744 -0.85760367
v -1.4967805 0.08549766 -0.7494898
v -2.345461 0.09701348 -0.8506799
v -2.0074372 0.09229942 -1.5361938
v -0.7990163 0.28127548 1.9751521
v -1.119493 1.0260656 1.6999261
v -1.6002963 0.7713244 2.0074892
v -4.34582 6.3341813 -0.96892655
v -4.6453733 6.7780547 -0.016114429
v -4.0899305 6.913597 -0.22444414
v 1.1410973 6.729348 -0.32949978
v 1.4789569 6.0345764 0.09187561
v 1.7960813 6.939661 -0.36475056
v -5.1932125 3.6356468 0.3794885
v -4.593996 3.771744 0.8845189
v -4.6861706 4.244787 0.52229005
v -5.8880906 6.247943 0.15548038
v -6.5193777 6.215095 0.27422178
v -6.4041 7.0428147 1.0244234
v -5.975692 8.1915455 0.11862138
v -5.4059067 8.707102 0.39553526
v -5.2751055 8.366051 -0.10366502
v -1.1610864 4.248996 -0.5102235
v -1.2656889 3.009158 0.35084778
v -0.6111896 4.0012116 0.24010217
v 3.9455276 4.4550886 0.11276116
v 3.0820494 4.5595293 0.1197178
v 3.3572962 2.9435205 -0.027544059
v -0.30619994 0.84186065 -0.71536964
v -0.83254886 0.24047422 -0.0053613186
v -0.809175 0.47313595 -1.0568297
v 2.6355648 3.6598814 -0.032360718
v 2.6604617 4.618019 -0.3467739
v 2.1004806 3.5977306 -0.73339236
v 5.858969 3.3443651 0.85636103
v 5.141414 3.2863388 0.96663165
v 5.2702436 2.0742464 1.8063905
v -2.6213117 1.482136 2.356312
v -2.672553 0.6149964 2.3571696
v -1.7399275 1.4569628 1.7540385
v 4.3830657 0.088676564 0.8362844
v 4.850445 0.18814296 1.331322
v 4.102351 0.63867426 1.8783286
v -4.754801 6.1096325 0.5587014
v -4.257504 6.21727 -0.14312431
v -3.866999 6.398743 0.6776224
v 3.746293 0.0853523 -0.4315734
v 3.0730567 0.13099179 -0.99001795
v 4.0816193 0.38746667 -1.3631165
v 2.3548877 2.3476496 1.2265422
v 2.9630938 2.6082978 2.1653574
v 3.0336022 2.8770576 1.3499244
v -4.0378885 0.45483008 1.2421614
v -4.2430925 0.971164 1.7680583
v -4.939973 1.072694 0.97470623
v -2.4949543 4.691553 -1.4146452
v -3.07379 5.778068 -1.4952637
v -2.2181318 5.610663 -1.6418889
v 2.34087 5.369492 -1.8413968
v 3.2131195 5.0558176 -2.004082
v 2.7523346 4.736864 -1.69947
v -3.1918995 3.213201 -1.0309508
v -2.0654745 2.7361808 -1.0281899
v -3.0745597 2.4208083 -1.4194785
v -0.30619994 0.84186065 -0.71536964
v -0.5430301 0.82565 0.5829269
v -0.83254886 0.24047422 -0.0053613186
v -3.5675018 6.8806076 -1.4492917
v -4.4174824 7.263626 -1.0506291
v -3.369756 7.4523497 -1.6881869
v -5.2540517 7.605942 -0.5205626
v -5.2751055 8.366051 -0.10366502
v -4.5399957 8.088273 -0.78312516
v 2.019739 6.261919 -2.061166
v 2.34087 5.369492 -1.8413968
v 1.3727055 5.292077 -2.031461
v -1.9882247 6.2993393 -1.8741508
v -2.0864139 7.281025 -2.346844
v -1.475302 6.786642 -2.3466973
v 5.858969 3.3443651 0.85636103
v 5.005867 3.8006961 0.2791973
v 5.141414 3.2863388 0.96663165
v 3.8312066 4.7361016 -1.9879787
v 4.0283365 5.4235396 -1.8360736
v 4.5860863 4.590028 -1.3159523
v 0.3228204 2.4962342 -1.4057095
v 0.43814883 2.1310124 -0.19021133
v 0.13271718 1.5412047 -0.9672703
v -4.2430925 0.971164 1.7680583
v -4.0378885 0.45483008 1.2421614
v -3.757557 0.1506668 1.7722303
v 0.03665137 6.147989 -1.3239465
v -0.3946703 5.379938 -1.3446001
v -0.63757646 5.2089524 -0.56655955
v -2.981601 0.19458613 -0.18227148
v -2.5072803 0.17502189 0.2895117
v -3.6407123 0.1120084 0.51406133
v 2.34087 5.369492 -1.8413968
v 1.961178 4.7958517 -0.7759266
v 1.4375153 4.494773 -1.4814901
v -3.369756 7.4523497 -1.6881869
v -2.8712413 6.968483 -1.8523494
v -3.5675018 6.8806076 -1.4492917
v -2.672553 0.6149964 2.3571696
v -2.0646539 0.5298699 1.4987633
v -1.6002963 0.7713244 2.0074892
v 2.4802833 1.4139531 -2.4526453
v 2.518918 0.8445109 -1.8377597
v 1.944788 1.4136891 -2.1194267
v -2.5444462 8.429683 0.34285024
v -3.0492303 8.701954 -0.06986151
v -3.159586 8.271411 0.54665804
v 0.37954205 6.5381727 -0.7525399
v 0.03665137 6.147989 -1.3239465
v 0.26030275 5.964492 -0.192099
v -1.0868672 1.0141081 -2.033593
v -2.173825 0.8765984 -2.2784796
v -2.3093271 1.4506595 -1.9275706
v -2.432085 6.401841 0.3807772
v -3.4657967 6.3050895 -0.25903124
v -3.4331365 5.5208516 0.07687326
v -2.1728837 8.855174 -0.6671868
v -1.5978787 8.826139 -1.0602906
v -2.3325455 9.294001 -1.1083452
v 3.0820494 4.5595293 0.1197178
v 2.9081242 5.4011774 0.10136507
v 2.6604617 4.618019 -0.3467739
v 3.1187108 0.87052596 -2.3023415
v 3.621472 0.9371635 -1.9677238
v 3.0981665 0.74859923 -1.6921484
v 2.9268637 6.3385286 0.0035203323
v 2.2421875 6.573715 -2.3806468E-4
v 2.1662602 5.751864 0.06756194
v -5.975692 8.1915455 0.11862138
v -4.6932793 7.6858816 0.19959775
v -4.7812977 7.9679465 0.9888193
v -3.0745597 2.4208083 -1.4194785
v -2.3093271 1.4506595 -1.9275706
v -3.43691 1.1660343 -2.0712814
v 1.1888732 0.64547473 1.8145571
v 1.0929406 0.61131287 1.0614507
v 1.8721445 0.360965 1.4195104
v -2.7994368 8.61072 -1.9278913
v -3.369756 7.4523497 -1.6881869
v -3.8718312 7.9857206 -1.4632623
v 0.76628906 6.2579403 -0.062599
v 0.26030275 5.964492 -0.192099
v 0.8913217 4.996234 0.15883112
v -0.9611859 1.9629414 -1.9402757
v -0.7610277 2.8814654 -1.9024909
v 0.3228204 2.4962342 -1.4057095
v -3.925696 1.4222528 2.0989985
v -4.011165 2.5485432 1.4173919
v -4.455782 1.752068 1.4089016
v -2.6979818 3.0936773 0.2557717
v -2.4049344 3.8673701 -0.52936965
v -2.9604502 3.619278 0.5817588
v 3.9286695 1.5547893 -0.19060504
v 4.1605406 1.1425679 -1.2911508
v 3.6202369 1.8767006 -0.87908244
v 3.9286695 1.5547893 -0.19060504
v 4.620904 1.0317266 -0.52966416
v 4.1605406 1.1425679 -1.2911508
v 3.3572962 2.9435205 -0.027544059
v 3.0820494 4.5595293 0.1197178
v 2.6355648 3.6598814 -0.032360718
v 5.4435883 1.8585554 0.29768515
v 4.95195 1.3816836 0.07800767
v 4.7037854 2.0587502 0.6007141
v 2.9282703 6.9330807 -1.6453212
v 3.033914 7.1556425 -0.83468854
v 3.7638128 6.845091 -1.1514308
v 5.132081 0.28036967 0.53360915
v 4.850445 0.18814296 1.331322
v 4.3830657 0.088676564 0.8362844
v -5.224556 1.8915609 0.9849063
v -5.4947543 1.6096957 0.30342892
v -4.939973 1.072694 0.97470623
v -1.8229321 6.242547 0.11279045
v -1.4190965 5.892292 -0.47848475
v -1.0306048 6.833066 -0.19766374
v 2.9282703 6.9330807 -1.6453212
v 2.5189388 7.3868513 -1.0853457
v 3.033914 7.1556425 -0.83468854
v 1.8721445 0.360965 1.4195104
v 2.6650043 0.74572396 1.7245715
v 1.9963815 1.2545707 1.1772511
v -1.4190965 5.892292 -0.47848475
v -1.8229321 6.242547 0.11279045
v -1.8905445 5.0824423 -0.1513373
v -0.42522043 0.4371 1.1461029
v -1.0013608 0.16821133 1.0080615
v -0.5430301 0.82565 0.5829269
v -4.7812977 7.9679465 0.9888193
v -4.007305 7.5060997 0.8679174
v -4.4402184 8.469776 0.010169558
v -3.204249 4.4138536 -1.3626013
v -2.4049344 3.8673701 -0.52936965
v -3.1918995 3.213201 -1.0309508
v 4.0283365 5.4235396 -1.8360736
v 3.8312066 4.7361016 -1.9879787
v 3.2131195 5.0558176 -2.004082
v -4.49338 0.31653434 -0.5704229
v -3.4737515 0.10859141 -0.7798883
v -3.7787955 0.06675156 -0.27098203
v -4.614555 4.173996 -0.84637636
v -4.317649 4.739211 -0.7789975
v -3.7940946 4.814521 -1.1830865
v -1.4967805 0.08549766 -0.7494898
v -0.809175 0.47313595 -1.0568297
v -0.83254886 0.24047422 -0.0053613186
v 5.108138 5.1580806 -0.45638737
v 4.884585 5.4551306 -1.0499568
v 4.466251 5.7185926 -0.48628262
v -2.1001008 8.608427 -1.3678647
v -1.5978787 8.826139 -1.0602906
v -1.6939998 8.185793 -0.8959367
v 4.5860863 4.590028 -1.3159523
v 4.918988 3.1577663 0.06561777
v 4.2777653 3.4227917 -0.81256646
v -3.4331365 5.5208516 0.07687326
v -3.4657967 6.3050895 -0.25903124
v -3.5713224 6.122484 -0.975432
v 0.101783596 5.444379 -1.8136189
v 0.41442108 4.8066225 -2.045424
v -0.042860158 4.400094 -1.9222498
v 1.961178 4.7958517 -0.7759266
v 2.4194531 4.150703 -1.1799233
v 2.6604617 4.618019 -0.3467739
v -3.8718312 7.9857206 -1.4632623
v -4.5399957 8.088273 -0.78312516
v -3.6770592 8.54734 -1.1828767
v -4.6932793 7.6858816 0.19959775
v -4.438613 7.4735518 -0.44472635
v -4.036254 7.5442038 0.15599445
v 3.3572962 2.9435205 -0.027544059
v 3.5787392 2.3096895 -1.3038918
v 3.9158974 2.901753 -0.97071296
v -1.7809091 0.13786913 -0.09672423
v -0.83254886 0.24047422 -0.0053613186
v -1.4994242 0.13634512 0.5902326
v -0.67591953 4.1881685 -1.6779529
v -1.2253821 3.3881164 -1.4538321
v -1.0425676 4.1559515 -1.1763036
v 4.4497 4.2631907 -0.26619878
v 3.9455276 4.4550886 0.11276116
v 3.3572962 2.9435205 -0.027544059
v 1.4621005 1.3433863 0.45832196
v 1.8406492 0.3902837 0.03939092
v 1.0929406 0.61131287 1.0614507
v -1.1610864 4.248996 -0.5102235
v -1.0425676 4.1559515 -1.1763036
v -1.5153477 3.4955833 -0.8362775
v 2.2254376 0.32734722 0.7832004
v 2.9502883 0.11827862 -0.26962924
v 3.2573478 0.10774922 1.0955664
v 4.102351 0.63867426 1.8783286
v 4.806452 0.5855912 1.8669913
v 4.5931745 1.2788082 2.04368
v -3.159586 8.271411 0.54665804
v -4.4402184 8.469776 0.010169558
v -4.007305 7.5060997 0.8679174
v -1.2938724 7.4299836 -1.1824476
v -1.6939998 8.185793 -0.8959367
v -0.9389144 7.8021135 -0.30389866
v 0.080957815 1.3178883 -0.20446485
v -0.15802008 1.6035199 0.7660582
v -2.345461 0.09701348 -0.8506799
v -2.981601 0.19458613 -0.18227148
v -3.4737515 0.10859141 -0.7798883
v 5.6963153 4.4353747 -0.31208026
v 5.2266526 4.3783503 0.13104007
v 5.8408003 4.0513344 0.24526194
v -4.4402184 8.469776 0.010169558
v -3.159586 8.271411 0.54665804
v -3.0492303 8.701954 -0.06986151
v -3.159586 8.271411 0.54665804
v -2.5105147 7.691946 0.45923835
v -2.5444462 8.429683 0.34285024
v -0.38931876 1.2224078 -1.3516679
v 0.13271718 1.5412047 -0.9672703
v -0.30619994 0.84186065 -0.71536964
v 3.1702976 2.2901092 1.2849799
v 2.3548877 2.3476496 1.2265422
v 3.0336022 2.8770576 1.3499244
v 0.8913217 4.996234 0.15883112
v 0.26030275 5.964492 -0.192099
v 0.20455626 5.297453 0.16761664
v -1.475302 6.786642 -2.3466973
v -1.6410328 7.4876375 -1.8121676
v -1.5037943 6.7858133 -1.6952116
v -1.475302 6.786642 -2.3466973
v -1.3252039 7.5063305 -2.4322376
v -1.6410328 7.4876375 -1.8121676
v -2.9190335 4.9383984 0.48950255
v -2.281953 4.602437 0.048318967
v -2.4383907 5.55114 0.26768345
v -1.4710586 0.12233125 1.5603254
v -2.0646539 0.5298699 1.4987633
v -1.4994242 0.13634512 0.5902326
v -4.2942142 3.2745514 1.1497177
v -4.593996 3.771744 0.8845189
v -4.011165 2.5485432 1.4173919
v -0.9611859 1.9629414 -1.9402757
v -1.0868672 1.0141081 -2.033593
v -2.3093271 1.4506595 -1.9275706
v 0.43814883 2.1310124 -0.19021133
v -0.15802008 1.6035199 0.7660582
v 0.080957815 1.3178883 -0.20446485
v 0.43814883 2.1310124 -0.19021133
v -0.036267772 2.517972 0.53019786
v -0.15802008 1.6035199 0.7660582
v 3.2573478 0.10774922 1.0955664
v 4.102351 0.63867426 1.8783286
v 2.6650043 0.74572396 1.7245715
v 0.76628906 6.2579403 -0.062599
v 0.37954205 6.5381727 -0.7525399
v 0.26030275 5.964492 -0.192099
v 2.9630938 2.6082978 2.1653574
v 2.3548877 2.3476496 1.2265422
v 2.7711437 1.8431509 2.042268
v 0.73764133 5.4357567 -2.052869
v 0.41442108 4.8066225 -2.045424
v 0.101783596 5.444379 -1.8136189
v 3.621472 0.9371635 -1.9677238
v 4.0816193 0.38746667 -1.3631165
v 3.0981665 0.74859923 -1.6921484
v 3.5360615 5.8274016 0.096291244
v 4.2189116 5.042241 -0.02485837
v 4.466251 5.7185926 -0.48628262
v -3.4669945 7.1525106 0.39409974
v -4.0899305 6.913597 -0.22444414
v -4.167777 6.855895 0.43812364
v -3.1504703 2.1013045 1.7702763
v -3.120582 2.7407222 1.49318
v -4.011165 2.5485432 1.4173919
v -2.7994368 8.61072 -1.9278913
v -2.1001008 8.608427 -1.3678647
v -2.2203903 8.3336315 -2.00476
v -3.671474 7.1628914 -0.65770406
v -3.4669945 7.1525106 0.39409974
v -4.036254 7.5442038 0.15599445
v 5.108138 5.1580806 -0.45638737
v 4.466251 5.7185926 -0.48628262
v 4.4497 4.2631907 -0.26619878
v -1.3252039 7.5063305 -2.4322376
v -2.0864139 7.281025 -2.346844
v -1.7280473 8.005749 -2.2268395
v 2.4487362 7.0673313 -0.506399
v 2.9268637 6.3385286 0.0035203323
v 3.033914 7.1556425 -0.83468854
v 2.1863124 3.421304 -1.6197437
v 2.1004806 3.5977306 -0.73339236
v 2.4194531 4.150703 -1.1799233
v 0.72810876 6.78259 -1.2909383
v 0.37954205 6.5381727 -0.7525399
v 1.1410973 6.729348 -0.32949978
v -3.6939347 8.741911 -0.2856727
v -2.8550427 8.767694 -0.80928075
v -3.6770592 8.54734 -1.1828767
v -2.2181318 5.610663 -1.6418889
v -1.5677583 5.2762184 -1.0956423
v -2.4949543 4.691553 -1.4146452
v 3.2131195 5.0558176 -2.004082
v 3.8312066 4.7361016 -1.9879787
v 3.975421 3.943561 -1.7754726
v 1.1459161 3.7296436 -0.9051706
v 1.4408171 4.371077 -0.846797
v 0.9967871 4.0562916 -0.16521853
v -5.6311274 6.18985 0.96038413
v -5.8880906 6.247943 0.15548038
v -4.754801 6.1096325 0.5587014
v -3.797873 3.763052 -1.2206131
v -4.614555 4.173996 -0.84637636
v -3.7940946 4.814521 -1.1830865
v 3.0820494 4.5595293 0.1197178
v 3.6497788 5.1980305 0.17614865
v 2.9081242 5.4011774 0.10136507
v -2.6020663 7.8355904 -2.1743937
v -3.369756 7.4523497 -1.6881869
v -2.7994368 8.61072 -1.9278913
v 5.483056 0.72987497 1.3684719
v 5.83765 1.328325 1.4080719
v 5.2702436 2.0742464 1.8063905
v 0.080957815 1.3178883 -0.20446485
v 0.13271718 1.5412047 -0.9672703
v 0.43814883 2.1310124 -0.19021133
v -3.7940946 4.814521 -1.1830865
v -3.990338 4.98271 0.23151788
v -3.5887337 5.5123277 -0.9093951
v 3.4489226 3.145002 2.0853019
v 3.216895 3.7292147 1.3140802
v 2.9630938 2.6082978 2.1653574
v -2.4131436 2.494061 1.2477646
v -2.1574132 1.8862488 1.7209573
v -1.5569892 2.187788 0.99712586
v -2.9604502 3.619278 0.5817588
v -3.6712446 4.296565 0.79779315
v -3.5090437 3.188614 1.1965303
v 2.946604 3.6657023 -1.975645
v 2.4194531 4.150703 -1.1799233
v 2.7523346 4.736864 -1.69947
v 2.6650043 0.74572396 1.7245715
v 2.6650043 0.74572396 1.7245715
v 1.8721445 0.360965 1.4195104
v -3.489769 0.48786795 -1.91716
v -2.9112759 0.7003012 -2.249932
v -2.9738374 0.21584836 -1.5523334
v -1.1610864 4.248996 -0.5102235
v -0.24555235 4.8284793 0.14862795
v -0.63757646 5.2089524 -0.56655955
v 0.8913217 4.996234 0.15883112
v 0.3073969 4.5822372 0.31254163
v 0.9967871 4.0562916 -0.16521853
v 4.347283 6.3091474 -0.80962485
v 4.0283365 5.4235396 -1.8360736
v 3.969616 6.1771345 -1.6562953
v 2.3548877 2.3476496 1.2265422
v 1.6983981 1.927104 0.60825896
v 1.9963815 1.2545707 1.1772511
v 4.1109076 1.7415745 0.50213754
v 3.578244 1.7494146 1.1696279
v 4.7037854 2.0587502 0.6007141
v -1.1697412 1.4786463 1.194941
v -0.15802008 1.6035199 0.7660582
v -0.68923587 2.0117054 1.0945828
v -3.1504703 2.1013045 1.7702763
v -2.6213117 1.482136 2.356312
v -2.1574132 1.8862488 1.7209573
v -1.0868672 1.0141081 -2.033593
v -1.7200683 0.4876721 -2.480278
v -2.173825 0.8765984 -2.2784796
v 0.7178635 3.1697598 -0.10580525
v -2.0507723E-4 3.2131922 0.4866051
v -0.036267772 2.517972 0.53019786
v -2.0864139 7.281025 -2.346844
v -2.8712413 6.968483 -1.8523494
v -1.4710586 0.12233125 1.5603254
v -0.7990163 0.28127548 1.9751521
v -1.6002963 0.7713244 2.0074892
v 3.5379457 2.9944143 -1.7762712
v 4.2777653 3.4227917 -0.81256646
v 3.9158974 2.901753 -0.97071296
v 4.4497 4.2631907 -0.26619878
v 4.918988 3.1577663 0.06561777
v 5.2266526 4.3783503 0.13104007
v 1.4419112 1.9920392 -0.35712034
v 1.8398361 2.8331392 -0.354248
v 1.5511866 2.6935985 -1.1751093
v -5.224556 1.8915609 0.9849063
v -4.939973 1.072694 0.97470623
v -4.455782 1.752068 1.4089016
v -2.4055705 0.15095663 -2.282219
v -1.7200683 0.4876721 -2.480278
v -2.0074372 0.09229942 -1.5361938
v -1.8479736 4.657233 -0.7109028
v -1.5677583 5.2762184 -1.0956423
v -1.8905445 5.0824423 -0.1513373
v -3.369756 7.4523497 -1.6881869
v -2.6020663 7.8355904 -2.1743937
v -2.0864139 7.281025 -2.346844
v -1.9882247 6.2993393 -1.8741508
v -2.2181318 5.610663 -1.6418889
v -2.5990727 6.216117 -1.7986208
v 2.5189388 7.3868513 -1.0853457
v 2.9282703 6.9330807 -1.6453212
v 2.3289135 7.0699663 -1.5680048
v 5.132081 0.28036967 0.53360915
v 5.522612 0.9108472 0.48800504
v 5.483056 0.72987497 1.3684719
v 5.762761 5.224612 -0.7459573
v 4.884585 5.4551306 -1.0499568
v 5.5259466 6.115389 -0.4395175
v 0.8438719 4.0847163 -1.8551142
v 1.4375153 4.494773 -1.4814901
v 0.867882 3.556832 -1.521236
v 1.4874821 1.5456977 -1.5617414
v 1.2626967 1.5801474 -0.91416764
v 1.5511866 2.6935985 -1.1751093
v -0.6111896 4.0012116 0.24010217
v 0.38028944 3.882336 0.3512752
v 0.3073969 4.5822372 0.31254163
v -5.1526356 1.0702078 -0.7093551
v -4.659388 1.8326576 -1.3638916
v -4.2364297 0.9333528 -1.644649
v 2.9282703 6.9330807 -1.6453212
v 3.7638128 6.845091 -1.1514308
v 3.0899727 6.2754717 -1.9870589
v -4.6861706 4.244787 0.52229005
v -4.734454 4.4878864 -0.026902907
v -5.239354 3.5556388 -0.33036396
v 3.0730567 0.13099179 -0.99001795
v 2.1699126 0.110726565 -0.8951297
v 1.6869402 0.6115457 -1.1334023
v -4.2364297 0.9333528 -1.644649
v -4.8739457 0.63124967 -2.03925
v -5.34449 0.7954346 -1.5086685
v 4.788641 2.5594563 1.0317681
v 5.141414 3.2863388 0.96663165
v 4.918988 3.1577663 0.06561777
v 5.2266526 4.3783503 0.13104007
v 4.918988 3.1577663 0.06561777
v 5.005867 3.8006961 0.2791973
v -1.2656889 3.009158 0.35084778
v -1.1610864 4.248996 -0.5102235
v -1.5153477 3.4955833 -0.8362775
v -4.659388 1.8326576 -1.3638916
v -3.0745597 2.4208083 -1.4194785
v -3.43691 1.1660343 -2.0712814
v 2.7711437 1.8431509 2.042268
v 3.2448506 1.4428204 1.6002738
v 3.3959587 1.9939396 2.0886292
v 0.7178635 3.1697598 -0.10580525
v -0.036267772 2.517972 0.53019786
v 0.43814883 2.1310124 -0.19021133
v -0.37259024 3.5383148 -1.9502523
v 0.3228204 2.4962342 -1.4057095
v -0.7610277 2.8814654 -1.9024909
v 4.5860863 4.590028 -1.3159523
v 4.0283365 5.4235396 -1.8360736
v 4.884585 5.4551306 -1.0499568
v 1.5924637 5.322712 -0.006595485
v 2.3700125 5.157894 -0.34640625
v 2.1662602 5.751864 0.06756194
v 1.4789569 6.0345764 0.09187561
v 2.2421875 6.573715 -2.3806468E-4
v 1.7960813 6.939661 -0.36475056
v -3.6407123 0.1120084 0.51406133
v -3.757557 0.1506668 1.7722303
v -4.0378885 0.45483008 1.2421614
v -3.5090437 3.188614 1.1965303
v -4.593996 3.771744 0.8845189
v -4.2942142 3.2745514 1.1497177
v -3.5090437 3.188614 1.1965303
v -3.6712446 4.296565 0.79779315
v -4.593996 3.771744 0.8845189
v -3.120582 2.7407222 1.49318
v -2.4131436 2.494061 1.2477646
v -2.895465 2.9723182 0.9175745
v 5.522612 0.9108472 0.48800504
v 5.317091 0.32741544 -0.2545705
v 4.620904 1.0317266 -0.52966416
v -1.4994242 0.13634512 0.5902326
v -0.83254886 0.24047422 -0.0053613186
v -1.0013608 0.16821133 1.0080615
v -0.8728076 4.734507 -1.0617123
v -0.042860158 4.400094 -1.9222498
v -0.67591953 4.1881685 -1.6779529
v -0.8728076 4.734507 -1.0617123
v -0.67591953 4.1881685 -1.6779529
v -1.0425676 4.1559515 -1.1763036
v -3.159586 8.271411 0.54665804
v -4.007305 7.5060997 0.8679174
v -2.5105147 7.691946 0.45923835
v 1.3727055 5.292077 -2.031461
v 1.1120988 6.241494 -1.988599
v 2.019739 6.261919 -2.061166
v -2.3467703 0.1441961 0.88117814
v -2.9040802 0.42668632 1.4954964
v -3.6407123 0.1120084 0.51406133
v -0.15802008 1.6035199 0.7660582
v -0.42522043 0.4371 1.1461029
v -0.5430301 0.82565 0.5829269
v -3.866999 6.398743 0.6776224
v -4.8212514 6.7033253 0.7739444
v -5.58859 6.8374653 1.0397483
v -1.0868672 1.0141081 -2.033593
v -0.809175 0.47313595 -1.0568297
v -1.3436713 0.39892852 -1.7171055
v 1.8721445 0.360965 1.4195104
v 2.2254376 0.32734722 0.7832004
v 2.6650043 0.74572396 1.7245715
v 2.34087 5.369492 -1.8413968
v 1.4375153 4.494773 -1.4814901
v 1.3727055 5.292077 -2.031461
v 5.553129 2.6412745 0.07932362
v 5.858969 3.3443651 0.85636103
v 6.122983 2.6908507 0.4355383
v -4.49338 0.31653434 -0.5704229
v -3.7787955 0.06675156 -0.27098203
v -4.552589 0.2699914 0.4003883
v -3.4669945 7.1525106 0.39409974
v -2.5105147 7.691946 0.45923835
v -4.007305 7.5060997 0.8679174
v -2.6979818 3.0936773 0.2557717
v -2.0953999 2.894595 0.029302165
v -2.4049344 3.8673701 -0.52936965
v 2.4398274 2.8388844 0.021553969
v 2.1004806 3.5977306 -0.73339236
v 1.8398361 2.8331392 -0.354248
v -2.0507723E-4 3.2131922 0.4866051
v 0.7178635 3.1697598 -0.10580525
v 0.38028944 3.882336 0.3512752
v -4.540724 3.4982672 -1.1104977
v -4.9903164 2.9216852 -1.0050037
v -5.239354 3.5556388 -0.33036396
v -2.8550427 8.767694 -0.80928075
v -2.1728837 8.855174 -0.6671868
v -2.3325455 9.294001 -1.1083452
v -4.659388 1.8326576 -1.3638916
v -3.43691 1.1660343 -2.0712814
v -4.2364297 0.9333528 -1.644649
v 1.961178 4.7958517 -0.7759266
v 2.7523346 4.736864 -1.69947
v 2.4194531 4.150703 -1.1799233
v -0.8728076 4.734507 -1.0617123
v -1.1610864 4.248996 -0.5102235
v -0.63757646 5.2089524 -0.56655955
v 5.522612 0.9108472 0.48800504
v 5.83765 1.328325 1.4080719
v 3.7638128 6.845091 -1.1514308
v 4.347283 6.3091474 -0.80962485
v 3.969616 6.1771345 -1.6562953
v 1.4206945 0.99091613 -0.39877334
v 1.2626967 1.5801474 -0.91416764
v 1.6869402 0.6115457 -1.1334023
v 2.942614 2.326323 -2.0131388
v 3.5787392 2.3096895 -1.3038918
v 3.3871055 1.675365 -1.9517426
v 3.746293 0.0853523 -0.4315734
v 2.9502883 0.11827862 -0.26962924
v 3.0730567 0.13099179 -0.99001795
v 0.40559846 3.3007607 -1.8494471
v 0.8438719 4.0847163 -1.8551142
v 0.867882 3.556832 -1.521236
v -4.438613 7.4735518 -0.44472635
v -4.6932793 7.6858816 0.19959775
v -5.2540517 7.605942 -0.5205626
v 3.2448506 1.4428204 1.6002738
v 2.6650043 0.74572396 1.7245715
v 4.102351 0.63867426 1.8783286
v -3.797873 3.763052 -1.2206131
v -3.204249 4.4138536 -1.3626013
v -3.1918995 3.213201 -1.0309508
v 1.4419112 1.9920392 -0.35712034
v 1.2626967 1.5801474 -0.91416764
v 1.4206945 0.99091613 -0.39877334
v 0.867882 3.556832 -1.521236
v 1.4375153 4.494773 -1.4814901
v 1.1459161 3.7296436 -0.9051706
v 2.34087 5.369492 -1.8413968
v 3.0899727 6.2754717 -1.9870589
v 3.2131195 5.0558176 -2.004082
v 5.132081 0.28036967 0.53360915
v 4.40291 0.07597969 -0.15149374
v 5.317091 0.32741544 -0.2545705
v 2.3548877 2.3476496 1.2265422
v 2.7368808 2.0789654 0.36276788
v 1.8940679 2.1558683 0.087786525
v -3.7940946 4.814521 -1.1830865
v -3.5887337 5.5123277 -0.9093951
v -3.07379 5.778068 -1.4952637
v 2.942614 2.326323 -2.0131388
v 3.5379457 2.9944143 -1.7762712
v 3.5787392 2.3096895 -1.3038918
v 0.096159376 1.93995 -1.4203453
v -0.38931876 1.2224078 -1.3516679
v -0.9611859 1.9629414 -1.9402757
v 1.5924637 5.322712 -0.006595485
v 1.4789569 6.0345764 0.09187561
v 0.8913217 4.996234 0.15883112
v 4.0816193 0.38746667 -1.3631165
v 4.8641715 0.38136744 -0.85760367
v 3.746293 0.0853523 -0.4315734
v -2.9738374 0.21584836 -1.5523334
v -2.4055705 0.15095663 -2.282219
v -2.0074372 0.09229942 -1.5361938
v -0.042860158 4.400094 -1.9222498
v 0.41442108 4.8066225 -2.045424
v 0.8438719 4.0847163 -1.8551142
v -0.7021664 3.324585 0.48516336
v -1.2656889 3.009158 0.35084778
v -0.036267772 2.517972 0.53019786
v -2.0654745 2.7361808 -1.0281899
v -1.2656889 3.009158 0.35084778
v -1.5153477 3.4955833 -0.8362775
v -4.036254 7.5442038 0.15599445
v -3.4669945 7.1525106 0.39409974
v -4.007305 7.5060997 0.8679174
v 2.9502883 0.11827862 -0.26962924
v 2.1699126 0.110726565 -0.8951297
v 3.0730567 0.13099179 -0.99001795
v 5.762761 5.224612 -0.7459573
v 5.5259466 6.115389 -0.4395175
v 5.108138 5.1580806 -0.45638737
v -2.1728837 8.855174 -0.6671868
v -2.2479515 8.735125 -0.088580415
v -1.6044925 8.321625 -0.29318208
v 3.0899727 6.2754717 -1.9870589
v 3.7638128 6.845091 -1.1514308
v 3.969616 6.1771345 -1.6562953
v -2.8712413 6.968483 -1.8523494
v -2.5990727 6.216117 -1.7986208
v -3.07379 5.778068 -1.4952637
v 2.1662602 5.751864 0.06756194
v 2.9081242 5.4011774 0.10136507
v 2.9268637 6.3385286 0.0035203323
v 1.9299183 2.1249933 -1.9074011
v 1.944788 1.4136891 -2.1194267
v 1.4874821 1.5456977 -1.5617414
v 3.3871055 1.675365 -1.9517426
v 2.4802833 1.4139531 -2.4526453
v 2.942614 2.326323 -2.0131388
v -2.4049344 3.8673701 -0.52936965
v -2.7550383 4.1976743 0.4223752
v 0.8386147 3.0140553 -1.0727077
v 0.40559846 3.3007607 -1.8494471
v 0.867882 3.556832 -1.521236
v -2.9040802 0.42668632 1.4954964
v -2.0646539 0.5298699 1.4987633
v -2.672553 0.6149964 2.3571696
v 1.4789569 6.0345764 0.09187561
v 2.1662602 5.751864 0.06756194
v 4.850445 0.18814296 1.331322
v 4.806452 0.5855912 1.8669913
v 4.102351 0.63867426 1.8783286
v -2.0654745 2.7361808 -1.0281899
v -1.5153477 3.4955833 -0.8362775
v -1.2253821 3.3881164 -1.4538321
v -4.540724 3.4982672 -1.1104977
v -3.797873 3.763052 -1.2206131
v -4.073882 3.1600718 -1.2783096
v 2.019739 6.261919 -2.061166
v 3.0899727 6.2754717 -1.9870589
v 2.34087 5.369492 -1.8413968
v -2.432085 6.401841 0.3807772
v -3.4331365 5.5208516 0.07687326
v -2.4383907 5.55114 0.26768345
v -2.9190335 4.9383984 0.48950255
v -3.6712446 4.296565 0.79779315
v -2.7550383 4.1976743 0.4223752
v 3.3959587 1.9939396 2.0886292
v 2.9630938 2.6082978 2.1653574
v 2.7711437 1.8431509 2.042268
v -0.042860158 4.400094 -1.9222498
v -0.3946703 5.379938 -1.3446001
v 0.101783596 5.444379 -1.8136189
v 5.2615786 4.8598347 -1.0214695
v 5.2807503 4.2652073 -0.79212636
v 4.5860863 4.590028 -1.3159523
v -4.6932793 7.6858816 0.19959775
v -4.036254 7.5442038 0.15599445
v -4.007305 7.5060997 0.8679174
v 1.1410973 6.729348 -0.32949978
v 1.7960813 6.939661 -0.36475056
v 1.4954714 7.2267756 -1.0244498
v 2.9502883 0.11827862 -0.26962924
v 3.746293 0.0853523 -0.4315734
v 3.4320314 0.20362593 0.48491192
v -5.4947543 1.6096957 0.30342892
v -5.5440226 1.8777906 -0.25212657
v -5.1526356 1.0702078 -0.7093551
v -0.036267772 2.517972 0.53019786
v -2.0507723E-4 3.2131922 0.4866051
v -0.7021664 3.324585 0.48516336
v -4.4402184 8.469776 0.010169558
v -3.9691308 8.490635 0.4497041
v -3.6939347 8.741911 -0.2856727
v -1.8905445 5.0824423 -0.1513373
v -1.5677583 5.2762184 -1.0956423
v -1.4190965 5.892292 -0.47848475
v 0.03665137 6.147989 -1.3239465
v -0.63757646 5.2089524 -0.56655955
v 0.26030275 5.964492 -0.192099
v 3.3572962 2.9435205 -0.027544059
v 3.6202369 1.8767006 -0.87908244
v 3.5787392 2.3096895 -1.3038918
v 6.044653 1.9900031 1.28209
v 5.2702436 2.0742464 1.8063905
v 5.83765 1.328325 1.4080719
v -2.8550427 8.767694 -0.80928075
v -3.6939347 8.741911 -0.2856727
v -3.0492303 8.701954 -0.06986151
v -2.4383907 5.55114 0.26768345
v -1.8229321 6.242547 0.11279045
v -2.432085 6.401841 0.3807772
v -5.1526356 1.0702078 -0.7093551
v -5.2627335 0.9796437 0.40325624
v -5.4947543 1.6096957 0.30342892
v -1.5569892 2.187788 0.99712586
v -1.1697412 1.4786463 1.194941
v -0.68923587 2.0117054 1.0945828
v -1.6939998 8.185793 -0.8959367
v -1.5978787 8.826139 -1.0602906
v -2.1728837 8.855174 -0.6671868
v 3.1702976 2.2901092 1.2849799
v 3.0336022 2.8770576 1.3499244
v 3.4489226 3.145002 2.0853019
v -4.6453733 6.7780547 -0.016114429
v -4.34582 6.3341813 -0.96892655
v -5.1436157 6.3276844 -0.208453
v -4.317649 4.739211 -0.7789975
v -4.734454 4.4878864 -0.026902907
v -3.990338 4.98271 0.23151788
v -4.614555 4.173996 -0.84637636
v -4.734454 4.4878864 -0.026902907
v -4.317649 4.739211 -0.7789975
v -1.3350213 5.9629984 -1.423013
v -1.9882247 6.2993393 -1.8741508
v 4.347283 6.3091474 -0.80962485
v 3.7217946 6.5624743 -0.37285954
v 4.466251 5.7185926 -0.48628262
v 3.6497788 5.1980305 0.17614865
v 4.2189116 5.042241 -0.02485837
v 3.5360615 5.8274016 0.096291244
v -1.1697412 1.4786463 1.194941
v -1.7399275 1.4569628 1.7540385
v -1.119493 1.0260656 1.6999261
v 2.7500782 2.9757438 -2.0635464
v 2.942614 2.326323 -2.0131388
v 2.1897469 2.7049031 -1.9786278
v 3.7217946 6.5624743 -0.37285954
v 3.5360615 5.8274016 0.096291244
v 4.466251 5.7185926 -0.48628262
v -2.7550383 4.1976743 0.4223752
v -2.281953 4.602437 0.048318967
v -2.9190335 4.9383984 0.48950255
v 2.7711437 1.8431509 2.042268
v 2.3548877 2.3476496 1.2265422
v 2.6650043 0.74572396 1.7245715
v -2.1001008 8.608427 -1.3678647
v -1.8213733 8.013949 -1.5041865
v -2.2203903 8.3336315 -2.00476
v -1.3350213 5.9629984 -1.423013
v -1.5677583 5.2762184 -1.0956423
v 5.2807503 4.2652073 -0.79212636
v 5.2615786 4.8598347 -1.0214695
v 5.6963153 4.4353747 -0.31208026
v 0.3228204 2.4962342 -1.4057095
v 0.096159376 1.93995 -1.4203453
v -0.9611859 1.9629414 -1.9402757
v 5.108138 5.1580806 -0.45638737
v 5.5259466 6.115389 -0.4395175
v 4.884585 5.4551306 -1.0499568
v -1.5569892 2.187788 0.99712586
v -1.2656889 3.009158 0.35084778
v -2.0953999 2.894595 0.029302165
v 0.72810876 6.78259 -1.2909383
v 1.4083004 6.918212 -1.5719767
v 1.1120988 6.241494 -1.988599
v 1.944788 1.4136891 -2.1194267
v 1.7921185 1.0014899 -1.6591918
v 1.4874821 1.5456977 -1.5617414
v -1.9397078 8.240772 0.20163988
v -2.2479515 8.735125 -0.088580415
v -2.5444462 8.429683 0.34285024
v 3.578244 1.7494146 1.1696279
v 4.788641 2.5594563 1.0317681
v 4.7037854 2.0587502 0.6007141
v 2.9268637 6.3385286 0.0035203323
v 3.7217946 6.5624743 -0.37285954
v -1.9128422 2.2441049 -1.6120547
v -2.3093271 1.4506595 -1.9275706
v -2.0654745 2.7361808 -1.0281899
v -3.866999 6.398743 0.6776224
v -5.6311274 6.18985 0.96038413
v -4.754801 6.1096325 0.5587014
v 0.72810876 6.78259 -1.2909383
v 1.1410973 6.729348 -0.32949978
v 1.4954714 7.2267756 -1.0244498
v 2.1699126 0.110726565 -0.8951297
v 1.8406492 0.3902837 0.03939092
v 1.4206945 0.99091613 -0.39877334
v 4.5860863 4.590028 -1.3159523
v 4.884585 5.4551306 -1.0499568
v 5.2615786 4.8598347 -1.0214695
v -2.432085 6.401841 0.3807772
v -3.1574507 6.563339 0.77050453
v -3.866999 6.398743 0.6776224
v -4.927166 2.7421408 1.1180658
v -5.224556 1.8915609 0.9849063
v -4.455782 1.752068 1.4089016
v 1.4419112 1.9920392 -0.35712034
v 1.4206945 0.99091613 -0.39877334
v 1.4621005 1.3433863 0.45832196
v -1.4154657 2.6359532 -1.7233713
v -0.7610277 2.8814654 -1.9024909
v -0.9611859 1.9629414 -1.9402757
v 6.2245855 5.741478 -0.4341277
v 5.5259466 6.115389 -0.4395175
v 6.549698 6.258595 -0.2065205
v 1.944788 1.4136891 -2.1194267
v 1.9299183 2.1249933 -1.9074011
v 2.4802833 1.4139531 -2.4526453
v 0.72810876 6.78259 -1.2909383
v 0.03665137 6.147989 -1.3239465
v 0.37954205 6.5381727 -0.7525399
v 3.5787392 2.3096895 -1.3038918
v 3.6202369 1.8767006 -0.87908244
v 4.1605406 1.1425679 -1.2911508
v -5.0004554 0.56306565 -0.20783204
v -5.1526356 1.0702078 -0.7093551
v -4.49338 0.31653434 -0.5704229
v 3.5379457 2.9944143 -1.7762712
v 3.975421 3.943561 -1.7754726
v 4.2777653 3.4227917 -0.81256646
v -1.3350213 5.9629984 -1.423013
v -2.2181318 5.610663 -1.6418889
v -1.9882247 6.2993393 -1.8741508
v -3.120582 2.7407222 1.49318
v -3.1504703 2.1013045 1.7702763
v -2.4131436 2.494061 1.2477646
v 3.0730567 0.13099179 -0.99001795
v 2.518918 0.8445109 -1.8377597
v 3.0981665 0.74859923 -1.6921484
v -4.4402184 8.469776 0.010169558
v -3.6939347 8.741911 -0.2856727
v -4.5399957 8.088273 -0.78312516
v -0.8728076 4.734507 -1.0617123
v -0.3946703 5.379938 -1.3446001
v -0.042860158 4.400094 -1.9222498
v -4.011165 2.5485432 1.4173919
v -4.927166 2.7421408 1.1180658
v -4.455782 1.752068 1.4089016
v -5.4059067 8.707102 0.39553526
v -4.7812977 7.9679465 0.9888193
v -4.4402184 8.469776 0.010169558
v 3.4320314 0.20362593 0.48491192
v 3.2573478 0.10774922 1.0955664
v 2.9502883 0.11827862 -0.26962924
v -1.2656889 3.009158 0.35084778
v -2.0654745 2.7361808 -1.0281899
v -2.0953999 2.894595 0.029302165
v 0.38028944 3.882336 0.3512752
v -0.6111896 4.0012116 0.24010217
v -2.0507723E-4 3.2131922 0.4866051
v 3.4320314 0.20362593 0.48491192
v 4.3830657 0.088676564 0.8362844
v 3.2573478 0.10774922 1.0955664
v -1.8229321 6.242547 0.11279045
v -2.4383907 5.55114 0.26768345
v -1.8905445 5.0824423 -0.1513373
v 0.40559846 3.3007607 -1.8494471
v 0.3228204 2.4962342 -1.4057095
v -0.37259024 3.5383148 -1.9502523
v -5.1526356 1.0702078 -0.7093551
v -5.0004554 0.56306565 -0.20783204
v -5.2627335 0.9796437 0.40325624
v 0.37954205 6.5381727 -0.7525399
v 0.76628906 6.2579403 -0.062599
v 1.1410973 6.729348 -0.32949978
v -4.614555 4.173996 -0.84637636
v -4.540724 3.4982672 -1.1104977
v -5.239354 3.5556388 -0.33036396
v -2.5105147 7.691946 0.45923835
v -1.7702458 6.913212 0.24939553
v -1.3982975 7.6637864 0.07387307
v -1.8905445 5.0824423 -0.1513373
v -2.4383907 5.55114 0.26768345
v -2.281953 4.602437 0.048318967
v -1.7702458 6.913212 0.24939553
v -1.0306048 6.833066 -0.19766374
v -1.3982975 7.6637864 0.07387307
v -1.5978787 8.826139 -1.0602906
v -1.092748 9.085047 -1.4570131
v -2.1001008 8.608427 -1.3678647
v -3.204249 4.4138536 -1.3626013
v -2.4949543 4.691553 -1.4146452
v -2.4049344 3.8673701 -0.52936965
v 1.4954714 7.2267756 -1.0244498
v 2.4487362 7.0673313 -0.506399
v 2.5189388 7.3868513 -1.0853457
v 5.835911 3.7363493 -0.2892545
v 5.2807503 4.2652073 -0.79212636
v 5.6963153 4.4353747 -0.31208026
v -2.895465 2.9723182 0.9175745
v -2.4131436 2.494061 1.2477646
v -2.0953999 2.894595 0.029302165
v 2.946604 3.6657023 -1.975645
v 2.1863124 3.421304 -1.6197437
v 2.4194531 4.150703 -1.1799233
v 4.850445 0.18814296 1.331322
v 5.132081 0.28036967 0.53360915
v 5.483056 0.72987497 1.3684719
v 3.4489226 3.145002 2.0853019
v 2.9630938 2.6082978 2.1653574
v 3.3959587 1.9939396 2.0886292
v -3.120582 2.7407222 1.49318
v -3.5090437 3.188614 1.1965303
v -4.011165 2.5485432 1.4173919
v -3.4737515 0.10859141 -0.7798883
v -4.2364297 0.9333528 -1.644649
v -2.9738374 0.21584836 -1.5523334
v -2.0507723E-4 3.2131922 0.4866051
v -0.036267772 2.517972 0.53019786
v -0.036267772 2.517972 0.53019786
v 4.0816193 0.38746667 -1.3631165
v 3.0730567 0.13099179 -0.99001795
v 3.0981665 0.74859923 -1.6921484
v 1.8406492 0.3902837 0.03939092
v 1.4621005 1.3433863 0.45832196
v 1.4206945 0.99091613 -0.39877334
v 2.1863124 3.421304 -1.6197437
v 2.1897469 2.7049031 -1.9786278
v 1.5511866 2.6935985 -1.1751093
v -2.345461 0.09701348 -0.8506799
v -1.7809091 0.13786913 -0.09672423
v -2.981601 0.19458613 -0.18227148
v -1.3982975 7.6637864 0.07387307
v -1.0306048 6.833066 -0.19766374
v -0.9389144 7.8021135 -0.30389866
v 3.0981665 0.74859923 -1.6921484
v 2.518918 0.8445109 -1.8377597
v -2.281953 4.602437 0.048318967
v -2.7550383 4.1976743 0.4223752
v -2.4049344 3.8673701 -0.52936965
v -2.432085 6.401841 0.3807772
v -3.866999 6.398743 0.6776224
v -3.4657967 6.3050895 -0.25903124
v 4.806452 0.5855912 1.8669913
v 5.3079042 1.2143922 1.9163282
v 4.5931745 1.2788082 2.04368
v -4.167777 6.855895 0.43812364
v -3.866999 6.398743 0.6776224
v -3.4669945 7.1525106 0.39409974
v -1.4154657 2.6359532 -1.7233713
v -1.2253821 3.3881164 -1.4538321
v -0.7610277 2.8814654 -1.9024909
v 0.76628906 6.2579403 -0.062599
v 0.8913217 4.996234 0.15883112
v 1.4789569 6.0345764 0.09187561
v -5.2751055 8.366051 -0.10366502
v -5.975692 8.1915455 0.11862138
v -1.5153477 3.4955833 -0.8362775
v -1.0425676 4.1559515 -1.1763036
v -1.2253821 3.3881164 -1.4538321
v 0.72810876 6.78259 -1.2909383
v 1.4954714 7.2267756 -1.0244498
v 1.4083004 6.918212 -1.5719767
v 2.2254376 0.32734722 0.7832004
v 1.8721445 0.360965 1.4195104
v 1.0929406 0.61131287 1.0614507
v -2.3093271 1.4506595 -1.9275706
v -2.173825 0.8765984 -2.2784796
v -2.9112759 0.7003012 -2.249932
v -2.6213117 1.482136 2.356312
v -3.1504703 2.1013045 1.7702763
v -3.328232 1.4963775 2.5237217
v 6.044653 1.9900031 1.28209
v 5.83765 1.328325 1.4080719
v 5.967759 1.8550406 0.6756562
v 3.5379457 2.9944143 -1.7762712
v 2.7500782 2.9757438 -2.0635464
v 2.946604 3.6657023 -1.975645
v -1.7399275 1.4569628 1.7540385
v -1.5569892 2.187788 0.99712586
v -2.1574132 1.8862488 1.7209573
v 0.8386147 3.0140553 -1.0727077
v 1.1459161 3.7296436 -0.9051706
v 0.9967871 4.0562916 -0.16521853
v 4.347283 6.3091474 -0.80962485
v 4.884585 5.4551306 -1.0499568
v 4.0283365 5.4235396 -1.8360736
v 3.621472 0.9371635 -1.9677238
v 4.1605406 1.1425679 -1.2911508
v 4.0816193 0.38746667 -1.3631165
v -3.925696 1.4222528 2.0989985
v -4.455782 1.752068 1.4089016
v -4.2430925 0.971164 1.7680583
v -0.6111896 4.0012116 0.24010217
v -0.7021664 3.324585 0.48516336
v -2.0507723E-4 3.2131922 0.4866051
v -6.4041 7.0428147 1.0244234
v -5.957634 6.557681 1.5662153
v -5.58859 6.8374653 1.0397483
v -4.9903164 2.9216852 -1.0050037
v -4.073882 3.1600718 -1.2783096
v -4.3450737 2.4775672 -1.7909577
v 0.3073969 4.5822372 0.31254163
v 0.20455626 5.297453 0.16761664
v -0.24555235 4.8284793 0.14862795
v 0.3073969 4.5822372 0.31254163
v 0.8913217 4.996234 0.15883112
v 0.20455626 5.297453 0.16761664
v -1.7702458 6.913212 0.24939553
v -2.5105147 7.691946 0.45923835
v -2.557577 7.0685186 0.47890607
v 4.7037854 2.0587502 0.6007141
v 4.788641 2.5594563 1.0317681
v 4.918988 3.1577663 0.06561777
v -5.0004554 0.56306565 -0.20783204
v -4.939973 1.072694 0.97470623
v -5.2627335 0.9796437 0.40325624
v -0.042860158 4.400094 -1.9222498
v 0.40559846 3.3007607 -1.8494471
v -0.37259024 3.5383148 -1.9502523
v -1.6002963 0.7713244 2.0074892
v -2.0646539 0.5298699 1.4987633
v -1.4710586 0.12233125 1.5603254
v -5.3771253 6.751101 0.34449244
v -4.8212514 6.7033253 0.7739444
v -4.6453733 6.7780547 -0.016114429
v 2.019739 6.261919 -2.061166
v 2.9282703 6.9330807 -1.6453212
v 3.0899727 6.2754717 -1.9870589
v -5.8880906 6.247943 0.15548038
v -5.1436157 6.3276844 -0.208453
v -4.754801 6.1096325 0.5587014
v -0.37259024 3.5383148 -1.9502523
v -0.67591953 4.1881685 -1.6779529
v -0.042860158 4.400094 -1.9222498
v -0.15802008 1.6035199 0.7660582
v -0.7990163 0.28127548 1.9751521
v -0.42522043 0.4371 1.1461029
v 2.4398274 2.8388844 0.021553969
v 2.7368808 2.0789654 0.36276788
v -4.0229197 0.32606873 2.326748
v -3.757557 0.1506668 1.7722303
v -3.2755084 0.26729333 2.6258163
v -3.07379 5.778068 -1.4952637
v -2.5990727 6.216117 -1.7986208
v -2.2181318 5.610663 -1.6418889
v 5.2702436 2.0742464 1.8063905
v 4.5931745 1.2788082 2.04368
v 5.3079042 1.2143922 1.9163282
v 5.2266526 4.3783503 0.13104007
v 5.6963153 4.4353747 -0.31208026
v 5.108138 5.1580806 -0.45638737
v -2.6979818 3.0936773 0.2557717
v -2.9604502 3.619278 0.5817588
v -2.895465 2.9723182 0.9175745
v 4.8641715 0.38136744 -0.85760367
v 5.317091 0.32741544 -0.2545705
v 4.40291 0.07597969 -0.15149374
v 5.2702436 2.0742464 1.8063905
v 6.087355 2.6304436 1.1110771
v 5.858969 3.3443651 0.85636103
v 5.835911 3.7363493 -0.2892545
v 5.6963153 4.4353747 -0.31208026
v 5.8408003 4.0513344 0.24526194
v 5.483056 0.72987497 1.3684719
v 4.806452 0.5855912 1.8669913
v 4.850445 0.18814296 1.331322
v -1.0868672 1.0141081 -2.033593
v -0.38931876 1.2224078 -1.3516679
v -0.809175 0.47313595 -1.0568297
v -0.9389144 7.8021135 -0.30389866
v -1.0306048 6.833066 -0.19766374
v -1.2938724 7.4299836 -1.1824476
v 3.2448506 1.4428204 1.6002738
v 4.102351 0.63867426 1.8783286
v 3.578244 1.7494146 1.1696279
v -5.58859 6.8374653 1.0397483
v -5.8880906 6.247943 0.15548038
v -6.4041 7.0428147 1.0244234
v 4.620904 1.0317266 -0.52966416
v 3.9286695 1.5547893 -0.19060504
v 4.95195 1.3816836 0.07800767
v 3.1702976 2.2901092 1.2849799
v 3.4489226 3.145002 2.0853019
v 3.3959587 1.9939396 2.0886292
v 0.03665137 6.147989 -1.3239465
v 0.101783596 5.444379 -1.8136189
v -0.3946703 5.379938 -1.3446001
v 2.9268637 6.3385286 0.0035203323
v 3.5360615 5.8274016 0.096291244
v 3.7217946 6.5624743 -0.37285954
v -1.4710586 0.12233125 1.5603254
v -1.4994242 0.13634512 0.5902326
v -1.0013608 0.16821133 1.0080615
v 3.578244 1.7494146 1.1696279
v 4.102351 0.63867426 1.8783286
v 4.5931745 1.2788082 2.04368
v -4.552589 0.2699914 0.4003883
v -3.7787955 0.06675156 -0.27098203
v -3.6407123 0.1120084 0.51406133
v 3.9286695 1.5547893 -0.19060504
v 2.7368808 2.0789654 0.36276788
v 3.2687783 1.763922 0.57440317
v 2.1897469 2.7049031 -1.9786278
v 2.946604 3.6657023 -1.975645
v 2.7500782 2.9757438 -2.0635464
v 2.1863124 3.421304 -1.6197437
v 2.946604 3.6657023 -1.975645
v -1.2656889 3.009158 0.35084778
v -0.68923587 2.0117054 1.0945828
v -0.036267772 2.517972 0.53019786
v 4.4497 4.2631907 -0.26619878
v 4.466251 5.7185926 -0.48628262
v 4.2189116 5.042241 -0.02485837
v -4.0229197 0.32606873 2.326748
v -3.925696 1.4222528 2.0989985
v -4.2430925 0.971164 1.7680583
v -4.0229197 0.32606873 2.326748
v -3.8333306 1.0405061 2.8979003
v -3.925696 1.4222528 2.0989985
v 0.7178635 3.1697598 -0.10580525
v 0.43814883 2.1310124 -0.19021133
v 0.3228204 2.4962342 -1.4057095
v -3.4737515 0.10859141 -0.7798883
v -4.49338 0.31653434 -0.5704229
v -4.2364297 0.9333528 -1.644649
v -3.1918995 3.213201 -1.0309508
v -4.073882 3.1600718 -1.2783096
v -3.797873 3.763052 -1.2206131
v 2.4487362 7.0673313 -0.506399
v 2.2421875 6.573715 -2.3806468E-4
v 2.9268637 6.3385286 0.0035203323
v -3.6939347 8.741911 -0.2856727
v -3.9691308 8.490635 0.4497041
v -4.4402184 8.469776 0.010169558
v -0.7021664 3.324585 0.48516336
v -0.6111896 4.0012116 0.24010217
v -1.2656889 3.009158 0.35084778
v -0.9389144 7.8021135 -0.30389866
v -1.6044925 8.321625 -0.29318208
v -1.9397078 8.240772 0.20163988
v 3.3572962 2.9435205 -0.027544059
v 3.9286695 1.5547893 -0.19060504
v 3.6202369 1.8767006 -0.87908244
v -4.6453733 6.7780547 -0.016114429
v -5.1436157 6.3276844 -0.208453
v -5.3771253 6.751101 0.34449244
v 0.9967871 4.0562916 -0.16521853
v 1.4408171 4.371077 -0.846797
v 1.961178 4.7958517 -0.7759266
v -3.671474 7.1628914 -0.65770406
v -4.4174824 7.263626 -1.0506291
v -3.5675018 6.8806076 -1.4492917
v 3.975421 3.943561 -1.7754726
v 4.5860863 4.590028 -1.3159523
v 4.2777653 3.4227917 -0.81256646
v -3.5675018 6.8806076 -1.4492917
v -2.8712413 6.968483 -1.8523494
v -3.07379 5.778068 -1.4952637
v -3.7940946 4.814521 -1.1830865
v -3.204249 4.4138536 -1.3626013
v -3.797873 3.763052 -1.2206131
v -3.7787955 0.06675156 -0.27098203
v -3.4737515 0.10859141 -0.7798883
v -2.981601 0.19458613 -0.18227148
v 5.522612 0.9108472 0.48800504
v 5.4435883 1.8585554 0.29768515
v 5.967759 1.8550406 0.6756562
v 3.9158974 2.901753 -0.97071296
v 4.2777653 3.4227917 -0.81256646
v 3.3572962 2.9435205 -0.027544059
v -0.67591953 4.1881685 -1.6779529
v -0.37259024 3.5383148 -1.9502523
v -1.2253821 3.3881164 -1.4538321
v -4.3450737 2.4775672 -1.7909577
v -3.0745597 2.4208083 -1.4194785
v -4.659388 1.8326576 -1.3638916
v 1.8406492 0.3902837 0.03939092
v 2.2254376 0.32734722 0.7832004
v 1.0929406 0.61131287 1.0614507
v -3.4669945 7.1525106 0.39409974
v -3.866999 6.398743 0.6776224
v -3.1574507 6.563339 0.77050453
v -4.257504 6.21727 -0.14312431
v -4.754801 6.1096325 0.5587014
v -5.1436157 6.3276844 -0.208453
v 3.3572962 2.9435205 -0.027544059
v 4.2777653 3.4227917 -0.81256646
v 4.4497 4.2631907 -0.26619878
v -3.5090437 3.188614 1.1965303
v -2.895465 2.9723182 0.9175745
v -2.9604502 3.619278 0.5817588
v -4.257504 6.21727 -0.14312431
v -5.1436157 6.3276844 -0.208453
v -4.34582 6.3341813 -0.96892655
v -4.34582 6.3341813 -0.96892655
v -3.5675018 6.8806076 -1.4492917
v -3.07379 5.778068 -1.4952637
v 4.918988 3.1577663 0.06561777
v 4.5860863 4.590028 -1.3159523
v 5.2807503 4.2652073 -0.79212636
v 1.4954714 7.2267756 -1.0244498
v 1.7960813 6.939661 -0.36475056
v 2.4487362 7.0673313 -0.506399
v 1.4789569 6.0345764 0.09187561
v 1.1410973 6.729348 -0.32949978
v -1.5978787 8.826139 -1.0602906
v -2.1001008 8.608427 -1.3678647
v -1.092748 9.085047 -1.4570131
v 1.7960813 6.939661 -0.36475056
v 2.2421875 6.573715 -2.3806468E-4
v 2.4487362 7.0673313 -0.506399
v -2.9112759 0.7003012 -2.249932
v -1.7200683 0.4876721 -2.480278
v -2.4055705 0.15095663 -2.282219
v 4.95195 1.3816836 0.07800767
v 4.1109076 1.7415745 0.50213754
v 4.7037854 2.0587502 0.6007141
v 3.9286695 1.5547893 -0.19060504
v 4.1109076 1.7415745 0.50213754
v -3.4737515 0.10859141 -0.7798883
v -2.9738374 0.21584836 -1.5523334
v -2.345461 0.09701348 -0.8506799
v -5.58859 6.8374653 1.0397483
v -4.8212514 6.7033253 0.7739444
v 1.9299183 2.1249933 -1.9074011
v 1.5511866 2.6935985 -1.1751093
v 2.1897469 2.7049031 -1.9786278
v 5.835911 3.7363493 -0.2892545
v 4.918988 3.1577663 0.06561777
v 5.2807503 4.2652073 -0.79212636
v 1.5924637 5.322712 -0.006595485
v 0.8913217 4.996234 0.15883112
v 1.961178 4.7958517 -0.7759266
v 4.788641 2.5594563 1.0317681
v 5.2702436 2.0742464 1.8063905
v 5.141414 3.2863388 0.96663165
v -3.866999 6.398743 0.6776224
v -4.257504 6.21727 -0.14312431
v -3.4657967 6.3050895 -0.25903124
v -4.317649 4.739211 -0.7789975
v -3.990338 4.98271 0.23151788
v -3.7940946 4.814521 -1.1830865
v 3.9455276 4.4550886 0.11276116
v 3.6497788 5.1980305 0.17614865
v 3.0820494 4.5595293 0.1197178
v 5.141414 3.2863388 0.96663165
v 5.005867 3.8006961 0.2791973
v 4.918988 3.1577663 0.06561777
v 0.13271718 1.5412047 -0.9672703
v 0.096159376 1.93995 -1.4203453
v 0.3228204 2.4962342 -1.4057095
v -1.3252039 7.5063305 -2.4322376
v -1.7280473 8.005749 -2.2268395
v -1.6410328 7.4876375 -1.8121676
v 5.2266526 4.3783503 0.13104007
v 5.005867 3.8006961 0.2791973
v 5.858969 3.3443651 0.85636103
v -3.5090437 3.188614 1.1965303
v -3.120582 2.7407222 1.49318
v -2.895465 2.9723182 0.9175745
v 0.3073969 4.5822372 0.31254163
v 0.38028944 3.882336 0.3512752
v 0.9967871 4.0562916 -0.16521853
v 1.4419112 1.9920392 -0.35712034
v 1.6983981 1.927104 0.60825896
v 1.8940679 2.1558683 0.087786525
v -0.83254886 0.24047422 -0.0053613186
v -1.7809091 0.13786913 -0.09672423
v -1.4967805 0.08549766 -0.7494898
v 4.0816193 0.38746667 -1.3631165
v 4.1605406 1.1425679 -1.2911508
v 4.620904 1.0317266 -0.52966416
v 3.4489226 3.145002 2.0853019
v 3.0336022 2.8770576 1.3499244
v 3.216895 3.7292147 1.3140802
v -2.6979818 3.0936773 0.2557717
v -2.895465 2.9723182 0.9175745
v -2.0953999 2.894595 0.029302165
v -2.9112759 0.7003012 -2.249932
v -3.43691 1.1660343 -2.0712814
v -2.3093271 1.4506595 -1.9275706
v -0.24555235 4.8284793 0.14862795
v -1.1610864 4.248996 -0.5102235
v -0.6111896 4.0012116 0.24010217
v 4.0283365 5.4235396 -1.8360736
v 3.2131195 5.0558176 -2.004082
v 3.0899727 6.2754717 -1.9870589
v 1.8406492 0.3902837 0.03939092
v 2.1699126 0.110726565 -0.8951297
v 2.9502883 0.11827862 -0.26962924
v 0.72810876 6.78259 -1.2909383
v 1.1120988 6.241494 -1.988599
v 0.73764133 5.4357567 -2.052869
v -3.1574507 6.563339 0.77050453
v -2.432085 6.401841 0.3807772
v -3.4669945 7.1525106 0.39409974
v -3.4657967 6.3050895 -0.25903124
v -4.257504 6.21727 -0.14312431
v -3.5713224 6.122484 -0.975432
v 1.4408171 4.371077 -0.846797
v 1.4375153 4.494773 -1.4814901
v 1.961178 4.7958517 -0.7759266
v -4.593996 3.771744 0.8845189
v -3.6712446 4.296565 0.79779315
v -4.6861706 4.244787 0.52229005
v -3.5713224 6.122484 -0.975432
v -4.257504 6.21727 -0.14312431
v -4.34582 6.3341813 -0.96892655
v -5.975692 8.1915455 0.11862138
v -5.583276 8.364656 1.1044753
v -5.4059067 8.707102 0.39553526
v -1.7702458 6.913212 0.24939553
v -1.8229321 6.242547 0.11279045
v -1.3436713 0.39892852 -1.7171055
v -1.7200683 0.4876721 -2.480278
v -1.0868672 1.0141081 -2.033593
v 0.72810876 6.78259 -1.2909383
v 0.73764133 5.4357567 -2.052869
v 0.101783596 5.444379 -1.8136189
v 3.2448506 1.4428204 1.6002738
v 2.6650043 0.74572396 1.7245715
v 2.6650043 0.74572396 1.7245715
v 5.967759 1.8550406 0.6756562
v 6.122983 2.6908507 0.4355383
v 6.087355 2.6304436 1.1110771
v -3.4669945 7.1525106 0.39409974
v -2.557577 7.0685186 0.47890607
v -2.5105147 7.691946 0.45923835
v 5.83765 1.328325 1.4080719
v 5.483056 0.72987497 1.3684719
v 5.522612 0.9108472 0.48800504
v -5.957634 6.557681 1.5662153
v -5.6311274 6.18985 0.96038413
v -5.58859 6.8374653 1.0397483
v 2.7368808 2.0789654 0.36276788
v 3.1702976 2.2901092 1.2849799
v 3.578244 1.7494146 1.1696279
v -5.8880906 6.247943 0.15548038
v -5.6311274 6.18985 0.96038413
v -6.5193777 6.215095 0.27422178
v 1.8940679 2.1558683 0.087786525
v 1.8398361 2.8331392 -0.354248
v 1.4419112 1.9920392 -0.35712034
v -3.5887337 5.5123277 -0.9093951
v -3.4331365 5.5208516 0.07687326
v -3.5713224 6.122484 -0.975432
v 2.9081242 5.4011774 0.10136507
v 3.5360615 5.8274016 0.096291244
v 2.9268637 6.3385286 0.0035203323
v 2.019739 6.261919 -2.061166
v 1.4083004 6.918212 -1.5719767
v 2.3289135 7.0699663 -1.5680048
v -4.0378885 0.45483008 1.2421614
v -4.552589 0.2699914 0.4003883
v -3.6407123 0.1120084 0.51406133
v 1.8721445 0.360965 1.4195104
v 1.9963815 1.2545707 1.1772511
v 1.1888732 0.64547473 1.8145571
v -5.239354 3.5556388 -0.33036396
v -5.369019 2.839077 0.6140911
v -5.1932125 3.6356468 0.3794885
v -5.239354 3.5556388 -0.33036396
v -5.533532 2.6841054 -0.2001844
v -5.369019 2.839077 0.6140911
v -0.036267772 2.517972 0.53019786
v -0.68923587 2.0117054 1.0945828
v -0.15802008 1.6035199 0.7660582
v -4.011165 2.5485432 1.4173919
v -3.925696 1.4222528 2.0989985
v -3.1504703 2.1013045 1.7702763
v -3.797873 3.763052 -1.2206131
v -4.540724 3.4982672 -1.1104977
v -4.614555 4.173996 -0.84637636
v 3.578244 1.7494146 1.1696279
v 4.1109076 1.7415745 0.50213754
v 3.2687783 1.763922 0.57440317
v -4.593996 3.771744 0.8845189
v -4.927166 2.7421408 1.1180658
v -2.0864139 7.281025 -2.346844
v -2.6020663 7.8355904 -2.1743937
v -1.7280473 8.005749 -2.2268395
v 0.7178635 3.1697598 -0.10580525
v 0.8386147 3.0140553 -1.0727077
v 0.9967871 4.0562916 -0.16521853
v 5.553129 2.6412745 0.07932362
v 5.4435883 1.8585554 0.29768515
v -4.939973 1.072694 0.97470623
v -4.2430925 0.971164 1.7680583
v -4.455782 1.752068 1.4089016
v 3.216895 3.7292147 1.3140802
v 3.0336022 2.8770576 1.3499244
v 2.9630938 2.6082978 2.1653574
v 5.858969 3.3443651 0.85636103
v 5.553129 2.6412745 0.07932362
v 5.835911 3.7363493 -0.2892545
v 5.8408003 4.0513344 0.24526194
v 5.858969 3.3443651 0.85636103
v 5.835911 3.7363493 -0.2892545
v -1.9397078 8.240772 0.20163988
v -2.5105147 7.691946 0.45923835
v -1.3982975 7.6637864 0.07387307
v 5.2702436 2.0742464 1.8063905
v 4.788641 2.5594563 1.0317681
v 3.578244 1.7494146 1.1696279
v 2.7368808 2.0789654 0.36276788
v 3.578244 1.7494146 1.1696279
v 3.2687783 1.763922 0.57440317
v -1.4967805 0.08549766 -0.7494898
v -1.3436713 0.39892852 -1.7171055
v -0.809175 0.47313595 -1.0568297
v -5.533532 2.6841054 -0.2001844
v -4.9903164 2.9216852 -1.0050037
v -5.3329005 2.2568288 -0.7542379
v -4.49338 0.31653434 -0.5704229
v -4.552589 0.2699914 0.4003883
v -5.0004554 0.56306565 -0.20783204
v -1.7809091 0.13786913 -0.09672423
v -1.4994242 0.13634512 0.5902326
v -2.5072803 0.17502189 0.2895117
v 1.9299183 2.1249933 -1.9074011
v 1.4874821 1.5456977 -1.5617414
v 1.5511866 2.6935985 -1.1751093
v 2.2421875 6.573715 -2.3806468E-4
v 1.4789569 6.0345764 0.09187561
v 2.1662602 5.751864 0.06756194
v -1.119493 1.0260656 1.6999261
v -1.7399275 1.4569628 1.7540385
v -1.6002963 0.7713244 2.0074892
v -3.6770592 8.54734 -1.1828767
v -4.5399957 8.088273 -0.78312516
v -3.6939347 8.741911 -0.2856727
v -2.9190335 4.9383984 0.48950255
v -2.7550383 4.1976743 0.4223752
v -2.9190335 4.9383984 0.48950255
v -4.2364297 0.9333528 -1.644649
v -4.49338 0.31653434 -0.5704229
v -4.700194 0.4547 -1.4142625
v 5.108138 5.1580806 -0.45638737
v 4.4497 4.2631907 -0.26619878
v 5.2266526 4.3783503 0.13104007
v -4.7812977 7.9679465 0.9888193
v -4.6932793 7.6858816 0.19959775
v -4.007305 7.5060997 0.8679174
v 3.5379457 2.9944143 -1.7762712
v 3.9158974 2.901753 -0.97071296
v 3.5787392 2.3096895 -1.3038918
v -5.34449 0.7954346 -1.5086685
v -4.8739457 0.63124967 -2.03925
v -4.700194 0.4547 -1.4142625
v -3.4331365 5.5208516 0.07687326
v -3.990338 4.98271 0.23151788
v -2.9190335 4.9383984 0.48950255
v 3.5360615 5.8274016 0.096291244
v 2.9081242 5.4011774 0.10136507
v 3.6497788 5.1980305 0.17614865
v -5.2751055 8.366051 -0.10366502
v -5.4059067 8.707102 0.39553526
v -4.4402184 8.469776 0.010169558
v 0.3228204 2.4962342 -1.4057095
v 0.8386147 3.0140553 -1.0727077
v 0.7178635 3.1697598 -0.10580525
v 2.9502883 0.11827862 -0.26962924
v 2.2254376 0.32734722 0.7832004
v 1.8406492 0.3902837 0.03939092
v -2.9040802 0.42668632 1.4954964
v -3.757557 0.1506668 1.7722303
v -3.6407123 0.1120084 0.51406133
v 3.3572962 2.9435205 -0.027544059
v 2.6355648 3.6598814 -0.032360718
v 2.4398274 2.8388844 0.021553969
v -3.8718312 7.9857206 -1.4632623
v -3.6770592 8.54734 -1.1828767
v -2.7994368 8.61072 -1.9278913
v -0.7990163 0.28127548 1.9751521
v -0.15802008 1.6035199 0.7660582
v -1.119493 1.0260656 1.6999261
v 3.746293 0.0853523 -0.4315734
v 4.8641715 0.38136744 -0.85760367
v 4.40291 0.07597969 -0.15149374
v 2.3289135 7.0699663 -1.5680048
v 1.4083004 6.918212 -1.5719767
v 1.4954714 7.2267756 -1.0244498
v 3.033914 7.1556425 -0.83468854
v 2.5189388 7.3868513 -1.0853457
v 2.4487362 7.0673313 -0.506399
v -2.3467703 0.1441961 0.88117814
v -1.4994242 0.13634512 0.5902326
v -2.0646539 0.5298699 1.4987633
v -1.7399275 1.4569628 1.7540385
v -1.1697412 1.4786463 1.194941
v -1.5569892 2.187788 0.99712586
v 1.4375153 4.494773 -1.4814901
v 0.8438719 4.0847163 -1.8551142
v 0.73764133 5.4357567 -2.052869
v -2.9112759 0.7003012 -2.249932
v -2.173825 0.8765984 -2.2784796
v -1.7200683 0.4876721 -2.480278
v 3.9286695 1.5547893 -0.19060504
v 3.2687783 1.763922 0.57440317
v 4.1109076 1.7415745 0.50213754
v 4.1605406 1.1425679 -1.2911508
v 3.3871055 1.675365 -1.9517426
v 3.5787392 2.3096895 -1.3038918
v -5.3771253 6.751101 0.34449244
v -5.8880906 6.247943 0.15548038
v -5.58859 6.8374653 1.0397483
v -4.0899305 6.913597 -0.22444414
v -3.4669945 7.1525106 0.39409974
v -3.671474 7.1628914 -0.65770406
v 2.1897469 2.7049031 -1.9786278
v 2.942614 2.326323 -2.0131388
v 1.9299183 2.1249933 -1.9074011
v -0.6111896 4.0012116 0.24010217
v 0.3073969 4.5822372 0.31254163
v -0.24555235 4.8284793 0.14862795
v -3.4331365 5.5208516 0.07687326
v -3.5887337 5.5123277 -0.9093951
v -3.990338 4.98271 0.23151788
v 2.518918 0.8445109 -1.8377597
v 3.0730567 0.13099179 -0.99001795
v 1.6869402 0.6115457 -1.1334023
v -2.281953 4.602437 0.048318967
v -1.8479736 4.657233 -0.7109028
v -1.8905445 5.0824423 -0.1513373
v -4.552589 0.2699914 0.4003883
v -4.0378885 0.45483008 1.2421614
v -4.939973 1.072694 0.97470623
v 2.8473659 0.6510873 -2.81667
v 2.4802833 1.4139531 -2.4526453
v 3.1187108 0.87052596 -2.3023415
v -1.0306048 6.833066 -0.19766374
v -1.0700474 6.627599 -1.1992192
v -1.2938724 7.4299836 -1.1824476
v -3.8333306 1.0405061 2.8979003
v -3.328232 1.4963775 2.5237217
v -3.925696 1.4222528 2.0989985
v 1.3727055 5.292077 -2.031461
v 1.4375153 4.494773 -1.4814901
v 0.73764133 5.4357567 -2.052869
v -1.9882247 6.2993393 -1.8741508
v -2.5990727 6.216117 -1.7986208
v -2.8712413 6.968483 -1.8523494
v -2.5105147 7.691946 0.45923835
v -1.9397078 8.240772 0.20163988
v -2.5444462 8.429683 0.34285024
v -4.3450737 2.4775672 -1.7909577
v -4.073882 3.1600718 -1.2783096
v -3.0745597 2.4208083 -1.4194785
v -4.073882 3.1600718 -1.2783096
v -4.9903164 2.9216852 -1.0050037
v -4.540724 3.4982672 -1.1104977
v -5.34449 0.7954346 -1.5086685
v -4.700194 0.4547 -1.4142625
v -4.49338 0.31653434 -0.5704229
v -4.036254 7.5442038 0.15599445
v -4.438613 7.4735518 -0.44472635
v -3.671474 7.1628914 -0.65770406
v 1.4954714 7.2267756 -1.0244498
v 2.5189388 7.3868513 -1.0853457
v 2.3289135 7.0699663 -1.5680048
v -3.204249 4.4138536 -1.3626013
v -3.7940946 4.814521 -1.1830865
v -3.07379 5.778068 -1.4952637
v -2.0654745 2.7361808 -1.0281899
v -1.2253821 3.3881164 -1.4538321
v -1.4154657 2.6359532 -1.7233713
v -3.489769 0.48786795 -1.91716
v -3.43691 1.1660343 -2.0712814
v -2.9112759 0.7003012 -2.249932
v -2.2203903 8.3336315 -2.00476
v -1.8213733 8.013949 -1.5041865
v -1.7280473 8.005749 -2.2268395
v 3.1702976 2.2901092 1.2849799
v 3.2448506 1.4428204 1.6002738
v 3.578244 1.7494146 1.1696279
v 2.6355648 3.6598814 -0.032360718
v 2.1004806 3.5977306 -0.73339236
v 2.4398274 2.8388844 0.021553969
v -2.672553 0.6149964 2.3571696
v -3.2755084 0.26729333 2.6258163
v -2.9040802 0.42668632 1.4954964
v 6.087355 2.6304436 1.1110771
v 5.2702436 2.0742464 1.8063905
v 6.044653 1.9900031 1.28209
v 4.102351 0.63867426 1.8783286
v 3.2573478 0.10774922 1.0955664
v 4.3830657 0.088676564 0.8362844
v -5.2540517 7.605942 -0.5205626
v -4.4174824 7.263626 -1.0506291
v -4.438613 7.4735518 -0.44472635
v 2.7523346 4.736864 -1.69947
v 1.961178 4.7958517 -0.7759266
v 2.34087 5.369492 -1.8413968
v -4.939973 1.072694 0.97470623
v -5.4947543 1.6096957 0.30342892
v -5.2627335 0.9796437 0.40325624
v 4.620904 1.0317266 -0.52966416
v 4.95195 1.3816836 0.07800767
v 5.522612 0.9108472 0.48800504
v 5.2615786 4.8598347 -1.0214695
v 5.762761 5.224612 -0.7459573
v 5.6963153 4.4353747 -0.31208026
v -1.9128422 2.2441049 -1.6120547
v -0.9611859 1.9629414 -1.9402757
v -2.3093271 1.4506595 -1.9275706
v -1.9128422 2.2441049 -1.6120547
v -1.4154657 2.6359532 -1.7233713
v -0.9611859 1.9629414 -1.9402757
v -2.0953999 2.894595 0.029302165
v -2.0654745 2.7361808 -1.0281899
v -2.4049344 3.8673701 -0.52936965
v 5.553129 2.6412745 0.07932362
v 6.122983 2.6908507 0.4355383
v 5.967759 1.8550406 0.6756562
v 2.946604 3.6657023 -1.975645
v 3.975421 3.943561 -1.7754726
v 3.5379457 2.9944143 -1.7762712
v -0.9389144 7.8021135 -0.30389866
v -1.6939998 8.185793 -0.8959367
v -1.6044925 8.321625 -0.29318208
v -3.866999 6.398743 0.6776224
v -4.167777 6.855895 0.43812364
v -4.8212514 6.7033253 0.7739444
v 5.3079042 1.2143922 1.9163282
v 5.483056 0.72987497 1.3684719
v -4.927166 2.7421408 1.1180658
v -4.593996 3.771744 0.8845189
v -4.4174824 7.263626 -1.0506291
v -4.5399957 8.088273 -0.78312516
v -3.8718312 7.9857206 -1.4632623
v -2.4949543 4.691553 -1.4146452
v -3.204249 4.4138536 -1.3626013
v -3.07379 5.778068 -1.4952637
v -2.4949543 4.691553 -1.4146452
v -1.5677583 5.2762184 -1.0956423
v -1.8479736 4.657233 -0.7109028
v 3.9286695 1.5547893 -0.19060504
v 3.3572962 2.9435205 -0.027544059
v 2.7368808 2.0789654 0.36276788
v 2.6604617 4.618019 -0.3467739
v 2.3700125 5.157894 -0.34640625
v -1.4190965 5.892292 -0.47848475
v -1.5677583 5.2762184 -1.0956423
v -1.3350213 5.9629984 -1.423013
v 1.1120988 6.241494 -1.988599
v 1.4083004 6.918212 -1.5719767
v 2.019739 6.261919 -2.061166
v 4.2189116 5.042241 -0.02485837
v 3.9455276 4.4550886 0.11276116
v 4.4497 4.2631907 -0.26619878
v 1.4621005 1.3433863 0.45832196
v 1.0929406 0.61131287 1.0614507
v 1.9963815 1.2545707 1.1772511
v -2.4131436 2.494061 1.2477646
v -1.5569892 2.187788 0.99712586
v -2.0953999 2.894595 0.029302165
v 1.961178 4.7958517 -0.7759266
v 0.8913217 4.996234 0.15883112
v 0.9967871 4.0562916 -0.16521853
v -1.1697412 1.4786463 1.194941
v -1.119493 1.0260656 1.6999261
v -0.15802008 1.6035199 0.7660582
v -1.475302 6.786642 -2.3466973
v -1.5037943 6.7858133 -1.6952116
v -1.9882247 6.2993393 -1.8741508
v 4.0283365 5.4235396 -1.8360736
v 3.0899727 6.2754717 -1.9870589
v 3.969616 6.1771345 -1.6562953
v 1.4408171 4.371077 -0.846797
v 1.1459161 3.7296436 -0.9051706
v 1.4375153 4.494773 -1.4814901
v -5.3329005 2.2568288 -0.7542379
v -5.5440226 1.8777906 -0.25212657
v -5.533532 2.6841054 -0.2001844
v 3.2131195 5.0558176 -2.004082
v 2.7523346 4.736864 -1.69947
v -5.239354 3.5556388 -0.33036396
v -5.1932125 3.6356468 0.3794885
v 1.4206945 0.99091613 -0.39877334
v 1.6869402 0.6115457 -1.1334023
v 2.1699126 0.110726565 -0.8951297
v -0.8728076 4.734507 -1.0617123
v -1.0425676 4.1559515 -1.1763036
v -1.1610864 4.248996 -0.5102235
v 4.5860863 4.590028 -1.3159523
v 3.975421 3.943561 -1.7754726
v 3.8312066 4.7361016 -1.9879787
v -3.0492303 8.701954 -0.06986151
v -3.6939347 8.741911 -0.2856727
v -4.4402184 8.469776 0.010169558
v -1.3350213 5.9629984 -1.423013
v -1.5037943 6.7858133 -1.6952116
v -1.0700474 6.627599 -1.1992192
v 2.4802833 1.4139531 -2.4526453
v 3.1187108 0.87052596 -2.3023415
v 2.518918 0.8445109 -1.8377597
v 0.20455626 5.297453 0.16761664
v -0.63757646 5.2089524 -0.56655955
v -0.24555235 4.8284793 0.14862795
v -2.4049344 3.8673701 -0.52936965
v -1.8479736 4.657233 -0.7109028
v -2.9112759 0.7003012 -2.249932
v -2.4055705 0.15095663 -2.282219
v -2.9738374 0.21584836 -1.5523334
v -3.757557 0.1506668 1.7722303
v -4.0229197 0.32606873 2.326748
v -4.2430925 0.971164 1.7680583
v 3.1702976 2.2901092 1.2849799
v 2.7368808 2.0789654 0.36276788
v 2.3548877 2.3476496 1.2265422
v 0.7178635 3.1697598 -0.10580525
v 0.9967871 4.0562916 -0.16521853
v 0.38028944 3.882336 0.3512752
v -2.2479515 8.735125 -0.088580415
v -1.9397078 8.240772 0.20163988
v -1.6044925 8.321625 -0.29318208
v 2.6604617 4.618019 -0.3467739
v 2.6355648 3.6598814 -0.032360718
v 3.0820494 4.5595293 0.1197178
v -5.533532 2.6841054 -0.2001844
v -5.239354 3.5556388 -0.33036396
v -4.9903164 2.9216852 -1.0050037
v -1.7399275 1.4569628 1.7540385
v -2.672553 0.6149964 2.3571696
v -1.6002963 0.7713244 2.0074892
v 2.1004806 3.5977306 -0.73339236
v 2.6604617 4.618019 -0.3467739
v 2.4194531 4.150703 -1.1799233
v -0.83254886 0.24047422 -0.0053613186
v -0.5430301 0.82565 0.5829269
v -1.0013608 0.16821133 1.0080615
v 6.122983 2.6908507 0.4355383
v 5.858969 3.3443651 0.85636103
v 6.087355 2.6304436 1.1110771
v -1.0306048 6.833066 -0.19766374
v -1.7702458 6.913212 0.24939553
v -1.8229321 6.242547 0.11279045
v 2.1004806 3.5977306 -0.73339236
v 1.5511866 2.6935985 -1.1751093
v 1.8398361 2.8331392 -0.354248
v 4.347283 6.3091474 -0.80962485
v 3.7638128 6.845091 -1.1514308
v 3.7217946 6.5624743 -0.37285954
v -2.981601 0.19458613 -0.18227148
v -3.6407123 0.1120084 0.51406133
v -3.7787955 0.06675156 -0.27098203
v 1.5924637 5.322712 -0.006595485
v 1.961178 4.7958517 -0.7759266
v 2.3700125 5.157894 -0.34640625
v -1.0013608 0.16821133 1.0080615
v -1.4710586 0.12233125 1.5603254
v 1.6983981 1.927104 0.60825896
v 2.3548877 2.3476496 1.2265422
v 1.8940679 2.1558683 0.087786525
v 2.6650043 0.74572396 1.7245715
v 2.2254376 0.32734722 0.7832004
v 3.2573478 0.10774922 1.0955664
v -1.7809091 0.13786913 -0.09672423
v -2.5072803 0.17502189 0.2895117
v -2.981601 0.19458613 -0.18227148
v -0.809175 0.47313595 -1.0568297
v -0.38931876 1.2224078 -1.3516679
v -0.30619994 0.84186065 -0.71536964
v 5.132081 0.28036967 0.53360915
v 4.3830657 0.088676564 0.8362844
v 4.40291 0.07597969 -0.15149374
v 2.942614 2.326323 -2.0131388
v 2.7500782 2.9757438 -2.0635464
v 3.5379457 2.9944143 -1.7762712
v -2.0864139 7.281025 -2.346844
v -2.8712413 6.968483 -1.8523494
v -3.369756 7.4523497 -1.6881869
v -2.0654745 2.7361808 -1.0281899
v -1.4154657 2.6359532 -1.7233713
v -1.9128422 2.2441049 -1.6120547
v -2.4383907 5.55114 0.26768345
v -3.4331365 5.5208516 0.07687326
v -2.9190335 4.9383984 0.48950255
v 0.20455626 5.297453 0.16761664
v 0.26030275 5.964492 -0.192099
v -0.63757646 5.2089524 -0.56655955
v 3.3572962 2.9435205 -0.027544059
v 2.4398274 2.8388844 0.021553969
v 2.7368808 2.0789654 0.36276788
v -5.1526356 1.0702078 -0.7093551
v -5.5440226 1.8777906 -0.25212657
v -4.659388 1.8326576 -1.3638916
v -2.0654745 2.7361808 -1.0281899
v -2.3093271 1.4506595 -1.9275706
v -3.0745597 2.4208083 -1.4194785
v -5.34449 0.7954346 -1.5086685
v -5.1526356 1.0702078 -0.7093551
v -4.2364297 0.9333528 -1.644649
v -5.0004554 0.56306565 -0.20783204
v -4.552589 0.2699914 0.4003883
v -4.939973 1.072694 0.97470623
v -4.6861706 4.244787 0.52229005
v -3.6712446 4.296565 0.79779315
v -1.3982975 7.6637864 0.07387307
v -0.9389144 7.8021135 -0.30389866
v -1.9397078 8.240772 0.20163988
v -0.38931876 1.2224078 -1.3516679
v -1.0868672 1.0141081 -2.033593
v -0.9611859 1.9629414 -1.9402757
v -2.1001008 8.608427 -1.3678647
v -2.3325455 9.294001 -1.1083452
v -1.5978787 8.826139 -1.0602906
v 2.6650043 0.74572396 1.7245715
v 2.3548877 2.3476496 1.2265422
v 1.9963815 1.2545707 1.1772511
v 0.40559846 3.3007607 -1.8494471
v 0.8386147 3.0140553 -1.0727077
v 0.3228204 2.4962342 -1.4057095
v 2.942614 2.326323 -2.0131388
v 2.4802833 1.4139531 -2.4526453
v 1.9299183 2.1249933 -1.9074011
v 0.8438719 4.0847163 -1.8551142
v 0.41442108 4.8066225 -2.045424
v 0.73764133 5.4357567 -2.052869
v -5.975692 8.1915455 0.11862138
v -4.7812977 7.9679465 0.9888193
v -5.583276 8.364656 1.1044753
v -3.5090437 3.188614 1.1965303
v -4.2942142 3.2745514 1.1497177
v -4.011165 2.5485432 1.4173919
v -2.6020663 7.8355904 -2.1743937
v -2.2203903 8.3336315 -2.00476
v -1.7280473 8.005749 -2.2268395
v -3.07379 5.778068 -1.4952637
v -3.5713224 6.122484 -0.975432
v -4.34582 6.3341813 -0.96892655
v 5.108138 5.1580806 -0.45638737
v 5.6963153 4.4353747 -0.31208026
v 5.762761 5.224612 -0.7459573
v 1.1459161 3.7296436 -0.9051706
v 0.8386147 3.0140553 -1.0727077
v 0.867882 3.556832 -1.521236
v -2.5072803 0.17502189 0.2895117
v -1.4994242 0.13634512 0.5902326
v -2.3467703 0.1441961 0.88117814
v -4.9903164 2.9216852 -1.0050037
v -4.3450737 2.4775672 -1.7909577
v -4.659388 1.8326576 -1.3638916
v -3.07379 5.778068 -1.4952637
v -3.5887337 5.5123277 -0.9093951
v -3.5713224 6.122484 -0.975432
v 5.2266526 4.3783503 0.13104007
v 5.858969 3.3443651 0.85636103
v -2.4131436 2.494061 1.2477646
v -3.1504703 2.1013045 1.7702763
v -2.1574132 1.8862488 1.7209573
v 5.5259466 6.115389 -0.4395175
v 6.2245855 5.741478 -0.4341277
v 5.762761 5.224612 -0.7459573
v -4.167777 6.855895 0.43812364
v -4.6453733 6.7780547 -0.016114429
v -4.8212514 6.7033253 0.7739444
v 1.944788 1.4136891 -2.1194267
v 2.518918 0.8445109 -1.8377597
v 1.7921185 1.0014899 -1.6591918
v 5.553129 2.6412745 0.07932362
v 5.967759 1.8550406 0.6756562
v 5.4435883 1.8585554 0.29768515
v 6.2245855 5.741478 -0.4341277
v 6.549698 6.258595 -0.2065205
v 5.5259466 6.115389 -0.4395175
v 2.4802833 1.4139531 -2.4526453
v 3.3871055 1.675365 -1.9517426
v 3.1187108 0.87052596 -2.3023415
v -1.2938724 7.4299836 -1.1824476
v -1.6410328 7.4876375 -1.8121676
v -1.8213733 8.013949 -1.5041865
v 3.3959587 1.9939396 2.0886292
v 3.2448506 1.4428204 1.6002738
v 3.1702976 2.2901092 1.2849799
v 3.3871055 1.675365 -1.9517426
v 3.621472 0.9371635 -1.9677238
v 3.1187108 0.87052596 -2.3023415
v -5.3771253 6.751101 0.34449244
v -5.1436157 6.3276844 -0.208453
v -5.8880906 6.247943 0.15548038
v -1.6939998 8.185793 -0.8959367
v -1.8213733 8.013949 -1.5041865
v -2.1001008 8.608427 -1.3678647
v -1.5569892 2.187788 0.99712586
v -0.68923587 2.0117054 1.0945828
v -1.2656889 3.009158 0.35084778
v -4.2364297 0.9333528 -1.644649
v -3.489769 0.48786795 -1.91716
v -2.9738374 0.21584836 -1.5523334
v -4.0899305 6.913597 -0.22444414
v -3.671474 7.1628914 -0.65770406
v -4.34582 6.3341813 -0.96892655
v -2.6213117 1.482136 2.356312
v -1.7399275 1.4569628 1.7540385
v -2.1574132 1.8862488 1.7209573
v -4.34582 6.3341813 -0.96892655
v -3.671474 7.1628914 -0.65770406
v -3.5675018 6.8806076 -1.4492917
v -0.7610277 2.8814654 -1.9024909
v -1.2253821 3.3881164 -1.4538321
v -0.37259024 3.5383148 -1.9502523
v -1.2938724 7.4299836 -1.1824476
v -1.5037943 6.7858133 -1.6952116
v -1.6410328 7.4876375 -1.8121676
v 5.2702436 2.0742464 1.8063905
v 3.578244 1.7494146 1.1696279
v 4.5931745 1.2788082 2.04368
v 0.8438719 4.0847163 -1.8551142
v 0.40559846 3.3007607 -1.8494471
v -0.042860158 4.400094 -1.9222498
v -4.4402184 8.469776 0.010169558
v -4.5399957 8.088273 -0.78312516
v -5.2751055 8.366051 -0.10366502
v -6.4041 7.0428147 1.0244234
v -6.5193777 6.215095 0.27422178
v -5.957634 6.557681 1.5662153
v 2.019739 6.261919 -2.061166
v 2.3289135 7.0699663 -1.5680048
v 2.9282703 6.9330807 -1.6453212
v -3.2755084 0.26729333 2.6258163
v -3.8333306 1.0405061 2.8979003
v -4.0229197 0.32606873 2.326748
v -4.5399957 8.088273 -0.78312516
v -4.4174824 7.263626 -1.0506291
v -5.2540517 7.605942 -0.5205626
v -2.9040802 0.42668632 1.4954964
v -3.2755084 0.26729333 2.6258163
v -3.757557 0.1506668 1.7722303
v -5.3329005 2.2568288 -0.7542379
v -5.5440226 1.8777906 -0.25212657
v -5.533532 2.6841054 -0.2001844
v -5.5440226 1.8777906 -0.25212657
v -5.4947543 1.6096957 0.30342892
vn -0.4980015 0.294595 -0.810373
vn -0.55913 0.216224 -0.800348
vn -0.28097248 0.091593996 -0.9359722
vn 0.8001076 -0.37427744 0.40403253
vn 0.836177 -0.24718451 0.457854
vn 0.660482 -0.515946 0.545457
vn 0.23661387 0.06703663 0.96361625
vn 0.3431805 0.1013825 0.93244696
vn 0.16739774 0.09885044 0.9743986
vn -0.4147085 0.87343174 0.21443051
vn -0.432295 0.897519 -0.086734
vn -0.0872145 0.971343 0.17016375
vn 0.33376563 0.85766554 0.38937438
vn 0.331034 0.843623 0.422712
vn 0.33845 0.890561 0.303842
vn 0.31976807 -0.5735853 -0.7207662
vn 0.53432226 -0.5925397 -0.6008254
vn 0.50445575 -0.54203904 -0.66718054
vn -0.8917737 -0.2028645 -0.39669475
vn -0.911008 -0.269082 -0.312418
vn -0.946318 -0.16776 -0.276254
vn 0.3807795 0.0450455 -0.91531146
vn 0.659078 -0.134953 -0.73983
vn 0.425489 -0.178869 -0.887082
vn -0.8381251 -0.23197535 -0.48395908
vn -0.64774 -0.53477573 -0.5319222
vn -0.865993 -0.3200935 -0.37315
vn 0.99078345 -0.110401005 -0.053270496
vn 0.975066 -0.220405 0.024689
vn 0.941801 -0.313791 -0.1079135
vn -0.116565496 0.514756 -0.84931505
vn -0.247154 0.15697199 -0.948653
vn -0.0571685 0.41708562 -0.8981168
vn -0.235267 -0.951872 0.196356
vn -0.3043 -0.907102 0.29075
vn -0.2564775 -0.94349873 0.15927237
vn 0.3553575 0.53506553 -0.763909
vn 0.3971065 0.689703 -0.5868255
vn 0.495261 0.6615604 -0.05364774
vn -0.46756825 -0.3216062 -0.81917584
vn -0.444441 -0.1880855 -0.8736385
vn -0.47155648 -0.090434 -0.87458396
vn 0.28490672 -0.94489026 -0.07760989
vn 0.325175 -0.93939 -0.108463
vn 0.399182 -0.902127 -0.16361
vn 0.4472565 0.8062836 -0.12277625
vn 0.097705 0.832072 -0.5409255
vn 0.122364 0.66205347 -0.7202215
vn -0.81959724 0.2323525 0.5140842
vn -0.78433895 -0.22955266 0.5384877
vn -0.59611416 0.15364164 0.7649312
vn 0.756035 0.500137 -0.422193
vn 0.80282 0.577563 -0.147862
vn 0.5822475 0.70455 -0.4014405
vn 0.4844205 -0.024369 -0.87418747
vn 0.20881525 -0.14151451 -0.9612032
vn 0.6496664 -0.057478495 -0.7479244
vn -0.7669147 0.5437635 -0.34069324
vn -0.7905172 0.4952944 -0.32966554
vn -0.8127235 0.54925704 -0.1910765
vn 0.018097501 -0.9995725 0.014115
vn -0.037049502 -0.9976655 0.056764502
vn 0.043504 -0.9878043 0.13137463
vn 0.8901331 -0.12670633 0.4280395
vn 0.73327553 0.015679 0.6682105
vn 0.5380565 0.104587 0.8310955
vn -0.12459925 -0.16963725 -0.9712057
vn -0.43746582 -0.0366585 -0.84439933
vn -0.40807062 -0.04952375 -0.83497083
vn 0.2773675 -0.845088 0.4466235
vn 0.20648625 -0.71866107 0.6616663
vn 0.327124 -0.55853826 0.76152474
vn -0.16982108 -0.5162842 0.8262619
vn -0.0016019996 -0.561617 0.82651746
vn -0.048677 -0.697104 0.715262
vn 0.053598 -0.9379175 -0.32095575
vn -0.033057313 -0.9372903 -0.33145967
vn -0.044137247 -0.93761265 -0.32860425
vn -0.073457874 -0.81340235 -0.56907845
vn -0.128544 -0.842402 -0.52324
vn -0.149571 -0.843532 -0.515793
vn 0.2550774 -0.13905388 -0.93964565
vn -0.38647836 0.6131209 -0.55536085
vn -0.2646773 -0.26102862 -0.9075444
vn -0.109592 -0.58449 0.803919
vn 0.023304502 -0.6356969 0.76267254
vn -0.20587024 -0.6030077 0.7620472
vn -0.948576 0.135075 -0.286172
vn -0.97644 0.170141 -0.132542
vn -0.929304 0.14519149 -0.33405548
vn -0.38843745 0.11573 -0.90693593
vn -0.357372 0.062014 -0.931883
vn -0.24877176 -0.0443895 -0.9595783
vn -0.3458735 0.03116725 0.93374395
vn -0.2818995 -0.230369 0.930494
vn -0.26018938 -0.1611985 0.937895
vn 0.21469606 0.21498181 -0.9481508
vn 0.554857 0.620685 -0.553911
vn 0.20257552 0.47317678 -0.81500936
vn -0.5815451 0.22679575 -0.7401037
vn -0.44996148 0.117861375 -0.84816515
vn -0.499527 0.4514905 -0.73773897
vn 0.5288555 0.098018005 0.8281957
vn 0.3611048 0.2274861 0.8934166
vn 0.2739495 0.1269725 0.9456465
vn 0.079073 0.003876 0.996857
vn 0.197348 -0.15753649 0.94958353
vn -0.168569 0.0274365 0.9841
vn -0.06801775 0.941397 0.30819076
vn -0.346965 0.870724 0.34843
vn -0.298227 0.832118 0.467574
vn -0.015813187 0.96886086 0.19191608
vn 0.156331 0.95632803 -0.2429425
vn 0.085888624 0.94622254 0.2612918
vn -0.054434765 -0.78353727 0.5972426
vn -0.38303024 -0.78142625 0.476821
vn -0.526627 -0.693411 0.491714
vn 0.185522 -0.340007 0.921934
vn 0.201819 -0.196966 0.95938
vn 0.244209 -0.204566 0.947874
vn -0.36947274 -0.9102835 0.170957
vn -0.33141524 -0.9373276 0.06325428
vn -0.16292301 -0.97940004 0.103885
vn -0.786615 -0.551256 0.277993
vn -0.9401685 -0.1801205 0.27173698
vn -0.811579 -0.33964 0.475326
vn -0.56856 0.472854 -0.673147
vn -0.63442624 0.3732565 -0.6706215
vn -0.664617 0.4337445 -0.6077
vn -0.60555696 0.4586388 0.6436955
vn -0.769204 0.500305 0.3936885
vn -0.71922255 0.27042758 0.59035015
vn -0.671865 -0.0010911245 -0.73833823
vn -0.673574 0.081393 -0.734611
vn -0.749901 -0.002075 -0.661519
vn -0.178396 0.5530565 0.813761
vn -0.28172764 0.6257973 0.7218966
vn -0.23101 0.568392 0.78843045
vn 0.648885 0.26899 0.711722
vn 0.5786005 0.45764 0.6718805
vn 0.454939 0.246071 0.855831
vn 0.06296725 0.938177 -0.32759374
vn -0.064333 0.888943 -0.453444
vn -0.0639515 0.84783447 -0.5252235
vn 0.966735 -0.12711 0.22187
vn 0.7552662 -0.11516738 0.6105113
vn 0.9042325 -0.053697 0.41676098
vn 0.620533 -0.207038 -0.75631
vn 0.746696 -0.013611499 -0.6586505
vn 0.7390667 0.074792996 -0.64796126
vn 0.522683 -0.756958 -0.36661488
vn 0.495453 -0.48982948 -0.7045425
vn 0.201209 -0.705374 -0.679647
vn -0.460829 0.344096 0.818049
vn -0.416883 0.3888825 0.82056653
vn -0.3294015 0.3982665 0.8557695
vn -0.092746004 0.217139 -0.97125196
vn 0.063333504 -0.078936 -0.9799645
vn -0.188223 0.0581225 -0.9799955
vn 0.392163 0.52443 0.75573
vn 0.463454 0.27842 0.841212
vn 0.33204126 0.45131552 0.82231325
vn 0.72035885 -0.6316109 -0.2794005
vn 0.77051604 -0.52472746 -0.35431975
vn 0.83034754 -0.546312 -0.0645775
vn 0.65170753 -0.5135505 -0.5514545
vn 0.640339 -0.468276 -0.608783
vn 0.750984 -0.461943 -0.46653652
vn 0.5121695 0.785699 0.339961
vn 0.648732 0.702292 0.293069
vn 0.609272 0.664968 0.431867
vn -0.20997475 -0.002338375 -0.959933
vn -0.481704 0.078005 -0.872829
vn -0.205329 0.093997 -0.974151
vn -0.25236923 -0.758336 0.56807244
vn -0.163747 -0.8456985 0.503815
vn -0.22651419 -0.895661 0.34925556
vn 0.016968 -0.47383 -0.880428
vn -0.21589345 -0.5138676 -0.82136697
vn 0.3512342 -0.34892684 -0.850554
vn 0.134373 -0.003815 0.990905
vn 0.33881676 0.0167545 0.92542803
vn -0.129185 -0.086337 0.987823
vn -0.353778 -0.468894 -0.8062607
vn 0.0048526265 -0.49298477 -0.8591534
vn -0.4406567 -0.5527569 -0.7026179
vn 0.25368512 0.89846075 0.3522144
vn 0.260445 0.9226055 0.281213
vn 0.361141 0.82009304 0.42703
vn 0.272286 0.900815 0.338176
vn 0.222327 0.92758 0.300241
vn 0.203131 -0.766991 -0.608631
vn 0.2592165 -0.67499304 -0.6886655
vn 0.200964 -0.819849 -0.536088
vn -0.22085291 0.9571713 -0.11859985
vn -0.28856504 0.92569053 -0.002797
vn -0.277078 0.95761 -0.078433
vn -0.63702023 0.0710395 -0.7667773
vn -0.8107656 0.0048873425 -0.5713037
vn -0.3984714 0.15490228 -0.8843596
vn -0.749931 0.642689 -0.15659
vn -0.749931 0.603473 -0.270882
vn -0.7522815 0.64331496 -0.116367504
vn -0.5885645 0.75692 0.27649748
vn -0.54098594 0.64088905 0.54086447
vn -0.57799774 0.6635872 0.4623785
vn 0.9109775 0.4006315 -0.082156
vn 0.78255546 0.3826105 0.477691
vn 0.8332467 0.52980924 -0.12507613
vn 0.8406628 -0.4593645 0.28638524
vn 0.70100826 -0.31159788 0.6397232
vn 0.771767 -0.527436 0.349208
vn -0.2164562 -0.9664848 0.11058572
vn -0.463973 -0.80694 0.365398
vn -0.470138 -0.8419905 0.262261
vn 0.68901646 0.39966673 0.57157737
vn 0.34754476 -0.020325499 0.9246193
vn 0.37698776 0.53503525 0.751564
vn 0.33682314 -0.445986 0.8014252
vn 0.6306195 -0.69481504 0.3345135
vn 0.45570815 -0.39322156 0.78946996
vn 0.01861625 0.018530563 0.99739444
vn 0.120563254 -0.112284996 0.96491146
vn 0.27191252 0.28736976 0.91759276
vn 0.525468 -0.51973 0.673605
vn 0.7445656 -0.60173154 -0.09133244
vn 0.5618821 -0.54618216 0.6059164
vn -0.003845 -0.999969 -0.005829
vn 0.094241 -0.994903 0.034974
vn -0.037019 -0.99902356 0.0137485005
vn -0.013542499 -0.38607475 0.922338
vn 0.053346 -0.377606 0.924406
vn 0.072115 -0.321848 0.944029
vn -0.81652296 0.16873701 0.54365647
vn -0.79262674 0.2289725 0.56173146
vn -0.794946 0.351543 0.4944
vn 0.8929219 -0.24617156 -0.09354764
vn 0.96875215 -0.037135188 0.2341663
vn 0.977538 0.066286 0.200018
vn 0.6011499 0.5954698 -0.5320516
vn 0.72967476 0.403195 -0.55040145
vn 0.706778 0.444441 -0.55034
vn -0.91283906 0.041779503 0.3791005
vn -0.792932 0.208777 0.572405
vn -0.944945 0.244453 0.217475
vn -0.970916 0.221534 0.09064
vn -0.969588 0.124287 0.201178
vn -0.829524 0.556139 0.05063
vn -0.67248935 0.72206485 0.043025725
vn -0.55189586 0.48129392 -0.55871373
vn -0.380291 -0.860164 0.339732
vn -0.331736 -0.922391 0.197699
vn -0.3043 -0.907102 0.29075
vn 0.663961 0.540819 -0.516373
vn 0.73463404 0.39973125 -0.54522824
vn 0.73925 0.39024 -0.548784
vn -0.19729424 -0.9017688 0.3728215
vn -0.036927 -0.975097 0.218543
vn -0.0569095 -0.97349477 -0.15439324
vn 0.185858 0.437544 0.879757
vn 0.377819 0.640675 0.668386
vn 0.29978532 0.35721254 0.86691266
vn -0.12474644 0.9609268 0.2392365
vn -0.29621273 0.90917724 -0.243698
vn -0.1118195 0.94647074 0.29225275
vn -0.2566305 0.6284368 0.7290262
vn -0.21897 0.479537 0.849727
vn -0.209998 0.533158 0.819514
vn -0.660329 0.574175 0.483993
vn -0.591174 0.571673 0.568896
vn -0.642506 0.606769 0.46794
vn -0.649464 0.658101 -0.380871
vn -0.901486 0.426588 -0.072939
vn -0.895444 0.444777 0.017029
vn -0.297952 0.169652 -0.93936
vn -0.098514 0.466597 -0.878933
vn 0.030201875 0.3178084 -0.933718
vn -0.83382654 0.4217045 0.354335
vn -0.8661455 0.3892945 0.312769
vn -0.747673 0.45110953 0.486938
vn 0.131748 -0.006165 0.991241
vn -0.15527457 0.009846063 0.98016286
vn 0.080568746 -0.08182 0.99090576
vn 0.789514 -0.566164 -0.2336805
vn 0.72946846 -0.6645255 -0.139958
vn 0.62083805 -0.72231245 -0.30269802
vn -0.7253562 0.30359823 0.61277324
vn -0.8529629 0.44183844 0.2139711
vn -0.78750765 0.4332255 0.43743348
vn 0.007019 0.586383 0.809961
vn -0.08464325 0.5768378 0.81016725
vn -0.014587751 0.54136777 0.838061
vn 0.251106 -0.10004 0.962767
vn -0.020675227 -0.2925681 0.93108916
vn 0.348674 0.180059 0.919767
vn -0.009369 -0.977905 -0.208686
vn 0.06535925 -0.99667376 0.043050125
vn 0.0344285 -0.9910886 -0.09288725
vn 0.469558 -0.874325 0.122562
vn 0.636677 -0.764519 -0.070528
vn 0.516419 -0.842906 0.082247496
vn 0.37639248 -0.68958074 -0.6102637
vn 0.244514 -0.69924 -0.671712
vn 0.218574 -0.756584 -0.61626
vn -0.8544265 0.4387795 0.26957
vn -0.896939 0.280618 0.341624
vn -0.91931283 0.22080532 0.24346113
vn -0.402326 -0.545427 0.735252
vn -0.532762 -0.396252 0.747734
vn -0.3871817 -0.3178491 0.86138386
vn -0.11714551 -0.1649985 -0.977462
vn -0.32528782 -0.07393789 -0.94063747
vn -0.154687 -0.072156996 -0.9838402
vn -0.30248424 -0.30675325 -0.89570314
vn -0.2812435 -0.250847 -0.92019403
vn -0.44251847 -0.47819448 -0.75515
vn 0.53386 0.256386 -0.805719
vn 0.636311 0.259438 -0.726463
vn 0.497574 0.460738 -0.72898054
vn 0.8247601 -0.53246176 0.034379452
vn 0.6862775 -0.4573274 0.547704
vn 0.632099 -0.663472 0.40022
vn -0.4800726 -0.46457183 -0.66320664
vn -0.455275 -0.217566 -0.863338
vn -0.47312075 0.0027622497 -0.879368
vn 0.077673234 0.80752504 -0.5613586
vn -0.0779905 0.617542 -0.78182304
vn -0.1496935 0.7768485 -0.6103395
vn 0.113086 -0.119053006 -0.982635
vn 0.166898 -0.35177177 -0.9203392
vn 0.123127 -0.22849199 -0.964141
vn -0.265906 -0.343808 -0.85870105
vn -0.16956851 -0.0034867506 -0.979026
vn -0.39595112 -0.29936752 -0.8561089
vn -0.59167755 0.5793632 0.556223
vn -0.7755515 0.3925135 0.48023948
vn -0.690481 0.494156 0.528214
vn 0.34282202 -0.052209374 -0.9341296
vn 0.50556225 0.1359525 -0.83885455
vn 0.6323668 -0.052232623 -0.76781124
vn 0.897351 -0.40834525 -0.148442
vn 0.922666 -0.385235 -0.016175
vn 0.8734789 -0.43501002 -0.2065502
vn -0.87292075 -0.38711175 -0.29490024
vn -0.8358706 -0.45921102 -0.1491335
vn -0.843654 -0.314982 -0.434736
vn -0.612293 0.149907 -0.776269
vn -0.64402425 0.320086 -0.68181396
vn -0.605365 0.168157 -0.777947
vn 0.066378 -0.996918 -0.041566
vn 0.0502565 -0.97597426 -0.194685
vn 0.16066475 -0.97486806 -0.12028125
vn 0.20195638 -0.75717574 -0.61038136
vn 0.31502843 -0.8833566 -0.33386964
vn 0.424574 -0.71044 -0.561235
vn -0.1911525 -0.078036 -0.976104
vn -0.185522 -0.282815 -0.941038
vn -0.45866954 0.08392297 -0.8186179
vn -0.50206 -0.777581 0.37846
vn -0.592944 -0.723075 0.35432
vn -0.519639 -0.635029 0.57152
vn -0.595599 -0.749535 0.288766
vn -0.502762 -0.818659 0.277413
vn -0.621143 -0.752159 0.219977
vn 0.490799 0.729423 0.476455
vn 0.21713118 0.9671738 0.09002847
vn 0.308206 0.891415 0.332194
vn -0.64208436 0.6263083 0.44034374
vn -0.683248 0.618671 0.387768
vn -0.59259665 0.6919541 0.40841573
vn 0.023713 0.264626 -0.964049
vn -0.38204598 0.058687 -0.91352546
vn -0.348582 0.26664 -0.898526
vn -0.667592 0.375866 0.642628
vn -0.67936826 -0.14645594 0.46518546
vn -0.803667 0.32881403 0.49381998
vn 0.290292 0.646107 0.705863
vn 0.251503 0.545686 0.7893005
vn 0.22155675 0.926794 0.2143315
vn -0.596698 0.029664 0.801874
vn -0.610462 -0.1628315 0.7735985
vn -0.751427 -0.077944 0.655141
vn -0.331889 -0.73513 0.591083
vn -0.190222 -0.871731 0.451491
vn -0.2996 -0.852657 0.427992
vn -0.11184889 0.06148904 0.9906414
vn 0.014145501 0.0224615 0.998825
vn -0.0308695 -0.021943 0.99765
vn -0.46467447 -0.8798485 0.0953705
vn -0.3377839 -0.86925846 -0.016207457
vn -0.494415 -0.8677785 -0.0359665
vn 0.073122 0.069185 -0.994903
vn 0.47924355 0.45117575 -0.7031068
vn -0.1144295 -0.094744995 -0.9860985
vn 0.19266376 -0.963637 -0.116923995
vn 0.131138 -0.96054 -0.245155
vn -0.0037080003 -0.98764 -0.153783
vn -0.5435883 0.14628676 -0.7967999
vn -0.571398 0.089663 -0.815729
vn -0.3191146 0.00448364 -0.9127139
vn -0.158483 0.369396 0.915616
vn -0.100955 0.202979 0.973937
vn 0.048323665 0.2084076 0.9748974
vn -0.020234 -0.180914 -0.983276
vn 0.032964 0.037377376 -0.9868464
vn 0.14139974 -0.15607926 -0.9761498
vn -0.04676502 0.7347519 0.6572585
vn -0.080569 0.551958 0.82992
vn -0.159398 0.46202 0.872402
vn 0.91358507 0.16072187 0.33579135
vn 0.947417 -0.113102 0.299326
vn 0.9035845 -0.094867006 0.4035005
vn 0.54914975 0.76684624 0.32902026
vn 0.726035 0.637867 0.256813
vn 0.646157 0.6277257 0.41060764
vn 0.5135045 0.787866 0.339
vn 0.54622054 0.8073975 0.22009951
vn 0.5929362 0.7788855 0.20213899
vn -0.1833665 -0.06299375 0.9796896
vn -0.174841 -0.044832 0.983551
vn -0.20455 -0.0036315024 0.975616
vn -0.372784 0.06299 -0.925748
vn -0.1309095 0.227729 -0.9613025
vn -0.274392 0.233985 -0.932707
vn 0.130863 0.583636 -0.801355
vn 0.054658998 0.5448625 -0.829707
vn 0.089236245 0.53880405 -0.83549
vn 0.213996 -0.968566 -0.068148
vn 0.52264464 -0.8372754 0.061594002
vn 0.042695 -0.998535 0.032624
vn -0.828608 0.069552 0.555467
vn -0.886013 -0.014435 0.463363
vn -0.80224 -0.053774 0.594562
vn 0.645375 -0.76281 -0.039552
vn 0.805536 -0.590136 0.05298
vn 0.869869 -0.361034 -0.3361
vn 0.08369725 0.48036125 -0.86597025
vn 0.029747687 0.57971084 -0.8072295
vn -0.035371 0.521775 -0.852321
vn -0.774316 0.573534 -0.267312
vn -0.8644825 0.4306165 -0.0406205
vn -0.605945 0.661275 -0.442152
vn 0.837489 -0.337138 0.430006
vn 0.6535281 -0.098281115 0.7363163
vn 0.823664 -0.361614 0.43675
vn 0.437819 -0.380627 -0.814478
vn 0.4138463 -0.46835616 -0.72023624
vn 0.549669 -0.425092 -0.719108
vn 0.072451 -0.615467 0.784783
vn 0.2011475 -0.4155705 0.8853725
vn 0.19506699 -0.56975 0.787942
vn 0.337588 -0.43160024 -0.83000815
vn 0.567095 -0.365215 -0.738243
vn 0.39494 -0.461959 -0.794092
vn 0.28548956 0.09612641 -0.94996065
vn 0.198035 -0.020066 -0.9782555
vn -0.20082799 0.0031499667 -0.96518904
vn -0.39229873 -0.8560527 -0.30982405
vn -0.155339 -0.981933 -0.107822
vn -0.1766565 -0.930235 -0.31254
vn -0.425802 0.20950176 -0.871784
vn -0.607593 0.338298 -0.718558
vn -0.363567 0.1993165 -0.9067815
vn 0.4185363 -0.842492 -0.2857362
vn 0.62964296 -0.728294 -0.26267302
vn 0.659627 -0.739189 -0.13347301
vn 0.0033570603 0.27783114 0.9230646
vn 0.20664099 0.154927 0.96600246
vn 0.3961 0.323283 0.859371
vn 0.515555 -0.82999754 -0.122899964
vn 0.287057 -0.957884 0.001465
vn 0.17268845 -0.950238 0.13306478
vn 0.6160379 -0.38632345 -0.6627428
vn 0.7420584 -0.4357708 -0.49354056
vn 0.702445 -0.322794 -0.634297
vn -0.846644 0.330699 0.416883
vn -0.82696 0.504929 0.24723
vn -0.88418764 0.33750975 0.25419068
vn -0.425825 0.177496 -0.887204
vn -0.10797301 -0.03592233 -0.98608994
vn -0.42575598 0.20254375 -0.88000876
vn -0.973327 0.172704 0.150884
vn -0.9127561 0.39229435 0.053092882
vn -0.9422055 0.23957437 0.19909126
vn -0.21647546 0.5789931 -0.7569354
vn -0.14364305 0.67118776 -0.69148445
vn -0.1687675 0.786111 -0.5848875
vn -0.20354351 -0.9749595 0.071077496
vn -0.045460407 -0.962921 0.26130235
vn -0.25979626 -0.950522 -0.0336465
vn 0.93015456 -0.30505174 -0.19508575
vn 0.883908 -0.46144 -0.075594
vn 0.84949803 -0.47420424 -0.22013775
vn 0.032678 -0.99391127 0.015403999
vn 0.223426 -0.9737845 0.0401475
vn 0.22769123 -0.96613973 0.06794975
vn -0.76577 0.391247 -0.510361
vn -0.7155725 0.32520458 -0.61212766
vn -0.77311003 0.38233602 -0.50225854
vn 0.371929 -0.214942 0.903012
vn 0.354869 -0.153447 0.922208
vn 0.2305527 -0.19228691 0.95270896
vn -0.56035 -0.624256 -0.544298
vn -0.536424 -0.759301 -0.368267
vn 0.008667 -0.742882 -0.669332
vn -0.386853 0.386975 -0.83697
vn -0.672597 0.358043 -0.647603
vn -0.596851 0.120212 -0.793268
vn 0.205145 -0.954283 -0.217322
vn 0.2725305 -0.875973 -0.397061
vn 0.122074 -0.979125 -0.16245
vn -0.08121 2.44E-4 0.996673
vn -0.0434125 -0.124973506 0.98982203
vn -0.104442 0.12718576 0.9833672
vn 0.1194915 0.4913173 0.8614729
vn 0.101657 0.549547 0.829218
vn 0.231025 0.441725 0.866878
vn 0.936613 0.350322 6.41E-4
vn 0.845119 0.472823 -0.249367
vn 0.842616 0.433088 -0.319987
vn 0.770318 -0.388165 0.505875
vn 0.665304 -0.329691 0.66979
vn 0.1673025 -0.8654595 0.47209102
vn 0.151524 -0.953825 0.259285
vn 0.203436 -0.870449 0.448195
vn 0.509125 0.641667 0.5684225
vn 0.3982665 0.676214 0.619602
vn 0.4519255 0.67893773 0.5747702
vn -0.31196 0.90112 0.301035
vn 0.020569 0.911252 0.411298
vn 0.1408437 0.9319507 0.31560177
vn 0.442946 0.011231 0.896451
vn 0.1787775 0.031312 0.9790185
vn 0.089816 0.394971 0.914274
vn 0.708152 -0.497208 -0.501236
vn 0.744377 -0.517441 -0.42204
vn 0.7045045 -0.62149405 -0.342341
vn -0.2450752 0.5957066 -0.60841423
vn -0.7421146 0.6277545 -0.13714662
vn -0.705069 0.599933 -0.378002
vn 0.0103687495 0.10172094 0.9930558
vn -0.150731 0.234199 0.960418
vn -0.151952 0.331431 0.93115
vn 0.811457 0.06476 0.580767
vn 0.9263588 0.17122138 0.14534241
vn 0.890561 0.126133 0.436995
vn 0.811457 0.06476 0.580767
vn 0.740806 0.07654 0.667318
vn 0.834132 0.119999 0.538316
vn 0.512711 0.005249 0.858516
vn 0.350536 -0.069979 0.933897
vn 0.420179 0.004059 0.9053775
vn -0.287393 -0.922788 0.2566
vn -0.039917998 -0.7546238 0.6527375
vn 0.12903233 -0.82770735 0.43023157
vn -0.0999901 0.33583474 0.9353363
vn -0.291009 0.293245 0.9093218
vn -0.102359 0.252052 0.962249
vn -0.202246 0.929014 -0.309793
vn -0.09731703 0.852298 -0.45383313
vn -0.214637 0.951781 -0.219031
vn 0.868191 -0.205023 0.451827
vn 0.787317 -0.223792 0.57448
vn 0.8508731 -0.47566545 0.19920844
vn 0.816462 -0.263314 0.51384
vn 0.786676 -0.250038 0.564409
vn 0.78807974 -0.2455215 0.56422603
vn -0.407239 -0.36547452 0.835459
vn -0.4147796 0.047006343 0.8997097
vn -0.47435874 -0.110236436 0.869543
vn -0.28140324 0.628437 0.721717
vn -0.5383922 0.686218 0.48581845
vn -0.39085042 0.47820598 0.7742069
vn -0.8019894 0.23440169 0.5104294
vn -0.7186729 0.45973837 0.51577026
vn -0.805017 0.572375 0.155736
vn -0.1307152 0.03191108 -0.9769107
vn -0.13661599 0.107532 -0.98332155
vn -0.11931225 0.04683825 -0.98613703
vn -0.28796124 -0.9471036 -0.02686375
vn -0.46324 -0.862545 -0.203467
vn -0.44203 -0.879513 -0.176092
vn 0.496902 0.243812 0.83282
vn 0.7122565 0.136509 0.68523204
vn 0.576678 0.228004 0.784478
vn 0.06373556 0.7930023 0.58980894
vn 0.001923 0.854671 0.51912
vn -0.014275251 0.897805 0.36032814
vn -0.26346248 0.025273126 0.96402264
vn -0.087118655 0.3243458 0.9185507
vn -0.307413 0.198614 0.930601
vn 0.28779724 0.9530242 0.024399247
vn 0.33603537 0.82654834 -0.44085112
vn 0.247749 0.963561 0.10065
vn -0.1901915 -0.9773705 -0.0840785
vn -0.1566365 -0.98382545 -0.056199998
vn -0.21910751 -0.966628 -0.1309395
vn 0.16815688 0.15013564 0.9508349
vn 0.552751 0.11362 0.825526
vn 0.602954 0.109226 0.790216
vn 0.037125498 -0.597308 -0.7996
vn 0.0422985 -0.776635 -0.627262
vn -0.050752 -0.560167 -0.826807
vn 0.13647693 0.9075112 0.39607674
vn 0.23573999 0.856838 0.454619
vn 0.116642 0.923612 0.365123
vn -0.70009744 0.50596046 -0.48648906
vn -0.845363 0.472976 -0.248207
vn -0.838466 0.420515 -0.346538
vn -0.54741 0.778436 0.307108
vn -0.52671874 0.7526555 0.38975173
vn -0.48032314 0.804056 0.34325677
vn -0.157598 0.925565 -0.344157
vn -0.158116 0.850581 -0.50148
vn -0.104099 0.892361 -0.4391
vn 0.419385 -0.386639 -0.821345
vn 0.444365 -0.4459365 -0.7763295
vn 0.388531 -0.342265 -0.855495
vn -0.3108194 -0.021225875 -0.93939066
vn -0.093417004 -0.0493025 -0.9941255
vn -0.299173 -5.19E-4 -0.954192
vn 0.9301052 -0.30571902 0.194685
vn 0.918668 -0.232429 0.319315
vn 0.86581004 -0.31604952 0.3868525
vn -0.07424 -0.993576 0.076956496
vn -0.08536 -0.99527 0.046327
vn -0.053865 -0.989044 0.137272
vn -0.306803 0.050172 -0.950438
vn -0.397595 0.168676 -0.901914
vn -0.312845 0.151677 -0.93759
vn -0.17668025 0.008648906 0.98063403
vn -0.025666 0.003662 0.999634
vn -0.042207 -0.036836 0.998413
vn -0.3352305 -0.288705 -0.88798153
vn -0.470626 -0.372448 -0.79986
vn -0.596973 0.004883 -0.80221
vn 0.789026 -0.493789 0.365459
vn 0.8621098 -0.43329424 0.237678
vn 0.79751 -0.319926 0.51146
vn 0.836695 -0.547594 -0.005371
vn 0.8172666 -0.5403532 -0.18962274
vn 0.859615 -0.506668 -0.065615
vn -0.7345345 0.59425604 -0.3268835
vn -0.64864826 0.72872853 -0.16860723
vn -0.814234 0.5060885 -0.282586
vn -0.5285213 0.47265875 0.62935984
vn -0.85107 0.288003 0.438948
vn -0.784204 0.362926 0.50325
vn 0.646443 0.732597 0.21305
vn 0.647542 0.694723 0.313028
vn 0.74486554 0.6544124 0.12124625
vn 0.498672 0.173864 0.849147
vn 0.30253 0.258187 0.917478
vn 0.30299124 0.17490938 0.9322374
vn -0.58700264 0.3196013 -0.740528
vn -0.759056 0.379223 -0.52913
vn -0.719474 0.279672 -0.63567
vn -0.553758 0.201819 0.807825
vn -0.17907512 0.29842138 0.9139565
vn -0.455061 -0.110996 0.883511
vn -0.435896 -0.899808 -0.018006
vn -0.39196837 -0.7830859 -0.41012698
vn -0.35844 -0.925077 0.125278
vn -0.78457 0.426725 0.447798
vn -0.667196 0.516892 0.536302
vn -0.7919409 0.4169073 0.43773985
vn 0.348094 -0.10593 0.931425
vn 0.0962047 0.05228918 0.9822682
vn 0.45706052 -0.1151765 0.8741265
vn 0.637867 0.485305 -0.597949
vn 0.6716135 0.4642015 -0.5769675
vn 0.711692 0.301126 -0.634632
vn -0.77763116 0.5080018 0.3593689
vn -0.802301 0.374813 0.462264
vn -0.73800623 0.23144475 0.6263237
vn -0.5410015 0.839183 0.0502945
vn -0.551012 0.833522 0.039491
vn -0.62859 0.776635 0.040559
vn -0.744102 0.082125 0.662954
vn -0.711997 0.056825 0.69985
vn -0.233009 -0.620808 0.748497
vn 0.168218 0.98175 0.088412
vn 0.342326 0.919034 0.195288
vn 0.397778 0.917066 0.0214395
vn -0.16657 0.626942 -0.76101
vn -0.066561 0.667104 -0.741966
vn -0.028291 0.678335 -0.734184
vn 0.83115983 -0.22291812 0.5001855
vn 0.7734 -0.16776 0.611286
vn 0.774438 -0.21482 0.595019
vn -0.092959 -0.04825 -0.994476
vn -0.32956976 0.049928248 -0.9395427
vn -0.400494 -0.56032 0.724967
vn -0.179785 -0.221961 0.958312
vn -0.37391838 -0.46557343 0.75137335
vn 0.697409 -0.510239 -0.50322
vn 0.7616355 -0.4375895 -0.4737845
vn 0.770379 -0.604808 -0.18852025
vn -0.8773385 0.037873246 0.471534
vn -0.971862 0.06296 0.226875
vn -0.9266326 0.15125743 0.32724023
vn -0.826079 0.33033806 0.4357777
vn -0.770959 0.440535 0.459883
vn -0.751488 0.362468 0.551225
vn -0.531297 -0.0506 0.845637
vn -0.424299 -0.14539 0.893735
vn -0.446303 -0.048616 0.893551
vn 0.007782 -0.999359 0.034669
vn 0.035878 -0.9875678 -0.1396035
vn -0.012349118 -0.99950606 0.022356305
vn 0.855708 -0.437757 0.275887
vn 0.8304237 -0.4038515 0.3694495
vn 0.83354616 -0.38661975 0.38970056
vn -0.2590962 0.33674538 -0.8792517
vn -0.5891145 -0.2241435 -0.775918
vn -0.49961102 -0.11104924 -0.8303322
vn 0.18348853 -0.210269 -0.9585608
vn -0.217261 -0.201056 -0.955168
vn -0.217872 -0.385815 -0.896451
vn -0.172613 0.594165 -0.785577
vn -0.069521 0.58208 -0.810144
vn 0.10590119 0.6443373 -0.69400716
vn 0.7230828 -0.690161 -0.022889
vn 0.86847025 -0.48201746 -0.08056891
vn 0.764061 -0.6451 0.003906
vn -0.0023345 0.219474 -0.9754325
vn 0.059999 0.264382 -0.962523
vn 0.033143 0.409009 -0.911893
vn 0.6197238 -0.39829698 -0.67572576
vn 0.717978 -0.496414 -0.487869
vn 0.74627644 -0.44273984 -0.45856532
vn -0.880612 0.132664 -0.454848
vn -0.93556 0.127369 -0.326487
vn -0.913663 0.121677 -0.387768
vn -0.0031361254 0.19277799 0.9794841
vn 0.17120901 0.0487995 0.980941
vn 0.051088 0.230476 0.971709
vn -0.443709 -0.213019 -0.870479
vn -0.49845487 -0.22511232 -0.83203566
vn -0.358287 -0.2349775 -0.902829
vn 0.2244785 0.722831 -0.6478625
vn 0.285531 0.725516 -0.626148
vn 0.4210995 0.515557 -0.7373531
vn -0.748222 0.637013 0.185217
vn -0.65215 0.757836 0.018433
vn -0.8123872 0.56270796 -0.01142925
vn -0.180364 -0.71311104 -0.66863
vn -0.31557286 -0.8293825 -0.434843
vn -0.424451 -0.68981 -0.586474
vn -0.209052 0.634297 -0.744255
vn -0.017273 0.730583 -0.682546
vn -0.0050555924 0.7132437 -0.68072283
vn -0.906491 0.350475 0.235359
vn -0.890316 0.365856 0.270943
vn -0.9566335 0.26120752 0.1284675
vn -0.956603 0.108951 0.27018
vn -0.971862 0.06296 0.226875
vn -0.9649725 0.096774 0.23398575
vn -0.828028 0.398389 0.394482
vn -0.86281896 0.415372 0.28638548
vn -0.820215 0.404553 0.404401
vn -0.280099 -0.287881 -0.915769
vn -0.274636 -0.213721 -0.937468
vn -0.251076 -0.372265 -0.89349
vn 0.7738652 -0.5479132 0.28713614
vn 0.857936 -0.513657 0.005676
vn 0.8522444 -0.491676 0.031441752
vn 0.8720967 -0.1621105 0.44880527
vn 0.77349937 -0.20971763 0.597121
vn 0.788507 -0.263619 0.55562
vn -0.039307747 -0.09505762 -0.992603
vn 0.020203 -0.115818 -0.993042
vn 0.138493 -0.07419 -0.987548
vn 0.7783593 -0.052186497 -0.605697
vn 0.753014 0.202399 -0.626057
vn 0.86368954 0.0939665 -0.49505597
vn 0.24708325 -0.56709504 0.77143866
vn 0.044435 -0.715812 0.69686
vn 0.030780062 -0.46789837 0.88076806
vn -0.049440004 0.3686025 0.927335
vn -0.163766 0.3155651 0.93361485
vn -0.150578 0.466811 0.871426
vn 0.25799575 -0.60637623 -0.74803174
vn -0.202673 -0.799219 -0.565813
vn -0.236396 -0.637104 -0.733604
vn -0.034047 0.31126976 0.9489045
vn -0.046754 0.383618 0.922269
vn -0.0641805 0.3012175 0.9509725
vn -0.070925 0.340281 0.93762
vn -0.105991 0.298959 0.948332
vn -0.047182 0.377728 0.924711
vn 0.523576 0.83874 0.14948
vn 0.5473102 0.8164568 0.17555025
vn 0.5398743 0.7413783 0.35428363
vn 0.622272 0.471023 -0.625202
vn 0.675649 0.462844 -0.573779
vn 0.569384 0.5475325 -0.60580003
vn 0.601917 -0.480392 0.637867
vn 0.6023246 -0.5469142 0.57400763
vn 0.574969 -0.659413 0.484298
vn -0.79876137 0.35255122 -0.48575255
vn -0.717246 0.212012 -0.663747
vn -0.653584 0.205359 -0.728446
vn -0.818354 0.330729 -0.469955
vn -0.799768 0.323038 -0.505936
vn -0.742943 0.373089 -0.555681
vn 0.51326 -0.019623 0.857997
vn 0.31658596 0.41963312 0.8401631
vn 0.5642339 0.069609 0.81662965
vn 0.02176 -0.064119 -0.997681
vn -0.078585 0.155644 -0.984649
vn -0.038026 -0.007813 -0.999237
vn 0.05005 -0.73983 0.670888
vn 0.0751675 -0.74095905 0.6615805
vn -0.024598 -0.886624 0.461806
vn 0.85577923 -0.2287226 -0.43250906
vn 0.6580895 -0.27530357 -0.6587056
vn 0.580676 -0.262337 -0.770684
vn 0.354472 0.620594 0.699423
vn 0.6237371 0.6399314 0.37408823
vn 0.3753768 0.5194264 0.7521943
vn 0.476882 -0.545885 -0.688864
vn 0.54152024 -0.5414745 -0.64120924
vn 0.508408 -0.505173 -0.697317
vn -0.09622688 -0.9790394 -0.13673618
vn 0.056032 -0.957976 -0.281228
vn 0.549974 -0.750175 -0.366985
vn 0.440321 -0.582934 -0.682821
vn 0.5838839 -0.57614756 -0.5654069
vn 0.518021 -0.52092 -0.678426
vn 0.75395614 -0.1644072 -0.6287538
vn 0.950011 0.014222 -0.311838
vn 0.909787 -0.072237 -0.408704
vn -0.5730382 -0.81295174 -0.10340449
vn -0.350841 -0.93292 -0.080721
vn -0.492965 -0.869839 0.017945
vn 0.36671776 -0.232261 0.9001662
vn 0.343394 0.058504 0.937346
vn 0.396619 -0.130985 0.908567
vn 0.631367 0.520218 0.575091
vn 0.539659 0.496719 0.679678
vn 0.627735 0.313883 0.712302
vn -0.461318 0.39903 0.792413
vn -0.528977 0.387738 0.754845
vn -0.6171969 0.33812422 0.70343244
vn 0.601428 -0.189215 0.776147
vn 0.7568285 -0.098056 0.64528346
vn 0.37977827 -0.009012499 0.9123336
vn -0.5010552 0.2427797 -0.8218069
vn -0.623127 0.2566 -0.738792
vn -0.81770027 0.3623053 -0.43133917
vn -0.285989 0.470565 0.834712
vn -0.167272 0.451979 0.876186
vn -0.7920299 0.46971464 0.06766032
vn -0.098941 0.657094 -0.747246
vn -0.087038994 0.6220435 -0.778008
vn -0.00956 0.70398575 -0.69523454
vn -0.940096 -0.105285004 -0.3080995
vn -0.867519 0.2424085 -0.42941052
vn -0.8922075 0.39357984 -0.19182187
vn -0.6897755 0.46855825 0.54869235
vn -0.786401 0.448988 0.424207
vn -0.809656 0.398022 0.431257
vn 0.886837 -0.456069 -0.074129
vn 0.916654 -0.397565 -0.040376
vn 0.602832 0.55562 -0.572588
vn 0.464461 0.530045 -0.709433
vn 0.6703813 0.48512524 -0.54409295
vn -0.9136443 -0.17051087 0.34081924
vn -0.960692 -0.247627 0.125248
vn -0.9497055 -0.30170602 0.045792997
vn 0.750267 0.262001 -0.606952
vn 0.830653 0.332896 -0.446272
vn 0.698004 0.180059 -0.68369055
vn -0.052873444 -0.9497496 0.093568
vn -0.083773 -0.980163 0.179571
vn 0.029511 -0.997467 -0.064272
vn 0.5174682 -0.29762614 -0.7967447
vn 0.626453 -0.30195 -0.718558
vn 0.714011 -0.378155 -0.58919
vn 0.06288558 -0.88902766 0.44176707
vn -0.046999 -0.860775 0.50676
vn 0.037965 -0.782495 0.621479
vn -0.489059 0.191656 0.850917
vn -0.476028 0.047334 0.878109
vn -0.5281225 0.04207 0.84778845
vn 0.091159 -0.22306 -0.970519
vn 0.20806597 -0.25945777 -0.9392579
vn 0.27587175 -0.36320072 -0.88859975
vn -0.84286 0.119449 0.524644
vn -0.897427 0.107425 0.427869
vn -0.860927 0.047517 0.506485
vn 0.83512187 -0.44505316 -0.31756252
vn 0.767901 -0.5032643 -0.36777785
vn 0.926786 -0.362194 -0.099307
vn -0.12796506 -0.24122487 -0.95057136
vn -0.085177 -0.044252 -0.995361
vn -0.002594 -0.14658 -0.989166
vn -0.10092475 -0.9937169 -0.02710075
vn -0.045778 -0.998138 0.04001
vn -0.0396435 -0.999054 0.010544
vn 0.033860005 0.898709 -0.40458426
vn 0.3520465 0.81824696 -0.445952
vn 0.056246 0.925504 -0.374493
vn -0.592914 0.407941 -0.694266
vn -0.668661 0.50148 -0.548967
vn -0.573138 0.350597 -0.740654
vn 0.639073 -0.047181994 -0.73545
vn 0.659322 -0.387677 -0.644185
vn 0.792657 -0.328745 -0.513382
vn 0.526967 -0.4234595 -0.7346641
vn 0.567507 -0.48742652 -0.661214
vn 0.526872 -0.457259 -0.716422
vn 0.199408 -0.241066 0.949767
vn 0.129673 -0.165014 0.977722
vn 0.167089 -0.0824 0.982482
vn -0.332987 -0.923002 -0.192663
vn -0.290841 -0.947233 -0.134495
vn -0.368542 -0.921934 -0.119144
vn -0.34838414 -0.9279039 0.066476874
vn -0.205329 -0.976562 0.064364
vn -0.284494 -0.952605 0.107608
vn 0.212165 -0.083834 -0.973601
vn 0.173986 -0.141453 -0.974517
vn 0.265572 -0.173711 -0.948302
vn -0.20315914 0.4175369 0.8151158
vn -0.710318 0.671529 0.210791
vn -0.394284 0.7861415 0.42103302
vn -0.614429 0.275735 -0.739189
vn -0.650227 0.317576 -0.690146
vn -0.455885 0.381573 -0.804041
vn -0.1571152 -0.96534324 -0.19173232
vn -0.1951735 -0.9492175 -0.24657425
vn -0.1447492 -0.95416874 -0.25403988
vn -0.07776125 -0.91996497 0.37418002
vn 0.069033 -0.954161 0.291208
vn -0.001099 -0.998413 0.056124
vn 0.055768248 -0.18567118 0.96150875
vn -0.273965 -0.162481 0.947905
vn -0.047212 -0.153417 0.986999
vn 0.44302773 0.24834993 -0.8497385
vn 0.336039 -0.097797 -0.93220305
vn 0.513657 -0.025239 -0.857601
vn 0.42234552 0.5135505 -0.743736
vn 0.450453 0.474715 -0.756096
vn 0.434523 0.532121 -0.726615
vn -0.484359 0.113498 -0.867458
vn -0.2569673 0.15457213 -0.9400407
vn -0.576128 0.036622 -0.816523
vn -0.076174 -0.164556 0.983398
vn -0.24993882 -0.2692163 0.91982675
vn -0.073397 -0.163915 0.983734
vn -0.4781859 0.06079 -0.8735151
vn -0.431989 -0.109134 -0.89523
vn -0.570727 -0.03946 -0.820154
vn 0.092471 -0.266732 -0.959319
vn -0.115722276 -0.14524253 -0.9743264
vn 0.131077 -0.039247 -0.99057
vn 0.851558 -0.39198 0.348094
vn 0.808252 -0.278298 0.518845
vn 0.843959 -0.354717 -0.402295
vn 0.68453276 -0.3649172 -0.6279508
vn 0.7668158 -0.28843826 -0.56928474
vn -0.577776 -0.786523 -0.217933
vn -0.670125 -0.73571 -0.098148
vn -0.601062 -0.798761 0.02588
vn 0.13147628 -0.18061015 0.9681588
vn 0.103488 -0.205298 0.973205
vn 0.34520423 -0.7570573 0.52908653
vn 0.240761 -0.681539 0.691
vn 0.0668125 -0.608646 0.785329
vn -0.660909 0.637532 -0.395856
vn -0.74517 0.540452 -0.390637
vn -0.72415495 0.5325062 -0.4279269
vn -0.067476 0.175756 -0.982116
vn -0.123989 0.0224505 -0.98819715
vn -0.038490485 0.0455693 -0.99472964
vn -0.083193 -0.18659 -0.978881
vn 0.053865 -0.045442 -0.997497
vn -0.026948 -0.310953 -0.950041
vn -0.25961566 0.3368612 0.8961917
vn -0.397473 0.441877 0.804193
vn -0.235633 0.383007 0.893155
vn 0.34138 0.092868 0.935301
vn 0.356334 0.111728 0.927641
vn 0.400494 0.081881 0.912625
vn 0.26014 -0.307077 0.915403
vn 0.021058 -0.23835 0.970946
vn 0.043855 -0.322428 0.945555
vn -0.649518 0.38434225 -0.65446174
vn -0.709464 0.348888 -0.612293
vn -0.684805 0.325571 -0.651936
vn 0.47026 -0.190802 -0.861629
vn 0.36764097 -0.3905 -0.843562
vn 0.325755 -0.355083 -0.876217
vn -0.348766 -0.918516 -0.186163
vn -0.247719 -0.956267 -0.155431
vn -0.3405865 -0.922834 -0.1796475
vn -0.296701 0.766289 0.569842
vn -0.273507 0.827357 0.490555
vn -0.40147102 0.8219245 0.40298152
vn -0.034364 -0.966979 0.252419
vn -0.211951 -0.941099 0.263344
vn -0.078646 -0.984771 0.154881
vn -0.8770865 -0.250069 -0.398419
vn -0.891598 -0.170751 -0.419324
vn -0.92260516 -0.25501227 -0.2774135
vn 0.018891 0.140019 0.989959
vn 0.050447 0.281411 0.958251
vn -0.075533 0.144353 0.986633
vn -0.344737 0.887951 0.2603535
vn -0.2124545 0.915326 0.33764148
vn 0.010743 0.955779 0.293771
vn 0.823664 -0.361614 0.43675
vn 0.862789 -0.365307 0.349437
vn 0.837489 -0.337138 0.430006
vn -0.683248 0.618671 0.387768
vn -0.712485 0.589557 0.380444
vn -0.689535 0.587054 0.424085
vn 0.941618 -0.28663 -0.176458
vn 0.977264 -0.185888 -0.101688
vn 0.939451 -0.32841 -0.097659
vn 0.876766 -0.230354 0.422071
vn 0.860622 -0.129582 0.492447
vn 0.927396 -0.28019 0.24778
vn 0.16255814 0.9526903 0.19970347
vn 0.003845 0.996368 0.084902
vn 0.072298 0.950743 0.30137
vn 0.27775663 0.11165175 0.948317
vn 0.5344418 -0.003111327 0.8372875
vn 0.283639 0.079531 0.955596
vn -0.981445 -0.147588 -0.122288
vn -0.91460896 -0.3848235 0.0135045
vn -0.990295 -0.137486 -0.020203
vn 0.142949 0.201239 0.969024
vn 0.120365 0.00412 0.992706
vn 0.232124 0.08829 0.968657
vn 0.534623 -0.817225 0.215125
vn 0.431654 -0.829768 0.35371
vn 0.60921 -0.604877 0.512772
vn -0.117989875 -0.86972034 -0.44721088
vn 0.123539 -0.155461 -0.980071
vn 0.483356 -0.6320075 -0.57874954
vn -0.071993 0.983123 0.168157
vn -0.134892 0.96646 0.218421
vn 0.01891119 0.91233784 0.18634509
vn -0.6785944 0.61049235 -0.38125235
vn -0.532182 0.832118 -0.155919
vn -0.778008 0.580447 -0.21962601
vn -0.658681 0.686239 -0.308451
vn -0.532182 0.832118 -0.155919
vn -0.655721 0.68508 -0.31727
vn 0.48824108 -0.118323036 -0.8511429
vn 0.42368078 -0.052957498 -0.90227973
vn 0.644902 0.61532176 0.44858375
vn 0.638295 0.525651 0.562334
vn 0.6235544 0.48769337 0.60997725
vn 0.28360075 0.131588 0.949324
vn 0.30491 0.067934 0.94995
vn 0.38789 0.156621 0.908261
vn 0.577715 0.613056 0.538865
vn 0.4714688 0.4293787 0.7438714
vn 0.3542817 0.4810669 0.78280866
vn -0.24945076 0.13856575 -0.9451585
vn -0.036134 -0.039125 -0.998566
vn -0.113285 0.0665 -0.991333
vn 0.622364 0.490005 0.61034
vn 0.584185 0.444288 0.679189
vn 0.630818 0.489395 0.602069
vn 0.630879 -0.188177 0.752678
vn 0.7162235 -0.4357683 0.53146094
vn 0.5264445 -0.00804925 0.846812
vn -0.951781 0.288156 0.105106
vn -0.779168 0.105319 0.617847
vn -0.9039962 0.127392 0.26544276
vn 0.539842 0.66274 -0.518906
vn 0.6847135 0.6009705 -0.38785225
vn 0.609973 0.700461 -0.370434
vn 0.411023 -0.315104 -0.855403
vn 0.530473 -0.39732 -0.748802
vn 0.430738 -0.303446 -0.849879
vn 0.24167575 -0.343768 -0.8985565
vn 0.574236 -0.317911 -0.754418
vn 0.223395 -0.283212 -0.932646
vn 0.4401835 -0.3668175 -0.8131505
vn 0.257241 -0.240394 -0.935942
vn -0.79728484 0.29836398 0.4990501
vn -0.9079865 0.23327756 0.23034057
vn -0.914701 -0.144017 0.377544
vn 0.16966751 0.5393995 0.82041395
vn 0.021052126 0.577618 0.78600794
vn -0.109928 0.674337 0.730155
vn -0.365917 0.568377 -0.736869
vn -0.334208 0.622608 -0.707541
vn -0.360332 0.427107 -0.829279
vn -0.46467856 0.010935064 -0.8713433
vn -0.530839 -0.220313 -0.818293
vn -0.7415005 -0.10553326 -0.6524173
vn 0.09888 0.24955 0.963286
vn 0.166631 -0.019532 0.985809
vn 0.08943561 0.6523634 0.7080191
vn -0.8130363 0.5768629 0.056459125
vn -0.8393294 0.5432835 0.0030537187
vn -0.773888 0.63329 -0.001556
vn 0.356761 0.821223 0.445265
vn 0.331034 0.843623 0.422712
vn -0.345195 0.654744 -0.672384
vn -0.289346 0.677725 -0.675954
vn -0.352092 0.77575 -0.523637
vn 0.05649 -0.99469 0.085726
vn 0.0369125 -0.9732355 0.21446851
vn 0.01616725 -0.97624123 0.20973875
vn -0.46586475 0.7837385 0.38236657
vn -0.412336 0.848323 0.332102
vn -0.345332 0.882397 0.31096798
vn -0.725913 -0.687643 -0.012299
vn -0.851985 -0.513474 0.101962
vn -0.839808 -0.542436 -0.020264
vn 0.8717 0.040529 -0.483001
vn 0.868191 0.096194 -0.486801
vn 0.862606 -0.100833 -0.495651
vn 0.211707 -0.976348 0.043367
vn 0.149541 -0.980316 0.128788
vn 0.147557 -0.987854 -0.048158
vn -0.542802 0.027161 0.839412
vn -0.352794 0.016846 0.935545
vn -0.5887785 -0.104495496 0.8013245
vn -0.973327 -0.129398 0.189306
vn -0.88006246 0.032426 0.44221348
vn -0.891995 -0.077181 0.445357
vn 0.83780897 -0.0901365 -0.5381025
vn 0.644826 -0.072512 -0.760857
vn 0.615741 -0.024689 -0.78753
vn 0.20481 0.442854 -0.87286
vn 0.197516 0.54564 -0.814386
vn 0.49613175 0.24367501 -0.78993374
vn -0.110141 -0.103732 -0.988464
vn -0.085238 -0.174322 -0.980987
vn -0.0742365 -0.2960905 -0.85608995
vn -0.10216437 0.307897 -0.9289035
vn 0.141423 0.247902 -0.958373
vn 0.317484 0.156255 -0.93527
vn 0.843165 0.514939 0.154454
vn 0.7442705 0.56234896 0.34620202
vn 0.820154 0.550035 0.157384
vn -0.634693 -0.690481 -0.346904
vn -0.7796715 -0.53106797 -0.33056152
vn -0.675741 -0.648244 -0.350871
vn 0.610248 -0.296854 -0.734458
vn 0.658742 -0.23365 -0.714301
vn 0.77931714 -0.45071638 -0.41542938
vn 0.271493 -0.224891 -0.935759
vn 0.062554955 -0.24737115 -0.9595464
vn 0.212317 -0.207282 -0.954955
vn 0.24803925 0.5648556 0.7664459
vn 0.027284 0.248024 0.968352
vn 0.14492488 0.4280184 0.887341
vn 0.247597 -0.453322 -0.856227
vn 0.13370201 -0.6234165 -0.7687615
vn 0.135166 -0.637959 -0.75808
vn -0.6018405 0.766564 0.0709555
vn -0.276955 0.938932 -0.204077
vn -0.571184 0.820338 -0.027406
vn -0.786431 0.357738 -0.503494
vn -0.807917 0.349406 -0.474471
vn -0.7039908 0.33639413 -0.6158521
vn -0.1100411 0.104478374 0.9871058
vn -0.26691094 0.120348066 0.95097405
vn -0.197394 0.011292 0.980255
vn 0.6394637 0.7442952 0.102204315
vn 0.49643698 0.7811668 0.368801
vn 0.49205 0.836207 0.242103
vn 0.226234 -0.877407 -0.422987
vn 0.147 -0.92751825 -0.32136726
vn 0.282754 -0.862636 -0.419355
vn -0.734916 0.294443 -0.59736955
vn -0.694052 0.317545 -0.646077
vn -0.736595 0.364574 -0.569597
vn 0.251198 0.153783 0.955626
vn 0.015992 0.11713 0.992981
vn 0.076780625 0.12310988 0.9824214
vn -0.067934 -0.995148 -0.070925
vn -0.058565 -0.996094 -0.065584
vn 0.08417 -0.969054 -0.231971
vn 0.743461 -0.351512 0.568926
vn 0.49772 -0.033428967 0.8593118
vn 0.8041705 -0.31839225 0.4948115
vn 0.190435 -0.157537 -0.968963
vn 0.11887 -0.237922 -0.963958
vn -0.001403749 -0.077936746 -0.99304175
vn -0.8382445 -0.43755126 -0.31785023
vn -0.881649 -0.465377 -0.078066
vn -0.913877 -0.404004 0.039766
vn -0.53685886 0.7134234 0.4455474
vn -0.3551072 0.62600034 0.6854764
vn -0.491104 0.669393 0.55736
vn -0.7146287 0.403081 -0.569376
vn -0.655751 0.297006 -0.694052
vn -0.765038 0.335643 -0.549547
vn 0.5472448 0.124183685 0.8023925
vn 0.119724 0.196234 0.973205
vn 0.084414 0.139012 0.986663
vn 0.6880095 -0.1570065 0.70596176
vn 0.533189 -0.010254 0.845912
vn 0.534593 -0.058535 0.843074
vn 0.314127 0.213935 0.924955
vn 0.467452 0.295358 0.833186
vn 0.231361 0.161443 0.959349
vn -0.279031 0.251656 -0.926695
vn -0.265603 -0.076876 -0.960997
vn -0.223792 0.040925 -0.973754
vn 0.348582 -0.585925 -0.731529
vn 0.447432 -0.550188 -0.705008
vn 0.4746087 -0.48943293 -0.71615124
vn -0.036561 0.963439 0.265297
vn -0.034181 0.953825 0.298318
vn -0.035768 0.946715 0.320017
vn 0.52362895 -0.27716178 -0.80324674
vn 0.66808796 -0.25918987 -0.6937125
vn 0.8313129 -0.060713 -0.5354014
vn 0.38612 0.755943 0.528581
vn 0.302438 0.761742 0.572924
vn 0.30842 0.799799 0.514939
vn -0.59444 0.420942 -0.685141
vn -0.59616566 0.41815495 -0.6804675
vn -0.735252 0.448866 -0.507797
vn 0.616077 -0.761589 0.200903
vn 0.669452 -0.7397412 0.020408344
vn 0.677908 -0.727287 0.106998
vn 0.649922 -0.051881 0.758202
vn 0.472518 -0.112552 0.874081
vn 0.538774 -0.249886 0.804498
vn -0.24619201 0.48308146 0.83427525
vn -0.155126 0.761589 0.62917
vn -0.3296 0.607288 0.722861
vn -0.350749 -0.636067 -0.687277
vn -0.35749 -0.55187774 -0.7477075
vn -0.252266 -0.668386 -0.699698
vn 0.393811 0.074648 0.916135
vn 0.49038473 0.048516065 0.86441505
vn 0.5377476 -0.06070525 0.83683676
vn 0.334033 -0.5700932 -0.7503813
vn 0.309854 -0.604999 -0.733421
vn 0.291635 -0.59798 -0.746544
vn -0.867397 -0.276254 0.4138
vn -0.913999 -0.236152 0.329844
vn -0.884762 -0.229011 0.405805
vn -0.618305 0.391583 -0.681387
vn -0.528459 0.313364 -0.788965
vn -0.681417 0.372753 -0.629841
vn -0.003479 -0.999908 -0.012848
vn -0.011078 -0.99987805 0.0038754998
vn 0.00531 -0.999847 -0.015656
vn 0.382275 -0.907773 0.172552
vn 0.316843 -0.922727 0.219398
vn 0.392376 -0.892056 0.224097
vn -0.2996 -0.852657 0.427992
vn -0.354564 -0.814753 0.458693
vn 0.750053 -0.416456 0.513749
vn 0.731071 -0.392254 0.558245
vn 0.77533805 -0.4549855 0.4375285
vn -0.245674 -0.927915 0.217185
vn -0.36161208 -0.82113683 -0.04817992
vn -0.090548 -0.905454 0.414624
vn 0.057836317 0.012298122 0.99090743
vn 0.0046769977 0.06169325 0.99358344
vn 0.024873 0.050813 0.998383
vn -0.39373475 0.902894 0.0014537498
vn -0.174772 0.8298975 0.50047326
vn -0.338694 0.91879 0.202673
vn -0.558397 0.099368 -0.823573
vn -0.617664 0.256539 -0.7434
vn -0.426405 0.090732 -0.89993
vn -0.26087403 0.5773557 0.7649747
vn -0.077334 0.360057 0.929685
vn -0.093063906 0.40055865 0.9032346
vn -0.004669 0.505417 -0.86285
vn 0.082888 0.806299 -0.58565
vn -0.808985 0.409101 -0.42204
vn -0.860286 0.38963 -0.328715
vn -0.75103 0.376263 -0.542528
vn -0.370403 0.298074 -0.879727
vn -0.25670648 0.29813552 -0.91090125
vn -0.343516 0.421583 -0.839167
vn -0.020722 -0.952818 -0.302805
vn -0.015967688 -0.96059674 -0.20877427
vn -0.034364 -0.973022 -0.228034
vn 0.050233 0.351238 -0.934904
vn 0.045534 0.472701 -0.880032
vn -0.058469877 0.49655136 -0.863956
vn 0.215735 0.43675 0.873287
vn -0.068561874 0.83193064 0.51183546
vn 0.21650383 0.7428015 0.4594429
vn 0.95309305 -0.297296 -0.0074924994
vn 0.941313 -0.337199 0.013123
vn 0.926664 -0.363536 -0.09537
vn 0.236305 -0.124424 -0.963652
vn 0.083316 0.00293 -0.99649
vn 0.077334 0.068545 -0.994629
vn 0.6508378 0.66787475 0.34316552
vn 0.741203 0.650838 0.164373
vn 0.6540575 0.6557665 0.36754948
vn 0.93396527 -0.25544375 0.246334
vn 0.92660296 -0.26825798 0.263039
vn 0.907224 -0.251442 0.337168
vn 0.801721 0.259407 -0.538408
vn 0.84333456 0.13977672 -0.5121162
vn 0.800501 0.224647 -0.555589
vn 0.67206377 0.2261897 -0.5687734
vn 0.627552 0.718467 -0.299875
vn 0.719016 0.512192 -0.469741
vn -0.5370759 -0.0259255 0.832957
vn -0.93443096 -0.089129 0.31263924
vn -0.926298 0.013367 0.376476
vn -0.077731 0.109989 0.990875
vn -0.07593 0.182653 0.980224
vn 0.003876 0.091342 0.995788
vn 0.637318 0.714255 0.289102
vn 0.10902427 0.7128686 0.65805936
vn 0.13419 0.97586 0.172216
vn -0.5300436 0.68293774 -0.47837418
vn -0.286782 0.851985 -0.437971
vn -0.1027865 0.821406 -0.5569625
vn -0.170751 0.187964 0.967193
vn -0.168706 0.174627 0.970061
vn -0.309458 0.295816 0.903714
vn -0.143529 0.245216 0.95877
vn -0.021638 0.260353 0.965239
vn -0.069979 0.16715 0.983428
vn 0.508682 0.059938 0.858852
vn 0.70982254 0.13385426 0.6832483
vn 0.654805 -0.165899 0.737327
vn -0.943846 0.32667 0.049135
vn -0.925718 0.374096 0.055391
vn -0.947478 0.299203 0.112735
vn -0.85371995 -0.50746673 -0.0022887178
vn -0.6481294 -0.706465 0.2556057
vn -0.852077 -0.485214 0.196234
vn -0.014694847 -0.05900015 -0.9863426
vn 0.230415 -0.197058 -0.95291
vn -0.058687 -0.152776 -0.986511
vn -0.6006045 -0.71185946 0.35825652
vn -0.589038 -0.801324 0.104251
vn -0.660695 -0.744011 0.099399
vn -0.0516503 0.9673704 -0.11794855
vn -0.053682 0.996704 -0.060427
vn -0.112217 0.990783 -0.075472
vn 0.082156 0.330515 -0.940184
vn 0.193854 0.500778 -0.843562
vn 0.155095 0.425489 -0.891537
vn -0.0948665 -0.9934845 0.060609497
vn -0.017701 -0.998871 0.043916
vn -0.053865 -0.989044 0.137272
vn -0.308878 0.177038 -0.934446
vn -0.252937 0.132206 -0.958373
vn -0.3900265 0.018204 -0.92056
vn 0.709586 0.180334 0.681112
vn 0.648823 0.078982 0.756798
vn 0.8887295 -0.164205 0.40224952
vn -0.349803 0.389386 0.852046
vn -0.209784 0.37199 0.904202
vn -0.073428 -0.997131 -0.017823
vn -0.013840001 -0.9876095 -0.12807101
vn 0.0512405 -0.9323422 0.332812
vn -0.47425568 -0.05226209 -0.865473
vn -0.405927 -0.151769 -0.901181
vn -0.349132 -0.07004 -0.934416
vn 0.050607376 0.16888538 0.9788771
vn 0.03726694 0.051683 0.9944627
vn 0.178838 0.132542 0.974883
vn -0.006694928 0.55531085 0.7851937
vn 0.31605 0.497696 0.807672
vn 0.062716 0.551653 0.83169
vn 0.87521 0.288339 0.388348
vn 0.862972 0.249855 0.4391
vn 0.798029 0.264168 0.541581
vn -0.010926 -0.999847 0.011231
vn -0.051515 -0.998627 0.006531
vn -0.020569 -0.999664 -0.013703
vn 0.3549 0.385083 0.851894
vn 0.406446 0.372204 0.834407
vn 0.37430763 0.50224674 0.7763586
vn 0.93748116 0.068845876 -0.32585207
vn 0.89612263 0.16552076 -0.35816914
vn 0.980132 0.116276 -0.160649
vn 0.594165 -0.753502 0.28135
vn 0.402417 -0.778832 0.481063
vn 0.553484 -0.782098 0.286203
vn 0.476882 -0.545885 -0.688864
vn 0.50144976 -0.55475795 -0.6625415
vn 0.504562 -0.511124 -0.695761
vn 0.9515612 0.20509025 -0.12104012
vn 0.973632 0.202918 -0.104099
vn 0.983215 0.172643 0.058565
vn -0.352062 0.798273 0.488632
vn -0.44563812 0.77511674 0.4277844
vn -0.252083 0.901578 0.351512
vn 0.221503 0.821863 -0.524857
vn 0.114231 0.774743 -0.621845
vn -0.06827 0.647877 -0.758629
vn 0.636097 0.536821 -0.554216
vn 0.57414114 0.65001 -0.49432376
vn 0.573962 0.632221 -0.520371
vn 0.146947 -0.025605 -0.9888
vn 0.507767 0.0553985 -0.83603173
vn 0.294534 -0.036836 -0.954924
vn -0.754906 0.43614 -0.489761
vn -0.776543 0.3502 -0.523728
vn -0.7376134 0.40592113 -0.5362006
vn 0.160039 0.438673 0.884274
vn 0.16422 0.354076 0.920652
vn 0.28225777 0.4931104 0.82163846
vn -0.62157047 -0.64653426 -0.4248842
vn -0.417707 -0.58916 -0.691641
vn -0.426191 -0.6274 -0.651692
vn -0.294809 0.494888 0.817408
vn -0.303781 0.411267 0.859371
vn -0.28924546 0.29475296 0.9033042
vn -0.16949372 -0.9516759 0.064331785
vn -0.01474 -0.999878 -9.46E-4
vn -0.116337 -0.990112 0.07828
vn 0.442427 0.814051 0.376202
vn 0.25230813 0.7614405 0.5799584
vn 0.24192 0.877499 0.414045
vn -0.49267927 0.34115124 -0.79985225
vn -0.501419 0.345683 -0.793115
vn -0.405957 0.267434 -0.873867
vn -0.579547 0.421735 -0.697287
vn -0.501419 0.345683 -0.793115
vn 0.1283 0.394238 0.90997
vn 0.338481 0.287393 0.895993
vn 0.35967314 0.23702495 0.66874945
vn 0.850215 0.033692 0.525285
vn 0.848842 0.145451 0.508194
vn 0.827235 -0.019852502 0.556734
vn -0.942961 0.207862 0.259987
vn -0.76132286 0.605873 0.09693734
vn -0.98205525 0.12089124 -0.07105476
vn -0.879543 0.209815 0.427045
vn -0.8137915 0.317347 0.4863585
vn -0.841792 0.356517 0.405255
vn 0.948302 -0.310862 0.063509
vn 0.890194 -0.424848 0.164373
vn 0.79316825 -0.4060945 -0.42995226
vn -0.296457 -0.674337 -0.67629
vn -0.354747 -0.652943 -0.669149
vn -0.31489 -0.605548 -0.730827
vn 0.3550825 0.0375835 -0.933882
vn 0.09384275 -0.033886783 -0.99151874
vn 0.377636 -0.202338 -0.903562
vn -0.015351 0.850612 0.525529
vn 0.056948 0.728629 0.682516
vn 0.196478 0.737449 0.646168
vn 0.046815 0.993286 0.105533
vn 0.05829 0.99826 0.006561
vn 0.230262 0.973022 0.012329
vn -0.61558855 0.4397105 0.653096
vn -0.732475 0.439283 0.520066
vn -0.774499 0.351207 0.526078
vn -0.11005 0.977813 0.178106
vn -0.051546 0.987518 0.148656
vn -0.039674 0.923368 0.381787
vn 0.894803 -0.225288 -0.385357
vn 0.891507 -0.0524 -0.449934
vn 0.919431 0.005585 -0.39317
vn -0.342967 0.760979 -0.550676
vn -0.444319 0.462386 -0.767296
vn -0.335521 0.726493 -0.599628
vn 0.800317 -0.388409 0.456679
vn 0.8130644 -0.4982605 0.28927338
vn 0.806055 -0.379772 0.453871
vn 0.279519 -0.955626 -0.078906
vn 0.013062 -0.998871 -0.045442
vn 0.215491 -0.966063 -0.142247
vn 0.88685274 -0.34189898 -0.306665
vn 0.884976 -0.357097 -0.298746
vn 0.8587225 -0.38017625 -0.3315455
vn -0.4685735 0.013641499 -0.88270223
vn -0.35490724 -0.046251003 -0.9262748
vn -0.373821 0.157292 -0.914029
vn -0.253059 0.041688 -0.966521
vn -0.227577 -0.078188 -0.970611
vn -0.208319 -0.108127 -0.972045
vn 0.365612 -0.878903 0.306284
vn 0.203436 -0.870449 0.448195
vn 0.14871651 -0.9704275 0.1732385
vn 0.923826 -0.296243 -0.242378
vn 0.906217 -0.216346 -0.363201
vn 0.940306 -0.215644 -0.263222
vn 0.785821 -0.391339 -0.478866
vn 0.764275 -0.496841 -0.411054
vn 0.844691 -0.467727 -0.26014
vn -0.692648 0.318918 -0.64687
vn -0.56209 0.293191 -0.773339
vn -0.717093 0.332438 -0.612537
vn -0.172483 0.26269007 -0.939743
vn 0.051027 0.321757 -0.945433
vn -0.061312 0.218207 -0.973968
vn -0.114444 -0.993408 0.006287
vn 0.17485963 -0.948597 -0.06780087
vn 0.090518 -0.974212 -0.20661
vn 0.153508 0.48677 0.85992
vn 0.186224 0.449049 0.873867
vn 0.26487 0.425642 0.86523
vn 0.176946 -0.982513 0.057497
vn 0.3424446 -0.936026 0.022728749
vn 0.076662 -0.99704 0.0
vn 0.498062 -0.332438 0.800867
vn 0.557451 -0.39433 0.730552
vn 0.520859 -0.370586 0.768944
vn 0.38683343 0.24894682 0.8773424
vn 0.6722659 0.20662913 0.7050121
vn 0.532121 0.27781 0.799768
vn 0.513993 -0.624012 0.588549
vn 0.561846 -0.510788 0.650685
vn 0.475326 -0.578631 0.662709
vn -0.456343 0.137394 -0.879116
vn -0.46324998 0.042944163 -0.8734884
vn -0.475326 0.111576 -0.872677
vn 0.29899 -0.565661 -0.768487
vn 0.325755 -0.355083 -0.876217
vn 0.391827 -0.389386 -0.833552
vn -0.036561 0.963439 0.265297
vn -0.009156 0.943083 0.332408
vn -0.034181 0.953825 0.298318
vn -0.098758 0.409558 0.906888
vn -0.077914 0.577441 0.812677
vn 0.052767 -0.924802 -0.37669
vn 0.502335 -0.81650746 -0.097995
vn 0.028108 -0.978332 -0.204993
vn -0.026246 0.817194 0.575701
vn 0.052614 0.740806 0.669637
vn 0.124424 0.781579 0.611225
vn -0.37022 -0.064089 -0.926695
vn -0.1523945 0.16869101 -0.9704275
vn -0.352 -0.107028 -0.929838
vn 0.147801 0.65511 -0.740898
vn 0.243995 0.631519 -0.735923
vn 0.073153 0.540025 -0.838435
vn 0.35302663 0.673017 -0.6422695
vn 0.243995 0.631519 -0.735923
vn -0.005005 -0.997986 -0.063143
vn -0.039918 -0.98294 -0.179357
vn -0.022553 -0.998169 -0.05594
vn 0.226447 0.787927 0.572588
vn 0.259926 0.786737 0.559862
vn -0.50792 0.276162 -0.815912
vn -0.745216 0.4071475 -0.52074504
vn -0.528459 0.313364 -0.788965
vn 0.262642 -0.398389 -0.87878
vn -0.088099 -0.43984824 -0.88853097
vn 0.210181 -0.395428 -0.894101
vn 0.368511 -0.386807 0.834895
vn 0.5635625 -0.31625575 0.75731647
vn 0.460707 -0.535203 0.707968
vn -0.825953 0.475631 0.30253
vn -0.42836997 0.5363922 0.720194
vn -0.675253 0.53032 0.512558
vn 0.256142 -0.953032 0.161473
vn 0.4390354 -0.8920864 0.0011558756
vn 0.20905562 -0.97207564 0.071806
vn -0.7206663 0.57803744 -0.37663472
vn -0.7319006 0.6312809 -0.21844588
vn -0.66277 0.637318 -0.393048
vn 0.019684 0.035737 0.999146
vn -0.018135626 -0.0043796254 0.99872226
vn -0.04239 0.016022 0.998962
vn -0.943266 0.256539 0.2107
vn -0.949828 0.299966 0.088443
vn -0.961379 0.2483905 0.107150495
vn 0.86059904 -0.42308575 -0.270806
vn 0.7278063 -0.4586295 -0.49898627
vn 0.85953104 -0.45142224 -0.23297076
vn 0.740806 0.07654 0.667318
vn 0.69982 0.108982 0.705924
vn 0.834132 0.119999 0.538316
vn -0.418216 0.58592105 0.6921196
vn -0.625751 0.513718 0.586932
vn -0.381573 0.552629 0.740898
vn 0.164861 0.88229 0.44087
vn 0.310617 0.88229 0.353587
vn 0.41389224 0.6368145 0.6118083
vn 0.262703 0.087985 0.960845
vn 0.368084 -0.005219 0.929746
vn 0.42436 -0.055116 0.903806
vn -0.6083875 0.6382917 -0.41487414
vn -0.572924 0.795282 -0.198126
vn -0.46736 0.829859 -0.304727
vn 0.44607952 -0.8810333 0.041331373
vn 0.091922 -0.995727 0.006256
vn 0.18832073 -0.97733885 -0.056791186
vn 0.706778 0.444441 -0.55034
vn 0.658834 0.633961 -0.40495
vn 0.636982 0.564592 -0.524857
vn 0.881375 0.063478 -0.468062
vn 0.521989 0.099124 -0.847133
vn 0.704703 -0.043306 -0.708152
vn 0.326914 0.925932 0.189032
vn 0.404584 0.873562 0.270486
vn 0.2328563 0.9060887 0.29595724
vn 0.007782 -0.246132 -0.969176
vn -0.137394 -0.150609 -0.978973
vn 0.080416 0.019288 -0.996551
vn -0.697623 0.420759 0.579852
vn -0.727073 0.4195225 0.5424665
vn -0.68119574 0.358783 0.6298027
vn 0.22487393 0.06366175 -0.9683447
vn -0.032441 -0.009200998 -0.9974975
vn 0.162175 0.093722 -0.982299
vn 0.3609349 -0.92211163 0.1041958
vn 0.232185 -0.903836 0.359386
vn 0.221198 -0.939512 0.261422
vn -0.460982 0.31608 -0.829188
vn -0.289102 0.280831 -0.915159
vn -0.365154 0.354839 -0.860622
vn 0.3802455 0.38278607 0.8376189
vn 0.30273134 0.11673728 0.9367296
vn 0.250954 0.15775 0.955046
vn -0.453307 -0.830378 0.16519651
vn -0.12741488 -0.9049499 -0.39896825
vn -0.001862 -0.995209 -0.097598
vn 0.7977506 -0.58332276 -0.035589814
vn 0.825526 -0.539445 -0.1631675
vn 0.726707 -0.632649 -0.267556
vn -0.230354 0.402509 0.885922
vn -0.239265 0.451643 0.859493
vn -0.233558 0.473403 0.8493
vn 0.457259 -0.589099 0.666189
vn 0.46322513 -0.529168 0.6688857
vn 0.426038 -0.577624 0.69628
vn 0.10197012 0.9114085 -0.37397388
vn -0.164205 0.97586 0.0094305
vn 0.187689 0.980346 -0.06064
vn 0.69747 0.419111 0.581195
vn 0.648885 0.26899 0.711722
vn 0.82757 -0.547716 -0.122837
vn 0.837611 -0.443281 -0.319132
vn 0.83250535 -0.30490166 -0.36866212
vn -0.351634 0.24369 -0.903836
vn -0.24662 0.203681 -0.947447
vn -0.23877487 0.10176931 -0.9628973
vn 0.819498 -0.4333325 -0.3624075
vn 0.721274 -0.622883 -0.302866
vn 0.737266 -0.567858 -0.365917
vn 0.96523976 -0.1975615 -0.16518924
vn 0.983551 -0.118503 -0.136174
vn 0.983978 -0.166021 -0.064486
vn -0.40600646 -0.05393231 0.7496443
vn -0.078402 0.55885446 0.8206885
vn -0.2642525 -0.40342283 0.8589431
vn 0.8775797 -0.47562525 0.0078108143
vn 0.838466 -0.544908 0.002136
vn 0.886837 -0.456069 -0.074129
vn 0.331462 0.47795 0.81341
vn 0.433424 0.452834 0.779138
vn 0.33214802 0.2457655 0.90588105
vn 0.818445 0.046419 -0.572649
vn 0.75804925 0.04441225 -0.6350442
vn 0.830378 -0.098941 -0.548326
vn -0.361126 -0.900784 0.241066
vn -0.23638901 -0.94811845 0.1927625
vn 0.17021815 -0.80492055 0.49538115
vn -0.576861 0.338786 0.743248
vn -0.547548 0.385739 0.7395855
vn -0.6942045 0.2960295 0.6552785
vn -0.7524689 0.54039747 -0.28212672
vn -0.700949 0.69808 0.145848
vn -0.742821 0.669057 0.023469
vn -0.154149 -0.106388 0.982269
vn 0.009919 0.056154 0.998352
vn -0.050844 -0.008209 0.998657
vn -0.048223462 0.72285926 -0.68262005
vn -0.1531057 0.8535092 -0.4958588
vn -0.016846 0.843867 -0.536241
vn -0.123569 -0.919218 0.373791
vn -0.14243 -0.976287 0.162877
vn -0.074618 -0.961211 0.26545
vn 0.028077 0.986969 0.158238
vn 0.306467 0.948668 0.077822
vn 0.105045006 0.9604325 0.2518995
vn -0.894681 0.446608 0.007263
vn -0.915036 0.365368 0.17069
vn -0.806238 0.565813 0.172613
vn -0.894681 0.446608 0.007263
vn -0.954558 0.297891 0.00473
vn -0.88702 0.3932465 0.230888
vn 0.910672 0.191717 0.365886
vn 0.915738 0.210639 0.342082
vn 0.921018 0.108005 0.374187
vn -0.432844 -0.065127 0.899075
vn -0.3619035 -0.0928525 0.9258405
vn -0.351817 -0.022553 0.935789
vn -0.18160641 0.060727764 -0.9808366
vn -0.301035 0.102817 -0.948027
vn -0.223365 0.184362 -0.957121
vn -0.026856 0.978271 0.205481
vn -0.22198574 0.95574814 0.16927063
vn 0.15113333 0.93971527 0.2993225
vn -0.254433 0.368755 0.894009
vn -0.178594 0.362743 0.914579
vn -0.21338525 -0.446463 -0.85846275
vn -0.37785 -0.18598 -0.90698
vn -0.224982 -0.176885 -0.958159
vn 0.916013 -0.2743 0.292581
vn 0.925687 -0.295969 0.23545
vn 0.907224 -0.251442 0.337168
vn -0.472274 -0.217658 -0.854122
vn -0.498978 -0.172002 -0.849361
vn -0.494186 -0.232734 0.837611
vn -0.4299083 -0.17026287 0.8840164
vn -0.466933 -0.178106 0.866146
vn -0.927824 -0.086947 0.362682
vn -0.9287336 -0.19017607 0.24567783
vn -0.745964 -0.161138 0.646168
vn 0.9516169 0.01045275 -0.30220562
vn 0.88937 -0.088961 -0.448408
vn 0.756058 -0.11191875 -0.6401255
vn 0.9672155 0.22698875 -0.08129375
vn 0.9266683 0.34653914 0.13002338
vn 0.940428 0.125309 -0.315989
vn 0.553148 -0.464095 0.691824
vn 0.3451185 -0.2870875 0.874279
vn 0.581317 -0.101291 0.807337
vn -0.68395 0.526048 0.505417
vn -0.804804 0.525346 0.276193
vn -0.73072314 0.60584104 0.28838626
vn -0.009919 0.823084 0.567797
vn 0.016907 0.859676 0.510514
vn 0.14359 0.878536 0.455519
vn 0.3212834 -0.80142 -0.48894465
vn 0.37141 -0.677175 -0.635151
vn 0.515458 -0.664144 -0.541459
vn -0.89428353 0.20475626 -0.379208
vn -0.7196407 0.13962013 -0.67407644
vn -0.806452 0.176397 -0.564348
vn -0.396954 -0.877316 -0.269631
vn -0.323893 -0.923643 -0.20481
vn -0.448195 -0.82458 -0.345134
vn -0.24918002 -0.9537761 -0.15478987
vn -0.175756 -0.907956 -0.380383
vn -0.176733 -0.915281 -0.36195
vn -0.853725 0.129917 -0.504196
vn -0.880612 0.132664 -0.454848
vn -0.913663 0.121677 -0.387768
vn 0.12006 0.162633 0.97923255
vn -0.063265 0.26603 0.9588455
vn 0.12476 -8.24E-4 0.992157
vn 0.36587477 0.363517 0.8512149
vn 0.338359 0.245003 0.908536
vn 0.292032 0.333415 0.89639
vn -0.123950996 0.89242196 -0.399579
vn -0.260018 0.659383 -0.67705345
vn 0.045076 0.939085 -0.340678
vn 0.2879106 0.16737795 0.93029124
vn 0.432325 0.060762 0.899655
vn 0.434919 0.059236 0.898495
vn 0.387066 -0.91583 -0.106845
vn 0.2566 -0.955809 -0.143406
vn 0.2520065 -0.965087 -0.0455795
vn -0.805811 0.31086928 0.49285102
vn -0.94882 0.265816 0.170415
vn -0.86465 0.265328 0.426557
vn -0.3753315 -0.898816 -0.2219915
vn -0.376537 -0.901212 -0.214484
vn -0.345836 -0.919889 -0.184851
vn 0.783593 -0.535478 -0.314951
vn 0.823115 -0.514145 -0.240974
vn 0.821986 -0.531663 -0.204016
vn 0.122715 -0.992401 -0.007752
vn 0.227149 -0.972777 -0.045442
vn 0.190619 -0.980346 -0.050295
vn -0.216712 0.618641 0.75515
vn -0.238258 0.577288 0.780969
vn -0.183111 0.554918 0.811457
vn -0.008300999 0.047273498 0.995987
vn -0.209571 -0.012116 0.977691
vn -0.043886 0.155004 0.986908
vn 0.197928 0.8571425 -0.4196445
vn 0.111148 0.993744 0.009003
vn 0.091586 0.995727 0.010437
vn 0.932829 -0.355998 0.055086
vn 0.932188 -0.35963 -0.040956
vn 0.932783 -0.3595385 -0.0228125
vn 0.23181099 -0.94931626 -0.190466
vn 0.1089355 -0.97708046 -0.1057005
vn -0.022309 -0.999573 0.018189
vn 0.338755 -0.722617 -0.602527
vn 0.091739 -0.862484 -0.497635
vn 0.268166 -0.653829 -0.70748
vn -0.114724815 -0.03795428 0.98772657
vn -0.40901297 0.07970463 0.9025811
vn -0.078555 -0.025819 0.996551
vn -0.76420635 0.3825531 -0.5098766
vn -0.59978 0.637226 -0.483902
vn -0.7296135 0.5901058 -0.31293675
vn -0.086703 0.97589 0.200201
vn -0.172826 0.963317 0.205237
vn -0.002319 0.793207 0.608905
vn -0.148167 -0.987823 -0.04709
vn -0.085299 -0.996063 -0.023652
vn -0.074465 -0.996918 -0.023988
vn -0.108646 0.789819 -0.603595
vn -0.034791 0.825007 -0.563982
vn 0.010224 0.593158 -0.804987
vn 0.110141 0.922086 0.370922
vn 0.079409 0.969054 0.23365
vn 0.067324 0.935789 0.346019
vn 0.019715 -0.699057 0.714743
vn 0.082293 -0.7362435 0.6696985
vn 0.017853 -0.706809 0.707144
vn 0.707633 0.655263 0.26429
vn 0.7167845 0.69121766 0.07516737
vn 0.741203 0.650838 0.164373
vn 0.285257 -0.171209 -0.943022
vn 0.31741524 -0.2192065 -0.91671526
vn 0.225105 -0.183813 -0.956816
vn -0.20554224 0.40621674 -0.86337626
vn -0.066591 0.616077 -0.784845
vn -0.092715 0.386364 -0.917661
vn -0.14293349 0.9756005 0.1532335
vn 0.036225 0.972625 0.229408
vn -0.074496 0.971831 0.223426
vn 0.8388468 0.2956745 -0.40377522
vn 0.888913 0.153722 -0.43144
vn 0.871517 0.308603 -0.381054
vn 0.169256 0.947844 -0.269997
vn -0.017853 0.69042 -0.723167
vn 0.25006875 0.9140903 -0.3117695
vn -0.225562 0.973022 0.048372
vn -0.649373 0.748802 0.13245
vn -0.56890124 0.7265124 0.25048625
vn -0.246223 -0.062777 -0.967162
vn -0.181188 -0.049409 -0.982177
vn -0.21485 0.037233 -0.975921
vn 0.006561 0.237373 0.971374
vn -0.061575186 0.09309287 0.9921092
vn 0.017365 0.276193 0.960936
vn -0.617176 0.786767 0.008667
vn -0.720237 0.692099 -0.047304
vn -0.713218 0.696524 0.078188
vn 0.1167236 -0.5755465 -0.80572754
vn 0.061861 -0.542955 -0.837458
vn 0.039186 -0.652821 -0.756462
vn 0.76258147 -0.44984505 0.45580575
vn 0.80784 -0.50206 0.308298
vn 0.793115 -0.348155 0.49971
vn -0.4476571 -0.8419672 0.2766045
vn -0.41673 -0.701682 0.577868
vn -0.578692 -0.634785 0.511979
vn 0.3642385 0.799173 -0.4540845
vn 0.340342 0.930235 -0.136967
vn 0.157994 0.959868 -0.231666
vn 0.978973 0.103854 0.175451
vn 0.92072797 0.11623 0.35081
vn 0.995575 0.071108 0.061281
vn -0.1259805 0.9823755 -0.129246
vn -0.17307 0.941099 -0.290384
vn -0.293497 0.82638 -0.480514
vn 0.236824 -0.233894 -0.942961
vn 0.3208415 -0.2612535 -0.9073535
vn 0.225105 -0.183813 -0.956816
vn -0.521897 -0.331156 -0.786065
vn -0.59022415 -0.5990133 -0.5319568
vn -0.664388 -0.431959 -0.609851
vn 0.48323 0.1626865 0.84233403
vn 0.2249482 -0.024777312 0.9658821
vn 0.418287 -0.221076 0.880978
vn 0.244362 0.799676 -0.548448
vn -0.062273312 0.90474975 -0.40021986
vn 0.35847 0.802332 -0.477187
vn -0.05676257 0.2316355 -0.9331417
vn -0.245308 0.180517 -0.952452
vn -0.252449 0.144353 -0.956755
vn 0.085665 -0.995086 -0.049257
vn 0.132786 -0.985534 -0.105197
vn 0.096896 -0.993774 0.054567
vn -0.09142856 -0.9912344 -4.4909306E-4
vn -0.0385755 -0.9650865 0.2516405
vn -0.012329 -0.994079 0.107883
vn -0.0770745 0.4474625 -0.890652
vn -0.23838 0.433912 -0.868831
vn -0.191992 0.508805 -0.839167
vn -0.304605 -0.008484 -0.952422
vn -0.357524 0.178991 -0.916562
vn -0.376568 0.13303 -0.916776
vn -0.66922295 0.6391262 -0.37207246
vn -0.686453 0.609821 -0.396039
vn -0.636433 0.599384 -0.485458
vn -0.336314 -0.182348 -0.923917
vn -0.236427 0.075564 -0.968688
vn -0.243782 -0.0159 -0.969665
vn 0.7815485 0.5439925 0.300043
vn 0.863033 0.502762 0.048402
vn 0.842799 0.380047 0.381054
vn 0.9202554 -0.18140271 -0.07648593
vn 0.9828793 -0.08043175 0.050287
vn 0.967009 -0.157811 -0.199866
vn -0.5251317 0.1817455 0.82626575
vn -0.5707575 0.330592 0.74987054
vn -0.499496 0.201483 0.842524
vn 0.6953071 -0.59571195 -0.29472306
vn 0.5076605 -0.819468 -0.2244025
vn 0.505936 -0.862362 0.017457
vn 0.709372 0.255287 0.656911
vn 0.529862 0.33784 0.777856
vn 0.732749 0.202094 0.649739
vn 0.040803 -0.962066 -0.269662
vn 0.201159 -0.88362145 -0.41683322
vn 0.020142 -0.908689 -0.416944
vn 0.204535 -0.675161 0.708701
vn 0.1406905 -0.735023 0.6545305
vn 0.201575 -0.660939 0.722831
vn -0.832728 -0.24590299 -0.489349
vn -0.856594 -0.365337 -0.364299
vn -0.84695 -0.331248 -0.415815
vn -0.86343 -0.132511 0.48674
vn -0.938688 -0.135014 0.317179
vn -0.921232 -0.174047 0.34785
vn 0.632252 0.345347 -0.693503
vn 0.765252 0.265542 -0.586383
vn 0.757958 0.417707 -0.500961
vn 0.471053 -0.317148 -0.823084
vn 0.565569 -0.289163 -0.772332
vn 0.675863 -0.262337 -0.688711
vn -0.254707 0.030824 -0.966521
vn -0.225532 0.016266 -0.97409
vn -0.268319 -0.001801 -0.963317
vn -0.254707 0.030824 -0.966521
vn -0.231605 0.057405 -0.971099
vn -0.2676015 0.050531 -0.96123374
vn -0.093897745 0.7518003 -0.5701201
vn 0.092759185 0.38247144 -0.89890444
vn 0.248451 0.610431 -0.752068
vn 0.3977573 -0.37775943 -0.76803327
vn 0.6370244 -0.31399363 -0.68477046
vn 0.615741 -0.393689 -0.682516
vn 0.192022 0.056856 -0.979736
vn 0.28307155 -0.09420566 -0.9459007
vn 0.233924 -0.060427 -0.970367
vn 0.180425 0.246162 -0.952269
vn 0.259163 0.30137 -0.9176
vn 0.110477 0.237953 -0.964965
vn -0.127781 0.984832 -0.117283
vn -0.288369 0.830012 -0.47734
vn -0.233863 0.724967 -0.647816
vn 0.723441 -0.348796 0.595752
vn 0.789026 -0.493789 0.365459
vn -0.4251646 0.28533834 0.85203826
vn -0.404218 0.247444 0.88052
vn -0.732429 0.220569 -0.605842
vn -0.805567 0.489669 -0.333537
vn -0.6871393 0.18408799 -0.6887498
vn -0.087924 -0.337321 -0.937254
vn 0.004608 -0.289224 -0.957213
vn -0.214545 -0.197455 -0.956511
vn 0.541673 -0.543931 -0.640828
vn 0.592975 -0.508805 -0.624043
vn 0.3667494 -0.531251 -0.7258217
vn 0.59412855 0.35300964 0.67057574
vn 0.728629 0.049867 0.683035
vn 0.5541855 0.2216865 0.7962885
vn -0.751427 -0.077944 0.655141
vn -0.6463668 -0.34103674 0.6738335
vn 0.914548 -0.289346 0.28254
vn 0.922422 -0.287423 0.25782
vn 0.7863894 -0.15372926 0.5861385
vn -0.15399815 0.45304894 -0.8684374
vn -0.278634 0.551561 -0.786187
vn -0.18867211 0.7363586 -0.64697504
vn 0.618137 0.081881 0.7770925
vn 0.554643 -0.086856 0.827509
vn 0.684622 -0.060701 0.726341
vn 0.028962 0.964782 0.261391
vn 0.086215 0.945952 0.312571
vn -0.41252634 0.53697896 0.5943905
vn 0.109622 0.645619 0.755699
vn 0.219733 0.538072 0.8116855
vn 0.141697 0.673757 0.725211
vn 0.764122 -0.343577 0.545915
vn 0.769372 -0.26838 0.579638
vn 0.7932049 -0.24767892 0.5527322
vn -0.594562 0.675405 0.436201
vn -0.666128 0.359294 0.653554
vn -0.745933 0.409894 0.524888
vn 0.7562562 -0.25733948 0.44231248
vn 0.808069 -0.448439 0.38197
vn 0.723869 -0.383679 0.573382
vn 0.11926074 0.08120025 -0.9830487
vn 0.070864 0.11539 -0.990783
vn 0.278054 0.228248 -0.933042
vn 0.839625 -0.496323 0.220649
vn 0.82045555 -0.50262326 -0.016517647
vn 0.747887 -0.560533 0.355541
vn -0.95233774 -0.05251475 -0.2734685
vn -0.9111768 -0.26941144 -0.23930801
vn -0.940611 -0.07123 -0.331889
vn -0.59508 0.009613 -0.803583
vn -0.528489 0.052713 -0.84550047
vn -0.654408 0.702322 0.280068
vn -0.660329 0.574175 0.483993
vn -0.85053575 -0.5023347 0.08983875
vn -0.77391243 -0.56934834 -0.26716232
vn -0.727775 -0.659474 -0.188055
vn -0.351665 0.242897 -0.90405
vn -0.55469465 0.110429525 -0.8145689
vn -0.549608 0.178014 -0.816218
vn 0.495895 -0.089328 -0.863765
vn 0.403912 -0.051943 -0.913297
vn 0.32768497 -0.13580362 -0.92980075
vn 0.082583 0.892117 0.444136
vn 0.020271752 0.93544555 0.33847326
vn 0.040254 0.860073 0.50853
vn 0.545854 0.025025 -0.837489
vn 0.411603 -0.045167 -0.910215
vn 0.535844 -0.020539 -0.84405
vn -0.347484 -0.832514 0.43141
vn -0.407331 -0.807733 0.42616
vn -0.388867 -0.812586 0.434126
vn -0.505264 0.321451 0.800836
vn -0.5739465 0.409482 0.7071905
vn -0.487869 0.401685 0.774987
vn 0.789453 -0.500687 0.354991
vn 0.806879 -0.464644 0.364727
vn -0.387005 -0.845882 -0.366924
vn -0.36552 -0.918058 -0.153386
vn -0.378704 -0.922575 -0.073519
vn -0.8357361 -0.37357542 -0.3862551
vn -0.9731207 -0.2045505 -0.05875575
vn -0.987976 -0.09534 -0.121586
vn 0.413404 0.74929 -0.517319
vn 0.396771 0.742698 -0.539354
vn 0.254799 0.843867 -0.472152
vn 0.785241 -0.213202 0.581286
vn 0.795465 -0.238227 0.557176
vn 0.790582 -0.234931 0.565447
vn 0.625843 -0.50029 -0.598315
vn 0.899197 -0.317301 -0.301218
vn 0.40928835 -0.07732049 -0.8567025
vn -0.808588 0.335337 0.483383
vn -0.71749 0.251534 0.649525
vn -0.760704 0.270913 0.589801
vn -0.84994 0.227851 -0.475021
vn -0.822626 0.345653 -0.451369
vn -0.766106 0.243568 -0.594714
vn 0.46058834 0.5032054 0.7106104
vn 0.313517 0.220099 0.923704
vn 0.43761975 0.5516048 0.6756353
vn -0.892819 0.448469 0.041414
vn -0.877735 0.47353297 0.04451125
vn -0.864284 0.455885 0.212439
vn 0.473952 -0.712973 0.516709
vn 0.541826 -0.67748 0.497391
vn 0.576037 -0.580767 0.575213
vn 0.995788 -0.02884 -0.086886
vn 0.9253502 0.25061378 0.1781946
vn 0.998016 0.039552 0.048463
vn 0.68991697 0.2106235 0.68857396
vn 0.4487285 0.14915949 0.8745535
vn 0.449324 0.121006 0.885098
vn -0.85049 0.443129 0.283242
vn -0.632893 0.593097 0.497604
vn -0.700903 0.4657275 0.46133298
vn 0.561846 0.74749 0.35432
vn 0.3909536 0.679605 0.57739687
vn 0.45885155 0.8130512 0.34983933
vn 0.192999 -0.968688 0.156041
vn 0.21366 -0.971862 0.099094
vn 0.28386816 -0.9254472 0.20493391
vn 0.236244 -0.813501 0.531358
vn 0.200018 -0.894894 0.398877
vn 0.069491 -0.904752 0.420179
vn 0.0021716915 -0.97152543 -0.17296419
vn 0.001343 -0.999786 0.020173
vn -0.45853287 0.86922836 -0.09662925
vn -0.11475 0.921476 -0.371014
vn -0.091433 0.95703 -0.275155
vn -0.15319899 -0.6614525 0.6427477
vn -0.4783315 -0.53531003 0.695433
vn -0.551805 -0.468581 0.68984
vn -0.004028 -0.999939 0.008148
vn 0.016175 -0.999054 -0.039888
vn 0.00531 -0.999847 -0.015656
vn 0.566576 -0.55565 -0.608417
vn 0.600452 -0.524857 -0.60329
vn 0.685301 -0.5908612 -0.41808826
vn 0.44480336 -0.87212586 -0.15413375
vn 0.029298 -0.999512 0.009217
vn 0.19367 -0.973022 -0.12534
vn 0.43404937 -0.23131138 -0.8653523
vn 0.222175 -0.01352 -0.974883
vn 0.358043 -0.039949 -0.932829
vn -0.588977 -0.663778 -0.460891
vn -0.512009 -0.839137 -0.183386
vn -0.52768004 -0.71044 -0.439299
vn -0.576922 0.577502 -0.577593
vn -0.5772885 0.5478228 -0.60161126
vn -0.541032 0.459944 -0.704062
vn -0.250374 0.438826 0.862941
vn -0.363445 0.529801 0.766259
vn -0.253304 0.482009 0.83871
vn -0.13892 0.452437 0.880886
vn -0.39220077 0.38682973 0.830424
vn -0.52780247 0.49974048 0.68259203
vn 0.236305 0.016511 0.971526
vn -0.100681 0.017426 0.994751
vn 0.014832 0.055788 0.998321
vn -0.9236976 -0.27676034 -0.23744988
vn -0.93964225 -0.176862 -0.2801825
vn -0.72250366 -0.22266862 -0.6419868
vn -0.109134 0.755516 -0.645955
vn -0.156346 0.691061 -0.705649
vn -0.01706 0.731468 -0.681631
vn -0.124516 0.97351 -0.191595
vn -0.169805 0.982116 -0.081118
vn -0.263985 0.956175 -0.12653
vn -0.7463 -0.654866 0.118931
vn -0.736503 -0.643361 0.208777
vn -0.719138 -0.622822 0.308054
vn -0.538865 0.682852 0.493271
vn -0.442213 0.647389 0.620716
vn 0.405072 -0.372021 0.835139
vn 0.29927227 -0.2480315 0.91549426
vn 0.228767 -0.13712 0.963744
vn 0.477187 -0.460616 -0.748375
vn 0.42436 -0.406781 -0.808954
vn 0.40623224 -0.356628 -0.8368859
vn -0.1393325 0.40176076 -0.895581
vn -0.069521 0.702567 -0.708182
vn -0.231269 0.664602 -0.710471
vn -0.398129 -0.2045045 0.89312434
vn -0.541276 0.015442 0.840693
vn -0.539415 -0.158025 0.827052
vn 0.783807 -0.343028 -0.517594
vn 0.844142 -0.31785 -0.431684
vn 0.772149 -0.298196 -0.561083
vn 0.063997 -0.049989 -0.996673
vn -0.07317258 -0.23478061 -0.7846186
vn -0.021027 -0.144658 -0.989257
vn 0.224433 -0.198828 -0.953978
vn 0.0491845 -0.082186244 -0.98458064
vn 0.088168 -0.036409 -0.995422
vn -0.608631 -0.776269 -0.164006
vn -0.562487 -0.728721 -0.390576
vn -0.494522 -0.768548 -0.405896
vn 0.07023062 0.337096 0.935133
vn -0.041719 0.317606 0.947295
vn -0.072604 0.257637 0.9635
vn 0.15027325 -0.5331508 -0.7579386
vn -0.161657 -0.275796 -0.947508
vn -0.434645 -0.140599 -0.889523
vn -0.448042 0.140477 -0.88287
vn -0.446516 0.141362 -0.883511
vn -0.48319355 0.0046797357 -0.84910583
vn 0.106723 0.48851 0.865993
vn 0.31605 0.497696 0.807672
vn 0.210059 0.381146 0.900327
vn 0.838588 -0.425733 -0.339793
vn 0.8629381 -0.28011903 -0.40591323
vn 0.774224 -0.395825 -0.493789
vn -0.056948 -0.980193 -0.189611
vn 0.007416 -0.999908 0.009064
vn -0.057497 -0.997894 -0.029145
vn -0.864437 0.180731 -0.469069
vn -0.725883 0.228614 -0.648671
vn -0.873836 0.066378 -0.481613
vn -0.808496 0.464095 -0.361797
vn -0.782342 0.468703 -0.410138
vn -0.816187 0.47972 -0.32197
vn 0.399304 0.684164 0.610248
vn 0.375896 0.683584 0.625599
vn 0.45100614 0.586785 0.63969445
vn 0.016297 0.105258 0.994293
vn 0.1169925 0.2471085 0.959029
vn -0.05680547 0.37374127 -0.9233726
vn 0.163919 0.4156925 -0.89429176
vn 0.065859 0.313334 -0.947325
vn -0.129185 0.990966 0.035707
vn -0.150761 0.988098 -0.030183
vn -0.095798 0.994995 0.028108
vn -0.523759 -0.804651 -0.27958
vn -0.340144 -0.867367 -0.2886895
vn -0.26030937 -0.55505145 -0.761679
vn 0.577685 -0.211585 -0.788324
vn 0.748802 -0.202521 -0.631062
vn 0.543321 -0.196509 -0.816157
vn -0.0944395 -0.2703025 0.952025
vn 0.09802151 -0.44970575 0.8787861
vn -0.131413 -0.192175 0.972503
vn 0.490524 0.673849 -0.552477
vn 0.377667 0.802057 -0.462661
vn 0.32252 0.581256 -0.747063
vn 0.79998624 0.4128786 -0.41942477
vn 0.905942 0.421979 -0.033784
vn 0.842219 0.50911 -0.177343
vn 0.892056 -0.068087 -0.44676
vn 0.9583115 -0.1280555 -0.2220525
vn 0.915128 -0.085788 -0.393902
vn 0.780053 0.566546 -0.265481
vn 0.7991575 0.355457 -0.47365674
vn 0.782891 0.399335 -0.477035
vn 0.07069202 0.80064535 -0.3372752
vn -0.414533 0.706412 0.573687
vn -0.396313 0.712027 0.579577
vn 0.557955 0.3415785 -0.7239905
vn 0.58413947 0.6257515 -0.514405
vn 0.5411733 0.63381976 -0.5369388
vn 0.0776125 0.47977275 0.86446524
vn -0.013764 0.453322 0.891232
vn -0.113712 0.538682 0.834773
vn -0.349742 -0.831202 0.432112
vn -0.3471635 -0.90215755 0.2442855
vn -0.34357703 -0.8509325 0.3921325
vn -0.114475 0.880062 0.460799
vn -0.108097 0.959349 0.260628
vn -0.021149 0.957854 0.286416
vn 0.604663 0.678701 0.416761
vn 0.5698577 0.77632624 0.20656237
vn 0.563784 0.7871945 0.2357555
vn -0.35300732 0.92921436 -0.08180306
vn -0.306986 0.951628 -0.011322
vn -0.308908 0.95056 -0.031343
vn -0.215339 0.119968 -0.969115
vn -0.4331035 0.25144202 -0.85631895
vn -0.471297 0.140233 -0.870724
vn 0.6586585 0.16641 -0.72691274
vn 0.759423 0.092593 -0.64391
vn 0.831698 0.15033424 -0.52373576
vn -0.238319 0.381115 0.893246
vn -0.30584103 0.6063265 0.6647545
vn -0.35256138 0.34780788 0.862659
vn 0.58564603 -0.29905277 -0.7430091
vn 0.539293 -0.313761 -0.781457
vn 0.353893 -0.206397 -0.912198
vn 0.041932 0.825159 -0.56328
vn -0.116245 0.666707 -0.736167
vn -0.191351 0.66567 -0.721274
vn -0.651143 0.695425 0.303873
vn -0.706412 0.68984 0.1583
vn -0.838557 0.415509 0.352306
vn 0.09297451 0.498367 -0.8594395
vn 0.085452 0.650166 -0.754936
vn 0.211737 0.593768 -0.776238
vn -0.254067 -0.564837 0.785089
vn -0.332987 -0.395215 0.856075
vn -0.354442 -0.522111 0.775719
vn -0.056368 0.714042 -0.697775
vn -0.205756 0.509323 -0.835597
vn -0.329905 0.594287 -0.733421
vn -0.004059 -0.999481 -0.031831
vn 0.013428 -0.997223 0.073122
vn 0.009308 -0.999023 -0.042512
vn -0.797754 -0.178564 -0.575884
vn -0.9534135 -0.178411 -0.24300352
vn -0.983459 0.17716 0.037568
vn -0.990936 0.133885 -0.008515
vn -0.999207 0.010376 0.038392
vt 0.5 0.0
vt 1.0 0.0
vt 0.5 0.25
vt 0.875 0.75
vt 1.0 0.5
vt 1.0 1.0
vt 0.59375 0.0625
vt 0.5 0.0
vt 0.671875 0.359375
vt 0.5 0.25
vt 1.0 0.0
vt 0.75 0.25
vt 0.8125 0.0625
vt 1.0 0.0
vt 1.0 1.0
vt 0.890625 0.515625
vt 0.25 0.125
vt 0.5 0.25
vt 0.25 0.0
vt 1.0 0.0
vt 1.0 1.0
vt 0.5 0.0
vt 1.0 0.0
vt 1.0 1.0
vt 0.796875 0.71875
vt 0.25 0.0
vt 0.5 0.5
vt 0.5 0.5
vt 1.0 0.0
vt 1.0 0.5
vt 0.5 0.0
vt 1.0 0.5
vt 0.734375 0.65625
vt 0.0 0.0
vt 1.0 0.0
vt 0.375 0.125
vt 0.5 0.0
vt 1.0 0.5
vt 0.90625 0.75
vt 0.9375 0.875
vt 0.5 0.0
vt 0.75 0.25
vt 0.79296875 0.65625
vt 1.0 0.0
vt 1.0 1.0
vt 0.375 0.125
vt 0.5 0.0
vt 0.5 0.5
vt 0.75 0.0
vt 0.984375 0.28125
vt 0.625 0.25
vt 0.0 0.0
vt 1.0 0.0
vt 0.5 0.5
vt 0.5 0.5
vt 0.75 0.5
vt 0.7265625 0.515625
vt 0.75 0.5
vt 0.65625 0.03125
vt 0.5 0.5
vt 0.5 0.0
vt 1.0 0.5
vt 0.75 0.625
vt 0.62109375 0.5234375
vt 0.5 0.25
vt 1.0 0.5
vt 0.25 0.0
vt 0.875 0.6875
vt 0.75 0.125
vt 0.5 0.0
vt 0.5 0.0625
vt 0.875 0.25
vt 0.859375 0.5625
vt 0.5 0.0
vt 1.0 1.0
vt 0.25 0.25
vt 0.375 0.3125
vt 0.875 0.25
vt 0.375 0.25
vt 1.0 0.0
vt 1.0 1.0
vt 0.875 0.25
vt 1.0 0.625
vt 0.5 0.3125
vt 0.0 0.0
vt 0.375 0.25
vt 0.75 0.125
vt 0.0 0.0
vt 1.0 0.0
vt 0.5 0.5
vt 0.8125 0.625
vt 1.0 0.0
vt 1.0 0.25
vt 0.75 0.5
vt 0.5 0.0
vt 0.5 0.375
vt 0.3125 0.25
vt 1.0 0.0
vt 0.30859375 0.16796875
vt 0.9140625 0.640625
vt 0.46875 0.265625
vt 1.0 0.5
vt 0.5 0.25
vt 0.234375 0.1875
vt 0.5 0.5
vt 0.0 0.0
vt 1.0 0.5
vt 0.5 0.5
vt 0.25 0.25
vt 1.0 0.0
vt 1.0 1.0
vt 0.734375 0.515625
vt 0.5 0.0
vt 0.5625 0.1875
vt 0.59375 0.578125
vt 0.25 0.0
vt 1.0 1.0
vt 0.0 0.0
vt 1.0 0.0
vt 1.0 1.0
vt 0.75 0.5
vt 0.703125 0.65625
vt 1.0 0.5
vt 0.0 0.0
vt 1.0 0.5
vt 1.0 1.0
vt 0.0 0.0
vt 0.75 0.0
vt 0.5 0.5
vt 0.96875 0.8125
vt 0.5 0.0
vt 0.8671875 0.5234375
vt 0.875 0.75
vt 1.0 0.0
vt 1.0 1.0
vt 0.5 0.0
vt 0.9375 0.125
vt 1.0 0.5
vt 0.0 0.0
vt 0.5 0.0
vt 1.0 1.0
vt 0.75 0.5
vt 1.0 0.0
vt 1.0 0.5
vt 0.0 0.0
vt 0.625 0.0625
vt 0.5 0.5
vt 0.0 0.0
vt 0.5 0.0
vt 0.5 0.25
vt 0.875 0.75
vt 0.25 0.0
vt 1.0 1.0
vt 0.0 0.0
vt 0.5 0.0
vt 0.5 0.5
vt 0.5 0.0
vt 1.0 0.75
vt 0.5 0.5
vt 0.0 0.0
vt 1.0 0.0
vt 0.75 0.5
vt 0.875 0.125
vt 0.5 0.25
vt 1.0 0.5
vt 0.5 0.5
vt 1.0 0.0
vt 1.0 0.5
vt 0.75 0.5
vt 1.0 0.0
vt 1.0 1.0
vt 0.875 0.75
vt 1.0 0.0
vt 1.0 1.0
vt 0.3359375 0.265625
vt 0.5 0.0
vt 0.6875 0.5
vt 0.0 0.0
vt 0.1875 0.125
vt 0.953125 0.53125
vt 0.0 0.0
vt 0.5 0.25
vt 1.0 1.0
vt 0.75 0.0
vt 0.375 0.125
vt 0.375 0.3125
vt 0.875 0.125
vt 0.5 0.0
vt 1.0 0.5
vt 1.0 0.0
vt 1.0 1.0
vt 0.0 0.0
vt 0.75 0.5
vt 1.0 1.0
vt 0.8671875 0.828125
vt 0.84375 0.0625
vt 1.0 1.0
vt 0.75 0.25
vt 0.53125 0.203125
vt 0.96875 0.03125
vt 0.0 0.0
vt 1.0 0.0
vt 1.0 0.5
vt 0.5 0.5
vt 0.5 0.0
vt 1.0 0.75
vt 0.5 0.5
vt 1.0 0.5
vt 0.875 0.375
vt 0.75 0.5
vt 0.4375 0.375
vt 0.5 0.5
vt 0.8125 0.28125
vt 1.0 0.0
vt 0.5 0.5
vt 0.875 0.625
vt 0.625 0.25
vt 0.25 0.25
vt 0.4375 0.25
vt 0.5 0.0
vt 0.9375 0.5625
vt 0.9375 0.125
vt 0.75 0.0
vt 0.75 0.25
vt 0.0 0.0
vt 0.8125 0.25
vt 0.96875 0.53125
vt 0.0 0.0
vt 1.0 0.0
vt 0.5 0.5
vt 0.75 0.5
vt 1.0 0.0
vt 1.0 1.0
vt 0.5 0.0
vt 0.75 0.5
vt 1.0 1.0
vt 0.59375 0.2890625
vt 0.96875 0.3125
vt 1.0 1.0
vt 0.375 0.25
vt 0.75 0.5
vt 1.0 1.0
vt 1.0 0.5
vt 1.0 1.0
vt 0.0 0.0
vt 1.0 0.0
vt 0.5 0.5
vt 0.0 0.0
vt 0.8671875 0.6328125
vt 0.3125 0.15625
vt 0.0 0.0
vt 1.0 0.0
vt 1.0 1.0
vt 0.0 0.0
vt 0.25 0.0
vt 1.0 1.0
vt 0.75 0.5
vt 1.0 0.0
vt 0.75 0.5
vt 0.0 0.0
vt 1.0 0.0
vt 0.5625 0.03125
vt 0.9375 0.625
vt 0.75 0.5
vt 0.75 0.25
vt 0.75 0.25
vt 1.0 0.0
vt 1.0 1.0
vt 0.0 0.0
vt 1.0 0.0
vt 1.0 1.0
vt 0.0 0.0
vt 1.0 0.0
vt 1.0 1.0
vt 0.0 0.0
vt 1.0 0.0
vt 0.375 0.125
vt 0.5 0.5
vt 0.5 0.0
vt 0.5 0.5
vt 0.0 0.0
vt 0.6875 0.25
vt 0.5 0.25
vt 0.5 0.0
vt 0.5 0.0
vt 0.5 0.5
vt 0.5 0.25
vt 0.5 0.09375
vt 0.875 0.125
vt 0.0 0.0
vt 0.25 0.0
vt 0.25 0.25
vt 0.0 0.0
vt 0.875 0.625
vt 1.0 1.0
vt 0.0 0.0
vt 0.875 0.25
vt 0.75 0.375
vt 0.0 0.0
vt 0.5 0.0
vt 0.5 0.5
vt 0.75 0.25
vt 1.0 0.0
vt 1.0 1.0
vt 0.5 0.0
vt 1.0 0.0
vt 0.4375 0.0625
vt 0.0 0.0
vt 1.0 0.0
vt 0.96875 0.78125
vt 0.5 0.0
vt 0.69921875 0.3671875
vt 0.875 0.375
vt 0.875 0.625
vt 0.5 0.0
vt 0.5 0.5
vt 0.0 0.0
vt 1.0 0.0
vt 0.5 0.5
vt 0.6484375 0.6015625
vt 0.25 0.125
vt 1.0 1.0
vt 0.91796875 0.6015625
vt 1.0 0.0
vt 0.5 0.25
vt 0.8203125 0.484375
vt 0.5 0.0
vt 1.0 0.5
vt 0.5 0.5
vt 0.75 0.5
vt 0.5 0.5
vt 0.875 0.5
vt 0.25 0.0
vt 0.375 0.125
vt 0.75 0.5
vt 0.5 0.0
vt 1.0 1.0
vt 0.875 0.25
vt 0.75 0.5
vt 0.875 0.375
vt 0.75 0.75
vt 1.0 0.0
vt 0.96875 0.8125
vt 0.75 0.75
vt 0.65625 0.40625
vt 1.0 1.0
vt 0.0 0.0
vt 0.75 0.25
vt 1.0 1.0
vt 0.0 0.0
vt 0.75 0.5
vt 0.5 0.25
vt 0.875 0.75
vt 0.7421875 0.203125
vt 1.0 1.0
vt 0.5 0.0
vt 1.0 0.0
vt 0.71875 0.4375
vt 0.0 0.0
vt 1.0 0.0
vt 1.0 1.0
vt 0.0 0.0
vt 1.0 0.0
vt 1.0 1.0
vt 0.0 0.0
vt 0.734375 0.65625
vt 1.0 1.0
vt 0.9375 0.625
vt 1.0 0.0
vt 0.9375 0.375
vt 0.0 0.0
vt 0.5 0.0
vt 1.0 1.0
vt 0.0 0.0
vt 0.484375 0.265625
vt 0.5 0.25
vt 0.0 0.0
vt 1.0 0.5
vt 0.75 0.25
vt 0.0 0.0
vt 0.5 0.0
vt 1.0 1.0
vt 0.0 0.0
vt 1.0 0.0
vt 1.0 1.0
vt 0.7421875 0.109375
vt 1.0 0.5
vt 1.0 0.5
vt 0.5 0.5
vt 0.63134766 0.21801758
vt 1.0 0.5
vt 0.0 0.0
vt 0.27734375 0.1796875
vt 1.0 0.5
vt 0.75 0.0
vt 1.0 0.0
vt 0.5 0.5
vt 0.875 0.125
vt 1.0 0.0
vt 0.921875 0.375
vt 0.0 0.0
vt 1.0 0.0
vt 0.9921875 0.921875
vt 0.0 0.0
vt 0.875 0.75
vt 0.5 0.25
vt 0.8515625 0.37890625
vt 1.0 0.0
vt 1.0 1.0
vt 0.25 0.0625
vt 1.0 0.0
vt 0.5 0.25
vt 0.75 0.5
vt 1.0 0.0
vt 0.625 0.4375
vt 0.5 0.5
vt 1.0 0.5
vt 0.75 0.25
vt 0.75 0.625
vt 1.0 0.0
vt 0.5 0.5
vt 0.0 0.0
vt 1.0 0.5
vt 1.0 1.0
vt 0.0 0.0
vt 0.5 0.0
vt 0.75 0.25
vt 0.75 0.5
vt 0.875 0.75
vt 1.0 1.0
vt 0.0 0.0
vt 1.0 0.0
vt 1.0 1.0
vt 0.0 0.0
vt 1.0 0.0
vt 1.0 1.0
vt 0.75 0.5
vt 0.6875 0.625
vt 1.0 1.0
vt 0.0 0.0
vt 0.5 0.0
vt 1.0 1.0
vt 0.0 0.0
vt 0.8984375 0.2265625
vt 1.0 1.0
vt 0.0 0.0
vt 0.71875 0.546875
vt 1.0 1.0
vt 0.0 0.0
vt 0.5 0.0
vt 0.25 0.25
vt 0.75 0.5
vt 1.0 0.0
vt 1.0 1.0
vt 0.8359375 0.578125
vt 0.5 0.0
vt 0.61865234 0.30517578
vt 0.6015625 0.2265625
vt 1.0 0.0
vt 0.5 0.5
vt 0.5 0.25
vt 1.0 0.0
vt 0.5 0.5
vt 0.84375 0.65625
vt 0.5 0.0
vt 0.5 0.5
vt 0.9375 0.375
vt 0.5 0.0
vt 1.0 1.0
vt 0.8125 0.78125
vt 1.0 0.0
vt 0.8671875 0.0703125
vt 0.5 0.46875
vt 0.5625 0.28125
vt 1.0 1.0
vt 0.0 0.0
vt 1.0 0.0
vt 0.25 0.125
vt 0.0 0.0
vt 0.40234375 0.125
vt 0.25 0.25
vt 0.0 0.0
vt 0.4921875 0.3828125
vt 0.875 0.375
vt 0.8125 0.3125
vt 0.6875 0.3125
vt 0.5 0.5
vt 0.5 0.5
vt 0.96875 0.6875
vt 1.0 0.75
vt 0.875 0.5
vt 1.0 0.0
vt 0.5 0.25
vt 0.75 0.5
vt 0.5 0.0
vt 0.75 0.25
vt 0.0 0.0
vt 0.5859375 0.1640625
vt 0.5 0.5
vt 0.0 0.0
vt 1.0 0.0
vt 0.484375 0.34375
vt 0.0 0.0
vt 1.0 0.0
vt 1.0 1.0
vt 0.0 0.0
vt 1.0 0.0
vt 1.0 1.0
vt 0.0 0.0
vt 1.0 0.5
vt 1.0 1.0
vt 0.0 0.0
vt 0.5 0.0
vt 1.0 0.25
vt 0.6875 0.0625
vt 1.0 0.0
vt 1.0 1.0
vt 0.0 0.0
vt 1.0 0.0
vt 1.0 1.0
vt 1.0 0.0
vt 1.0 1.0
vt 0.5 0.5
vt 1.0 0.0
vt 1.0 1.0
vt 0.5 0.5
vt 0.5 0.0
vt 0.5 0.25
vt 0.0 0.0
vt 1.0 0.0
vt 0.890625 0.6875
vt 0.0 0.0
vt 1.0 0.5
vt 1.0 1.0
vt 0.0 0.0
vt 1.0 0.0
vt 0.5 0.25
vt 0.91796875 0.421875
vt 0.625 0.25
vt 1.0 1.0
vt 0.9375 0.3125
vt 1.0 0.0
vt 1.0 1.0
vt 0.0 0.0
vt 0.84375 0.1875
vt 1.0 1.0
vt 0.0 0.0
vt 1.0 0.0
vt 1.0 1.0
vt 0.0 0.0
vt 1.0 0.0
vt 0.5 0.5
vt 0.0 0.0
vt 0.75 0.5
vt 0.5449219 0.29296875
vt 0.703125 0.140625
vt 0.5 0.25
vt 1.0 1.0
vt 0.0 0.0
vt 0.90625 0.8125
vt 1.0 1.0
vt 0.0 0.0
vt 1.0 0.0
vt 0.859375 0.59375
vt 0.0 0.0
vt 1.0 0.0
vt 0.75 0.25
vt 0.5 0.0
vt 0.859375 0.65625
vt 0.9375 0.3125
vt 0.75 0.5
vt 0.75 0.3125
vt 0.625 0.5625
vt 0.390625 0.171875
vt 0.75 0.125
vt 1.0 1.0
vt 0.7265625 0.15625
vt 0.5 0.0
vt 0.5 0.25
vt 0.875 0.25
vt 1.0 0.0
vt 1.0 1.0
vt 0.0 0.0
vt 0.5 0.0
vt 1.0 1.0
vt 0.78125 0.578125
vt 1.0 0.0
vt 0.875 0.5
vt 0.875 0.75
vt 0.9296875 0.5
vt 1.0 1.0
vt 0.75 0.5
vt 0.25 0.125
vt 1.0 1.0
vt 0.5 0.0
vt 1.0 0.5
vt 0.5 0.5
vt 0.375 0.25
vt 1.0 0.0
vt 1.0 1.0
vt 0.5 0.0
vt 0.5 0.0
vt 1.0 1.0
vt 0.71875 0.6875
vt 1.0 0.5
vt 1.0 1.0
vt 0.84375 0.65625
vt 1.0 0.0
vt 1.0 1.0
vt 0.0 0.0
vt 0.25 0.0
vt 0.875 0.625
vt 0.0 0.0
vt 1.0 0.0
vt 1.0 1.0
vt 0.0 0.0
vt 0.5 0.0
vt 1.0 1.0
vt 0.875 0.75
vt 0.5 0.0
vt 1.0 1.0
vt 0.25 0.0
vt 1.0 0.0
vt 0.5 0.5
vt 0.75 0.125
vt 1.0 0.0
vt 1.0 1.0
vt 0.0 0.0
vt 1.0 0.0
vt 1.0 1.0
vt 0.96875 0.3125
vt 1.0 0.0
vt 1.0 1.0
vt 0.5 0.0
vt 1.0 0.0
vt 1.0 1.0
vt 0.0 0.0
vt 0.25 0.0
vt 1.0 1.0
vt 0.0 0.0
vt 0.5 0.125
vt 1.0 1.0
vt 0.5 0.5
vt 0.75 0.5
vt 1.0 0.5
vt 0.625 0.296875
vt 1.0 0.0
vt 1.0 1.0
vt 0.0 0.0
vt 1.0 0.0
vt 0.5 0.375
vt 0.0 0.0
vt 1.0 0.0
vt 0.75 0.625
vt 0.8125 0.25
vt 1.0 0.0
vt 1.0 1.0
vt 0.0 0.0
vt 0.875 0.75
vt 1.0 1.0
vt 0.0 0.0
vt 0.75 0.125
vt 1.0 1.0
vt 0.75 0.5
vt 1.0 0.0
vt 0.90625 0.296875
vt 0.0 0.0
vt 0.4765625 0.1484375
vt 1.0 0.5
vt 0.0 0.0
vt 0.75 0.5
vt 1.0 1.0
vt 0.875 0.8125
vt 0.5 0.0
vt 0.75 0.25
vt 0.5 0.5
vt 1.0 0.0
vt 1.0 1.0
vt 0.0 0.0
vt 1.0 0.0
vt 1.0 1.0
vt 0.0 0.0
vt 1.0 0.0
vt 0.5 0.5
vt 0.0 0.0
vt 1.0 0.0
vt 1.0 1.0
vt 0.84375 0.59375
vt 1.0 0.0
vt 1.0 1.0
vt 0.0 0.0
vt 0.5 0.25
vt 0.0 0.0
vt 1.0 0.0
vt 0.6875 0.1875
vt 0.0 0.0
vt 0.5 0.0
vt 0.75 0.25
vt 0.75 0.5
vt 1.0 0.0
vt 0.984375 0.78125
vt 0.9375 0.0625
vt 1.0 0.0
vt 1.0 1.0
vt 0.0 0.0
vt 1.0 0.0
vt 1.0 1.0
vt 0.0 0.0
vt 0.875 0.25
vt 0.7421875 0.5390625
vt 0.0 0.0
vt 0.75 0.25
vt 0.375 0.1875
vt 0.390625 0.3203125
vt 1.0 0.5
vt 0.75 0.25
vt 0.71875 0.625
vt 1.0 0.0
vt 1.0 1.0
vt 0.0 0.0
vt 1.0 0.0
vt 0.84375 0.375
vt 0.75 0.5
vt 0.4609375 0.1015625
vt 1.0 1.0
vt 0.5 0.5
vt 1.0 0.0
vt 1.0 1.0
vt 0.75 0.5
vt 1.0 0.0
vt 0.9375 0.875
vt 0.0 0.0
vt 0.5 0.0
vt 1.0 1.0
vt 0.875 0.625
vt 1.0 0.5
vt 1.0 1.0
vt 0.0 0.0
vt 0.96875 0.6875
vt 0.5 0.5
vt 0.5 0.5
vt 1.0 0.0
vt 0.9296875 0.6640625
vt 0.0 0.0
vt 1.0 0.0
vt 0.25 0.25
vt 0.5 0.5
vt 0.8125 0.71875
vt 1.0 1.0
vt 0.0 0.0
vt 1.0 0.0
vt 0.7265625 0.40625
vt 0.0 0.0
vt 1.0 0.0
vt 0.5 0.5
vt 0.0 0.0
vt 1.0 0.0
vt 0.75 0.5
vt 0.0 0.0
vt 0.5 0.0
vt 1.0 1.0
vt 0.0 0.0
vt 1.0 0.0
vt 1.0 1.0
vt 0.78125 0.1875
vt 1.0 0.0
vt 0.5 0.125
vt 0.625 0.5
vt 0.625 0.3125
vt 1.0 1.0
vt 0.875 0.625
vt 1.0 0.0
vt 1.0 1.0
vt 0.625 0.0
vt 1.0 0.0
vt 0.5 0.5
vt 0.421875 0.296875
vt 1.0 0.0
vt 0.5625 0.3125
vt 0.5 0.5
vt 0.5 0.375
vt 1.0 1.0
vt 0.875 0.75
vt 1.0 0.0
vt 1.0 1.0
vt 0.875 0.25
vt 1.0 0.0
vt 0.5 0.5
vt 0.0 0.0
vt 1.0 0.0
vt 1.0 1.0
vt 0.0 0.0
vt 0.96875 0.3125
vt 0.9375 0.625
vt 0.0 0.0
vt 1.0 0.0
vt 0.5 0.25
vt 0.0 0.0
vt 0.375 0.125
vt 1.0 1.0
vt 0.4921875 0.296875
vt 1.0 0.0
vt 1.0 1.0
vt 0.0 0.0
vt 1.0 0.0
vt 1.0 1.0
vt 0.0 0.0
vt 0.6875 0.5625
vt 0.875 0.75
vt 0.0 0.0
vt 1.0 0.0
vt 1.0 1.0
vt 0.0 0.0
vt 0.5 0.0
vt 1.0 1.0
vt 0.3671875 0.3203125
vt 0.9375 0.8125
vt 1.0 1.0
vt 0.0 0.0
vt 0.875 0.25
vt 0.90625 0.359375
vt 0.0 0.0
vt 0.25 0.0
vt 1.0 1.0
vt 0.6875 0.625
vt 1.0 0.0
vt 1.0 1.0
vt 0.0 0.0
vt 0.9765625 0.0625
vt 1.0 1.0
vt 0.6875 0.3125
vt 1.0 0.0
vt 1.0 1.0
vt 0.75 0.5
vt 1.0 0.0
vt 1.0 1.0
vt 0.75 0.25
vt 1.0 0.0
vt 1.0 1.0
vt 0.0 0.0
vt 1.0 0.0
vt 1.0 1.0
vt 0.0 0.0
vt 1.0 0.0
vt 0.6875 0.5625
vt 0.0 0.0
vt 0.5 0.0
vt 0.9375 0.125
vt 0.4921875 0.1484375
vt 1.0 0.0
vt 0.6230469 0.23632812
vt 0.0 0.0
vt 1.0 0.0
vt 0.74609375 0.2421875
vt 0.0 0.0
vt 0.5 0.0
vt 1.0 0.75
vt 0.875 0.5
vt 1.0 0.5
vt 0.2241211 0.15673828
vt 0.875 0.375
vt 1.0 0.0
vt 1.0 1.0
vt 0.0 0.0
vt 1.0 1.0
vt 0.0 0.0
vt 1.0 0.0
vt 0.984375 0.6484375
vt 0.875 0.75
vt 1.0 0.0
vt 1.0 0.5
vt 0.0 0.0
vt 1.0 0.0
vt 0.5 0.5
vt 0.5625 0.0625
vt 1.0 0.0
vt 1.0 1.0
vt 0.875 0.1875
vt 1.0 0.0
vt 1.0 1.0
vt 0.578125 0.25
vt 1.0 0.0
vt 1.0 1.0
vt 0.0 0.0
vt 1.0 0.0
vt 0.5 0.5
vt 0.0 0.0
vt 0.84375 0.5625
vt 0.75 0.25
vt 0.0 0.0
vt 1.0 0.0
vt 1.0 1.0
vt 0.4375 0.375
vt 0.48046875 0.1796875
vt 1.0 1.0
vt 0.46875 0.1875
vt 1.0 0.0
vt 1.0 1.0
vt 0.625 0.125
vt 1.0 0.0
vt 1.0 0.5
vt 0.75 0.5
vt 1.0 0.5
vt 1.0 1.0
vt 0.0 0.0
vt 1.0 0.0
vt 1.0 1.0
vt 0.5 0.5
vt 1.0 0.0
vt 1.0 1.0
vt 0.625 0.125
vt 1.0 0.5
vt 1.0 1.0
vt 0.0 0.0
vt 1.0 0.0
vt 1.0 1.0
vt 0.0 0.0
vt 1.0 0.0
vt 1.0 1.0
vt 0.875 0.75
vt 1.0 0.0
vt 1.0 1.0
vt 0.0 0.0
vt 1.0 0.0
vt 1.0 1.0
vt 0.8515625 0.34375
vt 1.0 0.0
vt 0.5 0.5
vt 0.0 0.0
vt 1.0 0.0
vt 1.0 1.0
vt 0.984375 0.40625
vt 0.75 0.5
vt 0.9375 0.375
vt 0.75 0.5
vt 1.0 0.0
vt 1.0 1.0
vt 0.859375 0.453125
vt 1.0 0.0
vt 1.0 1.0
vt 0.4375 0.125
vt 1.0 0.5
vt 1.0 1.0
vt 0.5 0.0
vt 1.0 0.0
vt 1.0 1.0
vt 0.0 0.0
vt 0.9375 0.5625
vt 1.0 1.0
vt 0.0 0.0
vt 0.5625 0.03125
vt 1.0 1.0
vt 0.96875 0.8125
vt 1.0 0.0
vt 1.0 1.0
vt 0.0 0.0
vt 0.84375 0.640625
vt 1.0 1.0
vt 0.0 0.0
vt 1.0 0.0
vt 0.0 0.0
vt 0.73046875 0.2890625
vt 1.0 0.75
vt 0.0 0.0
vt 1.0 0.0
vt 1.0 1.0
vt 0.921875 0.6640625
vt 1.0 1.0
vt 0.9140625 0.3203125
vt 1.0 0.0
vt 0.25 0.125
vt 0.0 0.0
vt 1.0 0.0
vt 0.875 0.25
vt 0.0 0.0
vt 0.625 0.5
vt 0.484375 0.28125
vt 0.0 0.0
vt 1.0 0.0
vt 1.0 1.0
vt 0.890625 0.1875
vt 1.0 0.0
vt 1.0 1.0
vt 0.0 0.0
vt 1.0 0.0
vt 1.0 1.0
vt 0.0 0.0
vt 1.0 0.0
vt 1.0 1.0
vt 0.75 0.5
vt 1.0 0.0
vt 1.0 1.0
vt 0.0 0.0
vt 0.5 0.0
vt 1.0 1.0
vt 0.0 0.0
vt 1.0 0.0
vt 0.5 0.5
vt 0.0 0.0
vt 1.0 0.0
vt 0.5 0.5
vt 0.0 0.0
vt 1.0 0.0
vt 1.0 1.0
vt 0.5 0.0
vt 1.0 0.0
vt 0.875 0.625
vt 0.0 0.0
vt 1.0 0.0
vt 1.0 1.0
vt 0.5 0.0
vt 0.5 0.0
vt 1.0 1.0
vt 0.0 0.0
vt 1.0 0.0
vt 1.0 1.0
vt 0.0 0.0
vt 1.0 0.0
vt 1.0 1.0
vt 0.0 0.0
vt 1.0 0.0
vt 1.0 1.0
vt 0.0 0.0
vt 1.0 0.0
vt 1.0 1.0
vt 0.6015625 0.3515625
vt 1.0 0.0
vt 1.0 1.0
vt 0.875 0.5
vt 0.953125 0.890625
vt 1.0 1.0
vt 0.0 0.0
vt 0.5 0.0
vt 1.0 1.0
vt 0.0 0.0
vt 1.0 0.0
vt 1.0 1.0
vt 0.0 0.0
vt 1.0 0.0
vt 1.0 1.0
vt 0.9375 0.625
vt 1.0 0.0
vt 0.375 0.125
vt 0.0 0.0
vt 1.0 0.0
vt 0.796875 0.515625
vt 0.875 0.5
vt 1.0 0.0
vt 0.5 0.5
vt 0.0 0.0
vt 1.0 0.0
vt 1.0 1.0
vt 0.9375 0.65625
vt 0.5 0.25
vt 0.75 0.25
vt 1.0 0.0
vt 0.875 0.375
vt 0.25 0.0
vt 1.0 0.0
vt 1.0 1.0
vt 0.0 0.0
vt 0.9375 0.375
vt 0.46875 0.28125
vt 0.6875 0.1875
vt 1.0 0.0
vt 1.0 1.0
vt 0.0 0.0
vt 1.0 0.0
vt 1.0 1.0
vt 0.0 0.0
vt 0.8125 0.625
vt 0.75 0.5
vt 0.0 0.0
vt 1.0 0.0
vt 0.75 0.5
vt 0.0 0.0
vt 0.75 0.25
vt 1.0 1.0
vt 1.0 0.0
vt 1.0 1.0
vt 0.0 0.0
vt 0.5 0.25
vt 1.0 1.0
vt 0.0 0.0
vt 0.5 0.0
vt 1.0 1.0
vt 0.9375 0.5625
vt 0.625 0.0625
vt 1.0 1.0
vt 0.5 0.5
vt 0.4375 0.0625
vt 1.0 1.0
vt 0.0 0.0
vt 1.0 0.0
vt 1.0 1.0
vt 0.625 0.0625
vt 1.0 0.0
vt 0.5 0.25
vt 0.0 0.0
vt 1.0 0.0
vt 0.734375 0.65625
vt 0.9375 0.8125
vt 0.8125 0.03125
vt 1.0 1.0
vt 1.0 0.0
vt 1.0 1.0
vt 0.0 0.0
vt 1.0 0.0
vt 1.0 1.0
vt 0.0 0.0
vt 1.0 0.5
vt 0.5 0.25
vt 0.9375 0.375
vt 1.0 0.0
vt 1.0 0.5
vt 0.0 0.0
vt 1.0 0.0
vt 1.0 1.0
vt 0.5 0.0
vt 1.0 0.0
vt 1.0 1.0
vt 0.0 0.0
vt 1.0 0.0
vt 1.0 1.0
vt 0.0 0.0
vt 1.0 0.0
vt 0.5 0.5
vt 0.0 0.0
vt 0.5 0.0
vt 1.0 1.0
vt 0.5 0.5
vt 1.0 0.0
vt 1.0 1.0
vt 0.0 0.0
vt 1.0 0.0
vt 1.0 0.75
vt 0.0 0.0
vt 1.0 0.0
vt 1.0 0.5
vt 0.625 0.125
vt 1.0 0.0
vt 1.0 1.0
vt 0.0 0.0
vt 0.5 0.0
vt 1.0 1.0
vt 0.0 0.0
vt 1.0 0.5
vt 1.0 1.0
vt 0.0 0.0
vt 0.5 0.0
vt 0.75 0.625
vt 0.0 0.0
vt 0.91796875 0.16015625
vt 1.0 1.0
vt 0.625 0.125
vt 1.0 0.0
vt 0.375 0.125
vt 0.0 0.0
vt 0.5 0.0
vt 1.0 1.0
vt 0.5 0.5
vt 1.0 0.0
vt 1.0 1.0
vt 0.0 0.0
vt 1.0 0.0
vt 0.84375 0.34375
vt 0.96875 0.6875
vt 0.875 0.5625
vt 1.0 1.0
vt 0.6875 0.4375
vt 1.0 0.25
vt 1.0 1.0
vt 0.0 0.0
vt 0.25 0.0
vt 1.0 1.0
vt 0.5 0.0
vt 1.0 0.0
vt 1.0 1.0
vt 0.0 0.0
vt 1.0 0.0
vt 0.9375 0.625
vt 0.0 0.0
vt 1.0 0.0
vt 1.0 1.0
vt 0.0 0.0
vt 0.625 0.078125
vt 0.75 0.25
vt 0.0 0.0
vt 1.0 0.0
vt 0.75 0.25
vt 0.75 0.0
vt 1.0 0.0
vt 1.0 1.0
vt 0.75 0.375
vt 0.984375 0.140625
vt 1.0 1.0
vt 0.75 0.5
vt 1.0 0.0
vt 1.0 1.0
vt 0.375 0.3125
vt 1.0 0.0
vt 1.0 1.0
vt 0.875 0.25
vt 1.0 0.0
vt 1.0 1.0
vt 0.0 0.0
vt 1.0 0.0
vt 1.0 1.0
vt 0.0 0.0
vt 1.0 0.0
vt 1.0 1.0
vt 0.0 0.0
vt 1.0 0.0
vt 0.6875 0.375
vt 0.0 0.0
vt 1.0 0.0
vt 1.0 1.0
vt 0.75 0.5
vt 0.9375 0.5625
vt 0.875 0.75
vt 0.0 0.0
vt 1.0 0.0
vt 1.0 1.0
vt 0.0 0.0
vt 0.9375 0.5625
vt 1.0 1.0
vt 0.0 0.0
vt 0.6875 0.125
vt 1.0 1.0
vt 0.0 0.0
vt 1.0 0.0
vt 1.0 1.0
vt 0.90625 0.375
vt 1.0 0.0
vt 1.0 1.0
vt 0.0 0.0
vt 0.75 0.125
vt 1.0 1.0
vt 0.0 0.0
vt 0.90625 0.53125
vt 0.875 0.625
vt 0.75 0.5
vt 1.0 0.0
vt 1.0 1.0
vt 0.0 0.0
vt 1.0 0.0
vt 1.0 1.0
vt 0.0 0.0
vt 1.0 0.0
vt 1.0 1.0
vt 0.0 0.0
vt 0.5 0.0
vt 1.0 1.0
vt 0.0 0.0
vt 1.0 0.0
vt 1.0 1.0
vt 1.0 0.0
vt 1.0 1.0
vt 0.0 0.0
vt 1.0 0.0
vt 0.5 0.5
vt 0.5 0.0
vt 0.859375 0.8359375
vt 1.0 1.0
vt 0.96875 0.8125
vt 0.75 0.25
vt 1.0 1.0
vt 0.875 0.125
vt 0.5 0.25
vt 1.0 1.0
vt 0.0 0.0
vt 1.0 0.0
vt 1.0 1.0
vt 0.8691406 0.23046875
vt 1.0 0.0
vt 0.734375 0.078125
vt 0.0 0.0
vt 1.0 1.0
vt 0.0 0.0
vt 1.0 0.0
vt 1.0 1.0
vt 0.0 0.0
vt 0.75 0.5
vt 1.0 1.0
vt 0.0 0.0
vt 0.34375 0.15625
vt 1.0 1.0
vt 0.0 0.0
vt 1.0 0.0
vt 0.75 0.125
vt 0.0 0.0
vt 0.6875 0.3125
vt 0.6875 0.15625
vt 0.5 0.0
vt 1.0 0.0
vt 1.0 1.0
vt 0.0 0.0
vt 1.0 0.0
vt 1.0 1.0
vt 0.75 0.0
vt 1.0 0.0
vt 0.5 0.5
vt 0.75 0.125
vt 0.5 0.0
vt 1.0 1.0
vt 0.0 0.0
vt 0.984375 0.21875
vt 1.0 1.0
vt 0.8203125 0.59765625
vt 1.0 0.0
vt 1.0 1.0
vt 0.875 0.125
vt 0.75 0.5
vt 1.0 1.0
vt 0.0 0.0
vt 1.0 0.0
vt 1.0 1.0
vt 0.0 0.0
vt 0.71875 0.34375
vt 1.0 1.0
vt 0.4375 0.0625
vt 1.0 0.0
vt 1.0 0.5
vt 0.0 0.0
vt 1.0 0.0
vt 1.0 1.0
vt 0.0 0.0
vt 1.0 0.0
vt 1.0 1.0
vt 0.0 0.0
vt 0.5 0.25
vt 1.0 1.0
vt 0.0 0.0
vt 1.0 0.0
vt 1.0 1.0
vt 0.96875 0.1875
vt 0.375 0.3125
vt 1.0 1.0
vt 0.84765625 0.640625
vt 1.0 0.0
vt 1.0 1.0
vt 0.5 0.5
vt 1.0 0.0
vt 1.0 1.0
vt 0.46875 0.3671875
vt 1.0 0.0
vt 1.0 1.0
vt 0.0 0.0
vt 1.0 0.0
vt 1.0 1.0
vt 0.5 0.5
vt 1.0 0.0
vt 1.0 1.0
vt 0.0 0.0
vt 1.0 0.0
vt 1.0 0.5
vt 0.0 0.0
vt 1.0 0.0
vt 0.5 0.5
vt 0.0 0.0
vt 1.0 1.0
vt 0.0 0.0
vt 1.0 0.5
vt 0.4375 0.0625
vt 0.984375 0.59375
vt 1.0 0.0
vt 1.0 1.0
vt 0.375 0.375
vt 0.9375 0.125
vt 1.0 1.0
vt 0.9375 0.25
vt 1.0 0.0
vt 1.0 1.0
vt 0.0 0.0
vt 1.0 0.0
vt 1.0 1.0
vt 0.0 0.0
vt 1.0 0.0
vt 1.0 1.0
vt 0.0 0.0
vt 1.0 0.0
vt 0.6875 0.5
vt 0.4375 0.375
vt 0.625 0.25
vt 1.0 1.0
vt 0.0 0.0
vt 1.0 0.0
vt 1.0 1.0
vt 0.0 0.0
vt 0.75 0.25
vt 1.0 1.0
vt 0.8125 0.75
vt 1.0 0.0
vt 1.0 1.0
vt 0.0 0.0
vt 0.71875 0.515625
vt 1.0 1.0
vt 0.0 0.0
vt 1.0 0.0
vt 1.0 1.0
vt 0.0 0.0
vt 0.875 0.25
vt 1.0 1.0
vt 0.0 0.0
vt 0.5 0.25
vt 1.0 1.0
vt 0.0 0.0
vt 1.0 0.0
vt 0.9375 0.5
vt 0.0 0.0
vt 1.0 0.0
vt 0.875 0.75
vt 0.6875 0.625
vt 1.0 0.0
vt 1.0 1.0
vt 0.0 0.0
vt 1.0 0.0
vt 0.83203125 0.6171875
vt 0.6796875 0.171875
vt 1.0 0.0
vt 1.0 1.0
vt 0.0 0.0
vt 0.875 0.5
vt 1.0 1.0
vt 0.375 0.125
vt 1.0 0.0
vt 1.0 1.0
vt 1.0 0.0
vt 1.0 1.0
vt 0.0 0.0
vt 1.0 0.0
vt 0.3125 0.03125
vt 0.0 0.0
vt 1.0 0.0
vt 0.5 0.5
vt 0.0 0.0
vt 0.453125 0.203125
vt 0.5 0.5
vt 0.0 0.0
vt 0.5 0.0
vt 1.0 1.0
vt 0.0 0.0
vt 1.0 0.0
vt 0.5 0.25
vt 0.0 0.0
vt 1.0 0.0
vt 1.0 1.0
vt 0.5 0.5
vt 0.84375 0.5625
vt 1.0 1.0
vt 0.0 0.0
vt 1.0 0.0
vt 1.0 1.0
vt 0.0 0.0
vt 1.0 0.0
vt 1.0 1.0
vt 0.5 0.5
vt 1.0 0.0
vt 1.0 1.0
vt 0.0 0.0
vt 1.0 0.0
vt 1.0 1.0
vt 0.0 0.0
vt 1.0 0.0
vt 1.0 1.0
vt 0.0 0.0
vt 1.0 0.0
vt 1.0 1.0
vt 0.0 0.0
vt 0.4375 0.125
vt 1.0 1.0
vt 0.5 0.5
vt 1.0 0.0
vt 1.0 1.0
vt 0.75 0.25
vt 1.0 0.0
vt 0.5 0.25
vt 0.75 0.25
vt 0.25 0.0
vt 1.0 1.0
vt 0.0 0.0
vt 1.0 0.0
vt 1.0 1.0
vt 0.0 0.0
vt 1.0 0.0
vt 1.0 0.5
vt 0.0 0.0
vt 1.0 0.0
vt 1.0 1.0
vt 0.0 0.0
vt 1.0 0.0
vt 1.0 1.0
vt 0.0 0.0
vt 1.0 0.0
vt 1.0 1.0
vt 0.6875 0.25
vt 1.0 0.0
vt 1.0 1.0
vt 0.0 0.0
vt 0.6875 0.5625
vt 1.0 1.0
vt 0.0 0.0
vt 1.0 0.0
vt 1.0 1.0
vt 0.0 0.0
vt 0.875 0.25
vt 1.0 1.0
vt 0.0 0.0
vt 1.0 0.0
vt 1.0 1.0
vt 0.6875 0.5625
vt 0.5 0.125
vt 1.0 1.0
vt 0.0 0.0
vt 1.0 0.0
vt 1.0 1.0
vt 0.0 0.0
vt 0.3984375 0.265625
vt 1.0 1.0
vt 0.0 0.0
vt 1.0 0.0
vt 1.0 1.0
vt 0.0 0.0
vt 1.0 0.0
vt 1.0 1.0
vt 0.0 0.0
vt 1.0 0.0
vt 0.0 0.0
vt 0.5 0.0
vt 1.0 1.0
vt 0.0 0.0
vt 1.0 0.0
vt 1.0 1.0
vt 0.0 0.0
vt 0.5 0.0
vt 1.0 1.0
vt 0.0 0.0
vt 1.0 0.0
vt 1.0 1.0
vt 0.875 0.25
vt 1.0 1.0
vt 0.0 0.0
vt 1.0 0.0
vt 1.0 1.0
vt 1.0 0.0
vt 1.0 1.0
vt 0.0 0.0
vt 1.0 0.75
vt 1.0 1.0
vt 0.0 0.0
vt 0.5 0.25
vt 1.0 1.0
vt 0.5 0.0
vt 0.5 0.25
vt 1.0 1.0
vt 0.0 0.0
vt 0.71875 0.6875
vt 1.0 1.0
vt 0.0 0.0
vt 0.75 0.375
vt 0.875 0.625
vt 0.9375 0.375
vt 0.1875 0.0625
vt 1.0 1.0
vt 0.0 0.0
vt 0.375 0.25
vt 1.0 1.0
vt 0.0 0.0
vt 1.0 0.0
vt 0.5 0.5
vt 0.5 0.25
vt 0.71875 0.46875
vt 0.75 0.5
vt 0.0 0.0
vt 1.0 0.0
vt 1.0 1.0
vt 0.4375 0.375
vt 1.0 0.0
vt 1.0 1.0
vt 0.0 0.0
vt 1.0 0.0
vt 0.875 0.125
vt 0.0 0.0
vt 1.0 0.0
vt 1.0 1.0
vt 0.84375 0.5625
vt 1.0 0.0
vt 1.0 1.0
vt 0.90625 0.59375
vt 1.0 0.0
vt 0.65625 0.625
vt 0.0 0.0
vt 1.0 0.0
vt 1.0 1.0
vt 0.0 0.0
vt 1.0 0.0
vt 1.0 1.0
vt 0.0 0.0
vt 1.0 0.0
vt 0.4375 0.3125
vt 0.0 0.0
vt 1.0 0.0
vt 1.0 1.0
vt 0.0 0.0
vt 0.5 0.0
vt 0.25 0.25
vt 0.6875 0.625
vt 0.5 0.0
vt 1.0 1.0
vt 0.875 0.78125
vt 1.0 0.0
vt 1.0 1.0
vt 0.0 0.0
vt 1.0 0.0
vt 1.0 1.0
vt 0.625 0.0625
vt 0.9609375 0.390625
vt 1.0 1.0
vt 0.5 0.5
vt 1.0 0.375
vt 1.0 1.0
vt 0.34375 0.078125
vt 1.0 0.5
vt 1.0 1.0
vt 0.0 0.0
vt 1.0 0.0
vt 1.0 1.0
vt 0.0 0.0
vt 0.375 0.125
vt 1.0 1.0
vt 0.625 0.125
vt 0.5 0.0
vt 1.0 1.0
vt 0.0 0.0
vt 1.0 1.0
vt 0.0 0.0
vt 1.0 0.0
vt 0.6152344 0.29296875
vt 0.0 0.0
vt 1.0 0.0
vt 0.4375 0.0625
vt 0.5 0.5
vt 1.0 0.0
vt 1.0 1.0
vt 0.75 0.5
vt 1.0 0.0
vt 1.0 1.0
vt 0.85839844 0.06738281
vt 1.0 0.5
vt 0.9921875 0.640625
vt 0.34375 0.25
vt 1.0 0.0
vt 1.0 1.0
vt 0.0 0.0
vt 1.0 0.0
vt 0.5 0.5
vt 0.0 0.0
vt 0.75 0.25
vt 1.0 1.0
vt 0.0 0.0
vt 0.75 0.5
vt 0.6171875 0.1640625
vt 0.0 0.0
vt 0.5 0.0
vt 0.5 0.5
vt 0.5625 0.1875
vt 1.0 0.0
vt 1.0 1.0
vt 0.0 0.0
vt 1.0 0.0
vt 1.0 1.0
vt 0.953125 0.3828125
vt 0.71875 0.6875
vt 1.0 1.0
vt 0.0 0.0
vt 1.0 0.0
vt 1.0 1.0
vt 0.0 0.0
vt 1.0 0.0
vt 0.5 0.5
vt 0.0 0.0
vt 1.0 0.0
vt 1.0 1.0
vt 0.0 0.0
vt 1.0 0.0
vt 0.5 0.5
vt 0.0 0.0
vt 1.0 0.0
vt 1.0 1.0
vt 0.0 0.0
vt 0.5 0.0
vt 1.0 1.0
vt 0.6230469 0.29882812
vt 1.0 0.0
vt 1.0 1.0
vt 0.0 0.0
vt 0.8125 0.375
vt 0.9980469 0.43359375
vt 0.0 0.0
vt 1.0 0.0
vt 0.5 0.25
vt 1.0 0.0
vt 1.0 1.0
vt 0.0 0.0
vt 1.0 0.0
vt 1.0 1.0
vt 1.0 0.0
vt 1.0 1.0
vt 0.0 0.0
vt 0.4375 0.25
vt 1.0 1.0
vt 0.0 0.0
vt 0.8125 0.375
vt 1.0 1.0
vt 0.375 0.125
vt 1.0 0.0
vt 0.5 0.25
vt 0.75 0.5
vt 0.59375 0.015625
vt 1.0 1.0
vt 0.0 0.0
vt 0.5 0.0
vt 1.0 1.0
vt 0.0 0.0
vt 1.0 0.0
vt 0.625 0.53125
vt 0.0 0.0
vt 1.0 0.0
vt 1.0 1.0
vt 0.75 0.5
vt 1.0 0.0
vt 1.0 1.0
vt 0.75 0.0
vt 0.96875 0.6875
vt 1.0 1.0
vt 0.0 0.0
vt 1.0 0.0
vt 1.0 1.0
vt 0.875 0.75
vt 1.0 0.0
vt 1.0 1.0
vt 0.0 0.0
vt 1.0 0.0
vt 1.0 1.0
vt 0.5 0.0
vt 0.5 0.0
vt 1.0 1.0
vt 0.75 0.625
vt 1.0 0.0
vt 1.0 1.0
vt 0.5 0.5
vt 0.5 0.0
vt 1.0 1.0
vt 0.8227539 0.020996094
vt 1.0 0.0
vt 1.0 1.0
vt 0.0 0.0
vt 1.0 0.0
vt 1.0 0.5
vt 0.75 0.25
vt 1.0 0.0
vt 1.0 1.0
vt 0.5 0.5
vt 1.0 0.0
vt 1.0 1.0
vt 0.0 0.0
vt 1.0 0.0
vt 1.0 1.0
vt 0.0 0.0
vt 1.0 0.0
vt 1.0 1.0
vt 0.0 0.0
vt 1.0 0.0
vt 1.0 1.0
vt 0.5 0.5
vt 1.0 0.0
vt 1.0 1.0
vt 0.5 0.0
vt 1.0 0.0
vt 1.0 1.0
vt 0.0 0.0
vt 1.0 0.0
vt 1.0 0.5
vt 0.75 0.75
vt 1.0 0.5
vt 1.0 1.0
vt 0.0 0.0
vt 1.0 0.0
vt 1.0 1.0
vt 0.84375 0.40625
vt 0.5 0.1875
vt 1.0 1.0
vt 0.375 0.125
vt 1.0 0.0
vt 0.25 0.25
vt 0.0 0.0
vt 1.0 0.0
vt 1.0 1.0
vt 0.0 0.0
vt 1.0 0.0
vt 1.0 1.0
vt 0.0 0.0
vt 1.0 0.0
vt 1.0 1.0
vt 0.0 0.0
vt 1.0 0.0
vt 1.0 1.0
vt 0.0 0.0
vt 1.0 0.5
vt 1.0 1.0
vt 0.0 0.0
vt 0.375 0.25
vt 1.0 1.0
vt 0.0 0.0
vt 0.75 0.5
vt 1.0 1.0
vt 0.75 0.0
vt 1.0 0.0
vt 1.0 1.0
vt 0.5 0.5
vt 1.0 0.0
vt 1.0 1.0
vt 0.9375 0.125
vt 1.0 0.0
vt 1.0 1.0
vt 0.0 0.0
vt 1.0 0.0
vt 0.75 0.5
vt 0.0 0.0
vt 1.0 0.0
vt 0.8125 0.625
vt 0.0 0.0
vt 1.0 0.0
vt 1.0 1.0
vt 0.0 0.0
vt 0.9375 0.875
vt 1.0 1.0
vt 0.0 0.0
vt 1.0 0.0
vt 1.0 1.0
vt 0.78125 0.21875
vt 1.0 0.0
vt 1.0 1.0
vt 0.6953125 0.546875
vt 1.0 0.5
vt 1.0 1.0
vt 0.875 0.125
vt 1.0 0.0
vt 1.0 1.0
vt 0.5 0.5
vt 1.0 0.0
vt 1.0 1.0
vt 0.0 0.0
vt 1.0 0.5
vt 1.0 1.0
vt 0.5 0.5
vt 1.0 0.0
vt 1.0 1.0
vt 0.0 0.0
vt 0.75 0.25
vt 1.0 1.0
vt 0.0 0.0
vt 0.75 0.625
vt 1.0 1.0
vt 0.75 0.0
vt 0.6875 0.625
vt 1.0 1.0
vt 0.0 0.0
vt 0.625 0.5625
vt 1.0 1.0
vt 0.3125 0.125
vt 1.0 0.0
vt 1.0 1.0
vt 0.0 0.0
vt 1.0 0.0
vt 1.0 1.0
vt 0.96875 0.1875
vt 0.5 0.0
vt 1.0 1.0
vt 0.5 0.0
vt 1.0 0.0
vt 1.0 1.0
vt 0.0 0.0
vt 1.0 0.0
vt 1.0 1.0
vt 0.8125 0.0625
vt 1.0 0.0
vt 1.0 1.0
vt 0.0 0.0
vt 1.0 0.0
vt 1.0 1.0
vt 0.5 0.5
vt 1.0 0.0
vt 1.0 1.0
vt 0.9707031 0.86035156
vt 0.75 0.5
vt 1.0 1.0
vt 0.75 0.25
vt 0.5 0.0
vt 1.0 1.0
vt 0.6875 0.625
vt 0.5 0.0
vt 1.0 1.0
vt 0.0 0.0
vt 1.0 0.0
vt 1.0 1.0
vt 0.0 0.0
vt 0.8125 0.125
vt 1.0 1.0
vt 0.0 0.0
vt 1.0 0.5
vt 1.0 1.0
vt 0.5 0.5
vt 1.0 0.0
vt 1.0 1.0
vt 0.0 0.0
vt 1.0 0.0
vt 1.0 1.0
vt 0.0 0.0
vt 1.0 0.0
vt 1.0 1.0
vt 0.0 0.0
vt 1.0 0.0
vt 1.0 1.0
vt 0.0 0.0
vt 1.0 0.0
vt 1.0 1.0
vt 0.0 0.0
vt 1.0 0.0
vt 0.25 0.25
vt 0.875 0.125
vt 0.46875 0.3125
vt 1.0 1.0
vt 0.7402344 0.44140625
vt 0.25 0.125
vt 1.0 1.0
vt 0.0 0.0
vt 0.859375 0.6953125
vt 1.0 1.0
vt 0.0 0.0
vt 1.0 0.0
vt 1.0 1.0
vt 0.0 0.0
vt 1.0 0.0
vt 1.0 1.0
vt 0.0 0.0
vt 1.0 0.0
vt 0.953125 0.0703125
vt 1.0 1.0
vt 0.5 0.125
vt 1.0 0.0
vt 0.5 0.25
vt 0.0 0.0
vt 1.0 0.0
vt 1.0 1.0
vt 0.0 0.0
vt 1.0 0.0
vt 0.921875 0.515625
vt 0.375 0.3125
vt 1.0 0.0
vt 1.0 0.5
vt 0.0 0.0
vt 0.5 0.25
vt 0.0 0.0
vt 1.0 0.0
vt 0.5 0.125
vt 0.5625 0.03125
vt 1.0 0.0
vt 0.8671875 0.5390625
vt 0.5 0.5
vt 1.0 0.0
vt 1.0 1.0
vt 0.0 0.0
vt 1.0 0.0
vt 0.828125 0.234375
vt 0.0 0.0
vt 0.5 0.0
vt 1.0 1.0
vt 0.0 0.0
vt 1.0 0.0
vt 0.2890625 0.13867188
vt 0.0 0.0
vt 1.0 0.0
vt 1.0 1.0
vt 0.75 0.25
vt 1.0 0.0
vt 1.0 1.0
vt 0.1875 0.125
vt 1.0 0.0
vt 1.0 1.0
vt 0.0 0.0
vt 0.9609375 0.0625
vt 1.0 1.0
vt 0.75 0.25
vt 0.859375 0.453125
vt 1.0 1.0
vt 0.0 0.0
vt 0.75 0.25
vt 0.0 0.0
vt 1.0 0.0
vt 0.75 0.25
vt 0.984375 0.46875
vt 1.0 1.0
vt 0.0 0.0
vt 0.875 0.171875
vt 1.0 1.0
vt 0.0 0.0
vt 1.0 0.0
vt 0.9375 0.625
vt 0.0 0.0
vt 0.25 0.0
vt 1.0 1.0
vt 0.0 0.0
vt 1.0 0.0
vt 1.0 1.0
vt 0.0 0.0
vt 1.0 0.0
vt 1.0 1.0
vt 0.0 0.0
vt 1.0 0.5
vt 1.0 1.0
vt 1.0 0.0
vt 1.0 1.0
vt 0.0 0.0
vt 1.0 0.0
vt 1.0 1.0
vt 0.609375 0.28125
vt 0.75 0.5
vt 1.0 1.0
vt 0.0 0.0
vt 1.0 0.0
vt 1.0 1.0
vt 0.0 0.0
vt 1.0 0.0
vt 1.0 1.0
vt 0.0 0.0
vt 1.0 0.0
vt 0.9375 0.578125
vt 0.0 0.0
vt 1.0 0.0
vt 1.0 1.0
vt 0.0 0.0
vt 1.0 0.0
vt 1.0 1.0
vt 0.734375 0.21875
vt 1.0 0.0
vt 0.7441406 0.4296875
vt 0.0 0.0
vt 0.5 0.25
vt 1.0 1.0
vt 0.0 0.0
vt 1.0 0.0
vt 1.0 1.0
vt 0.0 0.0
vt 0.375 0.1484375
vt 1.0 1.0
vt 0.5 0.0
vt 1.0 0.5
vt 1.0 1.0
vt 0.0 0.0
vt 1.0 0.0
vt 1.0 0.5
vt 0.0 0.0
vt 0.625 0.0625
vt 0.75 0.3125
vt 0.0 0.0
vt 1.0 0.0
vt 0.96875 0.4375
vt 0.0 0.0
vt 1.0 0.0
vt 1.0 1.0
vt 0.49609375 0.17578125
vt 1.0 1.0
vt 0.75 0.375
vt 1.0 0.0
vt 1.0 1.0
vt 0.84375 0.5625
vt 0.75 0.5
vt 1.0 1.0
vt 0.0 0.0
vt 1.0 0.0
vt 1.0 1.0
vt 0.0 0.0
vt 1.0 0.0
vt 0.75 0.5
vt 0.6875 0.0625
vt 1.0 0.0
vt 1.0 1.0
vt 0.875 0.75
vt 1.0 0.0
vt 1.0 1.0
vt 0.0 0.0
vt 1.0 0.0
vt 0.5 0.5
vt 0.0 0.0
vt 1.0 0.25
vt 1.0 1.0
vt 0.0 0.0
vt 1.0 0.0
vt 1.0 1.0
vt 0.0 0.0
vt 0.75 0.5
vt 1.0 0.5
vt 0.0 0.0
vt 1.0 0.0
vt 1.0 1.0
vt 0.484375 0.40625
vt 0.5 0.25
vt 0.24804688 0.07421875
vt 0.0 0.0
vt 1.0 0.0
vt 1.0 1.0
vt 0.0 0.0
vt 1.0 0.0
vt 1.0 1.0
vt 0.0 0.0
vt 1.0 0.0
vt 1.0 1.0
vt 0.0 0.0
vt 1.0 0.0
vt 0.0 0.0
vt 0.75 0.5
vt 1.0 1.0
vt 0.0 0.0
vt 1.0 0.0
vt 0.875 0.375
vt 0.75 0.25
vt 1.0 0.0
vt 1.0 1.0
vt 0.875 0.25
vt 1.0 0.0
vt 1.0 1.0
vt 0.0 0.0
vt 1.0 0.0
vt 1.0 1.0
vt 0.0 0.0
vt 0.91796875 0.05859375
vt 1.0 1.0
vt 0.0 0.0
vt 0.625 0.5
vt 1.0 1.0
vt 0.0 0.0
vt 1.0 0.0
vt 1.0 1.0
vt 0.875 0.25
vt 1.0 0.0
vt 1.0 1.0
vt 0.875 0.625
vt 1.0 0.0
vt 1.0 1.0
vt 0.0 0.0
vt 1.0 0.0
vt 0.8359375 0.4921875
vt 0.0 0.0
vt 1.0 0.0
vt 1.0 1.0
vt 0.0 0.0
vt 0.84375 0.265625
vt 1.0 1.0
vt 0.0 0.0
vt 1.0 0.0
vt 1.0 1.0
vt 0.0 0.0
vt 1.0 0.0
vt 1.0 1.0
vt 0.0 0.0
vt 1.0 0.0
vt 1.0 1.0
vt 0.0 0.0
vt 1.0 0.0
vt 0.6875 0.0625
vt 1.0 0.0
vt 1.0 0.5
vt 0.625 0.53125
vt 0.375 0.25
vt 1.0 1.0
vt 0.0 0.0
vt 1.0 0.0
vt 1.0 1.0
vt 0.0 0.0
vt 1.0 0.5
vt 0.9375 0.875
vt 0.0 0.0
vt 1.0 0.0
vt 1.0 1.0
vt 0.5 0.0
vt 0.9375 0.75
vt 1.0 1.0
vt 0.0 0.0
vt 1.0 0.0
vt 1.0 1.0
vt 0.8671875 0.546875
vt 1.0 0.0
vt 1.0 1.0
vt 0.0 0.0
vt 1.0 0.5
vt 1.0 1.0
vt 0.0 0.0
vt 0.9375 0.1875
vt 1.0 1.0
vt 0.3359375 0.22265625
vt 1.0 0.0
vt 1.0 1.0
vt 0.5 0.5
vt 1.0 0.5
vt 0.5 0.375
vt 0.375 0.28125
vt 1.0 0.0
vt 1.0 1.0
vt 0.0 0.0
vt 0.5 0.0
vt 1.0 0.5
vt 0.0 0.0
vt 1.0 0.0
vt 1.0 1.0
vt 0.0 0.0
vt 0.46875 0.1875
vt 1.0 0.5
vt 0.8125 0.625
vt 1.0 0.0
vt 1.0 1.0
vt 0.0 0.0
vt 1.0 0.5
vt 1.0 1.0
vt 0.75 0.5
vt 1.0 0.0
vt 1.0 0.25
vt 0.0 0.0
vt 0.5 0.0
vt 0.875 0.375
vt 0.40625 0.375
vt 1.0 0.0
vt 1.0 1.0
vt 0.0 0.0
vt 1.0 0.0
vt 1.0 1.0
vt 0.0 0.0
vt 1.0 0.0
vt 1.0 1.0
vt 0.75 0.5
vt 1.0 0.0
vt 1.0 1.0
vt 0.0 0.0
vt 1.0 0.0
vt 1.0 1.0
vt 0.0 0.0
vt 1.0 0.0
vt 1.0 1.0
vt 0.0 0.0
vt 1.0 0.0
vt 1.0 1.0
vt 0.0 0.0
vt 0.5 0.5
vt 0.0 0.0
vt 1.0 0.0
vt 1.0 1.0
f 1/1/1 2/2/2 3/3/3
f 4/4/4 5/5/5 6/6/6
f 7/7/7 8/8/8 9/9/9
f 10/10/10 11/11/11 12/12/12
f 13/13/13 14/14/14 15/15/15
f 16/16/16 17/17/17 18/18/18
f 19/19/19 20/20/20 21/21/21
f 22/22/22 23/23/23 24/24/24
f 25/25/25 26/26/26 27/27/27
f 28/28/28 29/29/29 30/30/30
f 31/31/31 32/32/32 33/33/33
f 34/34/34 35/35/35 36/36/36
f 37/37/37 38/38/38 39/39/39
f 40/40/40 41/41/41 42/42/42
f 43/43/43 44/44/44 45/45/45
f 46/46/46 47/47/47 48/48/48
f 49/49/49 50/50/50 51/51/51
f 52/52/52 53/53/53 54/54/54
f 55/55/55 56/56/56 57/57/57
f 58/58/58 59/59/59 60/60/60
f 61/61/61 62/62/62 63/63/63
f 64/64/64 65/65/65 66/66/66
f 67/67/67 68/68/68 69/69/69
f 70/70/70 71/71/71 72/72/72
f 73/73/73 74/74/74 75/75/75
f 76/76/76 77/77/77 78/78/78
f 79/79/79 80/80/80 81/81/81
f 82/82/82 83/83/83 84/84/84
f 85/85/85 86/86/86 87/87/87
f 88/88/88 89/89/89 90/90/90
f 91/91/91 92/92/92 93/93/93
f 94/94/94 95/95/95 96/96/96
f 97/97/97 98/98/98 99/99/99
f 100/100/100 101/101/101 102/102/102
f 103/103/103 104/104/104 105/105/105
f 106/106/106 107/107/107 108/108/108
f 109/109/109 110/110/110 111/111/111
f 112/112/112 113/113/113 114/114/114
f 115/115/115 116/116/116 117/117/117
f 118/118/118 119/119/119 120/120/120
f 121/121/121 122/122/122 123/123/123
f 124/124/124 125/125/125 126/126/126
f 127/127/127 128/128/128 129/129/129
f 130/130/130 131/131/131 132/132/132
f 133/133/133 134/134/134 135/135/135
f 136/136/136 137/137/137 138/138/138
f 139/139/139 140/140/140 141/141/141
f 142/142/142 143/143/143 144/144/144
f 145/145/145 146/146/146 147/147/147
f 148/148/148 149/149/149 150/150/150
f 151/151/151 152/152/152 153/153/153
f 154/154/154 155/155/155 156/156/156
f 157/157/157 158/158/158 159/159/159
f 160/160/160 161/161/161 162/162/162
f 163/163/163 164/164/164 165/165/165
f 166/166/166 167/167/167 168/168/168
f 169/169/169 170/170/170 171/171/171
f 172/172/172 173/173/173 174/174/174
f 175/175/175 176/176/176 177/177/177
f 178/178/178 179/179/179 180/180/180
f 181/181/181 182/182/182 183/183/183
f 184/184/184 185/185/185 186/186/186
f 187/187/187 188/188/188 189/189/189
f 187/187/187 190/190/190 191/191/191
f 192/192/192 193/193/193 194/194/194
f 195/195/195 196/196/196 197/197/197
f 198/198/198 199/199/199 200/200/200
f 201/201/201 202/202/202 203/203/203
f 204/204/204 205/205/205 206/206/206
f 207/207/207 208/208/208 209/209/209
f 210/210/210 211/211/211 212/212/212
f 213/213/213 214/214/214 215/215/215
f 216/216/216 217/217/217 218/218/218
f 219/219/219 220/220/220 221/221/221
f 222/222/222 223/223/223 224/224/224
f 225/225/225 226/226/226 227/227/227
f 228/228/228 229/229/229 230/230/230
f 231/231/231 232/232/232 233/233/233
f 234/234/234 235/235/235 236/236/236
f 237/237/237 238/238/238 239/239/239
f 240/240/240 241/241/241 242/242/242
f 49/49/49 243/243/243 244/244/244
f 245/245/245 246/246/246 247/247/247
f 248/248/248 249/249/249 250/250/250
f 251/251/251 252/252/252 253/253/253
f 254/254/254 255/255/255 256/256/256
f 257/257/257 258/258/258 259/259/259
f 260/260/260 261/261/261 262/262/262
f 263/263/263 264/264/264 265/265/265
f 266/266/266 267/267/267 268/268/268
f 269/269/269 270/270/270 271/271/271
f 272/272/272 273/273/273 274/274/274
f 275/275/275 276/276/276 277/277/277
f 278/278/278 279/279/279 280/280/280
f 281/281/281 282/282/282 283/283/283
f 284/284/284 285/285/285 286/286/286
f 287/287/287 288/288/288 289/289/289
f 290/290/290 291/291/291 292/292/292
f 293/293/293 294/294/294 295/295/295
f 296/296/296 297/297/297 298/298/298
f 299/299/299 300/300/300 301/301/301
f 302/302/302 303/303/303 304/304/304
f 305/305/305 306/306/306 307/307/307
f 308/308/308 309/309/309 310/310/310
f 311/311/311 312/312/312 313/313/313
f 314/314/314 315/315/315 316/316/316
f 317/317/317 318/318/318 319/319/319
f 320/320/320 321/321/321 322/322/322
f 323/323/323 324/324/324 325/325/325
f 326/326/326 327/327/327 328/328/328
f 329/329/329 330/330/330 331/331/331
f 332/332/332 333/333/333 334/334/334
f 335/335/335 336/336/336 337/337/337
f 338/338/338 339/339/339 340/340/340
f 341/341/341 342/342/342 343/343/343
f 344/344/344 345/345/345 346/346/346
f 347/347/347 348/348/348 349/349/349
f 350/350/350 351/351/351 352/352/352
f 353/353/353 354/354/354 355/355/355
f 356/356/356 357/357/357 358/358/358
f 359/359/359 360/360/360 361/361/361
f 362/362/362 363/363/363 364/364/364
f 365/365/365 366/366/366 367/367/367
f 368/368/368 369/369/369 370/370/370
f 371/371/371 372/372/372 373/373/373
f 374/374/374 375/375/375 376/376/376
f 377/377/377 378/378/378 379/379/379
f 380/380/380 381/381/381 382/382/382
f 383/383/383 384/384/384 385/385/385
f 386/386/386 387/387/387 388/388/388
f 389/389/389 390/390/390 391/391/391
f 392/392/392 393/393/393 394/394/394
f 395/395/395 396/396/396 397/397/397
f 398/398/398 399/399/399 400/400/400
f 401/401/401 402/402/402 403/403/403
f 404/404/404 405/405/405 406/406/406
f 407/407/407 408/408/408 409/409/409
f 410/410/410 411/411/411 412/412/412
f 413/413/413 414/414/414 415/415/415
f 416/416/416 417/417/417 418/418/418
f 419/419/419 420/420/420 421/421/421
f 422/422/422 423/423/423 424/424/424
f 425/425/425 426/426/426 427/427/427
f 428/428/428 429/429/429 430/430/430
f 431/431/431 432/432/432 433/433/433
f 434/434/434 435/435/435 436/436/436
f 437/437/437 438/438/438 439/439/439
f 440/440/440 441/441/441 442/442/442
f 443/443/443 444/444/444 445/445/445
f 446/446/446 447/447/447 448/448/448
f 449/449/449 450/450/450 451/451/451
f 452/452/452 453/453/453 454/454/454
f 455/455/455 456/456/456 457/457/457
f 458/458/458 459/459/459 460/460/460
f 461/461/461 462/462/462 463/463/463
f 464/464/464 465/465/465 466/466/466
f 467/467/467 468/468/468 469/469/469
f 470/470/470 471/471/471 472/472/472
f 473/473/473 474/474/474 475/475/475
f 476/476/476 477/477/477 478/478/478
f 479/479/479 480/480/480 481/481/481
f 482/482/482 483/483/483 484/484/484
f 485/485/485 486/486/486 487/487/487
f 488/488/488 489/489/489 490/490/490
f 491/491/491 492/492/492 493/493/493
f 494/494/494 495/495/495 496/496/496
f 497/497/497 498/498/498 499/499/499
f 500/500/500 501/501/501 502/502/502
f 503/503/503 504/504/504 505/505/505
f 506/506/506 507/507/507 508/508/508
f 509/509/509 510/510/510 511/511/511
f 512/512/512 513/513/513 514/514/514
f 515/515/515 516/516/516 517/517/517
f 518/518/518 519/519/519 520/520/520
f 211/211/211 521/521/521 522/522/522
f 523/523/523 524/524/524 525/525/525
f 526/526/526 527/527/527 528/528/528
f 529/529/529 530/530/530 531/531/531
f 532/532/532 533/533/533 534/534/534
f 535/535/535 536/536/536 537/537/537
f 538/538/538 539/539/539 540/540/540
f 541/541/541 542/542/542 543/543/543
f 544/544/544 545/545/545 546/546/546
f 547/547/547 548/548/548 549/549/549
f 550/550/550 551/551/551 552/552/552
f 553/553/553 554/554/554 555/555/555
f 556/556/556 557/557/557 558/558/558
f 559/559/559 560/560/560 561/561/561
f 562/562/562 563/563/563 564/564/564
f 565/565/565 566/566/566 567/567/567
f 568/568/568 569/569/569 570/570/570
f 571/571/571 572/572/572 573/573/573
f 574/574/574 575/575/575 576/576/576
f 577/577/577 578/578/578 579/579/579
f 580/580/580 581/581/581 582/582/582
f 583/583/583 584/584/584 585/585/585
f 586/586/586 587/587/587 588/588/588
f 589/589/589 590/590/590 591/591/591
f 592/592/592 593/593/593 594/594/594
f 595/595/595 596/596/596 597/597/597
f 598/598/598 599/599/599 600/600/600
f 601/601/601 602/602/602 603/603/603
f 604/604/604 605/605/605 606/606/606
f 607/607/607 608/608/608 609/609/609
f 610/610/610 611/611/611 612/612/612
f 613/613/613 614/614/614 615/615/615
f 616/616/616 617/617/617 618/618/618
f 619/619/619 620/620/620 621/621/621
f 622/622/622 623/623/623 624/624/624
f 625/625/625 626/626/626 627/627/627
f 628/628/628 629/629/629 630/630/630
f 631/631/631 632/632/632 633/633/633
f 634/634/634 635/635/635 636/636/636
f 637/637/637 638/638/638 639/639/639
f 640/640/640 641/641/641 642/642/642
f 643/643/643 644/644/644 645/645/645
f 646/646/646 647/647/647 648/648/648
f 649/649/649 650/650/650 651/651/651
f 652/652/652 653/653/653 654/654/654
f 655/655/655 656/656/656 657/657/657
f 658/658/658 659/659/659 660/660/660
f 661/661/661 662/662/662 663/663/663
f 664/664/664 665/665/665 666/666/666
f 667/667/667 668/668/668 669/669/669
f 670/670/670 671/671/671 672/672/672
f 673/673/673 674/674/674 675/675/675
f 676/676/676 677/677/677 678/678/678
f 679/679/679 680/680/680 681/681/681
f 682/682/682 683/683/683 684/684/684
f 685/685/685 686/686/686 687/687/687
f 688/688/688 689/689/689 690/690/690
f 691/691/691 332/332/332 692/692/692
f 693/693/693 694/694/694 695/695/695
f 696/696/696 697/697/697 698/698/698
f 699/699/699 700/700/700 701/701/701
f 702/702/702 703/703/703 704/704/704
f 705/705/705 706/706/706 707/707/707
f 708/708/708 709/709/709 710/710/710
f 711/711/711 712/712/712 713/713/713
f 714/714/714 715/715/715 716/716/716
f 717/717/717 718/718/718 719/719/719
f 720/720/720 721/721/721 722/722/722
f 723/723/723 724/724/724 725/725/725
f 726/726/726 727/727/727 728/728/728
f 729/729/729 730/730/730 731/731/731
f 732/732/732 733/733/733 734/734/734
f 735/735/735 736/736/736 737/737/737
f 738/738/738 739/739/739 740/740/740
f 741/741/741 742/742/742 743/743/743
f 744/744/744 745/745/745 746/746/746
f 747/747/747 748/748/748 749/749/749
f 750/750/750 751/751/751 752/752/752
f 753/753/753 754/754/754 755/755/755
f 756/756/756 757/757/757 758/758/758
f 759/759/759 760/760/760 761/761/761
f 762/762/762 763/763/763 764/764/764
f 765/765/765 766/766/766 767/767/767
f 768/768/768 769/769/769 770/770/770
f 771/771/771 772/772/772 773/773/773
f 774/774/774 775/775/775 776/776/776
f 777/777/777 778/778/778 779/779/779
f 780/780/780 781/781/781 782/782/782
f 783/783/783 784/784/784 785/785/785
f 786/786/786 787/787/787 788/788/788
f 789/789/789 790/790/790 791/791/791
f 792/792/792 793/793/793 794/794/794
f 795/795/795 796/796/796 797/797/797
f 798/798/798 799/799/799 800/800/800
f 801/801/801 802/802/802 803/803/803
f 804/804/804 805/805/805 806/806/806
f 807/807/807 808/808/808 809/809/809
f 810/810/810 811/811/811 812/812/812
f 813/813/813 814/814/814 815/815/815
f 816/816/816 817/817/817 818/818/818
f 819/819/819 820/820/820 821/821/821
f 822/822/822 823/823/823 824/824/824
f 825/825/825 826/826/826 827/827/827
f 828/828/828 829/829/829 830/830/830
f 831/831/831 832/832/832 833/833/833
f 834/834/834 835/835/835 836/836/836
f 837/837/837 838/838/838 839/839/839
f 840/840/840 841/841/841 842/842/842
f 843/843/843 844/844/844 845/845/845
f 846/846/846 847/847/847 848/848/848
f 849/849/849 850/850/850 851/851/851
f 852/852/852 853/853/853 854/854/854
f 855/855/855 856/856/856 857/857/857
f 858/858/858 859/859/859 860/860/860
f 861/861/861 862/862/862 863/863/863
f 864/864/864 30/30/30 865/865/865
f 866/866/866 867/867/867 868/868/868
f 869/869/869 870/870/870 871/871/871
f 872/872/872 873/873/873 874/874/874
f 875/875/875 876/876/876 877/877/877
f 878/878/878 879/879/879 880/880/880
f 881/881/881 882/882/882 883/883/883
f 884/884/884 885/885/885 886/886/886
f 887/887/887 888/888/888 889/889/889
f 890/890/890 891/891/891 892/892/892
f 893/893/893 894/894/894 895/895/895
f 896/896/896 897/897/897 898/898/898
f 899/899/899 900/900/900 901/901/901
f 902/902/902 903/903/903 904/904/904
f 905/905/905 906/906/906 907/907/907
f 908/908/908 909/909/909 910/910/910
f 911/911/911 912/912/912 913/913/913
f 914/914/914 915/915/915 916/916/916
f 917/917/917 918/918/918 919/919/919
f 920/920/920 921/921/921 922/922/922
f 923/923/923 924/924/924 925/925/925
f 926/926/926 927/927/927 928/928/928
f 929/929/929 930/930/930 931/931/931
f 932/932/932 933/933/933 934/934/934
f 935/935/935 936/936/936 937/937/937
f 938/938/938 939/939/939 940/940/940
f 941/941/941 942/942/942 943/943/943
f 944/944/944 945/945/945 946/946/946
f 947/947/947 948/948/948 949/949/949
f 950/950/950 951/951/951 952/952/952
f 953/953/953 954/954/954 955/955/955
f 956/956/956 957/957/957 958/958/958
f 959/959/959 960/960/960 64/64/64
f 961/961/961 962/962/962 963/963/963
f 964/964/964 965/965/965 966/966/966
f 967/967/967 777/777/777 968/968/968
f 969/969/969 970/970/970 971/971/971
f 972/972/972 973/973/973 974/974/974
f 975/975/975 976/976/976 977/977/977
f 978/978/978 979/979/979 980/980/980
f 981/981/981 982/982/982 983/983/983
f 984/984/984 985/985/985 986/986/986
f 987/987/987 988/988/988 989/989/989
f 990/990/990 991/991/991 992/992/992
f 993/993/993 994/994/994 995/995/995
f 996/996/996 997/997/997 998/998/998
f 999/999/999 1000/1000/1000 1001/1001/1001
f 1002/1002/1002 1003/1003/1003 1004/1004/1004
f 1005/1005/1005 1006/1006/1006 1007/1007/1007
f 1008/1008/1008 1009/1009/1009 1010/1010/1010
f 1011/1011/1011 1012/1012/1012 1013/1013/1013
f 1014/1014/1014 1015/1015/1015 1016/1016/1016
f 1017/1017/1017 1018/1018/1018 1019/1019/1019
f 1020/1020/1020 1021/1021/1021 1022/1022/1022
f 1023/1023/1023 1024/1024/1024 1025/1025/1025
f 1026/1026/1026 1027/1027/1027 1028/1028/1028
f 1029/1029/1029 1030/1030/1030 1031/1031/1031
f 1032/1032/1032 1033/1033/1033 1034/1034/1034
f 1035/1035/1035 1036/1036/1036 1037/1037/1037
f 1038/1038/1038 1039/1039/1039 1040/1040/1040
f 1041/1041/1041 1042/1042/1042 1043/1043/1043
f 1044/1044/1044 1045/1045/1045 1046/1046/1046
f 1047/1047/1047 1048/1048/1048 1049/1049/1049
f 1050/1050/1050 1051/1051/1051 1052/1052/1052
f 1053/1053/1053 1054/1054/1054 57/57/57
f 1055/1055/1055 1056/1056/1056 1057/1057/1057
f 1058/1058/1058 1059/1059/1059 1060/1060/1060
f 1061/1061/1061 1062/1062/1062 1063/1063/1063
f 1064/1064/1064 1065/1065/1065 1066/1066/1066
f 1067/1067/1067 1068/1068/1068 1069/1069/1069
f 1070/1070/1070 1071/1071/1071 1072/1072/1072
f 1073/1073/1073 1074/1074/1074 1075/1075/1075
f 1076/1076/1076 1077/1077/1077 1078/1078/1078
f 616/616/616 1079/1079/1079 1080/1080/1080
f 1081/1081/1081 1082/1082/1082 1083/1083/1083
f 1084/1084/1084 1085/1085/1085 1086/1086/1086
f 1087/1087/1087 1088/1088/1088 1089/1089/1089
f 1090/1090/1090 1091/1091/1091 1092/1092/1092
f 1093/1093/1093 1094/1094/1094 1095/1095/1095
f 1096/1096/1096 1097/1097/1097 1098/1098/1098
f 1099/1099/1099 1100/1100/1100 1101/1101/1101
f 1102/1102/1102 1103/1103/1103 1104/1104/1104
f 13/13/13 1105/1105/1105 1106/1106/1106
f 1107/1107/1107 1108/1108/1108 1109/1109/1109
f 1110/1110/1110 1111/1111/1111 1112/1112/1112
f 1113/1113/1113 1114/1114/1114 1115/1115/1115
f 1116/1116/1116 1117/1117/1117 1118/1118/1118
f 1119/1119/1119 1120/1120/1120 1121/1121/1121
f 1122/1122/1122 1123/1123/1123 1124/1124/1124
f 1125/1125/1125 1126/1126/1126 1127/1127/1127
f 1128/1128/1128 1129/1129/1129 1130/1130/1130
f 1131/1131/1131 1132/1132/1132 1133/1133/1133
f 1134/1134/1134 1135/1135/1135 1136/1136/1136
f 1137/1137/1137 1138/1138/1138 1139/1139/1139
f 1140/1140/1140 1141/1141/1141 1142/1142/1142
f 1143/1143/1143 1144/1144/1144 1145/1145/1145
f 1146/1146/1146 1147/1147/1147 1148/1148/1148
f 1149/1149/1149 1150/1150/1150 1151/1151/1151
f 1152/1152/1152 1153/1153/1153 1154/1154/1154
f 1155/1155/1155 1156/1156/1156 1157/1157/1157
f 1158/1158/1158 1159/1159/1159 1160/1160/1160
f 1161/1161/1161 1162/1162/1162 1163/1163/1163
f 1164/1164/1164 1165/1165/1165 1166/1166/1166
f 1167/1167/1167 1168/1168/1168 1169/1169/1169
f 1170/1170/1170 1171/1171/1171 1172/1172/1172
f 1173/1173/1173 1174/1174/1174 1175/1175/1175
f 1176/1176/1176 1177/1177/1177 1178/1178/1178
f 1179/1179/1179 1180/1180/1180 1181/1181/1181
f 1182/1182/1182 1183/1183/1183 1184/1184/1184
f 1185/1185/1185 1186/1186/1186 1187/1187/1187
f 1188/1188/1188 1189/1189/1189 1190/1190/1190
f 1191/1191/1191 1192/1192/1192 1193/1193/1193
f 1194/1194/1194 1195/1195/1195 1196/1196/1196
f 1197/1197/1197 1198/1198/1198 1199/1199/1199
f 1200/1200/1200 1201/1201/1201 1202/1202/1202
f 1203/1203/1203 1204/1204/1204 1205/1205/1205
f 1206/1206/1206 1207/1207/1207 1208/1208/1208
f 1209/1209/1209 1210/1210/1210 1211/1211/1211
f 1212/1212/1212 1213/1213/1213 1214/1214/1214
f 1215/1215/1215 1216/1216/1216 1217/1217/1217
f 1218/1218/1218 1219/1219/1219 1220/1220/1220
f 1221/1221/1221 1222/1222/1222 1223/1223/1223
f 1224/1224/1224 1225/1225/1225 1226/1226/1226
f 1227/1227/1227 1228/1228/1228 1229/1229/1229
f 1230/1230/1230 1231/1231/1231 1232/1232/1232
f 1233/1233/1233 1234/1234/1234 1235/1235/1235
f 1236/1236/1236 1237/1237/1237 1238/1238/1238
f 1239/1239/1239 1240/1240/1240 1241/1241/1241
f 1242/1242/1242 1243/1243/1243 1244/1244/1244
f 1245/1245/1245 1246/1246/1246 1247/1247/1247
f 1248/1248/1248 1249/1249/1249 1250/1250/1250
f 1251/1251/1251 1252/1252/1252 1253/1253/1253
f 1254/1254/1254 1255/1255/1255 1256/1256/1256
f 383/383/383 1257/1257/1257 1258/1258/1258
f 1259/1259/1259 1260/1260/1260 1261/1261/1261
f 1262/1262/1262 1263/1263/1263 1264/1264/1264
f 1265/1265/1265 1266/1266/1266 1267/1267/1267
f 1268/1268/1268 1269/1269/1269 1270/1270/1270
f 1271/1271/1271 1272/1272/1272 1273/1273/1273
f 1274/1274/1274 1275/1275/1275 1276/1276/1276
f 1277/1277/1277 326/326/326 1278/1278/1278
f 1279/1279/1279 1280/1280/1280 1281/1281/1281
f 1282/1282/1282 1283/1283/1283 1284/1284/1284
f 1285/1285/1285 1286/1286/1286 1287/1287/1287
f 1288/1288/1288 1289/1289/1289 1290/1290/1290
f 1291/1291/1291 1292/1292/1292 1293/1293/1293
f 1294/1294/1294 1295/1295/1295 1296/1296/1296
f 1297/1297/1297 1298/1298/1298 1299/1299/1299
f 1300/1300/1300 1301/1301/1301 1302/1302/1302
f 1303/1303/1303 1304/1304/1304 1305/1305/1305
f 1306/1306/1306 1307/1307/1307 1308/1308/1308
f 1309/1309/1309 1310/1310/1310 1311/1311/1311
f 1312/1312/1312 1313/1313/1313 1314/1314/1314
f 1315/1315/1315 1316/1316/1316 1317/1317/1317
f 1318/1318/1318 1319/1319/1319 1320/1320/1320
f 1321/1321/1321 1322/1322/1322 1323/1323/1323
f 1324/1324/1324 1325/1325/1325 1326/1326/1326
f 1327/1327/1327 1328/1328/1328 1329/1329/1329
f 1330/1330/1330 1331/1331/1331 1332/1332/1332
f 1333/1333/1333 1334/1334/1334 1335/1335/1335
f 1336/1336/1336 1337/1337/1337 1338/1338/1338
f 1339/1339/1339 1340/1340/1340 1341/1341/1341
f 1342/1342/1342 1343/1343/1343 1344/1344/1344
f 1345/1345/1345 1346/1346/1346 1347/1347/1347
f 1348/1348/1348 1349/1349/1349 1350/1350/1350
f 1351/1351/1351 1352/1352/1352 1353/1353/1353
f 1354/1354/1354 1355/1355/1355 1356/1356/1356
f 1357/1357/1357 1358/1358/1358 1359/1359/1359
f 1360/1360/1360 155/155/155 1361/1361/1361
f 1362/1362/1362 1363/1363/1363 1364/1364/1364
f 1365/1365/1365 1366/1366/1366 1367/1367/1367
f 1368/1368/1368 1369/1369/1369 1370/1370/1370
f 1371/1371/1371 1372/1372/1372 1373/1373/1373
f 1374/1374/1374 1375/1375/1375 1376/1376/1376
f 1377/1377/1377 1378/1378/1378 1379/1379/1379
f 1380/1380/1380 1381/1381/1381 1382/1382/1382
f 1383/1383/1383 1384/1384/1384 1385/1385/1385
f 1386/1386/1386 1387/1387/1387 1388/1388/1388
f 1389/1389/1389 1390/1390/1390 1391/1391/1391
f 1392/1392/1392 1393/1393/1393 1394/1394/1394
f 1395/1395/1395 1396/1396/1396 1397/1397/1397
f 1398/1398/1398 1399/1399/1399 1400/1400/1400
f 1401/1401/1401 1402/1402/1402 1403/1403/1403
f 1404/1404/1404 1405/1405/1405 1406/1406/1406
f 1407/1407/1407 1408/1408/1408 1409/1409/1409
f 1410/1410/1410 1411/1411/1411 1412/1412/1412
f 1413/1413/1413 1414/1414/1414 1415/1415/1415
f 1416/1416/1416 1417/1417/1417 1418/1418/1418
f 1419/1419/1419 1420/1420/1420 1421/1421/1421
f 1422/1422/1422 1423/1423/1423 1424/1424/1424
f 1425/1425/1425 1426/1426/1426 1427/1427/1427
f 1425/1425/1425 1428/1428/1428 1429/1429/1429
f 1430/1430/1430 1431/1431/1431 1432/1432/1432
f 1433/1433/1433 1434/1434/1434 1435/1435/1435
f 1436/1436/1436 1437/1437/1437 1438/1438/1438
f 1439/1439/1439 1440/1440/1440 1441/1441/1441
f 1442/1442/1442 1443/1443/1443 1444/1444/1444
f 1445/1445/1445 1446/1446/1446 1447/1447/1447
f 1448/1448/1448 1449/1449/1449 1450/1450/1450
f 1451/1451/1451 1452/1452/1452 1453/1453/1453
f 1454/1454/1454 1455/1455/1455 1456/1456/1456
f 1457/1457/1457 1458/1458/1458 1459/1459/1459
f 1460/1460/1460 1461/1461/1461 1462/1462/1462
f 1463/1463/1463 1464/1464/1464 1465/1465/1465
f 1466/1466/1466 1467/1467/1467 1468/1468/1468
f 1469/1469/1469 1470/1470/1470 1471/1471/1471
f 1472/1472/1472 1473/1473/1473 1474/1474/1474
f 1475/1475/1475 1476/1476/1476 1477/1477/1477
f 1478/1478/1478 1479/1479/1479 1480/1480/1480
f 1481/1481/1481 1482/1482/1482 1483/1483/1483
f 1484/1484/1484 1485/1485/1485 1486/1486/1486
f 1487/1487/1487 1488/1488/1488 1489/1489/1489
f 1490/1490/1490 1491/1491/1491 1492/1492/1492
f 1493/1493/1493 1494/1494/1494 1495/1495/1495
f 1496/1496/1496 1497/1497/1497 1498/1498/1498
f 1499/1499/1499 1500/1500/1500 1501/1501/1501
f 1502/1502/1502 1503/1503/1503 1504/1504/1504
f 1505/1505/1505 1506/1506/1506 1507/1507/1507
f 1508/1508/1508 1509/1509/1509 1510/1510/1510
f 1511/1511/1511 1512/1512/1512 1513/1513/1513
f 1514/1514/1514 1515/1515/1515 1516/1516/1516
f 1517/1517/1517 1518/1518/1518 1519/1519/1519
f 1520/1520/1520 1521/1521/1521 1522/1522/1522
f 1523/1523/1523 1524/1524/1524 1525/1525/1525
f 1526/1526/1526 1527/1527/1527 1195/1195/1195
f 1528/1528/1528 1529/1529/1529 1530/1530/1530
f 1531/1531/1531 1532/1532/1532 1533/1533/1533
f 1534/1534/1534 1535/1535/1535 1536/1536/1536
f 1537/1537/1537 1538/1538/1538 1539/1539/1539
f 1537/1537/1537 1540/1540/1540 1541/1541/1541
f 1542/1542/1542 1543/1543/1543 1544/1544/1544
f 1345/1345/1345 1545/1545/1545 1546/1546/1546
f 1547/1547/1547 1548/1548/1548 1549/1549/1549
f 1550/1550/1550 1551/1551/1551 1552/1552/1552
f 1553/1553/1553 1554/1554/1554 1555/1555/1555
f 1556/1556/1556 1557/1557/1557 1558/1558/1558
f 1559/1559/1559 1560/1560/1560 1561/1561/1561
f 1562/1562/1562 1563/1563/1563 1564/1564/1564
f 1565/1565/1565 1566/1566/1566 1567/1567/1567
f 1568/1568/1568 1569/1569/1569 1570/1570/1570
f 1571/1571/1571 1572/1572/1572 1573/1573/1573
f 1574/1574/1574 1575/1575/1575 1576/1576/1576
f 1577/1577/1577 1578/1578/1578 1579/1579/1579
f 1580/1580/1580 1581/1581/1581 1582/1582/1582
f 1583/1583/1583 1584/1584/1584 1585/1585/1585
f 1586/1586/1586 1587/1587/1587 1588/1588/1588
f 1589/1589/1589 1590/1590/1590 1591/1591/1591
f 1592/1592/1592 1593/1593/1593 1594/1594/1594
f 1595/1595/1595 1596/1596/1596 1597/1597/1597
f 1598/1598/1598 1599/1599/1599 1600/1600/1600
f 1601/1601/1601 1602/1602/1602 1603/1603/1603
f 1604/1604/1604 1605/1605/1605 1606/1606/1606
f 1607/1607/1607 1608/1608/1608 1609/1609/1609
f 1610/1610/1610 1611/1611/1611 1612/1612/1612
f 1613/1613/1613 1614/1614/1614 1615/1615/1615
f 1616/1616/1616 1617/1617/1617 1618/1618/1618
f 1619/1619/1619 1620/1620/1620 1621/1621/1621
f 1622/1622/1622 1623/1623/1623 1624/1624/1624
f 1625/1625/1625 1626/1626/1626 1627/1627/1627
f 1628/1628/1628 1629/1629/1629 1630/1630/1630
f 1631/1631/1631 1632/1632/1632 1633/1633/1633
f 1634/1634/1634 140/140/140 1635/1635/1635
f 1636/1636/1636 1637/1637/1637 1638/1638/1638
f 1639/1639/1639 1640/1640/1640 1641/1641/1641
f 1642/1642/1642 1643/1643/1643 1644/1644/1644
f 1645/1645/1645 1646/1646/1646 1647/1647/1647
f 1648/1648/1648 1649/1649/1649 1650/1650/1650
f 1651/1651/1651 1652/1652/1652 1653/1653/1653
f 1654/1654/1654 1655/1655/1655 1656/1656/1656
f 1657/1657/1657 1658/1658/1658 1659/1659/1659
f 1660/1660/1660 1661/1661/1661 1662/1662/1662
f 1663/1663/1663 1664/1664/1664 1665/1665/1665
f 1666/1666/1666 1667/1667/1667 1668/1668/1668
f 1669/1669/1669 1670/1670/1670 1671/1671/1671
f 1672/1672/1672 1673/1673/1673 1674/1674/1674
f 1675/1675/1675 1676/1676/1676 1677/1677/1677
f 1678/1678/1678 1679/1679/1679 1680/1680/1680
f 1681/1681/1681 1682/1682/1682 1683/1683/1683
f 1684/1684/1684 1685/1685/1685 1686/1686/1686
f 1687/1687/1687 1688/1688/1688 1689/1689/1689
f 1690/1690/1690 1691/1691/1691 1692/1692/1692
f 1693/1693/1693 1694/1694/1694 1695/1695/1695
f 1696/1696/1696 1697/1697/1697 1698/1698/1698
f 1699/1699/1699 1700/1700/1700 558/558/558
f 1701/1701/1701 1702/1702/1702 1703/1703/1703
f 1704/1704/1704 1705/1705/1705 1706/1706/1706
f 40/40/40 1707/1707/1707 1708/1708/1708
f 1709/1709/1709 1710/1710/1710 1711/1711/1711
f 1712/1712/1712 1713/1713/1713 1714/1714/1714
f 1715/1715/1715 1716/1716/1716 1717/1717/1717
f 1718/1718/1718 1719/1719/1719 1720/1720/1720
f 1721/1721/1721 1722/1722/1722 1723/1723/1723
f 1724/1724/1724 1725/1725/1725 1726/1726/1726
f 1727/1727/1727 1728/1728/1728 1729/1729/1729
f 1730/1730/1730 1731/1731/1731 1732/1732/1732
f 1733/1733/1733 1734/1734/1734 1735/1735/1735
f 1736/1736/1736 1737/1737/1737 1738/1738/1738
f 1739/1739/1739 1740/1740/1740 1741/1741/1741
f 1742/1742/1742 1743/1743/1743 1744/1744/1744
f 1745/1745/1745 1746/1746/1746 1747/1747/1747
f 1748/1748/1748 1749/1749/1749 1750/1750/1750
f 1751/1751/1751 1752/1752/1752 1753/1753/1753
f 1754/1754/1754 1755/1755/1755 1756/1756/1756
f 1757/1757/1757 1758/1758/1758 1759/1759/1759
f 1760/1760/1760 1761/1761/1761 1762/1762/1762
f 1763/1763/1763 1764/1764/1764 1765/1765/1765
f 1766/1766/1766 1767/1767/1767 1768/1768/1768
f 1769/1769/1769 1770/1770/1770 1771/1771/1771
f 1772/1772/1772 1773/1773/1773 1774/1774/1774
f 1775/1775/1775 1776/1776/1776 1777/1777/1777
f 1778/1778/1778 1779/1779/1779 1780/1780/1780
f 1781/1781/1781 1782/1782/1782 1783/1783/1783
f 1784/1784/1784 1785/1785/1785 1786/1786/1786
f 1787/1787/1787 1788/1788/1788 1789/1789/1789
f 1790/1790/1790 1791/1791/1791 1792/1792/1792
f 1793/1793/1793 1794/1794/1794 1795/1795/1795
f 1796/1796/1796 1797/1797/1797 1798/1798/1798
f 1799/1799/1799 1800/1800/1800 1801/1801/1801
f 1802/1802/1802 1803/1803/1803 1804/1804/1804
f 1805/1805/1805 1806/1806/1806 1807/1807/1807
f 1808/1808/1808 1809/1809/1809 1810/1810/1810
f 1811/1811/1811 1812/1812/1812 1813/1813/1813
f 1814/1814/1814 1815/1815/1815 1816/1816/1816
f 1817/1817/1817 1818/1818/1818 1819/1819/1819
f 1820/1820/1820 1821/1821/1821 1822/1822/1822
f 1823/1823/1823 1824/1824/1824 1825/1825/1825
f 1826/1826/1826 1827/1827/1827 1828/1828/1828
f 1829/1829/1829 1830/1830/1830 1831/1831/1831
f 1832/1832/1832 1833/1833/1833 1834/1834/1834
f 1835/1835/1835 1836/1836/1836 1837/1837/1837
f 1838/1838/1838 1839/1839/1839 1840/1840/1840
f 1841/1841/1841 1842/1842/1842 1843/1843/1843
f 1844/1844/1844 1845/1845/1845 1846/1846/1846
f 1847/1847/1847 1848/1848/1848 1849/1849/1849
f 1850/1850/1850 1851/1851/1851 1852/1852/1852
f 1853/1853/1853 1854/1854/1854 1855/1855/1855
f 1856/1856/1856 1857/1857/1857 1858/1858/1858
f 1859/1859/1859 1860/1860/1860 1861/1861/1861
f 1862/1862/1862 1863/1863/1863 1864/1864/1864
f 1865/1865/1865 1866/1866/1866 1867/1867/1867
f 1868/1868/1868 1869/1869/1869 1870/1870/1870
f 1871/1871/1871 1872/1872/1872 1873/1873/1873
f 1874/1874/1874 1875/1875/1875 1876/1876/1876
f 1877/1877/1877 1878/1878/1878 1879/1879/1879
f 1880/1880/1880 1881/1881/1881 1882/1882/1882
f 1883/1883/1883 1884/1884/1884 1885/1885/1885
f 1886/1886/1886 1887/1887/1887 1888/1888/1888
f 1889/1889/1889 1890/1890/1890 1891/1891/1891
f 1892/1892/1892 1893/1893/1893 1894/1894/1894
f 1895/1895/1895 1896/1896/1896 1897/1897/1897
f 1898/1898/1898 1899/1899/1899 1900/1900/1900
f 1901/1901/1901 1902/1902/1902 1903/1903/1903
f 1904/1904/1904 1905/1905/1905 1906/1906/1906
f 1907/1907/1907 1908/1908/1908 1909/1909/1909
f 1910/1910/1910 1911/1911/1911 1912/1912/1912
f 1913/1913/1913 1914/1914/1914 1915/1915/1915
f 1916/1916/1916 1917/1917/1917 1918/1918/1918
f 1919/1919/1919 1920/1920/1920 1921/1921/1921
f 1922/1922/1922 1923/1923/1923 1924/1924/1924
f 1925/1925/1925 1926/1926/1926 1927/1927/1927
f 1928/1928/1928 1929/1929/1929 1930/1930/1930
f 1931/1931/1931 1932/1932/1932 1933/1933/1933
f 1934/1934/1934 1935/1935/1935 1936/1936/1936
f 1937/1937/1937 1938/1938/1938 1939/1939/1939
f 1940/1940/1940 1941/1941/1941 1942/1942/1942
f 1943/1943/1943 1944/1944/1944 1945/1945/1945
f 1946/1946/1946 1947/1947/1947 639/639/639
f 132/132/132 1948/1948/1948 1949/1949/1949
f 1950/1950/1950 1951/1951/1951 1952/1952/1952
f 1953/1953/1953 1954/1954/1954 1955/1955/1955
f 1956/1956/1956 1957/1957/1957 1958/1958/1958
f 1959/1959/1959 1960/1960/1960 1961/1961/1961
f 1962/1962/1962 381/381/381 1963/1963/1963
f 1964/1964/1964 1965/1965/1965 1966/1966/1966
f 1967/1967/1967 1968/1968/1968 1969/1969/1969
f 1970/1970/1970 1971/1971/1971 1972/1972/1972
f 1973/1973/1973 1974/1974/1974 1975/1975/1975
f 1976/1976/1976 1977/1977/1977 1978/1978/1978
f 1979/1979/1979 1980/1980/1980 1981/1981/1981
f 1982/1982/1982 1983/1983/1983 1984/1984/1984
f 1985/1985/1985 1986/1986/1986 1987/1987/1987
f 1988/1988/1988 1989/1989/1989 1990/1990/1990
f 1991/1991/1991 1992/1992/1992 1993/1993/1993
f 1994/1994/1994 1995/1995/1995 1996/1996/1996
f 1997/1997/1997 3/3/3 1998/1998/1998
f 1999/1999/1999 2000/2000/2000 271/271/271
f 2001/2001/2001 2002/2002/2002 2003/2003/2003
f 2004/2004/2004 2005/2005/2005 2006/2006/2006
f 2007/2007/2007 2008/2008/2008 2009/2009/2009
f 2010/2010/2010 2011/2011/2011 2012/2012/2012
f 2013/2013/2013 2014/2014/2014 2015/2015/2015
f 2016/2016/2016 2017/2017/2017 2018/2018/2018
f 2019/2019/2019 2020/2020/2020 2021/2021/2021
f 1844/1844/1844 2022/2022/2022 2023/2023/2023
f 2024/2024/2024 2025/2025/2025 2026/2026/2026
f 2027/2027/2027 2028/2028/2028 2029/2029/2029
f 2030/2030/2030 2031/2031/2031 2032/2032/2032
f 2033/2033/2033 2034/2034/2034 2035/2035/2035
f 2036/2036/2036 2037/2037/2037 2038/2038/2038
f 2039/2039/2039 2040/2040/2040 2041/2041/2041
f 2042/2042/2042 2043/2043/2043 2044/2044/2044
f 2045/2045/2045 2046/2046/2046 2047/2047/2047
f 2048/2048/2048 2049/2049/2049 2050/2050/2050
f 2051/2051/2051 2052/2052/2052 2053/2053/2053
f 2054/2054/2054 2055/2055/2055 2056/2056/2056
f 2057/2057/2057 2058/2058/2058 2059/2059/2059
f 2060/2060/2060 2061/2061/2061 2062/2062/2062
f 2063/2063/2063 2064/2064/2064 2065/2065/2065
f 2066/2066/2066 2067/2067/2067 2068/2068/2068
f 2069/2069/2069 2070/2070/2070 2071/2071/2071
f 2072/2072/2072 62/62/62 2073/2073/2073
f 2074/2074/2074 2075/2075/2075 2076/2076/2076
f 2077/2077/2077 2078/2078/2078 2079/2079/2079
f 2080/2080/2080 2081/2081/2081 2082/2082/2082
f 2083/2083/2083 2084/2084/2084 2085/2085/2085
f 2086/2086/2086 2087/2087/2087 2088/2088/2088
f 2089/2089/2089 2090/2090/2090 2091/2091/2091
f 2092/2092/2092 2093/2093/2093 2094/2094/2094
f 2095/2095/2095 2096/2096/2096 2097/2097/2097
f 2098/2098/2098 2099/2099/2099 2100/2100/2100
f 2101/2101/2101 2102/2102/2102 2103/2103/2103
f 2104/2104/2104 2105/2105/2105 2106/2106/2106
f 2107/2107/2107 2108/2108/2108 2109/2109/2109
f 2110/2110/2110 2111/2111/2111 2112/2112/2112
f 2113/2113/2113 2114/2114/2114 2115/2115/2115
f 2116/2116/2116 2117/2117/2117 2118/2118/2118
f 2119/2119/2119 2120/2120/2120 206/206/206
f 2121/2121/2121 2122/2122/2122 2123/2123/2123
f 2124/2124/2124 2125/2125/2125 2126/2126/2126
f 2127/2127/2127 2128/2128/2128 2129/2129/2129
f 2130/2130/2130 2131/2131/2131 2132/2132/2132
f 2133/2133/2133 2134/2134/2134 2135/2135/2135
f 2136/2136/2136 2137/2137/2137 2138/2138/2138
f 2139/2139/2139 2140/2140/2140 2141/2141/2141
f 2142/2142/2142 2143/2143/2143 2144/2144/2144
f 2145/2145/2145 2146/2146/2146 2147/2147/2147
f 2148/2148/2148 2149/2149/2149 2150/2150/2150
f 2151/2151/2151 2152/2152/2152 2153/2153/2153
f 2154/2154/2154 2155/2155/2155 2156/2156/2156
f 2157/2157/2157 2158/2158/2158 2159/2159/2159
f 2160/2160/2160 2161/2161/2161 2162/2162/2162
f 2163/2163/2163 2164/2164/2164 2165/2165/2165
f 2166/2166/2166 2167/2167/2167 2168/2168/2168
f 2169/2169/2169 2170/2170/2170 528/528/528
f 2171/2171/2171 2172/2172/2172 2173/2173/2173
f 2174/2174/2174 2175/2175/2175 2176/2176/2176
f 2177/2177/2177 2178/2178/2178 2179/2179/2179
f 2180/2180/2180 2181/2181/2181 2182/2182/2182
f 2183/2183/2183 2184/2184/2184 2185/2185/2185
f 2186/2186/2186 2187/2187/2187 2188/2188/2188
f 2189/2189/2189 2190/2190/2190 2191/2191/2191
f 2192/2192/2192 2193/2193/2193 2194/2194/2194
f 2195/2195/2195 2196/2196/2196 2197/2197/2197
f 2198/2198/2198 2199/2199/2199 2200/2200/2200
f 2201/2201/2201 2202/2202/2202 2203/2203/2203
f 2204/2204/2204 2205/2205/2205 2206/2206/2206
f 2207/2207/2207 2208/2208/2208 2209/2209/2209
f 2210/2210/2210 2211/2211/2211 2212/2212/2212
f 2213/2213/2213 2214/2214/2214 2215/2215/2215
f 2216/2216/2216 2217/2217/2217 2218/2218/2218
f 2219/2219/2219 2220/2220/2220 2221/2221/2221
f 2222/2222/2222 2223/2223/2223 2224/2224/2224
f 2225/2225/2225 2226/2226/2226 2227/2227/2227
f 2228/2228/2228 2229/2229/2229 2230/2230/2230
f 2231/2231/2231 2232/2232/2232 2233/2233/2233
f 2234/2234/2234 2235/2235/2235 2236/2236/2236
f 2237/2237/2237 2238/2238/2238 2239/2239/2239
f 2240/2240/2240 2241/2241/2241 2242/2242/2242
f 2243/2243/2243 2244/2244/2244 2245/2245/2245
f 2246/2246/2246 2247/2247/2247 2248/2248/2248
f 2249/2249/2249 2250/2250/2250 2251/2251/2251
f 2252/2252/2252 2109/2109/2109 2253/2253/2253
f 2254/2254/2254 2255/2255/2255 2256/2256/2256
