v 2.975525 3.9484 -1.9575491
v 2.7216423 4.4930754 -1.616867
v 3.5175133 4.2115307 -1.9982622
v 5.434633 0.50804687 -0.13485469
v 5.5178328 0.80406326 0.27768457
v 5.2639937 0.3534 0.3348375
v 4.700036 2.389875 0.93681717
v 4.8772454 2.7290375 1.1267189
v 4.8799706 2.670775 0.48909473
v 3.7593455 4.529525 0.1787307
v 4.0906286 4.908297 0.080266625
v 3.6497788 5.1980305 0.17614865
v 5.6720514 4.444386 -0.01958025
v 5.8408003 4.0513344 0.24526194
v 5.7546844 4.2983093 -0.47791463
v 3.0610015 0.15968907 1.2337251
v 2.555507 0.2886456 1.0659385
v 2.5276065 0.09085 0.7566625
v -2.735168 8.430062 0.3379268
v -2.2479515 8.735125 -0.088580415
v -2.8700733 8.695412 -0.14734589
v -4.0550194 0.270025 0.9412273
v -4.2460127 0.52338755 1.1521876
v -4.6217356 0.95634687 1.2015359
v 3.163242 7.0469704 -0.73676616
v 3.6839328 6.702276 -0.5188388
v 3.6356912 7.072523 -0.95411646
v 4.047849 0.59386957 -1.6633625
v 4.3449845 0.93314683 -1.2155609
v 4.390747 0.5416312 -1.462275
v 4.3317814 0.35626876 1.8232062
v 4.9086723 0.44851872 1.7415562
v 4.7042317 0.72266364 1.9924263
v 5.3563747 0.5604625 1.3396937
v 5.4415503 0.64838123 0.5968375
v 5.7473755 1.11775 0.99642503
v 4.5461125 1.2367527 -0.021982815
v 4.0825396 1.4797711 -0.04799453
v 4.6997824 1.4344704 0.27842927
v -3.2212374 8.810675 -0.50489277
v -2.9581442 8.727433 -1.0295208
v -3.6078467 8.788936 -0.59644747
v -2.5087123 3.9275098 -0.9354042
v -2.545704 4.4342475 -1.3237319
v -1.9890254 4.466442 -0.9480223
v -4.890032 2.4834816 1.1890688
v -4.6211224 1.7340305 1.330518
v -4.272114 1.9524641 1.4224298
v 1.3985391 1.4300922 -1.4062359
v 1.6869402 0.6115457 -1.1334023
v 1.2519531 1.2741843 -0.9270156
v 2.5157812 0.25399062 -1.3385062
v 2.945764 0.27309063 -1.2358062
v 2.4008923 0.038317185 -0.88956094
v -5.1115165 6.6978683 1.2335476
v -5.457275 6.7217484 1.3644713
v -5.381775 6.2519226 1.4070346
v -1.4318652 6.590875 -1.5584182
v -1.9621547 6.0964165 -1.7328444
v -1.8326063 6.5366917 -1.9137435
v -1.9771641 2.848653 0.12233359
v -2.6440437 3.0845718 0.06446312
v -2.278275 2.7976906 0.46481878
v -2.5836341 2.8341594 -0.6735092
v -2.9196234 3.2047539 -0.8157439
v -2.4889886 3.422819 -0.52650106
v 1.3985391 1.4300922 -1.4062359
v 1.6889594 0.8884469 -1.5356064
v 1.6869402 0.6115457 -1.1334023
v -3.1325998 5.7897625 -1.3218958
v -2.9725757 5.39067 -1.4872203
v -3.5887337 5.5123277 -0.9093951
v -4.5022 8.036394 0.9859073
v -5.2313247 8.346176 1.065067
v -4.952485 8.137943 1.3382986
v -3.159586 8.271411 0.54665804
v -2.8700733 8.695412 -0.14734589
v -3.2283874 8.708497 0.0076228715
v 1.8598251 4.933256 -0.6018115
v 1.4385203 4.5986767 -0.46930367
v 1.7440947 4.720845 -0.91986203
v 6.0880065 2.4589999 1.1849688
v 6.044653 1.9900031 1.28209
v 6.09455 2.06735 0.76975
v -5.354701 0.79076314 -2.014916
v -5.068424 0.41771874 -1.8257414
v -5.55777 0.6178453 -1.5949726
v -3.605739 1.1258937 -2.0218859
v -3.5244126 0.5619109 -2.0961702
v -4.0774517 0.78264594 -1.9528983
v 3.3964753 0.22651437 0.23909883
v 3.7218156 0.04963594 -0.1930328
v 4.531025 0.044606254 0.70125
v 1.984175 0.220025 -1.102875
v 2.5157812 0.25399062 -1.3385062
v 2.4008923 0.038317185 -0.88956094
v -1.8213733 8.013949 -1.5041865
v -1.7929652 8.328479 -0.98903847
v -1.3197243 7.8876524 -1.2271849
v -2.9581442 8.727433 -1.0295208
v -3.2212374 8.810675 -0.50489277
v -2.7519412 8.807957 -0.58904076
v -0.88222575 0.64753515 1.9867423
v -0.9734953 0.17311953 2.0548203
v -0.5605227 0.17272344 1.8388531
v 4.8799706 2.670775 0.48909473
v 5.2874413 2.0182812 0.34269065
v 4.888139 2.0302813 0.50320387
v -4.2013736 0.62762034 -1.4025766
v -4.700194 0.4547 -1.4142625
v -4.6358213 0.5376836 -1.9377937
v -2.8784716 8.564052 -1.6023214
v -2.9581442 8.727433 -1.0295208
v -2.1001008 8.608427 -1.3678647
v -5.3075466 2.5722718 0.8538562
v -5.347353 2.0197093 0.8575875
v -4.890032 2.4834816 1.1890688
v -1.6044925 8.321625 -0.29318208
v -1.5950344 8.043108 -0.8028349
v -2.1257613 8.637257 -0.59754676
v -1.2161329 7.261991 -1.3922807
v -1.0346985 6.7710447 -1.3295311
v -1.4318652 6.590875 -1.5584182
v 2.0857344 3.225472 -1.6732181
v 1.6513379 3.006498 -1.0354054
v 2.0149312 3.5553288 -0.96488696
v -1.2775687 0.050381247 1.6831343
v -0.3916502 0.365025 1.3424525
v -0.9734953 0.17311953 2.0548203
v 5.1154876 4.3430753 -0.832724
v 5.4460125 4.187339 -0.75152874
v 4.824074 3.8452747 -0.5173104
v -2.840875 3.673753 0.38455412
v -2.9490187 4.034006 0.6310135
v -3.2789812 3.953425 0.83687603
v -2.7519202 3.1027827 0.44708025
v -2.6440437 3.0845718 0.06446312
v -2.6219015 3.6113687 -0.12568493
v -1.1358063 0.67185473 -1.5826203
v -0.7652625 0.602225 -1.1834126
v -0.988225 0.29623127 -1.0401312
v -1.9595312 1.2691755 -2.0577502
v -2.557847 1.3079438 -2.0684767
v -2.2340813 1.337321 -1.7925375
v -3.8913126 0.5996562 -1.6489625
v -4.0774517 0.78264594 -1.9528983
v -3.5244126 0.5619109 -2.0961702
v -4.6358213 0.5376836 -1.9377937
v -4.0774517 0.78264594 -1.9528983
v 3.5175133 4.2115307 -1.9982622
v 4.084897 4.156541 -1.8407959
v 3.532175 3.7793646 -2.0018983
v 4.519432 2.0872192 0.6982243
v 4.888139 2.0302813 0.50320387
v 4.6997824 1.4344704 0.27842927
v 2.3435328 1.134777 1.7126957
v 2.6363783 1.4848204 2.0642812
v 2.3902388 1.4646125 1.4696656
v -1.8952992 8.412807 0.15016624
v -1.9841163 8.068737 0.2531135
v -1.056524 8.1863 -0.3175329
v 5.391218 1.167611 0.13566719
v 5.0863924 1.5183446 0.33855432
v 5.5997357 1.6988297 0.25267968
v 1.9086032 0.23961875 1.7004843
v 1.6318109 0.3746578 1.2742265
v 2.2000499 0.2457 1.2882812
v -3.8249555 7.391385 -0.7522205
v -4.438613 7.4735518 -0.44472635
v -4.1101613 7.3187447 -1.2619897
v 2.9081242 5.4011774 0.10136507
v 2.1662602 5.751864 0.06756194
v 2.4864283 5.2636266 -0.17833847
v -3.3514204 0.39030465 2.7802749
v -3.411325 0.0760375 2.4398625
v -2.9878683 0.21252656 2.5028536
v 5.9886346 3.214728 0.97403187
v 5.9092875 3.6895218 0.641926
v 5.5613875 3.6133752 0.92003846
v -3.1978848 0.13743907 0.4076332
v -2.7056828 0.18300939 0.29197812
v -2.5522203 0.110918745 0.8305578
v -4.611722 0.4198172 -0.64167035
v -4.455817 0.20605624 -0.32475
v -4.8931904 0.4816969 -0.34565938
v -2.215253 0.065785944 -1.059986
v -2.8247867 0.13711211 -1.1794641
v -2.1646109 0.06395508 -1.735279
v -2.3435051 8.387604 -2.1347766
v -2.3793154 7.9055586 -2.2720132
v -2.6591635 8.771818 -2.083891
v 3.1499062 4.182622 0.18011194
v 3.3533921 3.114272 0.03486334
v 3.6652381 3.8057387 0.10810842
v -2.716385 0.3833058 1.1699078
v -2.1413202 0.17747343 0.93179846
v -1.9731985 0.4570336 1.3582485
v 3.2008 0.0671 0.8994
v 2.9561756 0.15388331 0.50827706
v 3.5842297 0.070314065 1.150725
v 3.7319183 1.1226457 -1.9124289
v 3.4016922 1.4509485 -2.0282764
v 3.5733688 1.8446751 -1.8506125
v 4.0539384 1.7571914 1.2692394
v 4.437153 2.0620344 1.1740844
v 4.519432 2.0872192 0.6982243
v 1.2775126 1.7542126 -1.0626438
v 1.318202 2.1134086 -0.63858664
v 1.4517124 2.4146123 -1.28065
v 3.2455907 2.6137996 2.412363
v 3.5910296 2.8384624 2.1912313
v 2.9302874 2.8562403 2.1185799
v 4.3551064 4.7443132 -1.7036725
v 4.151409 5.253077 -1.8597958
v 4.4628534 5.291394 -1.5753458
v -5.0203104 6.558264 -0.21755686
v -4.691984 6.8247375 0.16584164
v -4.5987625 6.731372 -0.1980705
v -2.9581442 8.727433 -1.0295208
v -2.5183697 9.091896 -1.1156435
v -2.1001008 8.608427 -1.3678647
v -5.192147 0.90937984 -0.95795256
v -5.3859396 0.55018795 -1.0873431
v -4.879632 0.5341699 -0.877
v -3.3946 3.0649939 -1.1183442
v -3.7037375 2.7505655 -1.4737059
v -3.9034398 3.2815378 -1.2413255
v -3.736042 7.8627634 0.89509714
v -3.3266845 7.7150526 0.84762603
v -3.5965276 8.095118 0.66139007
v 4.6218224 6.040552 -1.0140828
v 4.1712227 6.213351 -1.4716892
v 4.421374 6.467127 -1.0013779
v 3.6839328 6.702276 -0.5188388
v 4.035514 6.7587695 -0.9135765
v 3.6356912 7.072523 -0.95411646
v -4.054475 7.8751907 -1.375188
v -3.602334 7.481188 -1.5877658
v -4.1101613 7.3187447 -1.2619897
v -0.8687812 7.1304903 -0.37547582
v -1.1848059 6.725797 -0.5669022
v -1.1956407 7.090641 -0.5608021
v -2.9224858 0.7478156 2.6641827
v -3.2858124 1.1584113 2.7728157
v -3.3514204 0.39030465 2.7802749
v -5.540406 1.9395049 0.38879022
v -5.4356594 1.6054485 0.60746133
v -5.347353 2.0197093 0.8575875
v -3.863225 0.0448 -0.0415
v -3.519256 0.10700469 0.17712969
v -3.8497329 0.08003594 0.5200914
v -2.6271095 4.166166 0.25474787
v -2.6219015 3.6113687 -0.12568493
v -2.4332561 4.041725 -0.2047498
v -3.8068717 6.200904 -1.1088979
v -3.441866 6.259408 -1.4977293
v -3.2862408 6.179099 -1.0438557
v 4.300071 4.0068474 -0.19874352
v 4.4740276 3.4062324 -0.51559764
v 4.824074 3.8452747 -0.5173104
v -3.1089478 0.2881375 1.6509602
v -3.4274035 0.25757265 1.0903833
v -2.716385 0.3833058 1.1699078
v -3.3807797 2.1059783 1.7109468
v -3.6870656 1.574361 1.9374439
v -3.329018 1.6379852 2.30536
v -2.0971327 4.346642 -0.50347006
v -2.1223233 3.9831517 -0.65123165
v -1.9890254 4.466442 -0.9480223
v -5.4900455 0.48436406 -2.1649563
v -5.354701 0.79076314 -2.014916
v -5.122712 0.5797535 -2.3357382
v 1.8524121 0.96184385 1.0751758
v 1.263638 0.8325487 1.0521389
v 1.5490407 0.7560843 1.7080368
v 4.3317814 0.35626876 1.8232062
v 4.1974373 0.78068906 2.000825
v 3.8121095 0.4591031 1.8170938
v 2.8363209 0.44033724 -2.8570151
v 3.0331125 0.66741246 -2.235078
v 2.2455459 1.337293 -2.5266728
v -2.728128 7.153 0.5130916
v -3.1404433 7.227474 0.36492035
v -2.7230594 6.669781 0.58642757
v 2.8363209 0.44033724 -2.8570151
v 2.2455459 1.337293 -2.5266728
v 2.5062644 1.153156 -2.806291
v 5.603841 4.700494 -0.2729115
v 5.7546844 4.2983093 -0.47791463
v 5.6509695 4.9463196 -0.5780875
v -1.698036 0.093625 -0.6333609
v -1.5173312 0.07947344 -0.15256095
v -2.475669 0.12824102 -0.6413738
v 1.8952776 1.1145328 -1.7827773
v 1.8952776 1.1145328 -1.7827773
v 1.6889594 0.8884469 -1.5356064
v 4.301172 1.7568094 1.7542374
v 4.0539384 1.7571914 1.2692394
v 3.8019292 1.3884861 1.7165821
v -1.1923354 7.7125654 -0.54277873
v -0.8687812 7.1304903 -0.37547582
v -1.1956407 7.090641 -0.5608021
v -1.0689099 6.3407373 -1.1761355
v -1.4318652 6.590875 -1.5584182
v -1.0346985 6.7710447 -1.3295311
v 3.6982856 2.8249493 1.7162715
v 3.5856555 3.377465 1.4946051
v 3.6473937 3.2324123 1.8902131
v 4.172968 6.364455 -0.61151934
v 4.466251 5.7185926 -0.48628262
v 4.6218224 6.040552 -1.0140828
v -3.2862408 6.179099 -1.0438557
v -3.5918546 6.319643 -0.5788853
v -3.8068717 6.200904 -1.1088979
v -3.2449985 6.2835784 -0.12944841
v -3.781335 6.333558 -0.19834277
v -3.5918546 6.319643 -0.5788853
v -6.4125123 7.0348835 0.75147283
v -6.236452 6.9583173 1.1722682
v -6.7309833 7.219741 1.0016842
v 5.198262 0.37043124 0.7959125
v 5.0171 0.27996248 1.3633251
v 4.6837893 0.09632343 1.2993188
v 2.4319189 2.3804812 0.17264375
v 2.045206 2.267993 0.12344336
v 2.4398906 2.0963287 0.40926564
v -5.3349123 7.7916937 0.041582245
v -5.844639 7.9192686 0.17976186
v -5.4594097 7.4717903 -0.15249632
v 1.523425 0.49027503 -0.61782503
v 1.719714 0.29145157 -0.24542657
v 1.3926313 0.87819844 -0.4398797
v 2.4795732 4.6493225 -0.91575176
v 2.5867376 4.6896124 -0.546474
v 2.4864283 5.2636266 -0.17833847
v -2.7812848 0.48127812 2.037324
v -2.5326316 0.38444415 2.5930269
v -2.9878683 0.21252656 2.5028536
v 3.070404 3.7275348 1.6314538
v 2.8344016 3.3411171 1.73855
v 3.2659104 3.3564322 2.1733668
v -3.137178 7.423512 -1.788608
v -3.301117 8.001734 -1.7837206
v -2.7990885 8.321031 -1.9846416
v -3.137178 7.423512 -1.788608
v -3.602334 7.481188 -1.5877658
v -3.301117 8.001734 -1.7837206
v 0.6426629 6.4620748 -1.5943137
v 0.034567192 5.6480846 -1.6943913
v 0.0871875 6.019251 -1.4636552
v -1.2395018 8.809858 -1.4802425
v -1.3167875 9.161113 -1.4737802
v -0.8668781 9.075815 -1.2944316
v -4.835203 3.4687407 0.92573065
v -5.1932125 3.6356468 0.3794885
v -5.2618265 3.0300312 0.7347503
v -2.3870258 6.984037 0.4447205
v -2.095106 7.5371943 0.3122127
v -2.4801404 7.5281 0.45725277
v -5.322297 2.4810967 -0.78007734
v -4.975425 2.62975 -1.0900248
v -4.960244 1.8852386 -1.0662527
v -5.885531 6.117216 -0.186565
v -6.000518 6.56628 -0.0036563706
v -5.3849936 6.1028757 -0.36111936
v -5.4083223 8.174509 1.3420703
v -5.2313247 8.346176 1.065067
v -5.759541 8.530746 1.2743338
v -4.272114 1.9524641 1.4224298
v -4.30877 1.5877469 1.5521406
v -3.7950485 1.7852399 1.6483914
v 4.6389155 4.294874 -0.34512743
v 4.300071 4.0068474 -0.19874352
v -1.1923354 7.7125654 -0.54277873
v -1.6044925 8.321625 -0.29318208
v -1.056524 8.1863 -0.3175329
v 2.3581908 0.7357922 1.8256515
v 1.9158688 0.5992805 1.8034275
v 2.3640842 0.21936798 1.6140976
v -5.1399126 0.9219813 -0.52358127
v -5.1077204 0.64443433 -0.07000469
v -5.374281 1.2954516 -0.36138517
v 5.7104807 5.385478 -0.98601717
v 5.955848 6.1495748 -0.75153494
v 6.237522 5.759841 -0.79390526
v -3.6870656 1.574361 1.9374439
v -4.040105 1.422682 1.8783414
v -3.8177714 1.4126472 2.4204597
v -6.2952957 8.210733 0.030735321
v -6.037505 8.267925 0.4528424
v -6.128977 8.601515 0.32635316
v 4.3079185 0.1037125 1.1452187
v 4.531025 0.044606254 0.70125
v 4.6837893 0.09632343 1.2993188
v -1.7768313 8.019081 -1.9557053
v -1.515889 7.7921352 -2.162959
v -1.638542 8.157512 -2.3888912
v 1.558736 1.3336031 0.7615657
v 1.6426812 1.8073469 0.7391875
v 1.4309285 1.5103632 0.3150953
v 1.8524121 0.96184385 1.0751758
v 2.279184 1.0136874 1.2498472
v 1.9793875 1.340553 1.2233062
v 4.1573415 3.0809345 -0.43224126
v 4.1761065 3.5299296 -0.30935055
v 3.8181937 3.3400908 -0.1322709
v 3.6473937 3.2324123 1.8902131
v 3.2659104 3.3564322 2.1733668
v 3.5910296 2.8384624 2.1912313
v -3.2931468 4.8749437 0.5962697
v -3.7717376 5.0355186 0.41005725
v -3.8931327 4.6062813 0.684808
v -3.4833999 5.278406 0.31168848
v -3.6344938 5.4287376 -0.0022458732
v -4.190008 5.01896 -0.038661305
v -4.2251062 0.9116187 1.9776499
v -4.1821003 0.34394997 2.1591501
v -4.1930003 0.67950857 2.3962328
v -4.0492764 0.6439047 1.4699556
v -3.8012455 0.38200313 1.4052751
v -3.9601705 0.2183086 1.793398
v -0.80828047 0.2921125 0.26283205
v -1.2863874 0.072225004 0.34828985
v -1.0397125 0.077700004 -0.1939
v -1.0293 2.7805874 0.6742532
v -1.3999188 2.7956665 0.6006211
v -0.8296037 2.2977593 1.014307
v -1.8612127 6.459972 0.24424787
v -2.3870258 6.984037 0.4447205
v -2.2362688 6.537369 0.41873226
v -1.5247524 5.321854 -0.69330835
v -1.3112311 5.8385344 -0.7509271
v -1.5404781 5.7377596 -0.299899
v 3.3594651 1.9000571 0.10881522
v 3.774743 1.8007166 0.18351796
v 3.7223525 1.7536333 -0.27534765
v -2.8784716 8.564052 -1.6023214
v -3.4635863 8.571014 -1.2582486
v -2.9581442 8.727433 -1.0295208
v 6.044653 1.9900031 1.28209
v 5.9107466 1.6085672 0.754889
v 5.6097374 0.89928746 1.39725
v 5.3563747 0.5604625 1.3396937
v -5.317091 7.9496827 -0.43883494
v -5.1349206 7.583168 -0.79879314
v -5.6587324 7.547503 -0.4859342
v 2.8268898 2.9090133 1.4056134
v 2.7446125 2.6449127 1.7726505
v 2.9302874 2.8562403 2.1185799
v -1.213524 6.320842 -0.71901435
v -1.1530756 5.9759836 -1.3077549
v -1.0689099 6.3407373 -1.1761355
v 3.5733688 1.8446751 -1.8506125
v 3.8654928 1.6476977 -1.4314694
v -5.227831 8.620619 0.72304475
v -5.257703 8.765278 0.3210854
v -5.60316 8.809996 0.5230886
v -3.5041623 0.0551625 0.7129375
v -3.4274035 0.25757265 1.0903833
v -3.8497329 0.08003594 0.5200914
v -1.3252039 7.5063305 -2.4322376
v -1.475302 6.786642 -2.3466973
v -2.126299 6.985015 -2.3088274
v 6.5535674 5.553323 -0.4866114
v 6.237522 5.759841 -0.79390526
v 6.492184 6.0687246 -0.27781016
v 2.3435328 1.134777 1.7126957
v 2.70587 0.9878733 1.880041
v 2.6363783 1.4848204 2.0642812
v 1.0891485 3.562684 -0.9868697
v 1.2026837 3.896603 -0.82347155
v 0.9349177 3.1435866 -0.79274994
v 2.16437 4.8908176 -0.91364056
v 2.345633 4.7492423 -1.2451096
v 2.4795732 4.6493225 -0.91575176
v 2.2512875 2.839778 -0.04073428
v 2.6283674 2.8379905 0.08384222
v 2.5270815 3.3310564 -0.012080252
v 1.8977875 2.6650686 -0.1830875
v 2.045206 2.267993 0.12344336
v 2.2512875 2.839778 -0.04073428
v 2.8237278 3.8689697 0.9928731
v 2.909807 4.2109504 0.86042154
v 3.1590781 3.7214906 0.9615928
v -2.9224858 0.7478156 2.6641827
v -2.9878683 0.21252656 2.5028536
v -2.5326316 0.38444415 2.5930269
v 1.1120988 6.241494 -1.988599
v 1.3891125 5.4911127 -2.0771747
v 0.80403125 5.793544 -2.0386992
v 4.8285933 0.96765625 -0.40777677
v 4.5461125 1.2367527 -0.021982815
v 5.0492296 1.3363891 -0.07737344
v 5.4326563 5.856512 -0.94486153
v 5.128565 5.343788 -0.99342954
v 4.9516535 5.6756654 -0.8647374
v -5.1115165 6.6978683 1.2335476
v -5.381775 6.2519226 1.4070346
v -4.7695627 6.2820625 1.1992741
v 5.683825 6.466154 -0.5036967
v 5.3869314 6.2718105 -0.26383758
v 5.9640794 6.2928495 -0.12754197
v -1.2285845 6.5760016 -0.032771476
v -0.7464903 6.740183 -0.29931945
v -1.1178422 6.996726 0.011100024
v -1.363368 3.6930707 -1.0005608
v -1.636325 3.2539845 -0.8920679
v -1.6255206 3.3345742 -0.4550714
v 4.46885 0.15391642 -1.1454828
v 4.973278 0.12606953 -0.7151312
v 4.397925 0.099325 -0.43374062
v -0.2095875 0.9952 -0.859125
v 0.04280625 1.3679812 -0.91760623
v 0.048279688 1.2176235 -0.40062815
v -0.21857499 1.3643374 -1.3011124
v -0.063125 1.8660375 -1.5261626
v 0.22262812 1.7144282 -1.0169344
v -3.1325998 5.7897625 -1.3218958
v -2.2181318 5.610663 -1.6418889
v -2.9725757 5.39067 -1.4872203
v -4.5022 8.036394 0.9859073
v -4.3633404 8.108871 0.51313597
v -4.727787 8.166591 0.70305806
v 4.397925 0.099325 -0.43374062
v 4.613028 0.06825937 0.177425
v 4.2027626 0.037009373 0.084081255
v -4.2013736 0.62762034 -1.4025766
v -4.0774517 0.78264594 -1.9528983
v -3.8913126 0.5996562 -1.6489625
v -3.9560807 2.216093 1.4902449
v -4.3506436 2.3499625 1.376775
v -4.272114 1.9524641 1.4224298
v 5.108138 5.1580806 -0.45638737
v 4.958024 4.484403 -0.16119978
v 5.2455297 4.546561 0.04878303
v -4.727787 8.166591 0.70305806
v -4.9909763 8.46752 0.47594905
v -5.2313247 8.346176 1.065067
v -1.3197243 7.8876524 -1.2271849
v -1.2161329 7.261991 -1.3922807
v -1.5446923 7.7067494 -1.4573377
v 6.0179567 6.5872455 -0.32609513
v 5.955848 6.1495748 -0.75153494
v 5.683825 6.466154 -0.5036967
v -0.24315 0.91754055 1.5442843
v -0.3916502 0.365025 1.3424525
v -0.2511094 1.044388 1.0680792
v 5.393617 5.0079565 -1.0578724
v 5.128565 5.343788 -0.99342954
v 5.7104807 5.385478 -0.98601717
v -5.473343 8.073836 0.4614415
v -5.3349123 7.7916937 0.041582245
v -4.89529 7.72377 0.108222835
v -3.4240751 2.6615453 1.6163037
v -3.3807797 2.1059783 1.7109468
v -3.053328 2.607278 1.6562252
v 5.772091 3.2484264 -0.21547882
v 5.272525 3.590075 -0.44814903
v 5.7157373 3.8246531 -0.4537412
v -2.7831993 1.4326078 2.4782453
v -3.2858124 1.1584113 2.7728157
v -2.5509615 0.84370077 2.3469224
v 2.396112 2.207239 1.5485687
v 2.5279937 2.5526218 1.4325187
v 2.368708 2.3910778 1.0940953
v 4.421374 6.467127 -1.0013779
v 3.94512 6.6236744 -1.328524
v 4.035514 6.7587695 -0.9135765
v -1.2660875 0.23568204 0.71748126
v -1.7193282 0.17550468 0.8461156
v -1.2863874 0.072225004 0.34828985
v -4.216799 6.2515736 -0.51146436
v -3.5918546 6.319643 -0.5788853
v -3.781335 6.333558 -0.19834277
v -3.57162 6.4017916 0.37900344
v -3.781335 6.333558 -0.19834277
v -3.2449985 6.2835784 -0.12944841
v 2.3752737 7.1762295 -1.4107045
v 2.8610437 6.826094 -1.8064365
v 2.2825532 6.9637036 -1.7253053
v 1.6889594 0.8884469 -1.5356064
v 2.4258714 0.75211096 -1.6763828
v 1.6869402 0.6115457 -1.1334023
v -2.7519412 8.807957 -0.58904076
v -2.2479515 8.735125 -0.088580415
v -2.1257613 8.637257 -0.59754676
v -2.8700733 8.695412 -0.14734589
v -2.2479515 8.735125 -0.088580415
v -1.793397 0.07269062 -1.1720282
v -1.4278117 0.35207656 -1.4094298
v -1.3488938 0.094131246 -1.0610187
v 2.8454862 2.1144066 0.89748245
v 2.838976 1.920318 0.48265937
v 2.4398906 2.0963287 0.40926564
v -5.5985355 8.045653 1.0676792
v -4.972192 7.7662725 0.7439234
v -5.2493134 7.7864127 1.2434134
v -1.5665176 8.640684 -1.0606852
v -0.8668781 9.075815 -1.2944316
v -1.6292398 9.011594 -1.059896
v -0.30355936 3.2087593 -1.985962
v -0.55889535 3.6956391 -1.906524
v -0.06901094 3.553222 -2.0019991
v -4.167777 6.855895 0.43812364
v -4.1400175 6.93626 -0.016963154
v -4.691984 6.8247375 0.16584164
v -3.301117 8.001734 -1.7837206
v -2.6591635 8.771818 -2.083891
v -2.7990885 8.321031 -1.9846416
v -4.0672855 8.047034 0.7479198
v -3.5965276 8.095118 0.66139007
v -3.9691308 8.490635 0.4497041
v -0.75204104 4.797733 -1.2134867
v -0.79324704 5.300168 -0.8473351
v -0.46053907 5.2033834 -1.3761786
v 5.7104807 5.385478 -0.98601717
v 6.237522 5.759841 -0.79390526
v 6.5535674 5.553323 -0.4866114
v 0.8053981 0.2889241 1.1927929
v 1.1014565 0.463378 1.0743088
v 0.9577767 0.33141446 1.7703807
v -3.9691308 8.490635 0.4497041
v -3.5965276 8.095118 0.66139007
v -3.6143901 8.459236 0.59009665
v 3.1340556 4.1505823 1.2140322
v 3.070404 3.7275348 1.6314538
v 3.3386936 3.8739061 1.3866385
v 4.3079185 0.1037125 1.1452187
v 3.5842297 0.070314065 1.150725
v 4.162294 0.16178125 0.7974188
v 2.195365 5.1650205 -1.7045003
v 1.3562984 5.093041 -1.9857475
v 1.3891125 5.4911127 -2.0771747
v -4.734454 4.4878864 -0.026902907
v -4.834061 4.146497 -0.6587912
v -5.0438747 4.0557003 0.052313503
v -1.2421563 0.060609378 -0.6702187
v -0.6739219 0.29997188 -0.35320938
v -1.0397125 0.077700004 -0.1939
v -4.491268 7.6479936 0.29097265
v -4.972192 7.7662725 0.7439234
v -4.89529 7.72377 0.108222835
v 3.240315 2.8451016 1.2942355
v 3.3171854 2.4148932 1.4382555
v 2.9255972 2.4464355 1.1414729
v 5.128565 5.343788 -0.99342954
v 4.7290606 5.400534 -1.1708302
v 4.9516535 5.6756654 -0.8647374
v 3.070404 3.7275348 1.6314538
v 3.2659104 3.3564322 2.1733668
v 3.6473937 3.2324123 1.8902131
v 4.824074 3.8452747 -0.5173104
v 4.8989677 3.4743996 -0.12682539
v 5.005867 3.8006961 0.2791973
v -4.734454 4.4878864 -0.026902907
v -4.338997 4.727644 0.33596665
v -4.190008 5.01896 -0.038661305
v -4.5281563 4.3634343 0.5610447
v -4.338997 4.727644 0.33596665
v -0.356775 1.5532625 1.1662875
v -0.29671875 1.7589059 0.7302699
v -0.4894344 1.9181063 1.1322813
v -1.6410328 7.4876375 -1.8121676
v -1.7768313 8.019081 -1.9557053
v -1.8213733 8.013949 -1.5041865
v 0.113635935 1.418153 -0.008301564
v -0.5430301 0.82565 0.5829269
v -0.4028124 0.6885214 -0.57161427
v -3.301117 8.001734 -1.7837206
v -3.6891875 8.096251 -1.5513365
v -3.3050063 8.398712 -1.7126553
v -1.508525 1.7685734 -1.9332079
v -1.2325891 1.6501875 -2.1700249
v -1.2781026 1.2398783 -2.2014008
v 0.20455626 5.297453 0.16761664
v 0.24300626 5.922269 -0.105023995
v 0.051965628 5.6256905 -0.049948998
v -1.9071298 0.16859688 -1.502189
v -2.215253 0.065785944 -1.059986
v -2.1646109 0.06395508 -1.735279
v -6.2799892 6.505263 1.5507569
v -6.377622 6.301861 0.56459165
v -5.863239 6.251619 1.0002823
v 4.466251 5.7185926 -0.48628262
v 4.9516535 5.6756654 -0.8647374
v 4.6218224 6.040552 -1.0140828
v 0.9577767 0.33141446 1.7703807
v 1.4739149 0.3530086 1.8275797
v 1.0803149 0.4493078 2.101711
v -1.06585 3.67275 -1.4972802
v -1.3831234 3.2938564 -1.3140384
v -1.363368 3.6930707 -1.0005608
v -1.9809266 8.054264 -2.399802
v -2.3793154 7.9055586 -2.2720132
v -1.638542 8.157512 -2.3888912
v 4.9086723 0.44851872 1.7415562
v 5.3563747 0.5604625 1.3396937
v 5.432702 1.0051671 1.8167671
v 0.474475 2.408925 0.013900001
v 0.3398043 1.8678851 -0.2070797
v 0.5985117 2.3793542 -0.36058596
v 0.474475 2.408925 0.013900001
v 0.21327773 2.525605 0.37015116
v 0.3398043 1.8678851 -0.2070797
v 2.975525 3.9484 -1.9575491
v 3.071014 3.4866202 -2.0479572
v 2.6688633 3.741169 -1.8491163
v -5.4492064 6.066266 0.62851036
v -5.9734573 6.158333 0.41488382
v -5.602342 6.036439 0.19626819
v -1.552911 6.9578266 0.20765099
v -1.9875804 6.8685975 0.29114008
v -1.8612127 6.459972 0.24424787
v 1.7818849 3.0012097 -0.5254085
v 2.1860297 3.6401327 -0.5018977
v 2.0149312 3.5553288 -0.96488696
v -5.122712 0.5797535 -2.3357382
v -5.02191 0.9385871 -2.1424527
v -4.644311 0.7959734 -2.2158194
v -3.7173939 0.67097497 2.865147
v -3.2858124 1.1584113 2.7728157
v -3.8027914 1.2652757 2.9987903
v -3.7173939 0.67097497 2.865147
v -3.3514204 0.39030465 2.7802749
v -3.2858124 1.1584113 2.7728157
v -4.7890186 3.8460798 0.7680932
v -5.1932125 3.6356468 0.3794885
v -4.835203 3.4687407 0.92573065
v 2.70587 0.9878733 1.880041
v 3.0272813 1.1825619 1.6265956
v 3.0201707 1.3171848 2.0006258
v 2.1236038 0.037814062 -0.24161485
v 1.719714 0.29145157 -0.24542657
v 1.8936907 0.14624688 -0.69852185
v -1.7200683 0.4876721 -2.480278
v -1.4055336 0.2858914 -1.9381859
v -2.1646109 0.06395508 -1.735279
v 6.124044 5.728941 -0.23858963
v 5.505168 5.7432737 -0.30922702
v 5.862975 5.3439503 -0.38084275
v 6.124044 5.728941 -0.23858963
v 5.9640794 6.2928495 -0.12754197
v 5.505168 5.7432737 -0.30922702
v 5.2874413 2.0182812 0.34269065
v 5.5997357 1.6988297 0.25267968
v 5.0863924 1.5183446 0.33855432
v 1.4930375 4.9338374 -0.22829275
v 1.8598251 4.933256 -0.6018115
v 1.5924637 5.322712 -0.006595485
v 1.558736 1.3336031 0.7615657
v 1.8745422 1.7021985 1.160675
v 1.6426812 1.8073469 0.7391875
v -1.1848059 6.725797 -0.5669022
v -1.213524 6.320842 -0.71901435
v -1.1418828 6.627569 -0.96167946
v 5.198262 0.37043124 0.7959125
v 4.6837893 0.09632343 1.2993188
v 4.9752293 0.19278556 0.5020449
v 4.5253415 1.0309782 -0.80464566
v 4.7649374 0.62845 -0.97955
v 4.390747 0.5416312 -1.462275
v -5.540406 1.9395049 0.38879022
v -5.347353 2.0197093 0.8575875
v -5.5062313 2.6344223 0.4850509
v -5.5965815 2.515203 -0.051796876
v -5.540406 1.9395049 0.38879022
v 1.4309285 1.5103632 0.3150953
v 1.7541149 2.046861 0.47733048
v 1.4632864 1.7580487 -0.19346392
v 4.3551064 4.7443132 -1.7036725
v 4.628813 4.482575 -1.2595677
v 4.4588485 4.163083 -1.4217975
v -5.838808 8.4716215 0.8736256
v -5.759541 8.530746 1.2743338
v -5.2313247 8.346176 1.065067
v 4.2027626 0.037009373 0.084081255
v 4.531025 0.044606254 0.70125
v 3.7218156 0.04963594 -0.1930328
v -2.4889886 3.422819 -0.52650106
v -2.5087123 3.9275098 -0.9354042
v -2.1223233 3.9831517 -0.65123165
v 4.8285933 0.96765625 -0.40777677
v 5.434633 0.50804687 -0.13485469
v 5.081209 0.58170235 -0.64302576
v -1.698036 0.093625 -0.6333609
v -2.215253 0.065785944 -1.059986
v -1.793397 0.07269062 -1.1720282
v 3.4141457 3.519164 1.2013588
v 3.1295 3.2679744 1.1634247
v 3.1590781 3.7214906 0.9615928
v -0.88222575 0.64753515 1.9867423
v -1.119493 1.0260656 1.6999261
v -1.4897078 0.9409695 2.0004156
v 4.613906 4.9045715 -1.4143083
v 4.3551064 4.7443132 -1.7036725
v 4.4628534 5.291394 -1.5753458
v -0.53115153 4.2783804 -1.788913
v -0.55889535 3.6956391 -1.906524
v -0.8206875 4.0979567 -1.5669928
v -0.08797891 4.5484915 -1.9584193
v 0.34546873 4.2677064 -2.0480366
v -0.055077348 4.06194 -2.0108538
v -1.7929652 8.328479 -0.98903847
v -2.1257613 8.637257 -0.59754676
v -1.5950344 8.043108 -0.8028349
v 4.613028 0.06825937 0.177425
v 4.397925 0.099325 -0.43374062
v 5.1995487 0.146784 -0.37428635
v 3.4044166 1.0044793 -2.3564339
v 2.8363209 0.44033724 -2.8570151
v 2.858411 0.8618374 -2.7763247
v -4.238659 6.5966225 -1.02577
v -4.5987625 6.731372 -0.1980705
v -4.2117796 6.775325 -0.4996414
v 1.5634593 7.0195436 -0.5353427
v 1.8274204 6.823625 -0.18234277
v 1.966025 7.0918503 -0.558974
v 1.3240938 6.786122 -0.27670214
v 1.4568689 6.421825 0.009310376
v 1.8274204 6.823625 -0.18234277
v -5.1932125 3.6356468 0.3794885
v -5.0438747 4.0557003 0.052313503
v -5.250855 3.7243795 -0.04710994
v -5.1932125 3.6356468 0.3794885
v -4.7890186 3.8460798 0.7680932
v -4.844185 4.1261406 0.48353538
v -6.3789053 6.7692795 0.37262392
v -6.589304 6.5412426 0.7610719
v -6.4125123 7.0348835 0.75147283
v -3.4240751 2.6615453 1.6163037
v -3.9340117 2.8667915 1.3250175
v -3.7794406 2.5408108 1.52513
v 3.1667018 6.383359 0.022543969
v 2.834403 5.906925 0.14586662
v 3.283743 5.796217 0.15921
v -4.644311 0.7959734 -2.2158194
v -5.02191 0.9385871 -2.1424527
v -4.7117596 1.105573 -1.7853688
v -3.495555 7.455026 0.2157963
v -3.1404433 7.227474 0.36492035
v -3.5520859 7.427058 0.7586291
v -3.736042 7.8627634 0.89509714
v -4.0672855 8.047034 0.7479198
v -5.737239 8.264091 -0.18048963
v -5.65336 8.7090645 0.13847014
v -5.3441095 8.520035 -0.032652125
v 2.8496873 3.5726008 1.2322632
v 3.1295 3.2679744 1.1634247
v 2.8344016 3.3411171 1.73855
v -5.55777 0.6178453 -1.5949726
v -5.2711086 1.0445817 -1.6060412
v -5.354701 0.79076314 -2.014916
v 1.4830449 1.1309965 0.30562305
v 1.8521168 0.5790777 0.40706915
v 1.3725731 0.90743464 0.57743996
v 1.6662031 0.62650627 0.034265622
v 1.8521168 0.5790777 0.40706915
v -1.0806813 4.0919623 -0.3230365
v -1.2691774 3.5309 -0.116527855
v -0.91067183 3.8564968 0.13849476
v 3.7593455 4.529525 0.1787307
v 3.1499062 4.182622 0.18011194
v 3.6652381 3.8057387 0.10810842
v 0.3201375 3.8777437 -2.0216427
v -0.055077348 4.06194 -2.0108538
v 0.34546873 4.2677064 -2.0480366
v -3.602334 7.481188 -1.5877658
v -4.054475 7.8751907 -1.375188
v -3.6891875 8.096251 -1.5513365
v -5.0861325 7.491772 1.0524969
v -4.6980057 7.7942953 1.3024467
v -5.2493134 7.7864127 1.2434134
v -0.4028124 0.6885214 -0.57161427
v -0.6739219 0.29997188 -0.35320938
v -0.71795 0.3918625 -0.8203625
v 3.5593812 2.2622342 2.1616564
v 3.2455907 2.6137996 2.412363
v 3.27275 2.0989366 2.3460875
v -3.3050063 8.398712 -1.7126553
v -3.1025548 8.498483 -2.048377
v -1.9866886 3.023022 -0.37352866
v -2.3412638 2.9565306 -0.18032828
v -1.9771641 2.848653 0.12233359
v 2.5637515 3.8734689 -0.11896306
v 2.482131 4.2699757 -0.5443486
v 2.1860297 3.6401327 -0.5018977
v 5.6322308 3.0938063 1.3160224
v 5.1729097 3.152062 1.1344435
v 5.331544 2.6024032 1.6400048
v 3.0086696 2.9794016 0.09899352
v 3.5062232 2.511168 -0.19270027
v 3.3533921 3.114272 0.03486334
v -6.128977 8.601515 0.32635316
v -5.9932413 7.98426 -0.35240886
v -6.2952957 8.210733 0.030735321
v 0.54916716 6.8995457 -1.0788178
v 0.5553211 6.649966 -0.781906
v 0.90486133 7.033084 -1.0477849
v 4.035514 6.7587695 -0.9135765
v 4.172968 6.364455 -0.61151934
v 4.421374 6.467127 -1.0013779
v -2.350964 1.3802031 2.2206483
v -2.1950605 0.8678531 2.011035
v -1.9454942 1.3924726 1.9022331
v 4.5253415 1.0309782 -0.80464566
v 4.8285933 0.96765625 -0.40777677
v 4.7649374 0.62845 -0.97955
v -2.6360598 0.7179891 -2.3113046
v -2.528503 0.088726565 -2.1655757
v -2.9888437 0.349 -2.243175
v 4.3079185 0.1037125 1.1452187
v 4.6837893 0.09632343 1.2993188
v 4.1311736 0.08392812 1.5620999
v -5.1077204 0.64443433 -0.07000469
v -4.8931904 0.4816969 -0.34565938
v -4.7104907 0.3178422 0.235225
v -2.4401445 6.217165 0.33080345
v -1.8582687 5.8366218 0.011416625
v -1.7110344 6.2136216 -0.048750564
v -4.155675 2.386722 -1.963078
v -3.8598366 1.8762875 -2.0979538
v -4.5508003 2.39915 -1.7214625
v -4.5678954 6.1351714 0.46288928
v -4.16119 6.2317204 0.089712724
v -3.57162 6.4017916 0.37900344
v -3.7011719 0.15270782 -0.83031714
v -3.2463312 0.064475 -0.7294594
v -3.5652251 0.063912496 -0.31451875
v -2.616509 7.273752 -2.1145823
v -2.3793154 7.9055586 -2.2720132
v -2.3095765 7.363394 -2.2756724
v -1.5665176 8.640684 -1.0606852
v -1.6292398 9.011594 -1.059896
v -2.1257613 8.637257 -0.59754676
v 3.758097 0.26017657 -0.8428781
v 3.3311305 0.12239453 -0.89843905
v 3.6898594 0.52050155 -1.5452192
v -2.5159328 5.3487763 0.35421664
v -2.2768593 5.853853 0.21414162
v -2.8212485 5.9434996 0.16762054
v -2.5159328 5.3487763 0.35421664
v -2.281953 4.602437 0.048318967
v -2.1199079 5.4172173 0.18074945
v 2.5279937 2.5526218 1.4325187
v 2.7446125 2.6449127 1.7726505
v 2.8268898 2.9090133 1.4056134
v -0.08797891 4.5484915 -1.9584193
v -0.36118752 4.917219 -1.6848865
v 0.169 5.2406735 -1.9328467
v -0.29470003 2.2904437 -1.8272531
v -0.081139855 2.6865368 -1.8629465
v 0.20993125 2.4207375 -1.6075765
v 3.1590781 3.7214906 0.9615928
v 2.909807 4.2109504 0.86042154
v 3.1340556 4.1505823 1.2140322
v -4.2460127 0.52338755 1.1521876
v -4.261079 1.0307093 1.5584667
v -4.6217356 0.95634687 1.2015359
v -2.6269126 4.9363127 -1.526299
v -2.9725757 5.39067 -1.4872203
v -2.2181318 5.610663 -1.6418889
v 2.6953266 5.6143675 -2.007441
v 3.1340985 5.3034267 -2.0107994
v 2.7830267 4.980653 -1.7820731
v -3.3946 3.0649939 -1.1183442
v -2.5836341 2.8341594 -0.6735092
v -3.2357764 2.5462968 -1.2650967
v -2.9224858 0.7478156 2.6641827
v -3.3514204 0.39030465 2.7802749
v -2.9878683 0.21252656 2.5028536
v -1.363368 3.6930707 -1.0005608
v -1.3831234 3.2938564 -1.3140384
v -1.636325 3.2539845 -0.8920679
v -0.4028124 0.6885214 -0.57161427
v -0.5430301 0.82565 0.5829269
v -0.80828047 0.2921125 0.26283205
v 4.92373 3.1224155 0.22949144
v 5.3918934 3.121375 -0.1639869
v 5.342356 2.760125 0.08292501
v -0.004737502 5.9384623 -0.401924
v -0.35225135 5.4447484 -0.38979083
v 0.051965628 5.6256905 -0.049948998
v 4.9516535 5.6756654 -0.8647374
v 4.7290606 5.400534 -1.1708302
v 4.6218224 6.040552 -1.0140828
v 2.6121502 1.889475 1.9158564
v 2.3902388 1.4646125 1.4696656
v 2.6363783 1.4848204 2.0642812
v -3.442144 6.793913 -1.5359421
v -4.1101613 7.3187447 -1.2619897
v -3.602334 7.481188 -1.5877658
v -5.317091 7.9496827 -0.43883494
v -5.206101 8.212067 -0.17467791
v -4.671178 8.157022 -0.38850367
v -0.5064036 9.261983 -1.5771918
v -1.3167875 9.161113 -1.4737802
v -0.947825 9.2934 -1.579598
v -5.0438747 4.0557003 0.052313503
v -5.094461 3.9289188 -0.37412557
v -5.250855 3.7243795 -0.04710994
v -2.8177257 0.6888485 1.6241403
v -2.7812848 0.48127812 2.037324
v -3.1089478 0.2881375 1.6509602
v -0.6886328 2.7088861 0.7909891
v -0.63399374 3.144039 0.56824136
v -1.0293 2.7805874 0.6742532
v 1.7930171 5.9282923 -2.1027575
v 2.195365 5.1650205 -1.7045003
v 1.3891125 5.4911127 -2.0771747
v -2.195983 6.4678335 -2.1171708
v -2.126299 6.985015 -2.3088274
v -1.475302 6.786642 -2.3466973
v 2.9602125 1.8025407 2.2565956
v 2.6363783 1.4848204 2.0642812
v 3.0201707 1.3171848 2.0006258
v 5.428508 3.8594906 0.6606151
v 5.005867 3.8006961 0.2791973
v 5.1099186 3.4206157 0.7988198
v 3.8779438 4.918288 -1.9806927
v 4.151409 5.253077 -1.8597958
v 4.3551064 4.7443132 -1.7036725
v 3.8779438 4.918288 -1.9806927
v 3.6704373 5.324416 -2.0035677
v 4.151409 5.253077 -1.8597958
v 3.4044166 1.0044793 -2.3564339
v 2.858411 0.8618374 -2.7763247
v 3.0042012 1.1427996 -2.3827753
v 0.6286912 2.425272 -0.9003569
v 0.3398043 1.8678851 -0.2070797
v 0.22262812 1.7144282 -1.0169344
v -2.6591635 8.771818 -2.083891
v -2.8784716 8.564052 -1.6023214
v -2.1001008 8.608427 -1.3678647
v -4.261079 1.0307093 1.5584667
v -4.0492764 0.6439047 1.4699556
v -3.9601705 0.2183086 1.793398
v -3.7881498 7.5200768 -0.35583284
v -4.438613 7.4735518 -0.44472635
v -3.8249555 7.391385 -0.7522205
v -0.01388476 6.2767267 -1.1842378
v -0.32880157 5.556493 -1.3130215
v -0.57525265 5.7027473 -0.9210825
v -2.735168 8.430062 0.3379268
v -2.733406 7.8512454 0.533744
v -2.3537245 8.429303 0.34777367
v 3.8664062 5.6286554 -1.9288287
v 4.387336 5.684625 -1.5288584
v 4.151409 5.253077 -1.8597958
v 4.8989677 3.4743996 -0.12682539
v 5.3918934 3.121375 -0.1639869
v 4.92373 3.1224155 0.22949144
v -3.1582189 0.1819 -0.15386875
v -2.7056828 0.18300939 0.29197812
v -3.1978848 0.13743907 0.4076332
v -0.9734953 0.17311953 2.0548203
v -0.3916502 0.365025 1.3424525
v -0.5605227 0.17272344 1.8388531
v -2.4679039 1.7332782 1.8823305
v -2.5678844 1.683125 2.2481093
v -2.350964 1.3802031 2.2206483
v -2.0427876 9.072806 -0.7897799
v -2.1257613 8.637257 -0.59754676
v -1.6292398 9.011594 -1.059896
v -2.9349718 0.19509688 -1.822825
v -3.455125 0.413825 -1.73815
v -3.5244126 0.5619109 -2.0961702
v -6.4578724 6.054471 0.04875725
v -6.678303 6.329886 0.33654082
v -6.000518 6.56628 -0.0036563706
v 3.4459624 7.0390854 -1.2697427
v 3.6356912 7.072523 -0.95411646
v 4.035514 6.7587695 -0.9135765
v 1.263638 0.8325487 1.0521389
v 1.1894398 0.57094055 0.68860567
v 1.1014565 0.463378 1.0743088
v -0.7464903 6.740183 -0.29931945
v -1.1848059 6.725797 -0.5669022
v -0.8687812 7.1304903 -0.37547582
v 1.2438085 1.53798 -0.6043675
v 1.3926313 0.87819844 -0.4398797
v 1.3833609 1.2975955 -0.26869434
v -4.455817 0.20605624 -0.32475
v -4.611722 0.4198172 -0.64167035
v -4.3162093 0.37703127 -0.87285626
v 4.805673 0.22457929 -1.0399324
v 5.081209 0.58170235 -0.64302576
v 4.973278 0.12606953 -0.7151312
v 2.195365 5.1650205 -1.7045003
v 2.345633 4.7492423 -1.2451096
v 1.5209156 4.788435 -1.6811272
v -3.137178 7.423512 -1.788608
v -2.8712413 6.968483 -1.8523494
v -3.442144 6.793913 -1.5359421
v 2.6119647 0.9369109 -1.9991367
v 3.0981665 0.74859923 -1.6921484
v 2.4258714 0.75211096 -1.6763828
v 5.7104807 5.385478 -0.98601717
v 6.237522 5.759841 -0.79390526
v 5.7104807 5.385478 -0.98601717
v 1.8521168 0.5790777 0.40706915
v 1.6662031 0.62650627 0.034265622
v 1.719714 0.29145157 -0.24542657
v -6.2952957 8.210733 0.030735321
v -5.9932413 7.98426 -0.35240886
v -5.844639 7.9192686 0.17976186
v -2.3870258 6.984037 0.4447205
v -2.7230594 6.669781 0.58642757
v -2.2362688 6.537369 0.41873226
v 0.9044981 3.210982 -1.1691765
v 1.0891485 3.562684 -0.9868697
v 0.9349177 3.1435866 -0.79274994
v 0.9745015 3.747914 -1.493135
v 1.2026837 3.896603 -0.82347155
v 1.0891485 3.562684 -0.9868697
v -2.5182595 0.8305359 1.8316984
v -2.1561093 0.6027062 1.6392782
v -1.7108847 0.60167927 2.0145628
v 2.2455459 1.337293 -2.5266728
v 2.6119647 0.9369109 -1.9991367
v 1.944788 1.4136891 -2.1194267
v 4.3449845 0.93314683 -1.2155609
v 4.0563126 1.4503485 -1.0684531
v 4.5253415 1.0309782 -0.80464566
v -2.735168 8.430062 0.3379268
v -3.159586 8.271411 0.54665804
v -1.4143322 7.925031 0.043418188
v -1.3822628 7.4025416 0.104327954
v -0.90932655 7.769972 -0.0916365
v 3.6839328 6.702276 -0.5188388
v 3.7596564 6.422672 -0.22688025
v 4.172968 6.364455 -0.61151934
v 0.16372031 6.328698 -0.7488091
v -0.01388476 6.2767267 -1.1842378
v 0.32423127 6.2172184 -0.3348365
v -1.698036 0.093625 -0.6333609
v -1.793397 0.07269062 -1.1720282
v -1.3488938 0.094131246 -1.0610187
v 2.0384812 0.76952344 1.5092001
v 1.5490407 0.7560843 1.7080368
v 1.9158688 0.5992805 1.8034275
v -3.159586 8.271411 0.54665804
v -3.5051508 8.61714 0.26704475
v -3.6143901 8.459236 0.59009665
v 2.5276065 0.09085 0.7566625
v 2.555507 0.2886456 1.0659385
v 2.066181 0.477308 0.8396599
v -1.7509999 0.94685 -2.3570533
v -2.173825 0.8765984 -2.2784796
v -1.9595312 1.2691755 -2.0577502
v -2.8212485 5.9434996 0.16762054
v -3.2449985 6.2835784 -0.12944841
v -3.3804708 5.7518005 -0.15348807
v -2.8212485 5.9434996 0.16762054
v -2.8533702 6.307858 0.1482342
v -3.2449985 6.2835784 -0.12944841
v 5.862975 5.3439503 -0.38084275
v 5.108138 5.1580806 -0.45638737
v 5.6509695 4.9463196 -0.5780875
v 5.4415503 0.64838123 0.5968375
v 5.6516 1.0113 0.651
v 0.81574374 6.735656 -1.4428365
v 0.54916716 6.8995457 -1.0788178
v 0.90486133 7.033084 -1.0477849
v -2.0427876 9.072806 -0.7897799
v -1.6292398 9.011594 -1.059896
v -2.1467214 9.496105 -1.1010468
v -4.0103464 0.9604982 2.7288735
v -3.7173939 0.67097497 2.865147
v -3.8027914 1.2652757 2.9987903
v -5.1017594 1.7634125 1.112225
v -4.890032 2.4834816 1.1890688
v -5.347353 2.0197093 0.8575875
v -1.4253731 3.7812934 -0.5604134
v -1.3229525 4.2289224 -0.69599885
v -1.363368 3.6930707 -1.0005608
v -2.7658901 6.355823 -1.8135285
v -2.4322553 6.0764103 -1.7837131
v -2.971771 6.0765085 -1.5418293
v -5.206101 8.212067 -0.17467791
v -5.3441095 8.520035 -0.032652125
v -4.9909763 8.46752 0.47594905
v 3.1472235 4.822943 0.13296819
v 2.9081242 5.4011774 0.10136507
v 2.786489 4.7562437 -0.1481365
v 2.7446125 2.6449127 1.7726505
v 2.6839375 2.2795851 1.9641665
v 2.9302874 2.8562403 2.1185799
v 3.0331125 0.66741246 -2.235078
v 3.5110252 0.7516812 -2.0230188
v 3.0981665 0.74859923 -1.6921484
v 2.6582062 6.259666 0.1125635
v 2.152578 6.400283 0.06689475
v 2.1662602 5.751864 0.06756194
v -3.2862408 6.179099 -1.0438557
v -3.2449985 6.2835784 -0.12944841
v -3.5918546 6.319643 -0.5788853
v -3.1978848 0.13743907 0.4076332
v -3.8497329 0.08003594 0.5200914
v -3.519256 0.10700469 0.17712969
v -2.5678844 1.683125 2.2481093
v -2.7831993 1.4326078 2.4782453
v -2.350964 1.3802031 2.2206483
v -2.5678844 1.683125 2.2481093
v -2.9904718 1.9376681 1.903568
v -2.7831993 1.4326078 2.4782453
v 3.2598188 6.775709 -0.30553025
v 3.1667018 6.383359 0.022543969
v 3.7596564 6.422672 -0.22688025
v 1.6925125 2.805675 -1.4905307
v 2.0857344 3.225472 -1.6732181
v -5.473343 8.073836 0.4614415
v -4.972192 7.7662725 0.7439234
v 3.4475367 2.0906863 1.6660837
v 3.161278 2.0502288 1.2439308
v 3.3171854 2.4148932 1.4382555
v -4.7315006 8.341616 0.0039955303
v -4.4240236 8.397721 0.25054026
v -4.3704953 8.644603 -0.20410526
v -1.957428 4.683825 -0.440449
v -1.6877942 4.8236284 -0.71181476
v -1.7561905 5.187228 -0.27852714
v 2.4319189 2.3804812 0.17264375
v 2.833666 2.2368207 0.19479802
v 3.3964753 0.22651437 0.23909883
v 3.4675875 0.1807375 0.730725
v -4.7890186 3.8460798 0.7680932
v -4.3353376 3.71155 1.0005884
v -4.4164248 4.060606 0.8436635
v -0.8525261 0.30100077 0.871109
v -0.3916502 0.365025 1.3424525
v -1.1501954 0.035421878 1.145014
v -5.3075466 2.5722718 0.8538562
v -5.5062313 2.6344223 0.4850509
v -5.540406 1.9395049 0.38879022
v -3.2212374 8.810675 -0.50489277
v -3.6078467 8.788936 -0.59644747
v -3.2283874 8.708497 0.0076228715
v -3.3506439 1.7137375 -2.1558733
v -2.9796157 1.5663438 -2.1223874
v -3.2680807 1.206175 -2.1206772
v 1.4739149 0.3530086 1.8275797
v 1.6318109 0.3746578 1.2742265
v 1.9086032 0.23961875 1.7004843
v 0.9577767 0.33141446 1.7703807
v 1.1014565 0.463378 1.0743088
v 1.6318109 0.3746578 1.2742265
v -5.036249 7.3012934 -0.5739266
v -5.4594097 7.4717903 -0.15249632
v -5.6587324 7.547503 -0.4859342
v 4.4740276 3.4062324 -0.51559764
v 4.206422 3.2155406 -0.77959293
v 4.4500313 3.6742094 -0.91223025
v -3.2463312 0.064475 -0.7294594
v -3.2006187 0.33608752 -1.3842195
v -2.8247867 0.13711211 -1.1794641
v -3.301117 8.001734 -1.7837206
v -3.602334 7.481188 -1.5877658
v -3.6891875 8.096251 -1.5513365
v 0.76628906 6.2579403 -0.062599
v 0.57423127 5.928306 0.045851
v 0.9107088 5.3873715 0.18970276
v -0.90713155 2.2251263 -1.9357972
v -0.7503867 2.6842215 -1.906424
v -0.29470003 2.2904437 -1.8272531
v 1.2519531 1.2741843 -0.9270156
v 1.2775126 1.7542126 -1.0626438
v 1.3985391 1.4300922 -1.4062359
v 1.2519531 1.2741843 -0.9270156
v 1.2438085 1.53798 -0.6043675
v 1.2775126 1.7542126 -1.0626438
v -2.4332561 4.041725 -0.2047498
v -2.1223233 3.9831517 -0.65123165
v -2.0971327 4.346642 -0.50347006
v -4.8080864 1.056275 -1.4323187
v -4.7117596 1.105573 -1.7853688
v -5.2711086 1.0445817 -1.6060412
v 2.2843344 6.02478 -2.100624
v 1.7960827 6.44776 -2.06532
v 2.205521 6.6468453 -1.9759624
v -1.5584733 3.1451697 -0.14422938
v -1.3732829 3.1108422 0.27823794
v -1.2691774 3.5309 -0.116527855
v -4.167777 6.855895 0.43812364
v -4.7695627 6.2820625 1.1992741
v -3.8312893 6.6399813 0.9490948
v 3.7223525 1.7536333 -0.27534765
v 3.7042649 2.336792 -0.5365317
v 3.5062232 2.511168 -0.19270027
v -3.9560807 2.216093 1.4902449
v -4.272114 1.9524641 1.4224298
v -4.0672855 8.047034 0.7479198
v -4.5022 8.036394 0.9859073
v -2.6219015 3.6113687 -0.12568493
v -2.840875 3.673753 0.38455412
v 3.9048703 1.4576046 -0.6018406
v 4.0563126 1.4503485 -1.0684531
v 3.629121 1.9565389 -1.0692915
v 3.9048703 1.4576046 -0.6018406
v 4.3010874 1.1606157 -0.49845755
v 4.0563126 1.4503485 -1.0684531
v -2.3372984 2.5482516 -0.97240776
v -2.0178657 2.875661 -0.7797608
v -1.8917828 2.6889281 -1.2550201
v -2.2704735 2.490778 1.0140812
v -1.9117843 2.6019 0.7844875
v -2.278275 2.7976906 0.46481878
v -3.1404433 7.227474 0.36492035
v -3.5966535 6.9335814 0.72799706
v -3.1537938 6.750094 0.73130095
v -0.4894344 1.9181063 1.1322813
v -0.2596203 2.7192793 0.65851426
v -0.8296037 2.2977593 1.014307
v 3.3533921 3.114272 0.03486334
v 3.1499062 4.182622 0.18011194
v 2.887675 3.561531 0.1205635
v 5.2874413 2.0182812 0.34269065
v 5.0863924 1.5183446 0.33855432
v 4.888139 2.0302813 0.50320387
v 2.9954967 7.0400667 -1.484206
v 3.0245633 7.355448 -1.0525728
v 3.4459624 7.0390854 -1.2697427
v 4.9752293 0.19278556 0.5020449
v 4.6837893 0.09632343 1.2993188
v 4.531025 0.044606254 0.70125
v 5.6509695 4.9463196 -0.5780875
v 6.095254 5.0183973 -0.48657203
v 5.862975 5.3439503 -0.38084275
v -6.000518 6.56628 -0.0036563706
v -6.678303 6.329886 0.33654082
v -6.3789053 6.7692795 0.37262392
v -5.347353 2.0197093 0.8575875
v -5.4356594 1.6054485 0.60746133
v -5.0891724 1.308725 1.0072469
v 2.7846093 7.173181 -0.812649
v 3.0245633 7.355448 -1.0525728
v 2.5189388 7.3868513 -1.0853457
v 3.9130156 3.626597 -1.8029021
v 3.532175 3.7793646 -2.0018983
v 4.084897 4.156541 -1.8407959
v -4.9042034 1.1540186 -0.9945016
v -5.2711086 1.0445817 -1.6060412
v -5.192147 0.90937984 -0.95795256
v 2.0149312 3.5553288 -0.96488696
v 2.4348128 4.2704372 -1.0241601
v 2.4040937 4.0309687 -1.3356864
v -1.7110344 6.2136216 -0.048750564
v -1.3548727 6.1893888 -0.40741345
v -1.2285845 6.5760016 -0.032771476
v 2.9954967 7.0400667 -1.484206
v 2.5189388 7.3868513 -1.0853457
v 3.0245633 7.355448 -1.0525728
v -2.9490187 4.034006 0.6310135
v -2.840875 3.673753 0.38455412
v -2.6271095 4.166166 0.25474787
v 3.5062232 2.511168 -0.19270027
v 3.3594651 1.9000571 0.10881522
v 3.7223525 1.7536333 -0.27534765
v 2.0384812 0.76952344 1.5092001
v 2.3435328 1.134777 1.7126957
v 2.279184 1.0136874 1.2498472
v 2.3581908 0.7357922 1.8256515
v 2.3435328 1.134777 1.7126957
v -3.8729458 0.21665391 2.565437
v -4.1821003 0.34394997 2.1591501
v -3.8436313 0.06416251 2.186172
v -1.0806813 4.0919623 -0.3230365
v -0.9177594 4.4461765 -0.32585993
v -1.3229525 4.2289224 -0.69599885
v -1.5404781 5.7377596 -0.299899
v -1.8582687 5.8366218 0.011416625
v -1.7561905 5.187228 -0.27852714
v 0.113635935 1.418153 -0.008301564
v -0.4028124 0.6885214 -0.57161427
v 0.048279688 1.2176235 -0.40062815
v -0.45879063 0.509175 0.94975317
v -0.8525261 0.30100077 0.871109
v -0.5430301 0.82565 0.5829269
v -0.91067183 3.8564968 0.13849476
v -0.8105969 4.2037563 0.052951
v -1.0806813 4.0919623 -0.3230365
v -0.770339 3.5051312 0.40208536
v -0.34241796 3.7466393 0.4499721
v -0.91067183 3.8564968 0.13849476
v -4.6980057 7.7942953 1.3024467
v -4.409166 7.55682 0.93890333
v -4.0612555 7.8431234 1.0899783
v -3.1447978 4.053466 -1.3004599
v -2.5087123 3.9275098 -0.9354042
v -3.058775 3.5180626 -1.0713708
v -4.272114 1.9524641 1.4224298
v -4.6211224 1.7340305 1.330518
v -4.30877 1.5877469 1.5521406
v -5.1349206 7.583168 -0.79879314
v -5.036249 7.3012934 -0.5739266
v -5.6587324 7.547503 -0.4859342
v 3.8779438 4.918288 -1.9806927
v 3.4478 4.8901377 -2.0402708
v -5.5985355 8.045653 1.0676792
v -5.838808 8.4716215 0.8736256
v -5.473343 8.073836 0.4614415
v 0.9668594 4.247973 -1.8295825
v 1.5209156 4.788435 -1.6811272
v 1.3246658 4.3014274 -1.4346616
v 3.283743 5.796217 0.15921
v 3.6497788 5.1980305 0.17614865
v 3.7122877 5.6945686 0.1099135
v 3.6332002 0.039743748 -0.5798688
v 3.7218156 0.04963594 -0.1930328
v 3.1707594 0.10137891 -0.39963126
v -4.3162093 0.37703127 -0.87285626
v -3.7011719 0.15270782 -0.83031714
v -3.9417877 0.07166563 -0.4116844
v 1.7440947 4.720845 -0.91986203
v 2.16437 4.8908176 -0.91364056
v 1.8598251 4.933256 -0.6018115
v -4.879632 0.5341699 -0.877
v -5.1399126 0.9219813 -0.52358127
v -5.192147 0.90937984 -0.95795256
v 2.7139492 0.6048026 1.4568985
v 2.70587 0.9878733 1.880041
v 2.6858811 0.38021547 1.8248711
v -4.3950486 4.201495 -1.0339615
v -4.317649 4.739211 -0.7789975
v -3.7940946 4.814521 -1.1830865
v -4.0103464 0.9604982 2.7288735
v -3.8177714 1.4126472 2.4204597
v -4.1038504 1.1738813 2.304275
v 1.5764251 1.6613032 -1.7172469
v 1.8952776 1.1145328 -1.7827773
v 1.3985391 1.4300922 -1.4062359
v -4.9410844 6.046672 -0.050240412
v -5.3849936 6.1028757 -0.36111936
v -5.0032396 6.0874066 -0.52983624
v -0.71795 0.3918625 -0.8203625
v -0.6739219 0.29997188 -0.35320938
v -1.7509999 0.94685 -2.3570533
v -1.9595312 1.2691755 -2.0577502
v -1.2781026 1.2398783 -2.2014008
v -1.2285845 6.5760016 -0.032771476
v -1.1178422 6.996726 0.011100024
v -1.552911 6.9578266 0.20765099
v 1.1894398 0.57094055 0.68860567
v 1.6318109 0.3746578 1.2742265
v 1.1014565 0.463378 1.0743088
v -3.8809748 0.5182209 -1.2021841
v -4.2013736 0.62762034 -1.4025766
v 1.7440947 4.720845 -0.91986203
v 1.4385203 4.5986767 -0.46930367
v 1.4408171 4.371077 -0.846797
v 5.108138 5.1580806 -0.45638737
v 4.9516535 5.6756654 -0.8647374
v 4.466251 5.7185926 -0.48628262
v -4.5508003 2.39915 -1.7214625
v -4.1230187 2.725247 -1.7578278
v -4.155675 2.386722 -1.963078
v 3.161278 2.0502288 1.2439308
v 3.0126266 1.6215932 1.0513407
v 2.8454862 2.1144066 0.89748245
v 0.3073969 4.5822372 0.31254163
v -0.15756875 4.9978485 0.14944944
v -0.33353594 4.65911 0.14780647
v 3.774743 1.8007166 0.18351796
v 4.273694 1.6982405 0.36216873
v 4.0825396 1.4797711 -0.04799453
v -3.863225 0.0448 -0.0415
v -3.5652251 0.063912496 -0.31451875
v -3.519256 0.10700469 0.17712969
v -2.1001008 8.608427 -1.3678647
v -1.5665176 8.640684 -1.0606852
v -1.7929652 8.328479 -0.98903847
v 4.7465186 4.22865 -0.88626075
v 4.824074 3.8452747 -0.5173104
v 4.4500313 3.6742094 -0.91223025
v -5.3075466 2.5722718 0.8538562
v -5.2618265 3.0300312 0.7347503
v -5.5062313 2.6344223 0.4850509
v -2.4889886 3.422819 -0.52650106
v -2.4332561 4.041725 -0.2047498
v -2.6219015 3.6113687 -0.12568493
v -3.8913126 0.5996562 -1.6489625
v -3.455125 0.413825 -1.73815
v -3.8809748 0.5182209 -1.2021841
v -3.5244126 0.5619109 -2.0961702
v -3.455125 0.413825 -1.73815
v -3.3804708 5.7518005 -0.15348807
v -3.2449985 6.2835784 -0.12944841
v -3.3853064 5.90903 -0.64007634
v 0.169 5.2406735 -1.9328467
v 0.41442108 4.8066225 -2.045424
v -0.08797891 4.5484915 -1.9584193
v -3.1611075 6.3765845 0.8097081
v -3.748276 6.325036 0.79673636
v -3.57162 6.4017916 0.37900344
v 2.4795732 4.6493225 -0.91575176
v 2.4348128 4.2704372 -1.0241601
v 2.482131 4.2699757 -0.5443486
v -5.9848595 7.0394034 0.8534373
v -6.4125123 7.0348835 0.75147283
v -6.236452 6.9583173 1.1722682
v -2.0444868 0.19626483 -0.0408875
v -2.475669 0.12824102 -0.6413738
v -1.5173312 0.07947344 -0.15256095
v -4.054475 7.8751907 -1.375188
v -4.3553157 8.140408 -1.1114408
v -3.980639 8.410553 -1.2452404
v -5.844639 7.9192686 0.17976186
v -5.3349123 7.7916937 0.041582245
v 3.7490172 2.8246708 -0.29676315
v 3.7042649 2.336792 -0.5365317
v 3.8993351 2.818812 -0.7860043
v -4.6217356 0.95634687 1.2015359
v -4.8522844 0.6346781 0.79704374
v -4.0550194 0.270025 0.9412273
v -4.8522844 0.6346781 0.79704374
v -4.926519 0.93183744 0.9908625
v -5.030219 0.6507 0.4716375
v -4.491268 7.6479936 0.29097265
v -4.438613 7.4735518 -0.44472635
v -4.036254 7.5442038 0.15599445
v 1.5588989 5.8251634 0.12838225
v 1.4568689 6.421825 0.009310376
v 1.1791844 6.159153 0.059047878
v 1.5588989 5.8251634 0.12838225
v 2.1662602 5.751864 0.06756194
v 1.7808218 6.235828 0.09406975
v 3.7042649 2.336792 -0.5365317
v 3.5646 2.3869624 -1.114075
v 3.8993351 2.818812 -0.7860043
v -1.5173312 0.07947344 -0.15256095
v -1.0397125 0.077700004 -0.1939
v -1.2863874 0.072225004 0.34828985
v -0.8206875 4.0979567 -1.5669928
v -1.06585 3.67275 -1.4972802
v -1.1140624 3.9702125 -1.1811928
v 4.300071 4.0068474 -0.19874352
v 4.1317096 4.380653 0.046791628
v 3.6652381 3.8057387 0.10810842
v 1.3725731 0.90743464 0.57743996
v 1.8521168 0.5790777 0.40706915
v 1.1894398 0.57094055 0.68860567
v 0.9044981 3.210982 -1.1691765
v 0.75752145 2.8508263 -1.164452
v 0.3551875 3.1144013 -1.801764
v -0.75204104 4.797733 -1.2134867
v -0.9935742 4.6712813 -0.909938
v 5.9560843 3.6480455 -0.12476775
v 5.7157373 3.8246531 -0.4537412
v 5.7546844 4.2983093 -0.47791463
v 6.0978785 2.856783 0.31419536
v 6.1728935 2.775347 0.87203777
v 6.1480875 2.5249188 0.55688125
v -1.3229525 4.2289224 -0.69599885
v -1.1140624 3.9702125 -1.1811928
v -1.363368 3.6930707 -1.0005608
v 1.3669688 0.647125 2.0198689
v 1.0803149 0.4493078 2.101711
v 1.4739149 0.3530086 1.8275797
v 1.3669688 0.647125 2.0198689
v 1.5490407 0.7560843 1.7080368
v 1.0265872 0.71740055 1.8464544
v 3.0245633 7.355448 -1.0525728
v 3.6356912 7.072523 -0.95411646
v 2.5276065 0.09085 0.7566625
v 2.9561756 0.15388331 0.50827706
v 3.0610015 0.15968907 1.2337251
v 4.41228 1.2906914 2.0219288
v 4.774069 1.2669251 2.065431
v 4.9432297 1.888632 1.9298368
v 4.1974373 0.78068906 2.000825
v 4.7042317 0.72266364 1.9924263
v 4.41228 1.2906914 2.0219288
v 1.7436724 7.286942 -1.0669029
v 1.5715758 7.0448327 -1.4799075
v 1.2671143 7.2951517 -1.1573118
v 2.1860297 3.6401327 -0.5018977
v 2.4348128 4.2704372 -1.0241601
v 2.0149312 3.5553288 -0.96488696
v 4.6389155 4.294874 -0.34512743
v 4.1317096 4.380653 0.046791628
v 4.300071 4.0068474 -0.19874352
v -3.159586 8.271411 0.54665804
v -3.5965276 8.095118 0.66139007
v -3.3266845 7.7150526 0.84762603
v -0.59182954 1.4006062 1.5012469
v -1.119493 1.0260656 1.6999261
v -0.6252648 1.0502578 1.7060422
v -2.733406 7.8512454 0.533744
v -3.1404433 7.227474 0.36492035
v -2.4801404 7.5281 0.45725277
v -3.2858124 1.1584113 2.7728157
v -2.9224858 0.7478156 2.6641827
v -2.5509615 0.84370077 2.3469224
v -1.3180337 7.5746727 -1.018728
v -1.5950344 8.043108 -0.8028349
v -1.1923354 7.7125654 -0.54277873
v 1.3725731 0.90743464 0.57743996
v 1.8524121 0.96184385 1.0751758
v 1.558736 1.3336031 0.7615657
v 1.3725731 0.90743464 0.57743996
v 1.558736 1.3336031 0.7615657
v 1.4830449 1.1309965 0.30562305
v -4.261079 1.0307093 1.5584667
v -4.2251062 0.9116187 1.9776499
v -4.040105 1.422682 1.8783414
v 3.3594651 1.9000571 0.10881522
v 2.833666 2.2368207 0.19479802
v 2.838976 1.920318 0.48265937
v 0.113635935 1.418153 -0.008301564
v -0.19955157 1.3308187 0.41619533
v -4.409166 7.55682 0.93890333
v -4.083556 7.4660378 0.69314474
v -3.5520859 7.427058 0.7586291
v 4.1573415 3.0809345 -0.43224126
v 4.4740276 3.4062324 -0.51559764
v 4.1761065 3.5299296 -0.30935055
v -2.475669 0.12824102 -0.6413738
v -2.8049831 0.20727226 -0.21067423
v -3.2463312 0.064475 -0.7294594
v -5.1115165 6.6978683 1.2335476
v -4.8212514 6.7033253 0.7739444
v -5.344117 6.745613 0.9545066
v 5.6720514 4.444386 -0.01958025
v 5.351528 4.2412186 0.3182885
v 5.8408003 4.0513344 0.24526194
v -3.5051508 8.61714 0.26704475
v -3.159586 8.271411 0.54665804
v -3.2283874 8.708497 0.0076228715
v 3.758097 0.26017657 -0.8428781
v 3.6332002 0.039743748 -0.5798688
v 3.3311305 0.12239453 -0.89843905
v 0.22262812 1.7144282 -1.0169344
v 0.3398043 1.8678851 -0.2070797
v 0.04280625 1.3679812 -0.91760623
v -1.1391109 0.804775 -2.1449451
v -1.394639 0.96819687 -2.4396782
v -1.2781026 1.2398783 -2.2014008
v 0.4560094 3.4871202 -1.8971303
v 0.3551875 3.1144013 -1.801764
v -0.06901094 3.553222 -2.0019991
v -5.274545 0.9111062 0.2106625
v -5.250922 1.0481812 0.59585
v -5.501476 1.4469148 0.10873203
v -3.159586 8.271411 0.54665804
v -2.733406 7.8512454 0.533744
v -2.735168 8.430062 0.3379268
v -0.21857499 1.3643374 -1.3011124
v 0.04280625 1.3679812 -0.91760623
v -0.2095875 0.9952 -0.859125
v 0.32423127 6.2172184 -0.3348365
v -0.004737502 5.9384623 -0.401924
v 5.603841 4.700494 -0.2729115
v 5.2455297 4.546561 0.04878303
v 5.6720514 4.444386 -0.01958025
v -3.6078467 8.788936 -0.59644747
v -3.800425 8.63678 -0.9697693
v -3.9719877 8.74977 -0.47923493
v 5.1099186 3.4206157 0.7988198
v 4.8799706 2.670775 0.48909473
v 5.1729097 3.152062 1.1344435
v 5.1099186 3.4206157 0.7988198
v 4.92373 3.1224155 0.22949144
v 4.8799706 2.670775 0.48909473
v 3.8121095 0.4591031 1.8170938
v 4.1311736 0.08392812 1.5620999
v -1.3488938 0.094131246 -1.0610187
v -0.988225 0.29623127 -1.0401312
v 5.9549923 2.135678 0.42309684
v 5.9107466 1.6085672 0.754889
v 5.5997357 1.6988297 0.25267968
v -3.8931327 4.6062813 0.684808
v -3.7717376 5.0355186 0.41005725
v -4.338997 4.727644 0.33596665
v 6.000514 2.8284283 1.202333
v 6.0880065 2.4589999 1.1849688
v 6.1728935 2.775347 0.87203777
v 2.8610437 6.826094 -1.8064365
v 2.3752737 7.1762295 -1.4107045
v 2.9954967 7.0400667 -1.484206
v -4.054475 7.8751907 -1.375188
v -4.1101613 7.3187447 -1.2619897
v -4.636633 7.4389124 -1.087163
v -5.65336 8.7090645 0.13847014
v -5.257703 8.765278 0.3210854
v -5.3441095 8.520035 -0.032652125
v 2.9255972 2.4464355 1.1414729
v 2.5279937 2.5526218 1.4325187
v 2.8268898 2.9090133 1.4056134
v -3.8012455 0.38200313 1.4052751
v -3.5549436 0.08302499 1.7510625
v -3.9601705 0.2183086 1.793398
v -1.3989593 2.942675 -1.5763687
v -1.3831234 3.2938564 -1.3140384
v -1.0694313 3.2920032 -1.6899713
v 0.9107088 5.3873715 0.18970276
v 0.57423127 5.928306 0.045851
v 0.20455626 5.297453 0.16761664
v -1.475302 6.786642 -2.3466973
v -1.6410328 7.4876375 -1.8121676
v -1.5757234 6.980752 -1.8320053
v -1.475302 6.786642 -2.3466973
v -1.3252039 7.5063305 -2.4322376
v -1.6410328 7.4876375 -1.8121676
v -2.8784716 8.564052 -1.6023214
v -2.6591635 8.771818 -2.083891
v -3.1025548 8.498483 -2.048377
v -2.6609688 4.8266845 0.45736662
v -2.281953 4.602437 0.048318967
v -2.5159328 5.3487763 0.35421664
v -0.29470003 2.2904437 -1.8272531
v 0.20993125 2.4207375 -1.6075765
v -0.063125 1.8660375 -1.5261626
v -1.6645485 0.19428125 1.4375165
v -1.9731985 0.4570336 1.3582485
v -1.7193282 0.17550468 0.8461156
v -1.5584733 3.1451697 -0.14422938
v -1.9866886 3.023022 -0.37352866
v -1.9771641 2.848653 0.12233359
v 4.978826 2.4656 1.6327736
v 5.416581 2.1351376 1.840625
v 5.331544 2.6024032 1.6400048
v 4.035514 6.7587695 -0.9135765
v 3.94512 6.6236744 -1.328524
v 3.4459624 7.0390854 -1.2697427
v -4.2942142 3.2745514 1.1497177
v -4.835203 3.4687407 0.92573065
v -4.3996124 2.7909937 1.2815754
v 4.824074 3.8452747 -0.5173104
v 5.272525 3.590075 -0.44814903
v 4.8989677 3.4743996 -0.12682539
v -3.7011719 0.15270782 -0.83031714
v -3.2006187 0.33608752 -1.3842195
v -3.2463312 0.064475 -0.7294594
v 0.8695281 5.3740444 -2.0887303
v 1.3562984 5.093041 -1.9857475
v 0.7402433 5.034849 -2.0697227
v -1.508525 1.7685734 -1.9332079
v -1.2781026 1.2398783 -2.2014008
v -1.8971837 1.5189462 -1.7622142
v 0.3398043 1.8678851 -0.2070797
v 0.0705875 1.7775126 0.2990375
v 0.113635935 1.418153 -0.008301564
v 0.3398043 1.8678851 -0.2070797
v 0.21327773 2.525605 0.37015116
v 0.0705875 1.7775126 0.2990375
v 3.54935 0.20390156 1.5487562
v 3.6009686 0.89936244 1.8141007
v 3.0975077 0.58932495 1.5130172
v 3.54935 0.20390156 1.5487562
v 3.8121095 0.4591031 1.8170938
v 3.6009686 0.89936244 1.8141007
v 2.4795732 4.6493225 -0.91575176
v 2.2535968 5.052161 -0.51447403
v 2.16437 4.8908176 -0.91364056
v 4.8285933 0.96765625 -0.40777677
v 5.081209 0.58170235 -0.64302576
v 4.7649374 0.62845 -0.97955
v 0.76628906 6.2579403 -0.062599
v 0.5908 6.5033875 -0.44601774
v 0.57423127 5.928306 0.045851
v -3.329018 1.6379852 2.30536
v -2.9904718 1.9376681 1.903568
v 4.92373 3.1224155 0.22949144
v 5.342356 2.760125 0.08292501
v 4.8799706 2.670775 0.48909473
v -3.736042 7.8627634 0.89509714
v -4.0612555 7.8431234 1.0899783
v -3.3266845 7.7150526 0.84762603
v -3.57162 6.4017916 0.37900344
v -3.748276 6.325036 0.79673636
v -4.3003836 6.335699 0.9598602
v 0.5367625 5.5405884 -2.014324
v 0.80403125 5.793544 -2.0386992
v 0.8695281 5.3740444 -2.0887303
v 2.396112 2.207239 1.5485687
v 2.6839375 2.2795851 1.9641665
v 0.41442108 4.8066225 -2.045424
v 0.169 5.2406735 -1.9328467
v -4.040105 1.422682 1.8783414
v -4.2251062 0.9116187 1.9776499
v -4.1038504 1.1738813 2.304275
v -0.15756875 4.9978485 0.14944944
v -0.6820625 4.9714317 -0.41118965
v -0.33353594 4.65911 0.14780647
v 1.6869402 0.6115457 -1.1334023
v 1.523425 0.49027503 -0.61782503
v 1.3926313 0.87819844 -0.4398797
v 3.5110252 0.7516812 -2.0230188
v 3.6898594 0.52050155 -1.5452192
v 3.0981665 0.74859923 -1.6921484
v 2.6582062 6.259666 0.1125635
v 2.843403 6.71565 -0.089173995
v 2.3317966 6.747147 -0.06737088
v -4.036254 7.5442038 0.15599445
v -4.083556 7.4660378 0.69314474
v 4.0411997 5.4560127 0.0510885
v 4.0011597 5.869547 -0.057939626
v 3.7122877 5.6945686 0.1099135
v 4.0411997 5.4560127 0.0510885
v 4.466251 5.7185926 -0.48628262
v 4.0011597 5.869547 -0.057939626
v 4.0411997 5.4560127 0.0510885
v 4.3471947 5.1761856 -0.12998337
v 4.466251 5.7185926 -0.48628262
v 2.7725563 0.18820626 -0.0295875
v 2.125522 0.09038438 0.16492578
v 2.1236038 0.037814062 -0.24161485
v 1.5228698 2.3386512 -0.40296686
v 1.4632864 1.7580487 -0.19346392
v 1.7429297 2.0437436 0.052129686
v 5.7541313 2.8247187 -0.0316875
v 5.3918934 3.121375 -0.1639869
v 5.772091 3.2484264 -0.21547882
v -3.6223564 3.9247937 0.9330697
v -3.2789812 3.953425 0.83687603
v -3.9514494 4.2292414 0.8565799
v -3.6353264 6.9939613 0.26768523
v -4.1400175 6.93626 -0.016963154
v -4.167777 6.855895 0.43812364
v -3.3807797 2.1059783 1.7109468
v -3.7794406 2.5408108 1.52513
v -2.6591635 8.771818 -2.083891
v -2.0972757 8.279659 -1.8747436
v -4.1182685 3.7258 -1.200649
v -3.88235 4.0771246 -1.225649
v -3.5954373 3.6246414 -1.2280772
v -4.1182685 3.7258 -1.200649
v -4.3950486 4.201495 -1.0339615
v -3.88235 4.0771246 -1.225649
v 1.4091835 2.5476086 -0.8938509
v 1.4517124 2.4146123 -1.28065
v 1.318202 2.1134086 -0.63858664
v -4.671178 8.157022 -0.38850367
v -5.1349206 7.583168 -0.79879314
v -5.317091 7.9496827 -0.43883494
v -3.7881498 7.5200768 -0.35583284
v -3.495555 7.455026 0.2157963
v -4.036254 7.5442038 0.15599445
v -2.173825 0.8765984 -2.2784796
v 3.3533921 3.114272 0.03486334
v 3.6652381 3.8057387 0.10810842
v 5.108138 5.1580806 -0.45638737
v 4.466251 5.7185926 -0.48628262
v 4.671172 4.8025265 -0.45529974
v -4.216799 6.2515736 -0.51146436
v -4.4908366 6.1540656 -0.24045837
v -5.0032396 6.0874066 -0.52983624
v -2.7519202 3.1027827 0.44708025
v -2.840875 3.673753 0.38455412
v -3.0800252 3.5648031 0.7789635
v -3.88235 4.0771246 -1.225649
v -3.5138688 4.374094 -1.313185
v -3.5954373 3.6246414 -1.2280772
v -1.3252039 7.5063305 -2.4322376
v -1.8781567 7.4102554 -2.4417105
v -1.9809266 8.054264 -2.399802
v -3.6130219 2.4423203 -1.8806796
v -3.2922626 2.0399563 -2.042978
v -3.8598366 1.8762875 -2.0979538
v 2.4487362 7.0673313 -0.506399
v 2.8295374 6.949584 -0.3673365
v 2.7846093 7.173181 -0.812649
v 2.8295374 6.949584 -0.3673365
v 2.843403 6.71565 -0.089173995
v 0.3398043 1.8678851 -0.2070797
v 0.6286912 2.425272 -0.9003569
v 0.5985117 2.3793542 -0.36058596
v 5.3918934 3.121375 -0.1639869
v 4.8989677 3.4743996 -0.12682539
v 5.272525 3.590075 -0.44814903
v -4.0550194 0.270025 0.9412273
v -3.8497329 0.08003594 0.5200914
v -3.4274035 0.25757265 1.0903833
v -1.2091148 7.0860696 -0.9765202
v -1.1418828 6.627569 -0.96167946
v -1.0346985 6.7710447 -1.3295311
v -3.9417877 0.07166563 -0.4116844
v -3.863225 0.0448 -0.0415
v -3.8497329 0.08003594 0.5200914
v -4.222663 0.090231255 -0.044912502
v -2.971771 6.0765085 -1.5418293
v -3.1325998 5.7897625 -1.3218958
v 2.2868905 3.617136 -1.5662693
v 2.0149312 3.5553288 -0.96488696
v 2.4040937 4.0309687 -1.3356864
v 0.90486133 7.033084 -1.0477849
v 0.5908 6.5033875 -0.44601774
v 0.9581008 6.672575 -0.38229743
v -5.250922 1.0481812 0.59585
v -5.274545 0.9111062 0.2106625
v -5.030219 0.6507 0.4716375
v -3.6078467 8.788936 -0.59644747
v -3.4635863 8.571014 -1.2582486
v -3.800425 8.63678 -0.9697693
v -3.6078467 8.788936 -0.59644747
v -2.9581442 8.727433 -1.0295208
v -3.4635863 8.571014 -1.2582486
v -2.2181318 5.610663 -1.6418889
v -1.6938438 5.424925 -1.4136428
v -2.2678156 5.136985 -1.5633615
v -0.06901094 3.553222 -2.0019991
v 0.3551875 3.1144013 -1.801764
v -0.30355936 3.2087593 -1.985962
v -4.3704953 8.644603 -0.20410526
v -4.671178 8.157022 -0.38850367
v -4.7315006 8.341616 0.0039955303
v 3.611353 1.7968625 -0.6888734
v 3.9048703 1.4576046 -0.6018406
v 3.611353 1.7968625 -0.6888734
v 3.7223525 1.7536333 -0.27534765
v 3.9048703 1.4576046 -0.6018406
v 3.1364813 4.7262783 -1.9544584
v 3.7844694 4.553915 -1.9952646
v 3.5175133 4.2115307 -1.9982622
v 3.1364813 4.7262783 -1.9544584
v 3.4478 4.8901377 -2.0402708
v 3.7844694 4.553915 -1.9952646
v 3.4478 4.8901377 -2.0402708
v 3.8779438 4.918288 -1.9806927
v 3.7844694 4.553915 -1.9952646
v 5.4415503 0.64838123 0.5968375
v 5.198262 0.37043124 0.7959125
v 5.2639937 0.3534 0.3348375
v 2.205521 6.6468453 -1.9759624
v 3.1507568 6.5064054 -1.9222021
v 2.7801235 6.094104 -2.077282
v 1.2026837 3.896603 -0.82347155
v 1.4408171 4.371077 -0.846797
v 1.07925 3.85565 -0.395549
v 5.9107466 1.6085672 0.754889
v 6.607212 6.4484653 -0.13523082
v 6.492184 6.0687246 -0.27781016
v 6.0179567 6.5872455 -0.32609513
v -5.4492064 6.066266 0.62851036
v -5.602342 6.036439 0.19626819
v -4.941706 6.084094 0.6545135
v 5.60105 2.4000816 0.17253983
v 4.8799706 2.670775 0.48909473
v 5.342356 2.760125 0.08292501
v -4.2443247 3.0386062 -1.3152936
v -4.540724 3.4982672 -1.1104977
v -3.9034398 3.2815378 -1.2413255
v -0.6820625 4.9714317 -0.41118965
v -0.35225135 5.4447484 -0.38979083
v -0.79324704 5.300168 -0.8473351
v -3.1447978 4.053466 -1.3004599
v -3.0791647 4.613928 -1.4183803
v -2.545704 4.4342475 -1.3237319
v 4.387336 5.684625 -1.5288584
v 4.4628534 5.291394 -1.5753458
v 4.151409 5.253077 -1.8597958
v 4.387336 5.684625 -1.5288584
v 4.7290606 5.400534 -1.1708302
v 4.4628534 5.291394 -1.5753458
v -3.88235 4.0771246 -1.225649
v -4.3950486 4.201495 -1.0339615
v -3.7940946 4.814521 -1.1830865
v -4.1230187 2.725247 -1.7578278
v -3.6130219 2.4423203 -1.8806796
v -4.155675 2.386722 -1.963078
v -4.9909763 8.46752 0.47594905
v -5.227831 8.620619 0.72304475
v 3.1472235 4.822943 0.13296819
v 3.6497788 5.1980305 0.17614865
v 2.9081242 5.4011774 0.10136507
v -2.8248172 7.7656226 -2.0767741
v -3.137178 7.423512 -1.788608
v -2.7990885 8.321031 -1.9846416
v -3.06105 5.225281 0.44700724
v -2.5159328 5.3487763 0.35421664
v -2.8408625 5.5847125 0.321626
v 5.6097374 0.89928746 1.39725
v 5.83765 1.328325 1.4080719
v 5.673656 1.5036 1.805275
v -5.4658475 2.932022 -0.3941284
v -5.5965815 2.515203 -0.051796876
v -5.529756 2.920103 0.032587655
v 0.048279688 1.2176235 -0.40062815
v 0.04280625 1.3679812 -0.91760623
v 0.3398043 1.8678851 -0.2070797
v -3.5954373 3.6246414 -1.2280772
v -3.1447978 4.053466 -1.3004599
v 2.3435328 1.134777 1.7126957
v 2.3581908 0.7357922 1.8256515
v -5.4594097 7.4717903 -0.15249632
v -5.844639 7.9192686 0.17976186
v -5.9932413 7.98426 -0.35240886
v -1.3119069 5.3306723 -1.0662234
v -1.5247524 5.321854 -0.69330835
v -1.74053 5.027422 -1.2093945
v -3.7940946 4.814521 -1.1830865
v -4.0761395 5.138583 -0.5288974
v -3.5887337 5.5123277 -0.9093951
v 3.2659104 3.3564322 2.1733668
v 2.8344016 3.3411171 1.73855
v 2.9302874 2.8562403 2.1185799
v -2.114183 2.2989454 1.2744781
v -1.9141874 1.88725 1.6300375
v -1.5569892 2.187788 0.99712586
v -5.5985355 8.045653 1.0676792
v -5.4083223 8.174509 1.3420703
v -5.759541 8.530746 1.2743338
v -5.55777 0.6178453 -1.5949726
v -5.170005 0.39927188 -1.3678954
v -5.3859396 0.55018795 -1.0873431
v -3.14395 0.69974995 -2.2662563
v -3.2680807 1.206175 -2.1206772
v -2.87625 1.0344657 -2.1789923
v -1.9875374 2.3793283 -1.5152156
v -1.6085999 2.6440501 -1.5879749
v -1.8381469 2.1088812 -1.7088938
v -3.0800252 3.5648031 0.7789635
v -3.2789812 3.953425 0.83687603
v -3.4052596 3.4211938 1.0282009
v 2.6688633 3.741169 -1.8491163
v 2.4040937 4.0309687 -1.3356864
v 2.7216423 4.4930754 -1.616867
v -0.9935742 4.6712813 -0.909938
v -0.6820625 4.9714317 -0.41118965
v -0.79324704 5.300168 -0.8473351
v -3.1025548 8.498483 -2.048377
v -3.301117 8.001734 -1.7837206
v 0.034567192 5.6480846 -1.6943913
v -0.46053907 5.2033834 -1.3761786
v -0.32880157 5.556493 -1.3130215
v -3.6078467 8.788936 -0.59644747
v -3.9719877 8.74977 -0.47923493
v -3.7582717 8.736025 -0.022982594
v 2.6858811 0.38021547 1.8248711
v 2.3581908 0.7357922 1.8256515
v 2.3640842 0.21936798 1.6140976
v 4.7042317 0.72266364 1.9924263
v 4.1974373 0.78068906 2.000825
v 4.3317814 0.35626876 1.8232062
v -3.5244126 0.5619109 -2.0961702
v -2.9888437 0.349 -2.243175
v -2.9349718 0.19509688 -1.822825
v -0.9935742 4.6712813 -0.909938
v -0.6820625 4.9714317 -0.41118965
v -0.6820625 4.9714317 -0.41118965
v -0.9177594 4.4461765 -0.32585993
v -0.33353594 4.65911 0.14780647
v 1.0118273 4.772974 0.09942131
v 0.3073969 4.5822372 0.31254163
v 0.89615464 4.2773795 0.05524163
v 4.6218224 6.040552 -1.0140828
v 4.387336 5.684625 -1.5288584
v 4.1712227 6.213351 -1.4716892
v 2.0051563 2.1983626 0.975125
v 1.6426812 1.8073469 0.7391875
v 1.8745422 1.7021985 1.160675
v 3.948121 1.7849085 0.6421063
v 4.0539384 1.7571914 1.2692394
v 4.519432 2.0872192 0.6982243
v -1.1697412 1.4786463 1.194941
v -0.59182954 1.4006062 1.5012469
v -0.84720314 1.8180422 1.2185953
v -1.9875374 2.3793283 -1.5152156
v -2.3372984 2.5482516 -0.97240776
v -1.8917828 2.6889281 -1.2550201
v -0.84720314 1.8180422 1.2185953
v -0.59182954 1.4006062 1.5012469
v -0.4894344 1.9181063 1.1322813
v -2.9904718 1.9376681 1.903568
v -2.5678844 1.683125 2.2481093
v -2.4679039 1.7332782 1.8823305
v -1.7509999 0.94685 -2.3570533
v -1.7200683 0.4876721 -2.480278
v -2.173825 0.8765984 -2.2784796
v -2.557847 1.3079438 -2.0684767
v -2.8402324 1.8782976 -1.8230708
v -5.183936 6.7957754 0.41880906
v -5.4189515 6.6106596 -0.12053695
v -5.5703144 6.7064266 0.27017578
v 0.7284633 2.7860484 -0.32222322
v 0.17800547 3.1154344 0.43675292
v 0.21327773 2.525605 0.37015116
v 0.59015 3.1487436 0.104994506
v 0.17800547 3.1154344 0.43675292
v -1.4318652 6.590875 -1.5584182
v -1.5757234 6.980752 -1.8320053
v -2.350964 1.3802031 2.2206483
v -2.5509615 0.84370077 2.3469224
v -2.1950605 0.8678531 2.011035
v -2.9878683 0.21252656 2.5028536
v -3.411325 0.0760375 2.4398625
v -3.1089478 0.2881375 1.6509602
v -1.6085999 2.6440501 -1.5879749
v -1.3989593 2.942675 -1.5763687
v -1.1735988 2.6238925 -1.9222609
v -2.126299 6.985015 -2.3088274
v -2.8712413 6.968483 -1.8523494
v -1.2775687 0.050381247 1.6831343
v -0.9734953 0.17311953 2.0548203
v -1.7108847 0.60167927 2.0145628
v -1.74053 5.027422 -1.2093945
v -1.5247524 5.321854 -0.69330835
v -1.6877942 4.8236284 -0.71181476
v 5.0863924 1.5183446 0.33855432
v 4.6997824 1.4344704 0.27842927
v 4.888139 2.0302813 0.50320387
v 3.6088 2.8220828 -1.6451561
v 4.1540813 3.400639 -1.3196445
v 3.9324594 2.9846938 -1.1554216
v 4.6389155 4.294874 -0.34512743
v 4.824074 3.8452747 -0.5173104
v 4.958024 4.484403 -0.16119978
v 1.5798141 4.5878034 -1.37551
v 1.4408171 4.371077 -0.846797
v 1.3246658 4.3014274 -1.4346616
v 1.5228698 2.3386512 -0.40296686
v 1.7818849 3.0012097 -0.5254085
v 1.4091835 2.5476086 -0.8938509
v -5.1017594 1.7634125 1.112225
v -5.0891724 1.308725 1.0072469
v -4.6211224 1.7340305 1.330518
v -2.528503 0.088726565 -2.1655757
v -1.7200683 0.4876721 -2.480278
v -2.1646109 0.06395508 -1.735279
v -1.6877942 4.8236284 -0.71181476
v -1.5247524 5.321854 -0.69330835
v -1.7561905 5.187228 -0.27852714
v 2.482131 4.2699757 -0.5443486
v 2.883844 4.40961 0.032822877
v 2.786489 4.7562437 -0.1481365
v -3.137178 7.423512 -1.788608
v -2.8248172 7.7656226 -2.0767741
v -2.616509 7.273752 -2.1145823
v -1.9621547 6.0964165 -1.7328444
v -2.2181318 5.610663 -1.6418889
v -2.4322553 6.0764103 -1.7837131
v 2.5189388 7.3868513 -1.0853457
v 2.9954967 7.0400667 -1.484206
v 2.3752737 7.1762295 -1.4107045
v 5.198262 0.37043124 0.7959125
v 5.3563747 0.5604625 1.3396937
v 4.888139 2.0302813 0.50320387
v 4.519432 2.0872192 0.6982243
v 4.8799706 2.670775 0.48909473
v -2.397225 9.073376 -0.6838738
v -2.1257613 8.637257 -0.59754676
v -2.0427876 9.072806 -0.7897799
v -1.9141874 1.88725 1.6300375
v -2.114183 2.2989454 1.2744781
v -2.3333745 2.0372171 1.7414234
v -3.6353264 6.9939613 0.26768523
v -4.167777 6.855895 0.43812364
v -3.5966535 6.9335814 0.72799706
v 5.7104807 5.385478 -0.98601717
v 5.128565 5.343788 -0.99342954
v 5.4326563 5.856512 -0.94486153
v -5.250855 3.7243795 -0.04710994
v -5.094461 3.9289188 -0.37412557
v -5.314622 3.371953 -0.4432271
v 0.9668594 4.247973 -1.8295825
v 1.3246658 4.3014274 -1.4346616
v 0.9745015 3.747914 -1.493135
v 1.5764251 1.6613032 -1.7172469
v 1.2775126 1.7542126 -1.0626438
v 1.4517124 2.4146123 -1.28065
v 0.9745015 3.747914 -1.493135
v 1.0891485 3.562684 -0.9868697
v 0.76126254 3.36575 -1.5493369
v 3.5062232 2.511168 -0.19270027
v 3.2188501 2.3343248 -0.02795
v 3.3594651 1.9000571 0.10881522
v 3.6009686 0.89936244 1.8141007
v 4.012105 1.1621406 1.9389329
v 3.8019292 1.3884861 1.7165821
v -0.3810719 4.197954 0.31899083
v 0.552932 4.016993 0.28011584
v 0.3073969 4.5822372 0.31254163
v 5.7096853 2.508645 1.5971141
v 5.416581 2.1351376 1.840625
v 5.6939 1.8715688 1.7928095
v -4.262651 7.147469 -0.9751209
v -4.438613 7.4735518 -0.44472635
v -4.6604843 7.1493797 -0.87824273
v 3.94512 6.6236744 -1.328524
v 3.4318905 6.8117065 -1.5492709
v 3.4459624 7.0390854 -1.2697427
v 0.6963125 3.5353374 0.075732246
v 0.85652816 3.2089095 -0.2817245
v 0.88128746 3.8360875 -0.075348996
v -1.0293 2.7805874 0.6742532
v -0.8296037 2.2977593 1.014307
v -0.6886328 2.7088861 0.7909891
v -0.3810719 4.197954 0.31899083
v -0.91067183 3.8564968 0.13849476
v -0.34241796 3.7466393 0.4499721
v -4.9042034 1.1540186 -0.9945016
v -4.960244 1.8852386 -1.0662527
v -4.5532546 1.2806141 -1.199028
v -4.9042034 1.1540186 -0.9945016
v -5.1399126 0.9219813 -0.52358127
v -4.960244 1.8852386 -1.0662527
v 2.9954967 7.0400667 -1.484206
v 3.4318905 6.8117065 -1.5492709
v 3.1507568 6.5064054 -1.9222021
v 3.1507568 6.5064054 -1.9222021
v 2.8610437 6.826094 -1.8064365
v -2.3095765 7.363394 -2.2756724
v -2.126299 6.985015 -2.3088274
v -2.616509 7.273752 -2.1145823
v -3.2931468 4.8749437 0.5962697
v -2.6609688 4.8266845 0.45736662
v -3.06105 5.225281 0.44700724
v -4.844185 4.1261406 0.48353538
v -4.734454 4.4878864 -0.026902907
v -5.0438747 4.0557003 0.052313503
v 3.2659104 3.3564322 2.1733668
v 2.9302874 2.8562403 2.1185799
v 2.5157812 0.25399062 -1.3385062
v 1.6869402 0.6115457 -1.1334023
v -4.7117596 1.105573 -1.7853688
v -5.02191 0.9385871 -2.1424527
v -5.2711086 1.0445817 -1.6060412
v 4.8772454 2.7290375 1.1267189
v 5.1729097 3.152062 1.1344435
v 4.8799706 2.670775 0.48909473
v -4.317649 4.739211 -0.7789975
v -4.3950486 4.201495 -1.0339615
v -4.834061 4.146497 -0.6587912
v 4.958024 4.484403 -0.16119978
v 4.824074 3.8452747 -0.5173104
v 5.005867 3.8006961 0.2791973
v 3.0350676 4.534908 0.9712028
v 3.1340556 4.1505823 1.2140322
v 2.909807 4.2109504 0.86042154
v -4.636633 7.4389124 -1.087163
v -4.1101613 7.3187447 -1.2619897
v -4.262651 7.147469 -0.9751209
v 5.7096853 2.508645 1.5971141
v 6.000514 2.8284283 1.202333
v 5.331544 2.6024032 1.6400048
v -1.2691774 3.5309 -0.116527855
v -1.0806813 4.0919623 -0.3230365
v -1.4253731 3.7812934 -0.5604134
v -3.924321 1.4637406 -1.9538465
v -3.3506439 1.7137375 -2.1558733
v -3.605739 1.1258937 -2.0218859
v 3.0201707 1.3171848 2.0006258
v 3.284887 1.6577837 1.6092681
v 3.384069 1.8140688 2.0292375
v 2.7725563 0.18820626 -0.0295875
v 2.6889281 0.115606256 -0.47708124
v 3.1707594 0.10137891 -0.39963126
v 2.7725563 0.18820626 -0.0295875
v 2.1236038 0.037814062 -0.24161485
v 2.6889281 0.115606256 -0.47708124
v 2.045206 2.267993 0.12344336
v 1.7429297 2.0437436 0.052129686
v 1.7541149 2.046861 0.47733048
v 0.7284633 2.7860484 -0.32222322
v 0.474475 2.408925 0.013900001
v 0.5985117 2.3793542 -0.36058596
v 0.7284633 2.7860484 -0.32222322
v 0.21327773 2.525605 0.37015116
v 0.474475 2.408925 0.013900001
v -0.30355936 3.2087593 -1.985962
v -0.081139855 2.6865368 -1.8629465
v -0.7503867 2.6842215 -1.906424
v 5.505168 5.7432737 -0.30922702
v 5.3869314 6.2718105 -0.26383758
v 5.315878 6.1302295 -0.69463414
v 2.9999926 1.5611615 -2.0774693
v 3.5733688 1.8446751 -1.8506125
v 3.4016922 1.4509485 -2.0282764
v 4.4628534 5.291394 -1.5753458
v 4.7290606 5.400534 -1.1708302
v 1.5924637 5.322712 -0.006595485
v 2.4864283 5.2636266 -0.17833847
v 2.1662602 5.751864 0.06756194
v 1.5924637 5.322712 -0.006595485
v 2.2535968 5.052161 -0.51447403
v 2.4864283 5.2636266 -0.17833847
v 6.000514 2.8284283 1.202333
v 6.0880065 2.4589999 1.1849688
v 4.206422 3.2155406 -0.77959293
v 4.1573415 3.0809345 -0.43224126
v 3.8993351 2.818812 -0.7860043
v -1.515889 7.7921352 -2.162959
v -1.3252039 7.5063305 -2.4322376
v -1.638542 8.157512 -2.3888912
v 1.4568689 6.421825 0.009310376
v 2.152578 6.400283 0.06689475
v 1.8274204 6.823625 -0.18234277
v -3.4274035 0.25757265 1.0903833
v -3.5549436 0.08302499 1.7510625
v -3.8012455 0.38200313 1.4052751
v 0.9349177 3.1435866 -0.79274994
v 0.6286912 2.425272 -0.9003569
v 0.75752145 2.8508263 -1.164452
v -3.7509093 3.3272376 1.1442646
v -4.3353376 3.71155 1.0005884
v -4.2942142 3.2745514 1.1497177
v -3.7509093 3.3272376 1.1442646
v -3.9514494 4.2292414 0.8565799
v -4.3353376 3.71155 1.0005884
v -0.6739219 0.29997188 -0.35320938
v -0.80828047 0.2921125 0.26283205
v -1.0694313 3.2920032 -1.6899713
v -1.3831234 3.2938564 -1.3140384
v -3.0024624 2.8470328 1.3500956
v -2.6270814 2.665094 1.1477687
v -2.895465 2.9723182 0.9175745
v -2.6408372 2.5214267 1.5547299
v -2.6219015 3.6113687 -0.12568493
v -2.6440437 3.0845718 0.06446312
v -2.4889886 3.422819 -0.52650106
v -3.980639 8.410553 -1.2452404
v -4.2859983 8.600487 -0.64582443
v -3.800425 8.63678 -0.9697693
v -2.3793154 7.9055586 -2.2720132
v -2.8248172 7.7656226 -2.0767741
v -2.7990885 8.321031 -1.9846416
v 5.2449875 0.9976703 -0.16194844
v 5.434633 0.50804687 -0.13485469
v 4.8285933 0.96765625 -0.40777677
v -1.2660875 0.23568204 0.71748126
v -0.80828047 0.2921125 0.26283205
v -0.8525261 0.30100077 0.871109
v -0.75204104 4.797733 -1.2134867
v -0.36118752 4.917219 -1.6848865
v -0.53115153 4.2783804 -1.788913
v -0.75204104 4.797733 -1.2134867
v -0.8206875 4.0979567 -1.5669928
v -0.97107273 4.3416905 -1.1714146
v -3.159586 8.271411 0.54665804
v -3.3266845 7.7150526 0.84762603
v -2.733406 7.8512454 0.533744
v 5.9107466 1.6085672 0.754889
v 5.9549923 2.135678 0.42309684
v 6.09455 2.06735 0.76975
v 1.3891125 5.4911127 -2.0771747
v 1.1120988 6.241494 -1.988599
v 1.7930171 5.9282923 -2.1027575
v 2.6858811 0.38021547 1.8248711
v 2.70587 0.9878733 1.880041
v 2.3581908 0.7357922 1.8256515
v 5.393617 5.0079565 -1.0578724
v 5.1295395 4.711713 -0.98506653
v 5.128565 5.343788 -0.99342954
v -2.5522203 0.110918745 0.8305578
v -2.716385 0.3833058 1.1699078
v -3.143475 0.087325 0.821725
v -2.126299 6.985015 -2.3088274
v -2.3095765 7.363394 -2.2756724
v -1.8781567 7.4102554 -2.4417105
v 3.7122877 5.6945686 0.1099135
v 3.6497788 5.1980305 0.17614865
v 4.0411997 5.4560127 0.0510885
v 2.6839375 2.2795851 1.9641665
v 2.9318843 2.3182387 2.3578362
v 2.9302874 2.8562403 2.1185799
v -0.2511094 1.044388 1.0680792
v -0.45879063 0.509175 0.94975317
v -0.5430301 0.82565 0.5829269
v -4.7695627 6.2820625 1.1992741
v -4.8212514 6.7033253 0.7739444
v 2.2843344 6.02478 -2.100624
v 2.205521 6.6468453 -1.9759624
v 2.7801235 6.094104 -2.077282
v -3.143475 0.087325 0.821725
v -3.5041623 0.0551625 0.7129375
v -3.1978848 0.13743907 0.4076332
v -0.89144844 1.0764782 -1.8447715
v -0.7652625 0.602225 -1.1834126
v -1.1358063 0.67185473 -1.5826203
v -4.6771975 2.6628075 -1.3693062
v -4.1230187 2.725247 -1.7578278
v -4.5508003 2.39915 -1.7214625
v 2.2000499 0.2457 1.2882812
v 2.555507 0.2886456 1.0659385
v 2.7139492 0.6048026 1.4568985
v -4.636633 7.4389124 -1.087163
v -4.262651 7.147469 -0.9751209
v -4.6604843 7.1493797 -0.87824273
v -3.3946 3.0649939 -1.1183442
v -2.9196234 3.2047539 -0.8157439
v -2.5836341 2.8341594 -0.6735092
v -4.972192 7.7662725 0.7439234
v -4.409166 7.55682 0.93890333
v -4.6980057 7.7942953 1.3024467
v -0.57525265 5.7027473 -0.9210825
v -0.29197967 5.7788687 -0.68543106
v -0.01388476 6.2767267 -1.1842378
v 2.195365 5.1650205 -1.7045003
v 1.5209156 4.788435 -1.6811272
v 1.3562984 5.093041 -1.9857475
v 5.772091 3.2484264 -0.21547882
v 6.0907345 3.426556 0.24635412
v 6.0978785 2.856783 0.31419536
v -4.455817 0.20605624 -0.32475
v -4.222663 0.090231255 -0.044912502
v -4.7104907 0.3178422 0.235225
v -4.8931904 0.4816969 -0.34565938
v -5.1077204 0.64443433 -0.07000469
v -5.1399126 0.9219813 -0.52358127
v -5.3849936 6.1028757 -0.36111936
v -5.602342 6.036439 0.19626819
v -5.885531 6.117216 -0.186565
v 2.5637515 3.8734689 -0.11896306
v 2.887675 3.561531 0.1205635
v 3.1499062 4.182622 0.18011194
v 2.3581908 0.7357922 1.8256515
v 2.0384812 0.76952344 1.5092001
v 1.9158688 0.5992805 1.8034275
v -4.409166 7.55682 0.93890333
v -4.083556 7.4660378 0.69314474
v -4.409166 7.55682 0.93890333
v 3.3594651 1.9000571 0.10881522
v 3.2687783 1.763922 0.57440317
v 3.774743 1.8007166 0.18351796
v -3.7966623 7.576275 1.0223634
v -3.5520859 7.427058 0.7586291
v -3.3266845 7.7150526 0.84762603
v -3.1404433 7.227474 0.36492035
v -2.733406 7.8512454 0.533744
v -3.5520859 7.427058 0.7586291
v -0.8105969 4.2037563 0.052951
v -0.9177594 4.4461765 -0.32585993
v -2.6440437 3.0845718 0.06446312
v -2.3412638 2.9565306 -0.18032828
v -2.4889886 3.422819 -0.52650106
v 2.2512875 2.839778 -0.04073428
v 2.1860297 3.6401327 -0.5018977
v 1.7818849 3.0012097 -0.5254085
v 3.0245633 7.355448 -1.0525728
v 3.163242 7.0469704 -0.73676616
v 3.6356912 7.072523 -0.95411646
v 3.0245633 7.355448 -1.0525728
v 2.7846093 7.173181 -0.812649
v 3.163242 7.0469704 -0.73676616
v -1.5446923 7.7067494 -1.4573377
v -1.2161329 7.261991 -1.3922807
v -1.6410328 7.4876375 -1.8121676
v 0.17800547 3.1154344 0.43675292
v 0.59015 3.1487436 0.104994506
v 0.20764688 3.7476788 0.42243457
v -2.4682953 1.6959093 -1.6899812
v -1.8381469 2.1088812 -1.7088938
v -1.8971837 1.5189462 -1.7622142
v -4.540724 3.4982672 -1.1104977
v -5.182528 2.9769812 -0.8413497
v -5.1213684 3.605597 -0.6655053
v -2.7519412 8.807957 -0.58904076
v -2.397225 9.073376 -0.6838738
v -2.5183697 9.091896 -1.1156435
v 6.135056 3.2853408 0.59217274
v 6.0978785 2.856783 0.31419536
v 6.0907345 3.426556 0.24635412
v -3.924321 1.4637406 -1.9538465
v -3.605739 1.1258937 -2.0218859
v -4.2454343 1.1837078 -1.7460902
v -2.9888437 0.349 -2.243175
v -3.5244126 0.5619109 -2.0961702
v -3.14395 0.69974995 -2.2662563
v -1.8781567 7.4102554 -2.4417105
v -2.3095765 7.363394 -2.2756724
v -2.3793154 7.9055586 -2.2720132
v 0.5367625 5.5405884 -2.014324
v 0.8695281 5.3740444 -2.0887303
v 2.345633 4.7492423 -1.2451096
v 2.7216423 4.4930754 -1.616867
v 2.4348128 4.2704372 -1.0241601
v -0.9177594 4.4461765 -0.32585993
v -0.6820625 4.9714317 -0.41118965
v 2.843403 6.71565 -0.089173995
v 3.1667018 6.383359 0.022543969
v 0.24300626 5.922269 -0.105023995
v 0.57423127 5.928306 0.045851
v 0.32423127 6.2172184 -0.3348365
v 1.3985391 1.4300922 -1.4062359
v 1.2775126 1.7542126 -1.0626438
v 1.5764251 1.6613032 -1.7172469
v 5.7473755 1.11775 0.99642503
v 5.83765 1.328325 1.4080719
v -3.7582717 8.736025 -0.022982594
v -4.3704953 8.644603 -0.20410526
v -4.4240236 8.397721 0.25054026
v -4.1400175 6.93626 -0.016963154
v -3.6353264 6.9939613 0.26768523
v -3.8679075 7.0065436 -0.36420888
v 3.94512 6.6236744 -1.328524
v 4.421374 6.467127 -1.0013779
v 3.0981665 0.74859923 -1.6921484
v 3.0981665 0.74859923 -1.6921484
v 2.4258714 0.75211096 -1.6763828
v 5.673656 1.5036 1.805275
v 5.183106 1.4236171 2.0158892
v 5.432702 1.0051671 1.8167671
v -2.4322553 6.0764103 -1.7837131
v -2.7658901 6.355823 -1.8135285
v -2.195983 6.4678335 -2.1171708
v -1.1735988 2.6238925 -1.9222609
v -0.77166873 3.0787094 -1.8985577
v -0.7503867 2.6842215 -1.906424
v -1.2775687 0.050381247 1.6831343
v -1.7108847 0.60167927 2.0145628
v -1.6645485 0.19428125 1.4375165
v -4.5816846 1.7199032 -1.3243328
v -4.2454343 1.1837078 -1.7460902
v -4.5532546 1.2806141 -1.199028
v 3.070404 3.7275348 1.6314538
v 3.5856555 3.377465 1.4946051
v 3.070404 3.7275348 1.6314538
v 3.6473937 3.2324123 1.8902131
v 3.5856555 3.377465 1.4946051
v -4.6771975 2.6628075 -1.3693062
v -4.7699 3.0865002 -1.1076496
v -4.540724 3.4982672 -1.1104977
v 1.2438085 1.53798 -0.6043675
v 1.6869402 0.6115457 -1.1334023
v 3.2128196 2.156167 -2.0432572
v 3.65875 2.0628514 -1.4949266
v 3.5733688 1.8446751 -1.8506125
v 3.2128196 2.156167 -2.0432572
v 3.5270061 2.4019814 -1.4924905
v 3.65875 2.0628514 -1.4949266
v -2.5326316 0.38444415 2.5930269
v -2.7812848 0.48127812 2.037324
v -2.5509615 0.84370077 2.3469224
v 5.3869314 6.2718105 -0.26383758
v 5.505168 5.7432737 -0.30922702
v 5.9640794 6.2928495 -0.12754197
v 3.1707594 0.10137891 -0.39963126
v 3.3311305 0.12239453 -0.89843905
v 0.4560094 3.4871202 -1.8971303
v 0.7208844 3.9214597 -1.8806459
v 0.9745015 3.747914 -1.493135
v -4.438613 7.4735518 -0.44472635
v -4.89529 7.72377 0.108222835
v -5.036249 7.3012934 -0.5739266
v 3.3823476 1.2731524 1.5559633
v 3.0975077 0.58932495 1.5130172
v 3.6009686 0.89936244 1.8141007
v -3.5954373 3.6246414 -1.2280772
v -3.1447978 4.053466 -1.3004599
v -3.058775 3.5180626 -1.0713708
v -5.9932413 7.98426 -0.35240886
v -5.737239 8.264091 -0.18048963
v -5.6587324 7.547503 -0.4859342
v 5.683825 6.466154 -0.5036967
v 5.9640794 6.2928495 -0.12754197
v 6.0179567 6.5872455 -0.32609513
v 1.4632864 1.7580487 -0.19346392
v 1.2438085 1.53798 -0.6043675
v 1.3833609 1.2975955 -0.26869434
v 5.2455297 4.546561 0.04878303
v 5.351528 4.2412186 0.3182885
v 5.6720514 4.444386 -0.01958025
v 1.7541149 2.046861 0.47733048
v 1.4309285 1.5103632 0.3150953
v 1.6426812 1.8073469 0.7391875
v 0.9745015 3.747914 -1.493135
v 1.3246658 4.3014274 -1.4346616
v 1.2026837 3.896603 -0.82347155
v -2.4682953 1.6959093 -1.6899812
v -1.8971837 1.5189462 -1.7622142
v -2.2340813 1.337321 -1.7925375
v 2.6953266 5.6143675 -2.007441
v 3.2782536 5.994972 -2.0265493
v 3.1340985 5.3034267 -2.0107994
v 5.012189 0.107523434 0.12417032
v 4.613028 0.06825937 0.177425
v -3.8598366 1.8762875 -2.0979538
v -3.3506439 1.7137375 -2.1558733
v -3.924321 1.4637406 -1.9538465
v 2.8496873 3.5726008 1.2322632
v 3.070404 3.7275348 1.6314538
v 2.8237278 3.8689697 0.9928731
v 2.2483187 2.2809563 0.68684685
v 2.4398906 2.0963287 0.40926564
v 2.045206 2.267993 0.12344336
v -2.6609688 4.8266845 0.45736662
v -2.5159328 5.3487763 0.35421664
v 3.0126266 1.6215932 1.0513407
v 3.5527248 1.6037219 1.148175
v 3.2687783 1.763922 0.57440317
v -3.7940946 4.814521 -1.1830865
v -3.5887337 5.5123277 -0.9093951
v -2.9725757 5.39067 -1.4872203
v -4.7104907 0.3178422 0.235225
v -4.7104907 0.3178422 0.235225
v -4.394687 0.22214061 0.5655516
v 4.92373 3.1224155 0.22949144
v 5.005867 3.8006961 0.2791973
v 4.8989677 3.4743996 -0.12682539
v 3.2123117 2.5475202 -1.9003559
v 3.6088 2.8220828 -1.6451561
v 3.5270061 2.4019814 -1.4924905
v 3.4670916 3.1667461 -1.9073863
v 3.6088 2.8220828 -1.6451561
v -0.5600625 1.0804782 -1.4022233
v -0.21857499 1.3643374 -1.3011124
v -0.063125 1.8660375 -1.5261626
v -0.21857499 1.3643374 -1.3011124
v -0.45714688 1.757393 -1.703579
v 0.9107088 5.3873715 0.18970276
v 0.63092345 5.051617 0.24677914
v 1.0118273 4.772974 0.09942131
v -0.081139855 2.6865368 -1.8629465
v 0.43044376 2.7563906 -1.5830375
v 0.20993125 2.4207375 -1.6075765
v -3.2789812 3.953425 0.83687603
v -3.6223564 3.9247937 0.9330697
v -4.6771975 2.6628075 -1.3693062
v -4.647122 2.051633 -1.5299077
v -4.960244 1.8852386 -1.0662527
v 1.5924637 5.322712 -0.006595485
v 1.5588989 5.8251634 0.12838225
v 0.9107088 5.3873715 0.18970276
v 3.1364813 4.7262783 -1.9544584
v 3.1340985 5.3034267 -2.0107994
v 3.7122877 5.6945686 0.1099135
v 3.6277986 6.0981374 0.02820725
v 3.283743 5.796217 0.15921
v 3.2188501 2.3343248 -0.02795
v 3.5062232 2.511168 -0.19270027
v 3.0086696 2.9794016 0.09899352
v -3.2341814 5.6244626 0.15153849
v -3.4833999 5.278406 0.31168848
v -3.06105 5.225281 0.44700724
v 4.0334377 0.22552499 -1.19295
v 4.46885 0.15391642 -1.1454828
v 4.058586 0.14461055 -0.67784023
v 0.88128746 3.8360875 -0.075348996
v 0.89615464 4.2773795 0.05524163
v 0.552932 4.016993 0.28011584
v 1.8977875 2.6650686 -0.1830875
v 1.7818849 3.0012097 -0.5254085
v 1.5228698 2.3386512 -0.40296686
v -0.97107273 4.3416905 -1.1714146
v -1.1140624 3.9702125 -1.1811928
v -1.3229525 4.2289224 -0.69599885
v 3.4670916 3.1667461 -1.9073863
v 3.6088 2.8220828 -1.6451561
v -5.1932125 3.6356468 0.3794885
v -5.250855 3.7243795 -0.04710994
v -5.4005127 3.335525 -0.026961502
v 4.613906 4.9045715 -1.4143083
v 5.1295395 4.711713 -0.98506653
v 4.628813 4.482575 -1.2595677
v -0.88222575 0.64753515 1.9867423
v -1.7108847 0.60167927 2.0145628
v -0.9734953 0.17311953 2.0548203
v -2.9349718 0.19509688 -1.822825
v -2.528503 0.088726565 -2.1655757
v -2.1646109 0.06395508 -1.735279
v -1.3732829 3.1108422 0.27823794
v -0.63399374 3.144039 0.56824136
v -0.770339 3.5051312 0.40208536
v 5.9886346 3.214728 0.97403187
v 5.1729097 3.152062 1.1344435
v 5.6322308 3.0938063 1.3160224
v 0.34546873 4.2677064 -2.0480366
v 0.41442108 4.8066225 -2.045424
v 0.9668594 4.247973 -1.8295825
v -2.8533702 6.307858 0.1482342
v -2.8212485 5.9434996 0.16762054
v -2.4401445 6.217165 0.33080345
v 0.6426629 6.4620748 -1.5943137
v 0.169 5.2406735 -1.9328467
v 0.034567192 5.6480846 -1.6943913
v 5.1995487 0.146784 -0.37428635
v 4.973278 0.12606953 -0.7151312
v 5.081209 0.58170235 -0.64302576
v 1.8524121 0.96184385 1.0751758
v 1.9793875 1.340553 1.2233062
v 1.8745422 1.7021985 1.160675
v 5.7096853 2.508645 1.5971141
v 5.331544 2.6024032 1.6400048
v 5.416581 2.1351376 1.840625
v -0.63399374 3.144039 0.56824136
v -0.6886328 2.7088861 0.7909891
v -0.2596203 2.7192793 0.65851426
v 4.7042317 0.72266364 1.9924263
v 5.432702 1.0051671 1.8167671
v -4.540724 3.4982672 -1.1104977
v -4.834061 4.146497 -0.6587912
v -4.3950486 4.201495 -1.0339615
v -2.0178657 2.875661 -0.7797608
v -1.6255206 3.3345742 -0.4550714
v -1.636325 3.2539845 -0.8920679
v -4.036254 7.5442038 0.15599445
v -3.495555 7.455026 0.2157963
v -3.5520859 7.427058 0.7586291
v -5.55777 0.6178453 -1.5949726
v -5.170005 0.39927188 -1.3678954
v -0.046681248 2.0266063 0.52794373
v -0.31200624 2.3013983 0.72197497
v -0.29671875 1.7589059 0.7302699
v -1.3822628 7.4025416 0.104327954
v -1.9875804 6.8685975 0.29114008
v -1.552911 6.9578266 0.20765099
v 3.1707594 0.10137891 -0.39963126
v 2.8991938 0.0156375 -0.8760375
v 3.3311305 0.12239453 -0.89843905
v 2.6889281 0.115606256 -0.47708124
v 2.4008923 0.038317185 -0.88956094
v 2.8991938 0.0156375 -0.8760375
v -0.2596203 2.7192793 0.65851426
v -0.31200624 2.3013983 0.72197497
v 0.21327773 2.525605 0.37015116
v -2.4679039 1.7332782 1.8823305
v -2.84985 2.2555938 1.7556437
v -2.9904718 1.9376681 1.903568
v -4.491268 7.6479936 0.29097265
v -4.89529 7.72377 0.108222835
v -4.438613 7.4735518 -0.44472635
v -3.859364 5.352125 -0.3138185
v -3.6344938 5.4287376 -0.0022458732
v -3.3804708 5.7518005 -0.15348807
v 5.505168 5.7432737 -0.30922702
v 5.108138 5.1580806 -0.45638737
v -0.89144844 1.0764782 -1.8447715
v -1.2781026 1.2398783 -2.2014008
v -0.8627 1.6268718 -1.9722047
v -0.89144844 1.0764782 -1.8447715
v -1.1391109 0.804775 -2.1449451
v -1.2781026 1.2398783 -2.2014008
v 4.3471947 5.1761856 -0.12998337
v 4.0411997 5.4560127 0.0510885
v 4.0906286 4.908297 0.080266625
v -1.9890254 4.466442 -0.9480223
v -1.74053 5.027422 -1.2093945
v -1.6877942 4.8236284 -0.71181476
v 0.88128746 3.8360875 -0.075348996
v 1.1304562 4.25605 -0.24521774
v 0.89615464 4.2773795 0.05524163
v -2.1257613 8.637257 -0.59754676
v -2.2479515 8.735125 -0.088580415
v -1.6044925 8.321625 -0.29318208
v 4.6389155 4.294874 -0.34512743
v 4.958024 4.484403 -0.16119978
v 4.671172 4.8025265 -0.45529974
v 1.4830449 1.1309965 0.30562305
v 1.4309285 1.5103632 0.3150953
v 1.4632864 1.7580487 -0.19346392
v 4.4740276 3.4062324 -0.51559764
v 4.4500313 3.6742094 -0.91223025
v 4.824074 3.8452747 -0.5173104
v 3.1507568 6.5064054 -1.9222021
v 3.94512 6.6236744 -1.328524
v 3.7680094 6.1409187 -1.8409014
v 3.0201707 1.3171848 2.0006258
v 2.6363783 1.4848204 2.0642812
v 2.70587 0.9878733 1.880041
v -2.8712413 6.968483 -1.8523494
v -2.7658901 6.355823 -1.8135285
v -3.1537814 6.536187 -1.6517739
v 2.1662602 5.751864 0.06756194
v 2.834403 5.906925 0.14586662
v 2.6582062 6.259666 0.1125635
v 2.1662602 5.751864 0.06756194
v 2.9081242 5.4011774 0.10136507
v 2.834403 5.906925 0.14586662
v -1.3548727 6.1893888 -0.40741345
v -1.1848059 6.725797 -0.5669022
v -1.2285845 6.5760016 -0.032771476
v -1.6085999 2.6440501 -1.5879749
v -1.4807047 2.333195 -1.8068805
v -1.8381469 2.1088812 -1.7088938
v -2.7452297 2.3160188 -1.3616188
v -2.5836341 2.8341594 -0.6735092
v 2.6688633 3.741169 -1.8491163
v 2.7216423 4.4930754 -1.616867
v 2.1138468 1.9566844 -1.9968187
v 1.5764251 1.6613032 -1.7172469
v 1.7459898 2.2933023 -1.8179836
v 2.1138468 1.9566844 -1.9968187
v 1.944788 1.4136891 -2.1194267
v 1.5764251 1.6613032 -1.7172469
v 2.9999926 1.5611615 -2.0774693
v 2.5846615 1.5826817 -2.2388086
v 3.2128196 2.156167 -2.0432572
v -2.6219015 3.6113687 -0.12568493
v -2.6271095 4.166166 0.25474787
v 5.012189 0.107523434 0.12417032
v 5.2639937 0.3534 0.3348375
v 4.9752293 0.19278556 0.5020449
v 5.012189 0.107523434 0.12417032
v 5.1995487 0.146784 -0.37428635
v 3.7223525 1.7536333 -0.27534765
v 3.774743 1.8007166 0.18351796
v 4.0825396 1.4797711 -0.04799453
v 2.125522 0.09038438 0.16492578
v 2.2278314 0.165025 0.54218125
v 1.8521168 0.5790777 0.40706915
v 0.9044981 3.210982 -1.1691765
v 0.76126254 3.36575 -1.5493369
v -2.5463552 0.8054806 1.3961744
v -2.1561093 0.6027062 1.6392782
v -2.5182595 0.8305359 1.8316984
v -5.3849936 6.1028757 -0.36111936
v -5.4189515 6.6106596 -0.12053695
v -5.0203104 6.558264 -0.21755686
v -5.3849936 6.1028757 -0.36111936
v -6.000518 6.56628 -0.0036563706
v -5.4189515 6.6106596 -0.12053695
v -4.611722 0.4198172 -0.64167035
v -4.879632 0.5341699 -0.877
v -4.3162093 0.37703127 -0.87285626
v 1.5588989 5.8251634 0.12838225
v 2.1662602 5.751864 0.06756194
v 4.6837893 0.09632343 1.2993188
v 4.9086723 0.44851872 1.7415562
v 4.3317814 0.35626876 1.8232062
v 3.163242 7.0469704 -0.73676616
v 2.8295374 6.949584 -0.3673365
v 3.2598188 6.775709 -0.30553025
v -4.5532546 1.2806141 -1.199028
v -4.8080864 1.056275 -1.4323187
v -4.9042034 1.1540186 -0.9945016
v -4.6358213 0.5376836 -1.9377937
v -5.068424 0.41771874 -1.8257414
v -5.122712 0.5797535 -2.3357382
v -2.0178657 2.875661 -0.7797608
v -1.636325 3.2539845 -0.8920679
v -1.3831234 3.2938564 -1.3140384
v 2.8237278 3.8689697 0.9928731
v 3.1340556 4.1505823 1.2140322
v 2.2278314 0.165025 0.54218125
v 2.125522 0.09038438 0.16492578
v 2.5276065 0.09085 0.7566625
v -4.540724 3.4982672 -1.1104977
v -4.1182685 3.7258 -1.200649
v -2.87625 1.0344657 -2.1789923
v -2.557847 1.3079438 -2.0684767
v -2.6360598 0.7179891 -2.3113046
v 1.2274265 7.038067 -0.8066818
v 1.5634593 7.0195436 -0.5353427
v 1.7436724 7.286942 -1.0669029
v 2.2843344 6.02478 -2.100624
v 2.7801235 6.094104 -2.077282
v 2.6953266 5.6143675 -2.007441
v -2.8212485 5.9434996 0.16762054
v -3.2341814 5.6244626 0.15153849
v -2.8408625 5.5847125 0.321626
v -3.2931468 4.8749437 0.5962697
v -3.213675 4.3926125 0.7393385
v -2.8169155 4.4243593 0.5489916
v -2.397225 9.073376 -0.6838738
v -2.7519412 8.807957 -0.58904076
v -2.1257613 8.637257 -0.59754676
v 3.27275 2.0989366 2.3460875
v 2.9318843 2.3182387 2.3578362
v 2.9602125 1.8025407 2.2565956
v 2.8268898 2.9090133 1.4056134
v 3.240315 2.8451016 1.2942355
v -0.8296037 2.2977593 1.014307
v -0.84720314 1.8180422 1.2185953
v -0.4894344 1.9181063 1.1322813
v -5.2313247 8.346176 1.065067
v -5.227831 8.620619 0.72304475
v -5.838808 8.4716215 0.8736256
v -0.36118752 4.917219 -1.6848865
v -0.46053907 5.2033834 -1.3761786
v 0.169 5.2406735 -1.9328467
v 5.1295395 4.711713 -0.98506653
v 5.1154876 4.3430753 -0.832724
v 4.7465186 4.22865 -0.88626075
v -1.2161329 7.261991 -1.3922807
v -1.3180337 7.5746727 -1.018728
v -1.2091148 7.0860696 -0.9765202
v -0.45714688 1.757393 -1.703579
v -0.21857499 1.3643374 -1.3011124
v -0.5600625 1.0804782 -1.4022233
v 1.7459898 2.2933023 -1.8179836
v 1.4517124 2.4146123 -1.28065
v 1.6925125 2.805675 -1.4905307
v -5.3075466 2.5722718 0.8538562
v -4.9643 3.0008001 1.0470629
v 3.5910296 2.8384624 2.1912313
v 3.6054873 2.3795824 1.8104211
v 3.6982856 2.8249493 1.7162715
v -4.491268 7.6479936 0.29097265
v -4.036254 7.5442038 0.15599445
v -4.409166 7.55682 0.93890333
v 3.1707594 0.10137891 -0.39963126
v 3.3964753 0.22651437 0.23909883
v 2.9561756 0.15388331 0.50827706
v -3.4635863 8.571014 -1.2582486
v -3.980639 8.410553 -1.2452404
v -3.800425 8.63678 -0.9697693
v 5.2639937 0.3534 0.3348375
v 5.198262 0.37043124 0.7959125
v 4.9752293 0.19278556 0.5020449
v -4.4908366 6.1540656 -0.24045837
v -4.216799 6.2515736 -0.51146436
v -4.16119 6.2317204 0.089712724
v 4.9432297 1.888632 1.9298368
v 5.416581 2.1351376 1.840625
v 1.3240938 6.786122 -0.27670214
v 1.5634593 7.0195436 -0.5353427
v 1.2274265 7.038067 -0.8066818
v 3.1707594 0.10137891 -0.39963126
v 3.7218156 0.04963594 -0.1930328
v 3.3964753 0.22651437 0.23909883
v -5.501476 1.4469148 0.10873203
v -5.5440226 1.8777906 -0.25212657
v -5.374281 1.2954516 -0.36138517
v 1.4739149 0.3530086 1.8275797
v 1.9158688 0.5992805 1.8034275
v 1.3669688 0.647125 2.0198689
v -0.2596203 2.7192793 0.65851426
v -0.17841563 3.31095 0.5364573
v -0.63399374 3.144039 0.56824136
v -3.442144 6.793913 -1.5359421
v -3.441866 6.259408 -1.4977293
v -3.7878244 6.8173227 -1.3363576
v -5.314622 3.371953 -0.4432271
v -5.182528 2.9769812 -0.8413497
v -2.255178 4.785822 -1.406274
v -2.6269126 4.9363127 -1.526299
v -2.2678156 5.136985 -1.5633615
v 2.3640842 0.21936798 1.6140976
v 1.9158688 0.5992805 1.8034275
v 1.9086032 0.23961875 1.7004843
v -4.4240236 8.397721 0.25054026
v -3.9691308 8.490635 0.4497041
v -3.7582717 8.736025 -0.022982594
v -2.1561093 0.6027062 1.6392782
v -1.9731985 0.4570336 1.3582485
v -1.7108847 0.60167927 2.0145628
v -1.7561905 5.187228 -0.27852714
v -1.5247524 5.321854 -0.69330835
v -1.5404781 5.7377596 -0.299899
v -3.1404433 7.227474 0.36492035
v -3.6353264 6.9939613 0.26768523
v -3.5966535 6.9335814 0.72799706
v -0.01388476 6.2767267 -1.1842378
v -0.29197967 5.7788687 -0.68543106
v -0.004737502 5.9384623 -0.401924
v -1.9841163 8.068737 0.2531135
v -2.4801404 7.5281 0.45725277
v -2.095106 7.5371943 0.3122127
v 0.9745015 3.747914 -1.493135
v 0.7208844 3.9214597 -1.8806459
v 0.9668594 4.247973 -1.8295825
v 3.2123117 2.5475202 -1.9003559
v 2.6726623 2.3008027 -2.0544713
v 2.7500782 2.9757438 -2.0635464
v 3.7042649 2.336792 -0.5365317
v 3.629121 1.9565389 -1.0692915
v 3.5646 2.3869624 -1.114075
v 5.5613875 3.6133752 0.92003846
v 5.9092875 3.6895218 0.641926
v 5.428508 3.8594906 0.6606151
v -2.3412638 2.9565306 -0.18032828
v -1.9866886 3.023022 -0.37352866
v -2.5836341 2.8341594 -0.6735092
v -0.4894344 1.9181063 1.1322813
v -0.31200624 2.3013983 0.72197497
v 3.8019292 1.3884861 1.7165821
v 4.0539384 1.7571914 1.2692394
v 3.5527248 1.6037219 1.148175
v 4.1761065 3.5299296 -0.30935055
v 4.4740276 3.4062324 -0.51559764
v 4.300071 4.0068474 -0.19874352
v 6.044653 1.9900031 1.28209
v 5.6939 1.8715688 1.7928095
v 5.83765 1.328325 1.4080719
v -2.7519412 8.807957 -0.58904076
v -3.2283874 8.708497 0.0076228715
v -2.8700733 8.695412 -0.14734589
v -3.2212374 8.810675 -0.50489277
v -3.2283874 8.708497 0.0076228715
v 5.434633 0.50804687 -0.13485469
v 5.1995487 0.146784 -0.37428635
v 5.081209 0.58170235 -0.64302576
v -2.2768593 5.853853 0.21414162
v -1.8582687 5.8366218 0.011416625
v -2.4401445 6.217165 0.33080345
v 2.7139492 0.6048026 1.4568985
v 2.6858811 0.38021547 1.8248711
v 2.3640842 0.21936798 1.6140976
v -1.8381469 2.1088812 -1.7088938
v -2.3290484 2.0489905 -1.5912797
v -1.9875374 2.3793283 -1.5152156
v -1.8612127 6.459972 0.24424787
v -2.2362688 6.537369 0.41873226
v -2.4401445 6.217165 0.33080345
v -5.374281 1.2954516 -0.36138517
v -5.274545 0.9111062 0.2106625
v -5.501476 1.4469148 0.10873203
v 4.0539384 1.7571914 1.2692394
v 4.301172 1.7568094 1.7542374
v 4.4692187 2.00975 1.5629313
v -1.5569892 2.187788 0.99712586
v -1.1697412 1.4786463 1.194941
v -1.049739 2.007656 0.9803281
v -1.7929652 8.328479 -0.98903847
v -1.5665176 8.640684 -1.0606852
v -2.1257613 8.637257 -0.59754676
v -0.84720314 1.8180422 1.2185953
v -1.049739 2.007656 0.9803281
v -1.1697412 1.4786463 1.194941
v -0.84720314 1.8180422 1.2185953
v -0.8296037 2.2977593 1.014307
v -1.049739 2.007656 0.9803281
v 6.135056 3.2853408 0.59217274
v 5.9886346 3.214728 0.97403187
v 6.1728935 2.775347 0.87203777
v 3.3171854 2.4148932 1.4382555
v 3.240315 2.8451016 1.2942355
v 3.6982856 2.8249493 1.7162715
v -4.5987625 6.731372 -0.1980705
v -4.238659 6.5966225 -1.02577
v -5.0203104 6.558264 -0.21755686
v 5.6516 1.0113 0.651
v 5.655531 1.24835 0.37404376
v 5.9107466 1.6085672 0.754889
v -0.89144844 1.0764782 -1.8447715
v -1.4055336 0.2858914 -1.9381859
v -1.1391109 0.804775 -2.1449451
v -1.1358063 0.67185473 -1.5826203
v -1.4278117 0.35207656 -1.4094298
v -1.4055336 0.2858914 -1.9381859
v -5.2493134 7.7864127 1.2434134
v -4.6980057 7.7942953 1.3024467
v -4.952485 8.137943 1.3382986
v -2.5836341 2.8341594 -0.6735092
v -2.0178657 2.875661 -0.7797608
v -2.3372984 2.5482516 -0.97240776
v 3.1364813 4.7262783 -1.9544584
v 2.7830267 4.980653 -1.7820731
v 3.1340985 5.3034267 -2.0107994
v 5.1995487 0.146784 -0.37428635
v 5.434633 0.50804687 -0.13485469
v 3.6898594 0.52050155 -1.5452192
v 4.0334377 0.22552499 -1.19295
v 3.758097 0.26017657 -0.8428781
v 4.1540813 3.400639 -1.3196445
v 4.4500313 3.6742094 -0.91223025
v 3.9324594 2.9846938 -1.1554216
v -4.317649 4.739211 -0.7789975
v -4.734454 4.4878864 -0.026902907
v -4.190008 5.01896 -0.038661305
v -4.834061 4.146497 -0.6587912
v -4.734454 4.4878864 -0.026902907
v -4.317649 4.739211 -0.7789975
v -1.5169668 5.950013 -1.5382712
v -1.4318652 6.590875 -1.5584182
v -1.1530756 5.9759836 -1.3077549
v -1.9621547 6.0964165 -1.7328444
v 4.172968 6.364455 -0.61151934
v 3.7596564 6.422672 -0.22688025
v 4.466251 5.7185926 -0.48628262
v -3.602334 7.481188 -1.5877658
v -3.137178 7.423512 -1.788608
v -3.442144 6.793913 -1.5359421
v -3.57162 6.4017916 0.37900344
v -4.3003836 6.335699 0.9598602
v -4.5678954 6.1351714 0.46288928
v 3.6497788 5.1980305 0.17614865
v 4.0906286 4.908297 0.080266625
v 4.0411997 5.4560127 0.0510885
v -3.4274035 0.25757265 1.0903833
v -3.8012455 0.38200313 1.4052751
v -4.0550194 0.270025 0.9412273
v 4.421374 6.467127 -1.0013779
v 4.172968 6.364455 -0.61151934
v 4.6218224 6.040552 -1.0140828
v 3.7319183 1.1226457 -1.9124289
v 4.047849 0.59386957 -1.6633625
v 3.5110252 0.7516812 -2.0230188
v 0.24300626 5.922269 -0.105023995
v 0.20455626 5.297453 0.16761664
v 0.57423127 5.928306 0.045851
v -1.1697412 1.4786463 1.194941
v -1.5343609 1.5214531 1.6058438
v -1.119493 1.0260656 1.6999261
v -1.5404781 5.7377596 -0.299899
v -1.7110344 6.2136216 -0.048750564
v 2.7500782 2.9757438 -2.0635464
v 2.6726623 2.3008027 -2.0544713
v 2.2564 2.5521624 -2.043506
v 3.7596564 6.422672 -0.22688025
v 4.0011597 5.869547 -0.057939626
v 4.466251 5.7185926 -0.48628262
v -0.90932655 7.769972 -0.0916365
v -0.59747183 7.5396166 -0.26364654
v -1.056524 8.1863 -0.3175329
v 2.9255972 2.4464355 1.1414729
v 2.368708 2.3910778 1.0940953
v 2.5279937 2.5526218 1.4325187
v -2.8169155 4.4243593 0.5489916
v -2.9490187 4.034006 0.6310135
v -2.6271095 4.166166 0.25474787
v 1.8274204 6.823625 -0.18234277
v 2.4487362 7.0673313 -0.506399
v 1.966025 7.0918503 -0.558974
v -0.29671875 1.7589059 0.7302699
v -0.19955157 1.3308187 0.41619533
v 0.0705875 1.7775126 0.2990375
v -4.960244 1.8852386 -1.0662527
v -5.343504 2.0325608 -0.72839844
v -2.6271095 4.166166 0.25474787
v -2.281953 4.602437 0.048318967
v -2.6609688 4.8266845 0.45736662
v 2.6121502 1.889475 1.9158564
v 2.396112 2.207239 1.5485687
v 2.3902388 1.4646125 1.4696656
v -5.4492064 6.066266 0.62851036
v -4.941706 6.084094 0.6545135
v -5.315875 6.1278687 1.0178885
v -2.1001008 8.608427 -1.3678647
v -1.8213733 8.013949 -1.5041865
v -2.0972757 8.279659 -1.8747436
v -3.411325 0.0760375 2.4398625
v -3.3514204 0.39030465 2.7802749
v -3.8729458 0.21665391 2.565437
v 2.6953266 5.6143675 -2.007441
v 2.2774234 5.53356 -1.9491458
v 1.3669688 0.647125 2.0198689
v 1.0265872 0.71740055 1.8464544
v 1.0803149 0.4493078 2.101711
v -1.5169668 5.950013 -1.5382712
v -1.6938438 5.424925 -1.4136428
v 5.4460125 4.187339 -0.75152874
v 5.1295395 4.711713 -0.98506653
v 5.7546844 4.2983093 -0.47791463
v 5.4460125 4.187339 -0.75152874
v 5.1154876 4.3430753 -0.832724
v 5.1295395 4.711713 -0.98506653
v -0.45714688 1.757393 -1.703579
v -0.8627 1.6268718 -1.9722047
v -0.90713155 2.2251263 -1.9357972
v -0.29470003 2.2904437 -1.8272531
v -0.063125 1.8660375 -1.5261626
v -0.45714688 1.757393 -1.703579
v 5.108138 5.1580806 -0.45638737
v 5.505168 5.7432737 -0.30922702
v 4.9516535 5.6756654 -0.8647374
v -1.5569892 2.187788 0.99712586
v -1.3999188 2.7956665 0.6006211
v -1.9117843 2.6019 0.7844875
v 0.6426629 6.4620748 -1.5943137
v 1.2450249 6.7915916 -1.6640458
v 1.1120988 6.241494 -1.988599
v 0.6426629 6.4620748 -1.5943137
v 0.81574374 6.735656 -1.4428365
v 1.2450249 6.7915916 -1.6640458
v 0.7208844 3.9214597 -1.8806459
v 0.3201375 3.8777437 -2.0216427
v 0.34546873 4.2677064 -2.0480366
v -4.6771975 2.6628075 -1.3693062
v -4.960244 1.8852386 -1.0662527
v -4.975425 2.62975 -1.0900248
v 3.1667018 6.383359 0.022543969
v 2.843403 6.71565 -0.089173995
v -3.058775 3.5180626 -1.0713708
v -3.3946 3.0649939 -1.1183442
v -3.5954373 3.6246414 -1.2280772
v -2.4679039 1.7332782 1.8823305
v -2.3333745 2.0372171 1.7414234
v -2.84985 2.2555938 1.7556437
v 1.8524121 0.96184385 1.0751758
v 1.8745422 1.7021985 1.160675
v 1.558736 1.3336031 0.7615657
v 1.944788 1.4136891 -2.1194267
v 1.8952776 1.1145328 -1.7827773
v 1.5764251 1.6613032 -1.7172469
v -5.9841824 6.8172917 0.42402685
v -5.5703144 6.7064266 0.27017578
v -6.000518 6.56628 -0.0036563706
v -5.381775 6.2519226 1.4070346
v -5.863239 6.251619 1.0002823
v -5.315875 6.1278687 1.0178885
v -5.381775 6.2519226 1.4070346
v -5.956196 6.2956605 1.4772432
v -5.863239 6.251619 1.0002823
v 2.3902388 1.4646125 1.4696656
v 2.279184 1.0136874 1.2498472
v -5.192147 0.90937984 -0.95795256
v -5.1399126 0.9219813 -0.52358127
v -0.90713155 2.2251263 -1.9357972
v -0.29470003 2.2904437 -1.8272531
v -0.45714688 1.757393 -1.703579
v 4.301172 1.7568094 1.7542374
v 4.9432297 1.888632 1.9298368
v 1.7808218 6.235828 0.09406975
v 1.4568689 6.421825 0.009310376
v -0.7652625 0.602225 -1.1834126
v -0.4028124 0.6885214 -0.57161427
v -0.71795 0.3918625 -0.8203625
v -1.8952992 8.412807 0.15016624
v -2.2479515 8.735125 -0.088580415
v -2.3537245 8.429303 0.34777367
v -0.7503867 2.6842215 -1.906424
v -0.081139855 2.6865368 -1.8629465
v -0.29470003 2.2904437 -1.8272531
v -0.988225 0.29623127 -1.0401312
v -0.71795 0.3918625 -0.8203625
v -1.2775687 0.050381247 1.6831343
v -1.6645485 0.19428125 1.4375165
v -1.1501954 0.035421878 1.145014
v 5.673656 1.5036 1.805275
v 5.83765 1.328325 1.4080719
v 5.6939 1.8715688 1.7928095
v 5.1099186 3.4206157 0.7988198
v 5.5613875 3.6133752 0.92003846
v 5.428508 3.8594906 0.6606151
v -2.2704735 2.490778 1.0140812
v -2.895465 2.9723182 0.9175745
v -2.6270814 2.665094 1.1477687
v 4.700036 2.389875 0.93681717
v 4.437153 2.0620344 1.1740844
v 4.6780624 2.2887125 1.4617374
v 4.700036 2.389875 0.93681717
v 4.519432 2.0872192 0.6982243
v -1.1530756 5.9759836 -1.3077549
v -1.3119069 5.3306723 -1.0662234
v -1.5169668 5.950013 -1.5382712
v -1.8375952 2.8034172 0.4808032
v -1.3732829 3.1108422 0.27823794
v -1.9771641 2.848653 0.12233359
v -1.5757234 6.980752 -1.8320053
v -1.4318652 6.590875 -1.5584182
v -1.8326063 6.5366917 -1.9137435
v -0.5600625 1.0804782 -1.4022233
v -0.2095875 0.9952 -0.859125
v -0.4028124 0.6885214 -0.57161427
v 2.8344016 3.3411171 1.73855
v 3.070404 3.7275348 1.6314538
v 2.8496873 3.5726008 1.2322632
v -0.77166873 3.0787094 -1.8985577
v -0.55889535 3.6956391 -1.906524
v 5.4415503 0.64838123 0.5968375
v 5.2639937 0.3534 0.3348375
v 5.5178328 0.80406326 0.27768457
v 2.5637515 3.8734689 -0.11896306
v 2.5270815 3.3310564 -0.012080252
v 2.887675 3.561531 0.1205635
v 3.2598188 6.775709 -0.30553025
v 3.6839328 6.702276 -0.5188388
v 3.7122877 5.6945686 0.1099135
v 4.0011597 5.869547 -0.057939626
v 3.6277986 6.0981374 0.02820725
v 2.066181 0.477308 0.8396599
v 1.8521168 0.5790777 0.40706915
v 2.2278314 0.165025 0.54218125
v -1.9875374 2.3793283 -1.5152156
v -2.3290484 2.0489905 -1.5912797
v -2.3372984 2.5482516 -0.97240776
v 2.2512875 2.839778 -0.04073428
v 1.8977875 2.6650686 -0.1830875
v -1.9866886 3.023022 -0.37352866
v -2.0178657 2.875661 -0.7797608
v -2.5836341 2.8341594 -0.6735092
v 2.6726623 2.3008027 -2.0544713
v 3.2123117 2.5475202 -1.9003559
v 3.2128196 2.156167 -2.0432572
v -4.7695627 6.2820625 1.1992741
v -5.315875 6.1278687 1.0178885
v -4.941706 6.084094 0.6545135
v 0.90486133 7.033084 -1.0477849
v 0.9581008 6.672575 -0.38229743
v 1.2274265 7.038067 -0.8066818
v 1.8936907 0.14624688 -0.69852185
v 1.523425 0.49027503 -0.61782503
v -2.7230594 6.669781 0.58642757
v -2.4401445 6.217165 0.33080345
v -2.2362688 6.537369 0.41873226
v -5.55777 0.6178453 -1.5949726
v -5.3859396 0.55018795 -1.0873431
v -5.2711086 1.0445817 -1.6060412
v 4.613906 4.9045715 -1.4143083
v 4.7290606 5.400534 -1.1708302
v 5.1295395 4.711713 -0.98506653
v 2.345633 4.7492423 -1.2451096
v 1.7440947 4.720845 -0.91986203
v 1.5798141 4.5878034 -1.37551
v 6.0978785 2.856783 0.31419536
v 5.7541313 2.8247187 -0.0316875
v 5.772091 3.2484264 -0.21547882
v -2.87625 1.0344657 -2.1789923
v -2.9796157 1.5663438 -2.1223874
v -2.557847 1.3079438 -2.0684767
v -2.8649523 6.340712 0.51708126
v -3.1611075 6.3765845 0.8097081
v -3.57162 6.4017916 0.37900344
v -3.4052596 3.4211938 1.0282009
v -3.9514494 4.2292414 0.8565799
v -3.7509093 3.3272376 1.1442646
v -3.2862408 6.179099 -1.0438557
v -2.971771 6.0765085 -1.5418293
v -3.1325998 5.7897625 -1.3218958
v -3.1025548 8.498483 -2.048377
v -3.3050063 8.398712 -1.7126553
v -2.8784716 8.564052 -1.6023214
v -0.19955157 1.3308187 0.41619533
v -0.31997168 1.3545069 0.78795445
v -0.5430301 0.82565 0.5829269
v -4.890032 2.4834816 1.1890688
v -5.1017594 1.7634125 1.112225
v -4.6211224 1.7340305 1.330518
v -3.2931468 4.8749437 0.5962697
v -3.5657814 4.4306436 0.7902854
v -3.213675 4.3926125 0.7393385
v 1.4632864 1.7580487 -0.19346392
v 1.3833609 1.2975955 -0.26869434
v 1.4830449 1.1309965 0.30562305
v -1.3999188 2.7956665 0.6006211
v -1.3732829 3.1108422 0.27823794
v -1.8375952 2.8034172 0.4808032
v 3.532175 3.7793646 -2.0018983
v 2.975525 3.9484 -1.9575491
v -1.1735988 2.6238925 -1.9222609
v -0.7503867 2.6842215 -1.906424
v -0.90713155 2.2251263 -1.9357972
v 2.195365 5.1650205 -1.7045003
v 2.7830267 4.980653 -1.7820731
v 2.7216423 4.4930754 -1.616867
v 5.955848 6.1495748 -0.75153494
v 6.0179567 6.5872455 -0.32609513
v 6.492184 6.0687246 -0.27781016
v -0.356775 1.5532625 1.1662875
v -0.59182954 1.4006062 1.5012469
v 1.944788 1.4136891 -2.1194267
v 2.1138468 1.9566844 -1.9968187
v 2.5846615 1.5826817 -2.2388086
v 2.1230938 2.8576436 -1.9137497
v 2.7500782 2.9757438 -2.0635464
v 2.2564 2.5521624 -2.043506
v -3.4274035 0.25757265 1.0903833
v -3.143475 0.087325 0.821725
v -2.716385 0.3833058 1.1699078
v -1.3732829 3.1108422 0.27823794
v -1.3999188 2.7956665 0.6006211
v -1.0293 2.7805874 0.6742532
v 0.6426629 6.4620748 -1.5943137
v -0.01388476 6.2767267 -1.1842378
v 0.20832682 6.670639 -1.0334268
v -4.3553157 8.140408 -1.1114408
v -4.5977087 8.269655 -0.7267724
v -4.2859983 8.600487 -0.64582443
v -2.397225 9.073376 -0.6838738
v -2.1467214 9.496105 -1.1010468
v -2.5183697 9.091896 -1.1156435
v 3.65875 2.0628514 -1.4949266
v 3.629121 1.9565389 -1.0692915
v 3.8654928 1.6476977 -1.4314694
v -4.8931904 0.4816969 -0.34565938
v -4.879632 0.5341699 -0.877
v 3.4670916 3.1667461 -1.9073863
v 3.9130156 3.626597 -1.8029021
v 4.1540813 3.400639 -1.3196445
v 5.655531 1.24835 0.37404376
v 5.391218 1.167611 0.13566719
v 5.5997357 1.6988297 0.25267968
v 3.5527248 1.6037219 1.148175
v 4.0539384 1.7571914 1.2692394
v 3.948121 1.7849085 0.6421063
v -1.5169668 5.950013 -1.5382712
v -2.2181318 5.610663 -1.6418889
v -1.9621547 6.0964165 -1.7328444
v -1.8213733 8.013949 -1.5041865
v -1.3197243 7.8876524 -1.2271849
v -1.5446923 7.7067494 -1.4573377
v -3.053328 2.607278 1.6562252
v -2.84985 2.2555938 1.7556437
v -2.6408372 2.5214267 1.5547299
v -3.053328 2.607278 1.6562252
v -2.84985 2.2555938 1.7556437
v 2.945764 0.27309063 -1.2358062
v 2.4258714 0.75211096 -1.6763828
v 3.0981665 0.74859923 -1.6921484
v -4.0492764 0.6439047 1.4699556
v -4.261079 1.0307093 1.5584667
v -4.2460127 0.52338755 1.1521876
v 2.0857344 3.225472 -1.6732181
v 2.0149312 3.5553288 -0.96488696
v 2.2868905 3.617136 -1.5662693
v -2.0972757 8.279659 -1.8747436
v -2.3435051 8.387604 -2.1347766
v -2.6591635 8.771818 -2.083891
v -5.1115165 6.6978683 1.2335476
v -5.344117 6.745613 0.9545066
v -5.457275 6.7217484 1.3644713
v -3.3506439 1.7137375 -2.1558733
v -3.2680807 1.206175 -2.1206772
v -3.605739 1.1258937 -2.0218859
v -4.0103464 0.9604982 2.7288735
v -3.8027914 1.2652757 2.9987903
v -3.8177714 1.4126472 2.4204597
v -4.3996124 2.7909937 1.2815754
v -4.3506436 2.3499625 1.376775
v -3.9340117 2.8667915 1.3250175
v 2.152578 6.400283 0.06689475
v 2.6582062 6.259666 0.1125635
v 2.3317966 6.747147 -0.06737088
v -4.3704953 8.644603 -0.20410526
v -4.2859983 8.600487 -0.64582443
v -4.5977087 8.269655 -0.7267724
v -0.75204104 4.797733 -1.2134867
v -0.46053907 5.2033834 -1.3761786
v -0.36118752 4.917219 -1.6848865
v -4.3506436 2.3499625 1.376775
v -4.890032 2.4834816 1.1890688
v -4.272114 1.9524641 1.4224298
v 4.3010874 1.1606157 -0.49845755
v 4.8285933 0.96765625 -0.40777677
v 4.5253415 1.0309782 -0.80464566
v -4.9909763 8.46752 0.47594905
v -4.727787 8.166591 0.70305806
v -4.4240236 8.397721 0.25054026
v 2.2774234 5.53356 -1.9491458
v 2.7830267 4.980653 -1.7820731
v 2.195365 5.1650205 -1.7045003
v 2.2774234 5.53356 -1.9491458
v 2.6953266 5.6143675 -2.007441
v 2.7830267 4.980653 -1.7820731
v 3.1340556 4.1505823 1.2140322
v 3.3386936 3.8739061 1.3866385
v 3.1590781 3.7214906 0.9615928
v 1.5228698 2.3386512 -0.40296686
v 1.4091835 2.5476086 -0.8938509
v 1.318202 2.1134086 -0.63858664
v 3.4675875 0.1807375 0.730725
v 3.5842297 0.070314065 1.150725
v 2.9561756 0.15388331 0.50827706
v -6.2799892 6.505263 1.5507569
v -5.863239 6.251619 1.0002823
v -5.956196 6.2956605 1.4772432
v -1.6255206 3.3345742 -0.4550714
v -2.0178657 2.875661 -0.7797608
v -1.9866886 3.023022 -0.37352866
v 1.719714 0.29145157 -0.24542657
v 2.1236038 0.037814062 -0.24161485
v 2.125522 0.09038438 0.16492578
v 0.20764688 3.7476788 0.42243457
v -0.34241796 3.7466393 0.4499721
v -0.17841563 3.31095 0.5364573
v 0.169 5.2406735 -1.9328467
v 0.5367625 5.5405884 -2.014324
v 3.4675875 0.1807375 0.730725
v 4.162294 0.16178125 0.7974188
v 3.5842297 0.070314065 1.150725
v -4.3353376 3.71155 1.0005884
v -3.9514494 4.2292414 0.8565799
v -4.4164248 4.060606 0.8436635
v -4.835203 3.4687407 0.92573065
v -4.3353376 3.71155 1.0005884
v -4.7890186 3.8460798 0.7680932
v 2.5867376 4.6896124 -0.546474
v 2.482131 4.2699757 -0.5443486
v 2.786489 4.7562437 -0.1481365
v -1.5247524 5.321854 -0.69330835
v -1.3119069 5.3306723 -1.0662234
v -1.1530756 5.9759836 -1.3077549
v -3.7881498 7.5200768 -0.35583284
v -3.4427495 7.256696 -0.3269518
v -3.495555 7.455026 0.2157963
v -1.8582687 5.8366218 0.011416625
v -2.1199079 5.4172173 0.18074945
v -1.7561905 5.187228 -0.27852714
v -4.30877 1.5877469 1.5521406
v -4.6211224 1.7340305 1.330518
v -4.261079 1.0307093 1.5584667
v -3.6130219 2.4423203 -1.8806796
v -3.2135727 2.2754436 -1.7610304
v -3.2922626 2.0399563 -2.042978
v -0.91067183 3.8564968 0.13849476
v -0.3810719 4.197954 0.31899083
v -0.8105969 4.2037563 0.052951
v 2.9318843 2.3182387 2.3578362
v 2.6839375 2.2795851 1.9641665
v 2.9602125 1.8025407 2.2565956
v -2.3412638 2.9565306 -0.18032828
v -1.9771641 2.848653 0.12233359
v -1.1418828 6.627569 -0.96167946
v -1.0689099 6.3407373 -1.1761355
v -1.0346985 6.7710447 -1.3295311
v -3.5887337 5.5123277 -0.9093951
v -3.3853064 5.90903 -0.64007634
v -3.2862408 6.179099 -1.0438557
v 1.3246658 4.3014274 -1.4346616
v 1.5209156 4.788435 -1.6811272
v 1.5798141 4.5878034 -1.37551
v 0.3551875 3.1144013 -1.801764
v -0.081139855 2.6865368 -1.8629465
v -0.30355936 3.2087593 -1.985962
v -5.374281 1.2954516 -0.36138517
v -5.1077204 0.64443433 -0.07000469
v -5.274545 0.9111062 0.2106625
v 2.9255972 2.4464355 1.1414729
v 2.8454862 2.1144066 0.89748245
v 2.368708 2.3910778 1.0940953
v 0.5908 6.5033875 -0.44601774
v 0.76628906 6.2579403 -0.062599
v 0.9581008 6.672575 -0.38229743
v 6.492184 6.0687246 -0.27781016
v 6.124044 5.728941 -0.23858963
v 6.5535674 5.553323 -0.4866114
v -4.644311 0.7959734 -2.2158194
v -4.0774517 0.78264594 -1.9528983
v -4.6358213 0.5376836 -1.9377937
v -5.4005127 3.335525 -0.026961502
v -5.314622 3.371953 -0.4432271
v -5.529756 2.920103 0.032587655
v -4.834061 4.146497 -0.6587912
v -5.1213684 3.605597 -0.6655053
v -5.094461 3.9289188 -0.37412557
v -4.834061 4.146497 -0.6587912
v -4.540724 3.4982672 -1.1104977
v -5.1213684 3.605597 -0.6655053
v -4.222663 0.090231255 -0.044912502
v -4.455817 0.20605624 -0.32475
v -3.9417877 0.07166563 -0.4116844
v -3.0791647 4.613928 -1.4183803
v -3.1447978 4.053466 -1.3004599
v -3.5138688 4.374094 -1.313185
v -2.7519202 3.1027827 0.44708025
v -2.278275 2.7976906 0.46481878
v -2.6440437 3.0845718 0.06446312
v -5.344117 6.745613 0.9545066
v -5.183936 6.7957754 0.41880906
v -5.68441 6.866968 0.84705746
v -2.095106 7.5371943 0.3122127
v -1.9875804 6.8685975 0.29114008
v -1.3822628 7.4025416 0.104327954
v -2.3537245 8.429303 0.34777367
v -2.2479515 8.735125 -0.088580415
v -2.735168 8.430062 0.3379268
v 4.058586 0.14461055 -0.67784023
v 3.7218156 0.04963594 -0.1930328
v 3.6332002 0.039743748 -0.5798688
v -2.0248985 4.9776564 -0.024147436
v -2.1199079 5.4172173 0.18074945
v -2.281953 4.602437 0.048318967
v -1.2325891 1.6501875 -2.1700249
v -1.508525 1.7685734 -1.9332079
v -0.90713155 2.2251263 -1.9357972
v 3.0272813 1.1825619 1.6265956
v 3.3823476 1.2731524 1.5559633
v 3.0126266 1.6215932 1.0513407
v 2.9602125 1.8025407 2.2565956
v 3.384069 1.8140688 2.0292375
v 3.27275 2.0989366 2.3460875
v -1.552911 6.9578266 0.20765099
v -1.1178422 6.996726 0.011100024
v -1.3822628 7.4025416 0.104327954
v -0.32880157 5.556493 -1.3130215
v -0.01388476 6.2767267 -1.1842378
v 0.0871875 6.019251 -1.4636552
v -4.190008 5.01896 -0.038661305
v -3.859364 5.352125 -0.3138185
v -4.0761395 5.138583 -0.5288974
v -1.7193282 0.17550468 0.8461156
v -2.1413202 0.17747343 0.93179846
v -1.7258937 0.06196875 0.44904375
v -5.0032396 6.0874066 -0.52983624
v -5.3849936 6.1028757 -0.36111936
v -5.0203104 6.558264 -0.21755686
v -3.7717376 5.0355186 0.41005725
v -3.4833999 5.278406 0.31168848
v 5.8408003 4.0513344 0.24526194
v 5.428508 3.8594906 0.6606151
v 5.9092875 3.6895218 0.641926
v -1.6292398 9.011594 -1.059896
v -1.2395018 8.809858 -1.4802425
v -2.1001008 8.608427 -1.3678647
v -1.6292398 9.011594 -1.059896
v -1.2395018 8.809858 -1.4802425
v 5.9560843 3.6480455 -0.12476775
v 5.772091 3.2484264 -0.21547882
v 5.7157373 3.8246531 -0.4537412
v -3.1447978 4.053466 -1.3004599
v -2.545704 4.4342475 -1.3237319
v -2.5087123 3.9275098 -0.9354042
v 4.3551064 4.7443132 -1.7036725
v 4.4588485 4.163083 -1.4217975
v 4.084897 4.156541 -1.8407959
v 1.7436724 7.286942 -1.0669029
v 2.5189388 7.3868513 -1.0853457
v 0.3551875 3.1144013 -1.801764
v 0.4560094 3.4871202 -1.8971303
v 0.76126254 3.36575 -1.5493369
v 3.1295 3.2679744 1.1634247
v 3.5856555 3.377465 1.4946051
v 3.240315 2.8451016 1.2942355
v 2.786489 4.7562437 -0.1481365
v 2.4864283 5.2636266 -0.17833847
v 2.5867376 4.6896124 -0.546474
v -0.9935742 4.6712813 -0.909938
v -1.3229525 4.2289224 -0.69599885
v -0.9177594 4.4461765 -0.32585993
v -4.2454343 1.1837078 -1.7460902
v -4.8080864 1.056275 -1.4323187
v -4.5532546 1.2806141 -1.199028
v 5.7157373 3.8246531 -0.4537412
v 5.4460125 4.187339 -0.75152874
v 5.7546844 4.2983093 -0.47791463
v -2.895465 2.9723182 0.9175745
v -2.2704735 2.490778 1.0140812
v -2.278275 2.7976906 0.46481878
v -0.46053907 5.2033834 -1.3761786
v -0.57525265 5.7027473 -0.9210825
v -0.32880157 5.556493 -1.3130215
v 2.6688633 3.741169 -1.8491163
v 2.2868905 3.617136 -1.5662693
v 2.4040937 4.0309687 -1.3356864
v -5.354701 0.79076314 -2.014916
v -5.4900455 0.48436406 -2.1649563
v -5.068424 0.41771874 -1.8257414
v 4.6837893 0.09632343 1.2993188
v 5.0171 0.27996248 1.3633251
v 4.9086723 0.44851872 1.7415562
v 5.0171 0.27996248 1.3633251
v 5.3563747 0.5604625 1.3396937
v -1.3167875 9.161113 -1.4737802
v -1.6292398 9.011594 -1.059896
v -0.8668781 9.075815 -1.2944316
v 3.5910296 2.8384624 2.1912313
v 3.2455907 2.6137996 2.412363
v 3.5593812 2.2622342 2.1616564
v -3.4240751 2.6615453 1.6163037
v -3.4400032 3.0030124 1.3068281
v -3.9340117 2.8667915 1.3250175
v -3.7011719 0.15270782 -0.83031714
v -3.8809748 0.5182209 -1.2021841
v -3.2006187 0.33608752 -1.3842195
v 2.5815363 0.08870586 0.34220508
v 2.7725563 0.18820626 -0.0295875
v 4.4500313 3.6742094 -0.91223025
v 4.206422 3.2155406 -0.77959293
v 2.4398906 2.0963287 0.40926564
v 2.833666 2.2368207 0.19479802
v 2.4319189 2.3804812 0.17264375
v 0.17800547 3.1154344 0.43675292
v 0.21327773 2.525605 0.37015116
v 1.5209156 4.788435 -1.6811272
v 1.3562984 5.093041 -1.9857475
v 1.5209156 4.788435 -1.6811272
v 3.6898594 0.52050155 -1.5452192
v 2.945764 0.27309063 -1.2358062
v 3.0981665 0.74859923 -1.6921484
v 4.3551064 4.7443132 -1.7036725
v -1.3732829 3.1108422 0.27823794
v -0.770339 3.5051312 0.40208536
v -1.2691774 3.5309 -0.116527855
v -4.216799 6.2515736 -0.51146436
v -3.781335 6.333558 -0.19834277
v -4.16119 6.2317204 0.089712724
v 1.6662031 0.62650627 0.034265622
v 1.4830449 1.1309965 0.30562305
v 1.3926313 0.87819844 -0.4398797
v -4.952485 8.137943 1.3382986
v -5.2313247 8.346176 1.065067
v -5.4083223 8.174509 1.3420703
v 5.9092875 3.6895218 0.641926
v 5.9886346 3.214728 0.97403187
v 6.135056 3.2853408 0.59217274
v 0.5553211 6.649966 -0.781906
v 0.90486133 7.033084 -1.0477849
v 2.0857344 3.225472 -1.6732181
v 2.1230938 2.8576436 -1.9137497
v 1.6925125 2.805675 -1.4905307
v -2.475669 0.12824102 -0.6413738
v -2.0444868 0.19626483 -0.0408875
v -2.8049831 0.20727226 -0.21067423
v -1.3822628 7.4025416 0.104327954
v -0.8687812 7.1304903 -0.37547582
v -0.59747183 7.5396166 -0.26364654
v 3.1507568 6.5064054 -1.9222021
v 3.4318905 6.8117065 -1.5492709
v 3.94512 6.6236744 -1.328524
v 3.0975077 0.58932495 1.5130172
v 3.0610015 0.15968907 1.2337251
v 3.54935 0.20390156 1.5487562
v 5.60105 2.4000816 0.17253983
v 5.7541313 2.8247187 -0.0316875
v 6.0978785 2.856783 0.31419536
v 5.60105 2.4000816 0.17253983
v 5.342356 2.760125 0.08292501
v 5.7541313 2.8247187 -0.0316875
v 4.46885 0.15391642 -1.1454828
v 4.047849 0.59386957 -1.6633625
v 4.390747 0.5416312 -1.462275
v 3.0981665 0.74859923 -1.6921484
v 2.6119647 0.9369109 -1.9991367
v -0.988225 0.29623127 -1.0401312
v -0.7652625 0.602225 -1.1834126
v -0.71795 0.3918625 -0.8203625
v -2.281953 4.602437 0.048318967
v -2.6271095 4.166166 0.25474787
v -2.4332561 4.041725 -0.2047498
v -2.6408372 2.5214267 1.5547299
v -3.0024624 2.8470328 1.3500956
v -3.053328 2.607278 1.6562252
v -2.8649523 6.340712 0.51708126
v -3.57162 6.4017916 0.37900344
v -3.2449985 6.2835784 -0.12944841
v -2.8533702 6.307858 0.1482342
v -2.8649523 6.340712 0.51708126
v -3.2449985 6.2835784 -0.12944841
v -1.4253731 3.7812934 -0.5604134
v -1.6255206 3.3345742 -0.4550714
v -1.2691774 3.5309 -0.116527855
v -4.727787 8.166591 0.70305806
v -4.3633404 8.108871 0.51313597
v -4.4240236 8.397721 0.25054026
v 4.7042317 0.72266364 1.9924263
v 5.183106 1.4236171 2.0158892
v 4.774069 1.2669251 2.065431
v -4.167777 6.855895 0.43812364
v -3.8312893 6.6399813 0.9490948
v -3.5966535 6.9335814 0.72799706
v 3.1707594 0.10137891 -0.39963126
v 2.6889281 0.115606256 -0.47708124
v 2.8991938 0.0156375 -0.8760375
v 2.2483187 2.2809563 0.68684685
v 2.0051563 2.1983626 0.975125
v 2.368708 2.3910778 1.0940953
v -1.0694313 3.2920032 -1.6899713
v -0.77166873 3.0787094 -1.8985577
v -1.1735988 2.6238925 -1.9222609
v -1.3989593 2.942675 -1.5763687
v -1.0694313 3.2920032 -1.6899713
v 0.76628906 6.2579403 -0.062599
v 0.9107088 5.3873715 0.18970276
v 1.1791844 6.159153 0.059047878
v -3.2862408 6.179099 -1.0438557
v -3.3853064 5.90903 -0.64007634
v 3.5646 2.3869624 -1.114075
v 3.5270061 2.4019814 -1.4924905
v 3.8993351 2.818812 -0.7860043
v -5.206101 8.212067 -0.17467791
v -5.737239 8.264091 -0.18048963
v -4.960244 1.8852386 -1.0662527
v -5.1399126 0.9219813 -0.52358127
v -5.374281 1.2954516 -0.36138517
v 2.2483187 2.2809563 0.68684685
v 1.7541149 2.046861 0.47733048
v 2.0051563 2.1983626 0.975125
v -1.363368 3.6930707 -1.0005608
v -1.1140624 3.9702125 -1.1811928
v -1.06585 3.67275 -1.4972802
v 0.90486133 7.033084 -1.0477849
v 1.2671143 7.2951517 -1.1573118
v 1.5715758 7.0448327 -1.4799075
v 3.758097 0.26017657 -0.8428781
v 4.0334377 0.22552499 -1.19295
v 4.058586 0.14461055 -0.67784023
v -0.8668781 9.075815 -1.2944316
v -0.5064036 9.261983 -1.5771918
v -0.2095875 0.9952 -0.859125
v 0.048279688 1.2176235 -0.40062815
v -0.4028124 0.6885214 -0.57161427
v 1.0118273 4.772974 0.09942131
v 0.89615464 4.2773795 0.05524163
v 4.299006 3.8282342 -1.4944272
v 4.084897 4.156541 -1.8407959
v 4.4588485 4.163083 -1.4217975
v 0.24300626 5.922269 -0.105023995
v -0.004737502 5.9384623 -0.401924
v 1.2450249 6.7915916 -1.6640458
v 1.5715758 7.0448327 -1.4799075
v 2.205521 6.6468453 -1.9759624
v 2.066181 0.477308 0.8396599
v 1.6318109 0.3746578 1.2742265
v 1.1894398 0.57094055 0.68860567
v -2.557847 1.3079438 -2.0684767
v -2.173825 0.8765984 -2.2784796
v -2.6360598 0.7179891 -2.3113046
v 3.7490172 2.8246708 -0.29676315
v 3.8181937 3.3400908 -0.1322709
v 3.3533921 3.114272 0.03486334
v -2.7831993 1.4326078 2.4782453
v -2.9904718 1.9376681 1.903568
v -3.329018 1.6379852 2.30536
v 0.80403125 5.793544 -2.0386992
v 1.3891125 5.4911127 -2.0771747
v 0.8695281 5.3740444 -2.0887303
v 2.6839375 2.2795851 1.9641665
v 2.396112 2.207239 1.5485687
v 2.6121502 1.889475 1.9158564
v 2.3752737 7.1762295 -1.4107045
v 2.2825532 6.9637036 -1.7253053
v 1.5715758 7.0448327 -1.4799075
v -5.354701 0.79076314 -2.014916
v -5.02191 0.9385871 -2.1424527
v -5.122712 0.5797535 -2.3357382
v -2.3290484 2.0489905 -1.5912797
v -2.4682953 1.6959093 -1.6899812
v -2.8402324 1.8782976 -1.8230708
v 5.83765 1.328325 1.4080719
v 5.9107466 1.6085672 0.754889
v -3.0800252 3.5648031 0.7789635
v -2.840875 3.673753 0.38455412
v -2.215253 0.065785944 -1.059986
v -1.9071298 0.16859688 -1.502189
v -1.793397 0.07269062 -1.1720282
v -4.2454343 1.1837078 -1.7460902
v -4.313244 1.6787562 -1.7659813
v -3.924321 1.4637406 -1.9538465
v -4.2454343 1.1837078 -1.7460902
v -4.5816846 1.7199032 -1.3243328
v -4.313244 1.6787562 -1.7659813
v -5.322297 2.4810967 -0.78007734
v -5.343504 2.0325608 -0.72839844
v -5.5419436 2.3690937 -0.3874
v -2.5182595 0.8305359 1.8316984
v -2.5509615 0.84370077 2.3469224
v -2.7812848 0.48127812 2.037324
v 4.3471947 5.1761856 -0.12998337
v 4.4483128 4.6858625 -0.1890615
v 4.671172 4.8025265 -0.45529974
v -0.356775 1.5532625 1.1662875
v -0.31997168 1.3545069 0.78795445
v -0.29671875 1.7589059 0.7302699
v 3.4670916 3.1667461 -1.9073863
v 2.7500782 2.9757438 -2.0635464
v 3.071014 3.4866202 -2.0479572
v 4.3449845 0.93314683 -1.2155609
v 4.047849 0.59386957 -1.6633625
v 3.9912906 1.1549547 -1.4835204
v 4.3010874 1.1606157 -0.49845755
v 3.9048703 1.4576046 -0.6018406
v -1.5343609 1.5214531 1.6058438
v -1.5569892 2.187788 0.99712586
v -1.9141874 1.88725 1.6300375
v -4.6980057 7.7942953 1.3024467
v -5.0861325 7.491772 1.0524969
v -4.972192 7.7662725 0.7439234
v 0.9349177 3.1435866 -0.79274994
v 1.2026837 3.896603 -0.82347155
v 1.07925 3.85565 -0.395549
v -0.770339 3.5051312 0.40208536
v -0.63399374 3.144039 0.56824136
v 1.6869402 0.6115457 -1.1334023
v 1.984175 0.220025 -1.102875
v 1.8936907 0.14624688 -0.69852185
v 3.7593455 4.529525 0.1787307
v 3.1472235 4.822943 0.13296819
v 3.1499062 4.182622 0.18011194
v -3.5887337 5.5123277 -0.9093951
v -4.0761395 5.138583 -0.5288974
v -3.859364 5.352125 -0.3138185
v -5.9841824 6.8172917 0.42402685
v -6.3789053 6.7692795 0.37262392
v -6.4125123 7.0348835 0.75147283
v 6.09455 2.06735 0.76975
v 5.9549923 2.135678 0.42309684
v 6.0880065 2.4589999 1.1849688
v 4.299006 3.8282342 -1.4944272
v 4.4588485 4.163083 -1.4217975
v 4.6218224 6.040552 -1.0140828
v 4.7290606 5.400534 -1.1708302
v 4.387336 5.684625 -1.5288584
v 4.0906286 4.908297 0.080266625
v 4.4483128 4.6858625 -0.1890615
v 4.3471947 5.1761856 -0.12998337
v 3.9912906 1.1549547 -1.4835204
v 4.047849 0.59386957 -1.6633625
v -4.2151117 6.0589 -1.0872792
v -4.238659 6.5966225 -1.02577
v -3.8068717 6.200904 -1.1088979
v 4.805673 0.22457929 -1.0399324
v 4.390747 0.5416312 -1.462275
v 4.7649374 0.62845 -0.97955
v -4.040105 1.422682 1.8783414
v -4.30877 1.5877469 1.5521406
v -4.261079 1.0307093 1.5584667
v -3.2357764 2.5462968 -1.2650967
v -3.7037375 2.7505655 -1.4737059
v -3.3946 3.0649939 -1.1183442
v -0.34241796 3.7466393 0.4499721
v -0.770339 3.5051312 0.40208536
v -0.17841563 3.31095 0.5364573
v 3.8664062 5.6286554 -1.9288287
v 4.151409 5.253077 -1.8597958
v 3.6704373 5.324416 -2.0035677
v -6.236452 6.9583173 1.1722682
v -5.8609705 6.732587 1.5490409
v -5.457275 6.7217484 1.3644713
v -1.9890254 4.466442 -0.9480223
v -2.1223233 3.9831517 -0.65123165
v -2.5087123 3.9275098 -0.9354042
v -4.6771975 2.6628075 -1.3693062
v -4.2443247 3.0386062 -1.3152936
v -4.1230187 2.725247 -1.7578278
v -2.1646109 0.06395508 -1.735279
v -2.8247867 0.13711211 -1.1794641
v -2.9349718 0.19509688 -1.822825
v -1.3180337 7.5746727 -1.018728
v -1.3197243 7.8876524 -1.2271849
v -1.5950344 8.043108 -0.8028349
v 0.3073969 4.5822372 0.31254163
v 0.20455626 5.297453 0.16761664
v -0.15756875 4.9978485 0.14944944
v 0.3073969 4.5822372 0.31254163
v 0.63092345 5.051617 0.24677914
v 0.20455626 5.297453 0.16761664
v -1.9875804 6.8685975 0.29114008
v -2.095106 7.5371943 0.3122127
v -2.3870258 6.984037 0.4447205
v -4.6604843 7.1493797 -0.87824273
v -5.036249 7.3012934 -0.5739266
v -5.1349206 7.583168 -0.79879314
v 4.519432 2.0872192 0.6982243
v 4.700036 2.389875 0.93681717
v 4.8799706 2.670775 0.48909473
v -5.1077204 0.64443433 -0.07000469
v -5.030219 0.6507 0.4716375
v -5.274545 0.9111062 0.2106625
v 0.9577767 0.33141446 1.7703807
v 1.6318109 0.3746578 1.2742265
v 1.4739149 0.3530086 1.8275797
v 4.9516535 5.6756654 -0.8647374
v 5.505168 5.7432737 -0.30922702
v 5.315878 6.1302295 -0.69463414
v -5.7010164 6.2249155 1.7548019
v -5.457275 6.7217484 1.3644713
v -5.8609705 6.732587 1.5490409
v 0.3201375 3.8777437 -2.0216427
v -0.06901094 3.553222 -2.0019991
v -0.055077348 4.06194 -2.0108538
v 0.4560094 3.4871202 -1.8971303
v -0.06901094 3.553222 -2.0019991
v 4.0011597 5.869547 -0.057939626
v 3.7596564 6.422672 -0.22688025
v 3.6277986 6.0981374 0.02820725
v 3.8993351 2.818812 -0.7860043
v 3.9324594 2.9846938 -1.1554216
v 4.206422 3.2155406 -0.77959293
v 3.5175133 4.2115307 -1.9982622
v 3.532175 3.7793646 -2.0018983
v 2.975525 3.9484 -1.9575491
v -2.0248985 4.9776564 -0.024147436
v -1.957428 4.683825 -0.440449
v 1.1791844 6.159153 0.059047878
v 1.4568689 6.421825 0.009310376
v 0.9581008 6.672575 -0.38229743
v -3.3690798 1.5511279 2.7113516
v -3.8027914 1.2652757 2.9987903
v -3.2858124 1.1584113 2.7728157
v -1.0689099 6.3407373 -1.1761355
v -1.1418828 6.627569 -0.96167946
v 6.5535674 5.553323 -0.4866114
v 5.862975 5.3439503 -0.38084275
v 6.095254 5.0183973 -0.48657203
v -1.7110344 6.2136216 -0.048750564
v -1.8612127 6.459972 0.24424787
v -2.4401445 6.217165 0.33080345
v -1.7108847 0.60167927 2.0145628
v -1.9731985 0.4570336 1.3582485
v -1.6645485 0.19428125 1.4375165
v -2.5463552 0.8054806 1.3961744
v -2.716385 0.3833058 1.1699078
v -1.9731985 0.4570336 1.3582485
v -3.6223564 3.9247937 0.9330697
v -3.9514494 4.2292414 0.8565799
v -3.3690798 1.5511279 2.7113516
v -3.329018 1.6379852 2.30536
v -3.8177714 1.4126472 2.4204597
v -1.1735988 2.6238925 -1.9222609
v -1.4807047 2.333195 -1.8068805
v -1.6085999 2.6440501 -1.5879749
v -4.8212514 6.7033253 0.7739444
v -4.691984 6.8247375 0.16584164
v -4.5621624 6.1754627 -0.94831145
v -5.0032396 6.0874066 -0.52983624
v -4.238659 6.5966225 -1.02577
v 2.205521 6.6468453 -1.9759624
v 2.8610437 6.826094 -1.8064365
v 3.1507568 6.5064054 -1.9222021
v -1.3180337 7.5746727 -1.018728
v -1.1923354 7.7125654 -0.54277873
v -1.2091148 7.0860696 -0.9765202
v -5.602342 6.036439 0.19626819
v -4.9410844 6.046672 -0.050240412
v -4.941706 6.084094 0.6545135
v -5.602342 6.036439 0.19626819
v -5.3849936 6.1028757 -0.36111936
v 6.124044 5.728941 -0.23858963
v 6.5535674 5.553323 -0.4866114
v -6.037505 8.267925 0.4528424
v -5.473343 8.073836 0.4614415
v -5.838808 8.4716215 0.8736256
v -1.9141874 1.88725 1.6300375
v -2.3333745 2.0372171 1.7414234
v -1.9454942 1.3924726 1.9022331
v -0.55889535 3.6956391 -1.906524
v -0.53115153 4.2783804 -1.788913
v -0.055077348 4.06194 -2.0108538
v -3.2862408 6.179099 -1.0438557
v -3.441866 6.259408 -1.4977293
v -2.971771 6.0765085 -1.5418293
v -0.24315 0.91754055 1.5442843
v -0.4948781 0.56474376 1.9174875
v -0.3916502 0.365025 1.3424525
v 2.2512875 2.839778 -0.04073428
v 2.4319189 2.3804812 0.17264375
v -4.2942142 3.2745514 1.1497177
v -4.3996124 2.7909937 1.2815754
v -3.9340117 2.8667915 1.3250175
v 2.555507 0.2886456 1.0659385
v 2.2000499 0.2457 1.2882812
v 2.066181 0.477308 0.8396599
v -5.4189515 6.6106596 -0.12053695
v -5.183936 6.7957754 0.41880906
v -3.8436313 0.06416251 2.186172
v -3.5549436 0.08302499 1.7510625
v -2.971771 6.0765085 -1.5418293
v -2.4322553 6.0764103 -1.7837131
v -2.2181318 5.610663 -1.6418889
v -0.53115153 4.2783804 -1.788913
v -0.08797891 4.5484915 -1.9584193
v -0.055077348 4.06194 -2.0108538
v -0.9935742 4.6712813 -0.909938
v -0.75204104 4.797733 -1.2134867
v -0.97107273 4.3416905 -1.1714146
v 2.5062644 1.153156 -2.806291
v 2.5846615 1.5826817 -2.2388086
v 3.0042012 1.1427996 -2.3827753
v -6.7309833 7.219741 1.0016842
v -6.236452 6.9583173 1.1722682
v -6.4125123 7.0348835 0.75147283
v -1.3197243 7.8876524 -1.2271849
v -1.3180337 7.5746727 -1.018728
v -1.2161329 7.261991 -1.3922807
v -2.8649523 6.340712 0.51708126
v -2.8533702 6.307858 0.1482342
v -2.4401445 6.217165 0.33080345
v 4.9432297 1.888632 1.9298368
v 4.774069 1.2669251 2.065431
v 5.183106 1.4236171 2.0158892
v -1.7108847 0.60167927 2.0145628
v -1.4897078 0.9409695 2.0004156
v -2.1950605 0.8678531 2.011035
v 2.5867376 4.6896124 -0.546474
v 2.4795732 4.6493225 -0.91575176
v 4.1974373 0.78068906 2.000825
v 4.41228 1.2906914 2.0219288
v 4.012105 1.1621406 1.9389329
v 1.7541149 2.046861 0.47733048
v 1.6426812 1.8073469 0.7391875
v 2.0051563 2.1983626 0.975125
v 5.2455297 4.546561 0.04878303
v 5.603841 4.700494 -0.2729115
v 5.108138 5.1580806 -0.45638737
v -2.7519202 3.1027827 0.44708025
v -3.0800252 3.5648031 0.7789635
v -2.895465 2.9723182 0.9175745
v 4.973278 0.12606953 -0.7151312
v 5.1995487 0.146784 -0.37428635
v 4.397925 0.099325 -0.43374062
v -3.2858124 1.1584113 2.7728157
v -2.7831993 1.4326078 2.4782453
v -3.3690798 1.5511279 2.7113516
v -1.8375952 2.8034172 0.4808032
v -1.9117843 2.6019 0.7844875
v -1.3999188 2.7956665 0.6006211
v -2.6408372 2.5214267 1.5547299
v -2.2704735 2.490778 1.0140812
v -2.6270814 2.665094 1.1477687
v -2.4682953 1.6959093 -1.6899812
v -2.557847 1.3079438 -2.0684767
v -2.8402324 1.8782976 -1.8230708
v -2.4682953 1.6959093 -1.6899812
v -2.2340813 1.337321 -1.7925375
v -2.557847 1.3079438 -2.0684767
v 5.331544 2.6024032 1.6400048
v 5.6322308 3.0938063 1.3160224
v 5.9560843 3.6480455 -0.12476775
v 5.7546844 4.2983093 -0.47791463
v 5.8408003 4.0513344 0.24526194
v -2.114183 2.2989454 1.2744781
v -1.5569892 2.187788 0.99712586
v -2.2704735 2.490778 1.0140812
v 5.3563747 0.5604625 1.3396937
v 4.9086723 0.44851872 1.7415562
v 5.0171 0.27996248 1.3633251
v -5.0438747 4.0557003 0.052313503
v -4.834061 4.146497 -0.6587912
v -5.094461 3.9289188 -0.37412557
v -2.0971327 4.346642 -0.50347006
v -1.9890254 4.466442 -0.9480223
v -1.957428 4.683825 -0.440449
v -4.394687 0.22214061 0.5655516
v -4.7104907 0.3178422 0.235225
v -4.222663 0.090231255 -0.044912502
v -0.89144844 1.0764782 -1.8447715
v -0.5600625 1.0804782 -1.4022233
v -0.7652625 0.602225 -1.1834126
v -2.1199079 5.4172173 0.18074945
v -2.2768593 5.853853 0.21414162
v -2.5159328 5.3487763 0.35421664
v -1.1923354 7.7125654 -0.54277873
v -1.1956407 7.090641 -0.5608021
v -1.2091148 7.0860696 -0.9765202
v 3.3823476 1.2731524 1.5559633
v 3.8019292 1.3884861 1.7165821
v 3.5527248 1.6037219 1.148175
v -2.5509615 0.84370077 2.3469224
v -2.9224858 0.7478156 2.6641827
v -2.5326316 0.38444415 2.5930269
v 4.206422 3.2155406 -0.77959293
v 4.4740276 3.4062324 -0.51559764
v 4.1573415 3.0809345 -0.43224126
v -3.9560807 2.216093 1.4902449
v -3.9340117 2.8667915 1.3250175
v -4.3506436 2.3499625 1.376775
v -2.8169155 4.4243593 0.5489916
v -3.213675 4.3926125 0.7393385
v -2.9490187 4.034006 0.6310135
v 6.237522 5.759841 -0.79390526
v 5.955848 6.1495748 -0.75153494
v 6.492184 6.0687246 -0.27781016
v -4.647122 2.051633 -1.5299077
v -4.313244 1.6787562 -1.7659813
v -4.5508003 2.39915 -1.7214625
v -3.8598366 1.8762875 -2.0979538
v -5.9848595 7.0394034 0.8534373
v -5.9841824 6.8172917 0.42402685
v -6.4125123 7.0348835 0.75147283
v 0.90486133 7.033084 -1.0477849
v 1.2450249 6.7915916 -1.6640458
v 4.3010874 1.1606157 -0.49845755
v 4.0825396 1.4797711 -0.04799453
v 4.5461125 1.2367527 -0.021982815
v 3.3171854 2.4148932 1.4382555
v 3.6982856 2.8249493 1.7162715
v 3.6054873 2.3795824 1.8104211
v 3.5842297 0.070314065 1.150725
v 3.54935 0.20390156 1.5487562
v 3.0610015 0.15968907 1.2337251
v -5.457275 6.7217484 1.3644713
v -5.344117 6.745613 0.9545066
v -5.68441 6.866968 0.84705746
v -4.0550194 0.270025 0.9412273
v -4.0492764 0.6439047 1.4699556
v -4.2460127 0.52338755 1.1521876
v 2.5815363 0.08870586 0.34220508
v 2.9561756 0.15388331 0.50827706
v -3.5041623 0.0551625 0.7129375
v -3.8497329 0.08003594 0.5200914
v -3.1978848 0.13743907 0.4076332
v 4.46885 0.15391642 -1.1454828
v 4.805673 0.22457929 -1.0399324
v 4.973278 0.12606953 -0.7151312
v 1.3833609 1.2975955 -0.26869434
v 1.3926313 0.87819844 -0.4398797
v 1.4830449 1.1309965 0.30562305
v -1.8917828 2.6889281 -1.2550201
v -1.3989593 2.942675 -1.5763687
v -1.6085999 2.6440501 -1.5879749
v -0.3810719 4.197954 0.31899083
v -0.33353594 4.65911 0.14780647
v -0.8105969 4.2037563 0.052951
v -5.400472 3.1195827 0.382707
v -5.5062313 2.6344223 0.4850509
v -5.2618265 3.0300312 0.7347503
v 3.4475367 2.0906863 1.6660837
v 3.6054873 2.3795824 1.8104211
v 3.5593812 2.2622342 2.1616564
v -3.748276 6.325036 0.79673636
v -3.1611075 6.3765845 0.8097081
v -3.8312893 6.6399813 0.9490948
v -3.1582189 0.1819 -0.15386875
v -2.8049831 0.20727226 -0.21067423
v 2.6839375 2.2795851 1.9641665
v 2.6121502 1.889475 1.9158564
v 2.9602125 1.8025407 2.2565956
v -4.941706 6.084094 0.6545135
v -4.5678954 6.1351714 0.46288928
v -4.3003836 6.335699 0.9598602
v 0.0871875 6.019251 -1.4636552
v 0.034567192 5.6480846 -1.6943913
v 3.1667018 6.383359 0.022543969
v 3.6277986 6.0981374 0.02820725
v 3.7596564 6.422672 -0.22688025
v -1.6645485 0.19428125 1.4375165
v -1.2660875 0.23568204 0.71748126
v -1.1501954 0.035421878 1.145014
v -2.8177257 0.6888485 1.6241403
v -2.5182595 0.8305359 1.8316984
v -2.7812848 0.48127812 2.037324
v 1.8952776 1.1145328 -1.7827773
v 2.4258714 0.75211096 -1.6763828
v -1.3548727 6.1893888 -0.40741345
v -1.7110344 6.2136216 -0.048750564
v -1.5404781 5.7377596 -0.299899
v -4.89529 7.72377 0.108222835
v -5.3349123 7.7916937 0.041582245
v -5.4594097 7.4717903 -0.15249632
v 4.301172 1.7568094 1.7542374
v 4.012105 1.1621406 1.9389329
v 4.41228 1.2906914 2.0219288
v 4.301172 1.7568094 1.7542374
v 3.8019292 1.3884861 1.7165821
v 4.012105 1.1621406 1.9389329
v -4.222663 0.090231255 -0.044912502
v -3.8497329 0.08003594 0.5200914
v 5.1099186 3.4206157 0.7988198
v 3.3594651 1.9000571 0.10881522
v 2.838976 1.920318 0.48265937
v 3.2687783 1.763922 0.57440317
v 2.1230938 2.8576436 -1.9137497
v 2.6688633 3.741169 -1.8491163
v 2.7500782 2.9757438 -2.0635464
v 2.0857344 3.225472 -1.6732181
v 2.6688633 3.741169 -1.8491163
v 4.437153 2.0620344 1.1740844
v 4.0539384 1.7571914 1.2692394
v 4.4692187 2.00975 1.5629313
v 0.96525717 0.6656112 1.3715076
v 1.0265872 0.71740055 1.8464544
v 1.5490407 0.7560843 1.7080368
v 0.17800547 3.1154344 0.43675292
v 0.20764688 3.7476788 0.42243457
v -0.17841563 3.31095 0.5364573
v -0.6886328 2.7088861 0.7909891
v -0.8296037 2.2977593 1.014307
v -0.2596203 2.7192793 0.65851426
v 1.0265872 0.71740055 1.8464544
v 0.9577767 0.33141446 1.7703807
v 1.0803149 0.4493078 2.101711
v 4.671172 4.8025265 -0.45529974
v 4.466251 5.7185926 -0.48628262
v 4.3471947 5.1761856 -0.12998337
v -3.2357764 2.5462968 -1.2650967
v -2.7452297 2.3160188 -1.3616188
v -3.2135727 2.2754436 -1.7610304
v -0.29671875 1.7589059 0.7302699
v 0.0705875 1.7775126 0.2990375
v -5.68441 6.866968 0.84705746
v -6.236452 6.9583173 1.1722682
v -5.457275 6.7217484 1.3644713
v 4.4483128 4.6858625 -0.1890615
v 4.6389155 4.294874 -0.34512743
v 4.671172 4.8025265 -0.45529974
v 4.4692187 2.00975 1.5629313
v 4.9432297 1.888632 1.9298368
v 4.6780624 2.2887125 1.4617374
v 3.6982856 2.8249493 1.7162715
v 3.6473937 3.2324123 1.8902131
v 3.5910296 2.8384624 2.1912313
v 2.8454862 2.1144066 0.89748245
v 2.9255972 2.4464355 1.1414729
v 3.161278 2.0502288 1.2439308
v 1.9158688 0.5992805 1.8034275
v 1.5490407 0.7560843 1.7080368
v 1.3669688 0.647125 2.0198689
v -3.3946 3.0649939 -1.1183442
v -3.058775 3.5180626 -1.0713708
v 1.719714 0.29145157 -0.24542657
v 2.125522 0.09038438 0.16492578
v 3.384069 1.8140688 2.0292375
v 3.5593812 2.2622342 2.1616564
v 3.27275 2.0989366 2.3460875
v -3.0791647 4.613928 -1.4183803
v -2.6269126 4.9363127 -1.526299
v -2.545704 4.4342475 -1.3237319
v -3.1537938 6.750094 0.73130095
v -3.1611075 6.3765845 0.8097081
v -2.7230594 6.669781 0.58642757
v -3.9691308 8.490635 0.4497041
v -4.3633404 8.108871 0.51313597
v -4.0672855 8.047034 0.7479198
v -3.6130219 2.4423203 -1.8806796
v -3.7037375 2.7505655 -1.4737059
v -3.2357764 2.5462968 -1.2650967
v -4.1930003 0.67950857 2.3962328
v -4.2251062 0.9116187 1.9776499
v -4.1930003 0.67950857 2.3962328
v -4.0103464 0.9604982 2.7288735
v -4.1038504 1.1738813 2.304275
v 2.3902388 1.4646125 1.4696656
v 2.279184 1.0136874 1.2498472
v 2.3435328 1.134777 1.7126957
v 5.342356 2.760125 0.08292501
v 5.3918934 3.121375 -0.1639869
v 5.7541313 2.8247187 -0.0316875
v -5.354701 0.79076314 -2.014916
v -5.2711086 1.0445817 -1.6060412
v -5.02191 0.9385871 -2.1424527
v 0.7284633 2.7860484 -0.32222322
v 0.5985117 2.3793542 -0.36058596
v 0.6286912 2.425272 -0.9003569
v -5.322297 2.4810967 -0.78007734
v -5.182528 2.9769812 -0.8413497
v -4.975425 2.62975 -1.0900248
v -3.7011719 0.15270782 -0.83031714
v -4.3162093 0.37703127 -0.87285626
v -3.8809748 0.5182209 -1.2021841
v 1.07925 3.85565 -0.395549
v 0.88128746 3.8360875 -0.075348996
v 0.85652816 3.2089095 -0.2817245
v -2.716385 0.3833058 1.1699078
v -2.5522203 0.110918745 0.8305578
v -2.1413202 0.17747343 0.93179846
v -4.7315006 8.341616 0.0039955303
v -4.9909763 8.46752 0.47594905
v -4.4240236 8.397721 0.25054026
v -3.3946 3.0649939 -1.1183442
v -3.9034398 3.2815378 -1.2413255
v -3.5954373 3.6246414 -1.2280772
v 1.5798141 4.5878034 -1.37551
v 1.5209156 4.788435 -1.6811272
v 2.345633 4.7492423 -1.2451096
v 5.391218 1.167611 0.13566719
v 5.0492296 1.3363891 -0.07737344
v 5.0863924 1.5183446 0.33855432
v -5.2493134 7.7864127 1.2434134
v -4.952485 8.137943 1.3382986
v -5.4083223 8.174509 1.3420703
v -3.8679075 7.0065436 -0.36420888
v -4.2117796 6.775325 -0.4996414
v -4.1400175 6.93626 -0.016963154
v 4.1712227 6.213351 -1.4716892
v 4.387336 5.684625 -1.5288584
v 3.7680094 6.1409187 -1.8409014
v -0.3916502 0.365025 1.3424525
v -0.45879063 0.509175 0.94975317
v -0.2511094 1.044388 1.0680792
v -1.2395018 8.809858 -1.4802425
v -1.5665176 8.640684 -1.0606852
v -4.0612555 7.8431234 1.0899783
v -3.7966623 7.576275 1.0223634
v 2.4487362 7.0673313 -0.506399
v 2.3317966 6.747147 -0.06737088
v 2.8295374 6.949584 -0.3673365
v 1.7808218 6.235828 0.09406975
v 1.4568689 6.421825 0.009310376
v -3.7582717 8.736025 -0.022982594
v -3.9691308 8.490635 0.4497041
v -3.5051508 8.61714 0.26704475
v 2.2774234 5.53356 -1.9491458
v 1.7930171 5.9282923 -2.1027575
v 2.2843344 6.02478 -2.100624
v 2.1860297 3.6401327 -0.5018977
v 2.5270815 3.3310564 -0.012080252
v 2.5637515 3.8734689 -0.11896306
v -0.770339 3.5051312 0.40208536
v -0.91067183 3.8564968 0.13849476
v -1.2691774 3.5309 -0.116527855
v -1.1923354 7.7125654 -0.54277873
v -0.59747183 7.5396166 -0.26364654
v -0.8687812 7.1304903 -0.37547582
v -1.056524 8.1863 -0.3175329
v -1.6044925 8.321625 -0.29318208
v -1.8952992 8.412807 0.15016624
v 3.284887 1.6577837 1.6092681
v 3.0272813 1.1825619 1.6265956
v 3.0126266 1.6215932 1.0513407
v 3.7042649 2.336792 -0.5365317
v 3.7223525 1.7536333 -0.27534765
v 3.611353 1.7968625 -0.6888734
v -4.691984 6.8247375 0.16584164
v -5.0203104 6.558264 -0.21755686
v -5.183936 6.7957754 0.41880906
v 1.1304562 4.25605 -0.24521774
v 1.4408171 4.371077 -0.846797
v 1.4385203 4.5986767 -0.46930367
v 0.113635935 1.418153 -0.008301564
v 0.048279688 1.2176235 -0.40062815
v 0.3398043 1.8678851 -0.2070797
v -0.2596203 2.7192793 0.65851426
v 0.17800547 3.1154344 0.43675292
v -0.17841563 3.31095 0.5364573
v -3.7794406 2.5408108 1.52513
v -3.9340117 2.8667915 1.3250175
v -3.9560807 2.216093 1.4902449
v 6.000514 2.8284283 1.202333
v 5.9886346 3.214728 0.97403187
v 5.6322308 3.0938063 1.3160224
v 3.071014 3.4866202 -2.0479572
v 2.7500782 2.9757438 -2.0635464
v 2.6688633 3.741169 -1.8491163
v 1.8952776 1.1145328 -1.7827773
v 1.6889594 0.8884469 -1.5356064
v 1.7818849 3.0012097 -0.5254085
v 1.6513379 3.006498 -1.0354054
v 1.4091835 2.5476086 -0.8938509
v -0.15756875 4.9978485 0.14944944
v -0.35225135 5.4447484 -0.38979083
v 1.558736 1.3336031 0.7615657
v 1.4309285 1.5103632 0.3150953
v -1.1501954 0.035421878 1.145014
v -1.2660875 0.23568204 0.71748126
v -0.8525261 0.30100077 0.871109
v -5.60316 8.809996 0.5230886
v -5.65336 8.7090645 0.13847014
v -6.128977 8.601515 0.32635316
v -3.718297 6.969569 -0.8749189
v -4.1101613 7.3187447 -1.2619897
v -3.5978951 7.117281 -1.3889251
v -2.6609688 4.8266845 0.45736662
v -2.8169155 4.4243593 0.5489916
v -2.6271095 4.166166 0.25474787
v -0.77166873 3.0787094 -1.8985577
v -0.30355936 3.2087593 -1.985962
v -0.7503867 2.6842215 -1.906424
v 0.7284633 2.7860484 -0.32222322
v 0.85652816 3.2089095 -0.2817245
v 0.59015 3.1487436 0.104994506
v 0.7284633 2.7860484 -0.32222322
v 0.9349177 3.1435866 -0.79274994
v 0.85652816 3.2089095 -0.2817245
v 4.4588485 4.163083 -1.4217975
v 4.7465186 4.22865 -0.88626075
v 4.4500313 3.6742094 -0.91223025
v -1.3229525 4.2289224 -0.69599885
v -1.4253731 3.7812934 -0.5604134
v -1.0806813 4.0919623 -0.3230365
v -3.442144 6.793913 -1.5359421
v -2.8712413 6.968483 -1.8523494
v -3.1537814 6.536187 -1.6517739
v -3.7940946 4.814521 -1.1830865
v -3.5138688 4.374094 -1.313185
v -3.88235 4.0771246 -1.225649
v -1.0293 2.7805874 0.6742532
v -0.63399374 3.144039 0.56824136
v -1.3732829 3.1108422 0.27823794
v -1.6938438 5.424925 -1.4136428
v -1.74053 5.027422 -1.2093945
v -2.2678156 5.136985 -1.5633615
v -3.5652251 0.063912496 -0.31451875
v -3.2463312 0.064475 -0.7294594
v -3.1582189 0.1819 -0.15386875
v 5.655531 1.24835 0.37404376
v 5.5997357 1.6988297 0.25267968
v 5.9107466 1.6085672 0.754889
v -3.2922626 2.0399563 -2.042978
v -3.2135727 2.2754436 -1.7610304
v -2.8402324 1.8782976 -1.8230708
v 3.8993351 2.818812 -0.7860043
v 4.1573415 3.0809345 -0.43224126
v 3.7490172 2.8246708 -0.29676315
v -1.9454942 1.3924726 1.9022331
v -2.3333745 2.0372171 1.7414234
v -2.4679039 1.7332782 1.8823305
v 5.673656 1.5036 1.805275
v 5.6939 1.8715688 1.7928095
v 5.183106 1.4236171 2.0158892
v 6.0978785 2.856783 0.31419536
v 6.1480875 2.5249188 0.55688125
v 5.9549923 2.135678 0.42309684
v -6.3789053 6.7692795 0.37262392
v -6.678303 6.329886 0.33654082
v -6.589304 6.5412426 0.7610719
v -1.638542 8.157512 -2.3888912
v -2.0972757 8.279659 -1.8747436
v -1.7768313 8.019081 -1.9557053
v -0.8206875 4.0979567 -1.5669928
v -0.55889535 3.6956391 -1.906524
v -1.06585 3.67275 -1.4972802
v -4.155675 2.386722 -1.963078
v -3.6130219 2.4423203 -1.8806796
v -3.8598366 1.8762875 -2.0979538
v -4.727787 8.166591 0.70305806
v -5.2313247 8.346176 1.065067
v -4.5022 8.036394 0.9859073
v 1.8521168 0.5790777 0.40706915
v 2.066181 0.477308 0.8396599
v 1.1894398 0.57094055 0.68860567
v -5.0891724 1.308725 1.0072469
v -4.926519 0.93183744 0.9908625
v -4.6217356 0.95634687 1.2015359
v 4.2027626 0.037009373 0.084081255
v 4.058586 0.14461055 -0.67784023
v 4.397925 0.099325 -0.43374062
v -3.5966535 6.9335814 0.72799706
v -3.8312893 6.6399813 0.9490948
v -3.1611075 6.3765845 0.8097081
v 2.945764 0.27309063 -1.2358062
v 2.8991938 0.0156375 -0.8760375
v 2.945764 0.27309063 -1.2358062
v 2.8991938 0.0156375 -0.8760375
v -4.16119 6.2317204 0.089712724
v -4.5678954 6.1351714 0.46288928
v -4.9410844 6.046672 -0.050240412
v 3.6652381 3.8057387 0.10810842
v 4.1761065 3.5299296 -0.30935055
v 4.300071 4.0068474 -0.19874352
v 3.8181937 3.3400908 -0.1322709
v 4.1761065 3.5299296 -0.30935055
v 3.6652381 3.8057387 0.10810842
v -3.4052596 3.4211938 1.0282009
v -2.895465 2.9723182 0.9175745
v -3.0800252 3.5648031 0.7789635
v -5.314622 3.371953 -0.4432271
v -5.1213684 3.605597 -0.6655053
v -2.5183697 9.091896 -1.1156435
v -2.9581442 8.727433 -1.0295208
v -2.7519412 8.807957 -0.58904076
v -4.216799 6.2515736 -0.51146436
v -4.517325 6.0262985 -0.80637085
v -4.2151117 6.0589 -1.0872792
v -4.216799 6.2515736 -0.51146436
v -5.0032396 6.0874066 -0.52983624
v -4.517325 6.0262985 -0.80637085
v -3.519256 0.10700469 0.17712969
v -3.1582189 0.1819 -0.15386875
v -4.238659 6.5966225 -1.02577
v -3.441866 6.259408 -1.4977293
v 4.824074 3.8452747 -0.5173104
v 4.7465186 4.22865 -0.88626075
v 5.1154876 4.3430753 -0.832724
v -3.6143901 8.459236 0.59009665
v -3.5051508 8.61714 0.26704475
v -3.9691308 8.490635 0.4497041
v 1.7436724 7.286942 -1.0669029
v 1.966025 7.0918503 -0.558974
v 2.4487362 7.0673313 -0.506399
v 1.1791844 6.159153 0.059047878
v 0.9581008 6.672575 -0.38229743
v -1.5665176 8.640684 -1.0606852
v -2.1001008 8.608427 -1.3678647
v -1.2395018 8.809858 -1.4802425
v 5.6509695 4.9463196 -0.5780875
v 5.7104807 5.385478 -0.98601717
v 6.095254 5.0183973 -0.48657203
v 1.8274204 6.823625 -0.18234277
v 2.3317966 6.747147 -0.06737088
v 2.4487362 7.0673313 -0.506399
v -2.6360598 0.7179891 -2.3113046
v -1.7200683 0.4876721 -2.480278
v -2.2826383 0.21318671 -2.398862
v -4.3553157 8.140408 -1.1114408
v -4.53578 7.786006 -0.9057838
v -4.5977087 8.269655 -0.7267724
v 1.5634593 7.0195436 -0.5353427
v 1.966025 7.0918503 -0.558974
v 1.7436724 7.286942 -1.0669029
v 4.6997824 1.4344704 0.27842927
v 4.273694 1.6982405 0.36216873
v 4.519432 2.0872192 0.6982243
v 4.0825396 1.4797711 -0.04799453
v 4.273694 1.6982405 0.36216873
v -0.35225135 5.4447484 -0.38979083
v -0.004737502 5.9384623 -0.401924
v -0.29197967 5.7788687 -0.68543106
v -4.53578 7.786006 -0.9057838
v -4.671178 8.157022 -0.38850367
v -4.5977087 8.269655 -0.7267724
v -3.2463312 0.064475 -0.7294594
v -2.8247867 0.13711211 -1.1794641
v -2.215253 0.065785944 -1.059986
v -3.9560807 2.216093 1.4902449
v -3.3807797 2.1059783 1.7109468
v -3.7794406 2.5408108 1.52513
v 1.8936907 0.14624688 -0.69852185
v 2.4008923 0.038317185 -0.88956094
v 2.1236038 0.037814062 -0.24161485
v -5.344117 6.745613 0.9545066
v -4.8212514 6.7033253 0.7739444
v -5.5985355 8.045653 1.0676792
v -5.759541 8.530746 1.2743338
v -5.838808 8.4716215 0.8736256
v 3.4675875 0.1807375 0.730725
v 3.3964753 0.22651437 0.23909883
v 1.7459898 2.2933023 -1.8179836
v 1.6925125 2.805675 -1.4905307
v 2.1230938 2.8576436 -1.9137497
v 5.7157373 3.8246531 -0.4537412
v 4.824074 3.8452747 -0.5173104
v 5.4460125 4.187339 -0.75152874
v 1.5924637 5.322712 -0.006595485
v 1.0118273 4.772974 0.09942131
v 1.4930375 4.9338374 -0.22829275
v 4.8772454 2.7290375 1.1267189
v 4.978826 2.4656 1.6327736
v 5.1729097 3.152062 1.1344435
v -6.377622 6.301861 0.56459165
v -6.4578724 6.054471 0.04875725
v -5.9734573 6.158333 0.41488382
v -3.57162 6.4017916 0.37900344
v -4.16119 6.2317204 0.089712724
v -3.781335 6.333558 -0.19834277
v -4.647122 2.051633 -1.5299077
v -4.313244 1.6787562 -1.7659813
v -4.5816846 1.7199032 -1.3243328
v -0.45714688 1.757393 -1.703579
v -0.89144844 1.0764782 -1.8447715
v -0.8627 1.6268718 -1.9722047
v -2.9490187 4.034006 0.6310135
v -3.2789812 3.953425 0.83687603
v 2.16437 4.8908176 -0.91364056
v 2.2535968 5.052161 -0.51447403
v 1.8598251 4.933256 -0.6018115
v -4.317649 4.739211 -0.7789975
v -4.0761395 5.138583 -0.5288974
v -3.7940946 4.814521 -1.1830865
v 4.9432297 1.888632 1.9298368
v 5.6939 1.8715688 1.7928095
v 5.416581 2.1351376 1.840625
v 4.9432297 1.888632 1.9298368
v 5.183106 1.4236171 2.0158892
v 5.6939 1.8715688 1.7928095
v 3.7593455 4.529525 0.1787307
v 3.6497788 5.1980305 0.17614865
v 3.1472235 4.822943 0.13296819
v 0.20832682 6.670639 -1.0334268
v -0.01388476 6.2767267 -1.1842378
v 0.16372031 6.328698 -0.7488091
v 5.1099186 3.4206157 0.7988198
v 5.005867 3.8006961 0.2791973
v 4.92373 3.1224155 0.22949144
v 1.5228698 2.3386512 -0.40296686
v 1.318202 2.1134086 -0.63858664
v 1.4632864 1.7580487 -0.19346392
v -5.9932413 7.98426 -0.35240886
v -5.6587324 7.547503 -0.4859342
v -5.4594097 7.4717903 -0.15249632
v 1.3562984 5.093041 -1.9857475
v 0.8695281 5.3740444 -2.0887303
v 1.3891125 5.4911127 -2.0771747
v 0.22262812 1.7144282 -1.0169344
v 0.25544375 2.0138626 -1.3145281
v 0.6286912 2.425272 -0.9003569
v -1.3252039 7.5063305 -2.4322376
v -1.515889 7.7921352 -2.162959
v -1.6410328 7.4876375 -1.8121676
v 3.7596564 6.422672 -0.22688025
v 3.6839328 6.702276 -0.5188388
v 3.2598188 6.775709 -0.30553025
v -0.24315 0.91754055 1.5442843
v -0.2511094 1.044388 1.0680792
v -0.59182954 1.4006062 1.5012469
v 5.351528 4.2412186 0.3182885
v 5.005867 3.8006961 0.2791973
v 5.428508 3.8594906 0.6606151
v -0.7464903 6.740183 -0.29931945
v -1.2285845 6.5760016 -0.032771476
v -1.1848059 6.725797 -0.5669022
v -3.4400032 3.0030124 1.3068281
v -3.0024624 2.8470328 1.3500956
v -2.895465 2.9723182 0.9175745
v -4.2117796 6.775325 -0.4996414
v -4.5987625 6.731372 -0.1980705
v -4.1400175 6.93626 -0.016963154
v 0.3073969 4.5822372 0.31254163
v 0.552932 4.016993 0.28011584
v 0.89615464 4.2773795 0.05524163
v 1.4632864 1.7580487 -0.19346392
v 1.7541149 2.046861 0.47733048
v 1.7429297 2.0437436 0.052129686
v 5.391218 1.167611 0.13566719
v 5.5178328 0.80406326 0.27768457
v 5.2449875 0.9976703 -0.16194844
v -2.2678156 5.136985 -1.5633615
v -1.74053 5.027422 -1.2093945
v -2.255178 4.785822 -1.406274
v -1.5173312 0.07947344 -0.15256095
v -1.2421563 0.060609378 -0.6702187
v 4.390747 0.5416312 -1.462275
v 4.3449845 0.93314683 -1.2155609
v 4.5253415 1.0309782 -0.80464566
v 6.1480875 2.5249188 0.55688125
v 6.1728935 2.775347 0.87203777
v -2.8248172 7.7656226 -2.0767741
v -2.616509 7.273752 -2.1145823
v -2.5087123 3.9275098 -0.9354042
v -2.4889886 3.422819 -0.52650106
v -3.058775 3.5180626 -1.0713708
v 3.6982856 2.8249493 1.7162715
v 3.240315 2.8451016 1.2942355
v 3.5856555 3.377465 1.4946051
v -3.5657814 4.4306436 0.7902854
v -3.2931468 4.8749437 0.5962697
v -3.8931327 4.6062813 0.684808
v -3.8598366 1.8762875 -2.0979538
v -3.924321 1.4637406 -1.9538465
v -4.313244 1.6787562 -1.7659813
v -2.7519202 3.1027827 0.44708025
v -2.895465 2.9723182 0.9175745
v -2.278275 2.7976906 0.46481878
v -2.87625 1.0344657 -2.1789923
v -3.2680807 1.206175 -2.1206772
v -2.9796157 1.5663438 -2.1223874
v -2.5509615 0.84370077 2.3469224
v -2.350964 1.3802031 2.2206483
v -2.7831993 1.4326078 2.4782453
v -0.33353594 4.65911 0.14780647
v -0.9177594 4.4461765 -0.32585993
v -0.8105969 4.2037563 0.052951
v 3.6704373 5.324416 -2.0035677
v 3.1340985 5.3034267 -2.0107994
v 3.2782536 5.994972 -2.0265493
v -1.3112311 5.8385344 -0.7509271
v -1.213524 6.320842 -0.71901435
v 3.7593455 4.529525 0.1787307
v 4.1317096 4.380653 0.046791628
v 4.0906286 4.908297 0.080266625
v -1.0346985 6.7710447 -1.3295311
v -1.2161329 7.261991 -1.3922807
v -1.2091148 7.0860696 -0.9765202
v 2.1236038 0.037814062 -0.24161485
v 2.4008923 0.038317185 -0.88956094
v 2.6889281 0.115606256 -0.47708124
v 4.700036 2.389875 0.93681717
v 4.6780624 2.2887125 1.4617374
v 4.8772454 2.7290375 1.1267189
v 0.6426629 6.4620748 -1.5943137
v 1.1120988 6.241494 -1.988599
v 0.80403125 5.793544 -2.0386992
v -2.4401445 6.217165 0.33080345
v -2.8212485 5.9434996 0.16762054
v 3.9912906 1.1549547 -1.4835204
v 3.7319183 1.1226457 -1.9124289
v 3.8654928 1.6476977 -1.4314694
v 1.8274204 6.823625 -0.18234277
v 1.5634593 7.0195436 -0.5353427
v -3.1537938 6.750094 0.73130095
v -2.7230594 6.669781 0.58642757
v -3.1404433 7.227474 0.36492035
v -1.0397125 0.077700004 -0.1939
v -0.80828047 0.2921125 0.26283205
v -5.0861325 7.491772 1.0524969
v -5.2493134 7.7864127 1.2434134
v -4.972192 7.7662725 0.7439234
v 5.1729097 3.152062 1.1344435
v 4.978826 2.4656 1.6327736
v 5.331544 2.6024032 1.6400048
v -3.5918546 6.319643 -0.5788853
v -4.216799 6.2515736 -0.51146436
v -3.8068717 6.200904 -1.1088979
v 1.4408171 4.371077 -0.846797
v 1.5798141 4.5878034 -1.37551
v 1.7440947 4.720845 -0.91986203
v -4.4164248 4.060606 0.8436635
v -3.9514494 4.2292414 0.8565799
v -4.5281563 4.3634343 0.5610447
v -3.8068717 6.200904 -1.1088979
v -4.216799 6.2515736 -0.51146436
v -4.2151117 6.0589 -1.0872792
v 0.04280625 1.3679812 -0.91760623
v -0.21857499 1.3643374 -1.3011124
v 0.22262812 1.7144282 -1.0169344
v -2.3870258 6.984037 0.4447205
v -2.728128 7.153 0.5130916
v -3.2680807 1.206175 -2.1206772
v -3.605739 1.1258937 -2.0218859
v -6.128977 8.601515 0.32635316
v -5.838808 8.4716215 0.8736256
v -5.60316 8.809996 0.5230886
v -4.3633404 8.108871 0.51313597
v -3.9691308 8.490635 0.4497041
v -4.4240236 8.397721 0.25054026
v -3.8177714 1.4126472 2.4204597
v -3.329018 1.6379852 2.30536
v -3.6870656 1.574361 1.9374439
v -4.671178 8.157022 -0.38850367
v -4.3704953 8.644603 -0.20410526
v -4.5977087 8.269655 -0.7267724
v 5.005867 3.8006961 0.2791973
v 5.351528 4.2412186 0.3182885
v 5.2455297 4.546561 0.04878303
v -1.9875804 6.8685975 0.29114008
v -1.8612127 6.459972 0.24424787
v -1.4055336 0.2858914 -1.9381859
v -1.7200683 0.4876721 -2.480278
v -1.1391109 0.804775 -2.1449451
v -1.5584733 3.1451697 -0.14422938
v -1.2691774 3.5309 -0.116527855
v -1.6255206 3.3345742 -0.4550714
v -2.9904718 1.9376681 1.903568
v -2.84985 2.2555938 1.7556437
v -3.3807797 2.1059783 1.7109468
v 1.4091835 2.5476086 -0.8938509
v 1.6925125 2.805675 -1.4905307
v 1.4517124 2.4146123 -1.28065
v 4.047849 0.59386957 -1.6633625
v 4.46885 0.15391642 -1.1454828
v 4.0334377 0.22552499 -1.19295
v 0.6426629 6.4620748 -1.5943137
v 0.5367625 5.5405884 -2.014324
v 0.169 5.2406735 -1.9328467
v -4.262651 7.147469 -0.9751209
v -4.1101613 7.3187447 -1.2619897
v -4.438613 7.4735518 -0.44472635
v 3.0272813 1.1825619 1.6265956
v 2.70587 0.9878733 1.880041
v 2.7139492 0.6048026 1.4568985
v 5.9640794 6.2928495 -0.12754197
v 6.607212 6.4484653 -0.13523082
v 6.0179567 6.5872455 -0.32609513
v 5.9549923 2.135678 0.42309684
v 6.1480875 2.5249188 0.55688125
v 6.0880065 2.4589999 1.1849688
v -0.08797891 4.5484915 -1.9584193
v -0.53115153 4.2783804 -1.788913
v -0.36118752 4.917219 -1.6848865
v -3.1404433 7.227474 0.36492035
v -2.3870258 6.984037 0.4447205
v -2.4801404 7.5281 0.45725277
v -2.728128 7.153 0.5130916
v -2.3870258 6.984037 0.4447205
v 3.2782536 5.994972 -2.0265493
v 2.7801235 6.094104 -2.077282
v 3.1507568 6.5064054 -1.9222021
v 5.83765 1.328325 1.4080719
v 5.6097374 0.89928746 1.39725
v 5.7473755 1.11775 0.99642503
v -5.4900455 0.48436406 -2.1649563
v -5.122712 0.5797535 -2.3357382
v -5.068424 0.41771874 -1.8257414
v 3.6054873 2.3795824 1.8104211
v 3.4475367 2.0906863 1.6660837
v 3.3171854 2.4148932 1.4382555
v -3.8312893 6.6399813 0.9490948
v -4.3003836 6.335699 0.9598602
v 5.6516 1.0113 0.651
v 5.5178328 0.80406326 0.27768457
v 5.655531 1.24835 0.37404376
v 5.6516 1.0113 0.651
v 5.5178328 0.80406326 0.27768457
v -5.7010164 6.2249155 1.7548019
v -5.381775 6.2519226 1.4070346
v -5.457275 6.7217484 1.3644713
v 2.838976 1.920318 0.48265937
v 2.8454862 2.1144066 0.89748245
v 3.0126266 1.6215932 1.0513407
v -5.9734573 6.158333 0.41488382
v -5.863239 6.251619 1.0002823
v 2.045206 2.267993 0.12344336
v 1.8977875 2.6650686 -0.1830875
v 5.603841 4.700494 -0.2729115
v 5.6720514 4.444386 -0.01958025
v 5.7546844 4.2983093 -0.47791463
v -1.793397 0.07269062 -1.1720282
v -1.9071298 0.16859688 -1.502189
v -1.4278117 0.35207656 -1.4094298
v 2.8496873 3.5726008 1.2322632
v 2.8237278 3.8689697 0.9928731
v 3.1590781 3.7214906 0.9615928
v -3.3804708 5.7518005 -0.15348807
v -3.3853064 5.90903 -0.64007634
v 2.8237278 3.8689697 0.9928731
v 3.1340556 4.1505823 1.2140322
v 2.909807 4.2109504 0.86042154
v -1.8375952 2.8034172 0.4808032
v -2.278275 2.7976906 0.46481878
v 2.9081242 5.4011774 0.10136507
v 3.283743 5.796217 0.15921
v 2.834403 5.906925 0.14586662
v -3.2357764 2.5462968 -1.2650967
v -2.5836341 2.8341594 -0.6735092
v -2.7452297 2.3160188 -1.3616188
v -0.31997168 1.3545069 0.78795445
v -0.2511094 1.044388 1.0680792
v -0.5430301 0.82565 0.5829269
v -3.9417877 0.07166563 -0.4116844
v -3.5652251 0.063912496 -0.31451875
v -3.863225 0.0448 -0.0415
v -4.222663 0.090231255 -0.044912502
v -3.9417877 0.07166563 -0.4116844
v -3.4635863 8.571014 -1.2582486
v -3.6891875 8.096251 -1.5513365
v -3.980639 8.410553 -1.2452404
v -2.2826383 0.21318671 -2.398862
v -2.528503 0.088726565 -2.1655757
v 2.205521 6.6468453 -1.9759624
v 1.5715758 7.0448327 -1.4799075
v 2.2825532 6.9637036 -1.7253053
v 0.113635935 1.418153 -0.008301564
v 0.0705875 1.7775126 0.2990375
v -0.19955157 1.3308187 0.41619533
v 5.432702 1.0051671 1.8167671
v 5.183106 1.4236171 2.0158892
v 4.7042317 0.72266364 1.9924263
v 4.1311736 0.08392812 1.5620999
v 3.8121095 0.4591031 1.8170938
v 3.54935 0.20390156 1.5487562
v -4.0550194 0.270025 0.9412273
v -4.394687 0.22214061 0.5655516
v -3.8497329 0.08003594 0.5200914
v 5.128565 5.343788 -0.99342954
v 5.1295395 4.711713 -0.98506653
v 4.7290606 5.400534 -1.1708302
v 3.8121095 0.4591031 1.8170938
v 4.1974373 0.78068906 2.000825
v 3.6009686 0.89936244 1.8141007
v 2.7139492 0.6048026 1.4568985
v 3.0610015 0.15968907 1.2337251
v 3.0975077 0.58932495 1.5130172
v -2.1646109 0.06395508 -1.735279
v -1.9071298 0.16859688 -1.502189
v 2.0384812 0.76952344 1.5092001
v 1.8524121 0.96184385 1.0751758
v 1.5490407 0.7560843 1.7080368
v -5.4005127 3.335525 -0.026961502
v -5.400472 3.1195827 0.382707
v -5.1932125 3.6356468 0.3794885
v -5.4005127 3.335525 -0.026961502
v -5.529756 2.920103 0.032587655
v -5.400472 3.1195827 0.382707
v -2.308878 0.16703437 0.2870453
v -2.5522203 0.110918745 0.8305578
v -0.31200624 2.3013983 0.72197497
v -0.4894344 1.9181063 1.1322813
v -0.29671875 1.7589059 0.7302699
v 0.6963125 3.5353374 0.075732246
v 0.20764688 3.7476788 0.42243457
v 0.59015 3.1487436 0.104994506
v -3.9560807 2.216093 1.4902449
v -3.7950485 1.7852399 1.6483914
v -3.3807797 2.1059783 1.7109468
v 0.0871875 6.019251 -1.4636552
v -0.01388476 6.2767267 -1.1842378
v 0.6426629 6.4620748 -1.5943137
v -4.540724 3.4982672 -1.1104977
v -4.3950486 4.201495 -1.0339615
v -1.8326063 6.5366917 -1.9137435
v -1.9621547 6.0964165 -1.7328444
v -2.195983 6.4678335 -2.1171708
v -3.159586 8.271411 0.54665804
v -3.6143901 8.459236 0.59009665
v -3.5965276 8.095118 0.66139007
v 3.5527248 1.6037219 1.148175
v 3.948121 1.7849085 0.6421063
v -5.5419436 2.3690937 -0.3874
v -5.4658475 2.932022 -0.3941284
v -5.322297 2.4810967 -0.78007734
v -5.5965815 2.515203 -0.051796876
v -5.4658475 2.932022 -0.3941284
v -4.835203 3.4687407 0.92573065
v -4.890032 2.4834816 1.1890688
v -1.8781567 7.4102554 -2.4417105
v -2.3793154 7.9055586 -2.2720132
v -1.9809266 8.054264 -2.399802
v 0.85652816 3.2089095 -0.2817245
v 0.9349177 3.1435866 -0.79274994
v 1.07925 3.85565 -0.395549
v -0.5605227 0.17272344 1.8388531
v -0.3916502 0.365025 1.3424525
v -0.4948781 0.56474376 1.9174875
v 5.60105 2.4000816 0.17253983
v 5.2874413 2.0182812 0.34269065
v -1.957428 4.683825 -0.440449
v -1.9890254 4.466442 -0.9480223
v -1.6877942 4.8236284 -0.71181476
v 0.8053981 0.2889241 1.1927929
v 0.96525717 0.6656112 1.3715076
v 1.1014565 0.463378 1.0743088
v 2.066181 0.477308 0.8396599
v 2.2278314 0.165025 0.54218125
v 2.5276065 0.09085 0.7566625
v -4.6217356 0.95634687 1.2015359
v -4.6211224 1.7340305 1.330518
v -5.0891724 1.308725 1.0072469
v -4.6217356 0.95634687 1.2015359
v -4.261079 1.0307093 1.5584667
v -4.6211224 1.7340305 1.330518
v -6.037505 8.267925 0.4528424
v -5.844639 7.9192686 0.17976186
v -5.473343 8.073836 0.4614415
v 5.8408003 4.0513344 0.24526194
v 5.9092875 3.6895218 0.641926
v 6.0907345 3.426556 0.24635412
v -3.718297 6.969569 -0.8749189
v -4.2117796 6.775325 -0.4996414
v -3.8679075 7.0065436 -0.36420888
v 5.0863924 1.5183446 0.33855432
v 5.0492296 1.3363891 -0.07737344
v 4.6997824 1.4344704 0.27842927
v -1.2863874 0.072225004 0.34828985
v -0.80828047 0.2921125 0.26283205
v -1.2660875 0.23568204 0.71748126
v 2.8344016 3.3411171 1.73855
v 2.8268898 2.9090133 1.4056134
v 2.9302874 2.8562403 2.1185799
v -1.7110344 6.2136216 -0.048750564
v -1.2285845 6.5760016 -0.032771476
v -1.8612127 6.459972 0.24424787
v 3.0331125 0.66741246 -2.235078
v 3.4044166 1.0044793 -2.3564339
v 3.5110252 0.7516812 -2.0230188
v 2.8363209 0.44033724 -2.8570151
v 3.4044166 1.0044793 -2.3564339
v 6.5535674 5.553323 -0.4866114
v 6.095254 5.0183973 -0.48657203
v 5.7104807 5.385478 -0.98601717
v 4.3449845 0.93314683 -1.2155609
v 3.9912906 1.1549547 -1.4835204
v 4.0563126 1.4503485 -1.0684531
v 5.432702 1.0051671 1.8167671
v 5.3563747 0.5604625 1.3396937
v 5.6097374 0.89928746 1.39725
v 6.0907345 3.426556 0.24635412
v 5.772091 3.2484264 -0.21547882
v 5.9560843 3.6480455 -0.12476775
v -1.3822628 7.4025416 0.104327954
v -1.1178422 6.996726 0.011100024
v -0.8687812 7.1304903 -0.37547582
v 5.955848 6.1495748 -0.75153494
v 5.315878 6.1302295 -0.69463414
v 5.683825 6.466154 -0.5036967
v 5.955848 6.1495748 -0.75153494
v 5.4326563 5.856512 -0.94486153
v 5.315878 6.1302295 -0.69463414
v 5.8408003 4.0513344 0.24526194
v 6.0907345 3.426556 0.24635412
v 5.9560843 3.6480455 -0.12476775
v 1.7930171 5.9282923 -2.1027575
v 2.2843344 6.02478 -2.100624
v 2.6119647 0.9369109 -1.9991367
v 2.4258714 0.75211096 -1.6763828
v 1.8952776 1.1145328 -1.7827773
v -1.9841163 8.068737 0.2531135
v -2.095106 7.5371943 0.3122127
v -1.4143322 7.925031 0.043418188
v -4.1930003 0.67950857 2.3962328
v -3.8729458 0.21665391 2.565437
v -3.7173939 0.67097497 2.865147
v -4.0103464 0.9604982 2.7288735
v -4.1930003 0.67950857 2.3962328
v 1.1120988 6.241494 -1.988599
v 2.205521 6.6468453 -1.9759624
v 1.7960827 6.44776 -2.06532
v 4.978826 2.4656 1.6327736
v 4.8772454 2.7290375 1.1267189
v 4.6780624 2.2887125 1.4617374
v 2.838976 1.920318 0.48265937
v 3.0126266 1.6215932 1.0513407
v 3.2687783 1.763922 0.57440317
v -1.3488938 0.094131246 -1.0610187
v -1.4278117 0.35207656 -1.4094298
v -0.988225 0.29623127 -1.0401312
v -5.838808 8.4716215 0.8736256
v -6.128977 8.601515 0.32635316
v -6.037505 8.267925 0.4528424
v -3.6353264 6.9939613 0.26768523
v -3.1404433 7.227474 0.36492035
v -3.4427495 7.256696 -0.3269518
v 2.834403 5.906925 0.14586662
v 3.1667018 6.383359 0.022543969
v 2.6582062 6.259666 0.1125635
v 3.0272813 1.1825619 1.6265956
v 2.7139492 0.6048026 1.4568985
v 3.0975077 0.58932495 1.5130172
v -5.4658475 2.932022 -0.3941284
v -5.182528 2.9769812 -0.8413497
v -5.322297 2.4810967 -0.78007734
v -4.835203 3.4687407 0.92573065
v -4.2942142 3.2745514 1.1497177
v -4.3353376 3.71155 1.0005884
v -2.8177257 0.6888485 1.6241403
v -3.1089478 0.2881375 1.6509602
v -2.716385 0.3833058 1.1699078
v -0.046681248 2.0266063 0.52794373
v 0.21327773 2.525605 0.37015116
v -0.31200624 2.3013983 0.72197497
v 5.3869314 6.2718105 -0.26383758
v 5.683825 6.466154 -0.5036967
v 5.315878 6.1302295 -0.69463414
v -4.455817 0.20605624 -0.32475
v -4.7104907 0.3178422 0.235225
v -4.5816846 1.7199032 -1.3243328
v -4.5532546 1.2806141 -1.199028
v -4.960244 1.8852386 -1.0662527
v -0.004737502 5.9384623 -0.401924
v 0.24300626 5.922269 -0.105023995
v 0.32423127 6.2172184 -0.3348365
v 2.5062644 1.153156 -2.806291
v 2.858411 0.8618374 -2.7763247
v -2.0444868 0.19626483 -0.0408875
v -1.7258937 0.06196875 0.44904375
v -2.308878 0.16703437 0.2870453
v 5.5997357 1.6988297 0.25267968
v 5.2874413 2.0182812 0.34269065
v 5.60105 2.4000816 0.17253983
v -5.400472 3.1195827 0.382707
v -5.529756 2.920103 0.032587655
v -5.5062313 2.6344223 0.4850509
v 1.7459898 2.2933023 -1.8179836
v 1.5764251 1.6613032 -1.7172469
v 1.4517124 2.4146123 -1.28065
v 2.152578 6.400283 0.06689475
v 1.7808218 6.235828 0.09406975
v 2.1662602 5.751864 0.06756194
v 1.5715758 7.0448327 -1.4799075
v 1.2450249 6.7915916 -1.6640458
v 0.90486133 7.033084 -1.0477849
v 2.2868905 3.617136 -1.5662693
v 2.6688633 3.741169 -1.8491163
v 2.0857344 3.225472 -1.6732181
v 2.066181 0.477308 0.8396599
v 2.2000499 0.2457 1.2882812
v 1.6318109 0.3746578 1.2742265
v -2.5522203 0.110918745 0.8305578
v -3.143475 0.087325 0.821725
v -5.9734573 6.158333 0.41488382
v -5.885531 6.117216 -0.186565
v -5.602342 6.036439 0.19626819
v -5.885531 6.117216 -0.186565
v -1.119493 1.0260656 1.6999261
v -1.5343609 1.5214531 1.6058438
v -1.4897078 0.9409695 2.0004156
v -3.980639 8.410553 -1.2452404
v -4.3553157 8.140408 -1.1114408
v -4.2859983 8.600487 -0.64582443
v -2.8169155 4.4243593 0.5489916
v -2.6609688 4.8266845 0.45736662
v -3.9719877 8.74977 -0.47923493
v -4.3704953 8.644603 -0.20410526
v -3.7582717 8.736025 -0.022982594
v -4.2859983 8.600487 -0.64582443
v -4.3704953 8.644603 -0.20410526
v -4.2013736 0.62762034 -1.4025766
v -4.3162093 0.37703127 -0.87285626
v -4.700194 0.4547 -1.4142625
v 3.65875 2.0628514 -1.4949266
v 3.5270061 2.4019814 -1.4924905
v 3.629121 1.9565389 -1.0692915
v 3.7490172 2.8246708 -0.29676315
v 3.5062232 2.511168 -0.19270027
v 3.7042649 2.336792 -0.5365317
v -0.8627 1.6268718 -1.9722047
v -1.2325891 1.6501875 -2.1700249
v -0.90713155 2.2251263 -1.9357972
v -0.8627 1.6268718 -1.9722047
v -1.2781026 1.2398783 -2.2014008
v -1.2325891 1.6501875 -2.1700249
v -0.8668781 9.075815 -1.2944316
v -0.5064036 9.261983 -1.5771918
v -0.8668781 9.075815 -1.2944316
v 5.315878 6.1302295 -0.69463414
v 5.4326563 5.856512 -0.94486153
v 4.9516535 5.6756654 -0.8647374
v 5.108138 5.1580806 -0.45638737
v 4.671172 4.8025265 -0.45529974
v 4.958024 4.484403 -0.16119978
v -4.972192 7.7662725 0.7439234
v -4.491268 7.6479936 0.29097265
v -4.409166 7.55682 0.93890333
v 1.3725731 0.90743464 0.57743996
v 1.1894398 0.57094055 0.68860567
v 1.263638 0.8325487 1.0521389
v 0.6426629 6.4620748 -1.5943137
v 0.54916716 6.8995457 -1.0788178
v 0.81574374 6.735656 -1.4428365
v 1.9793875 1.340553 1.2233062
v 2.3902388 1.4646125 1.4696656
v 1.8745422 1.7021985 1.160675
v -6.377622 6.301861 0.56459165
v -6.678303 6.329886 0.33654082
v -6.4578724 6.054471 0.04875725
v -6.377622 6.301861 0.56459165
v -6.589304 6.5412426 0.7610719
v -6.678303 6.329886 0.33654082
v -2.8177257 0.6888485 1.6241403
v -2.5463552 0.8054806 1.3961744
v -2.5182595 0.8305359 1.8316984
v -2.3435051 8.387604 -2.1347766
v -2.0972757 8.279659 -1.8747436
v -1.638542 8.157512 -2.3888912
v -1.698036 0.093625 -0.6333609
v -2.475669 0.12824102 -0.6413738
v -2.215253 0.065785944 -1.059986
v -4.238659 6.5966225 -1.02577
v -5.0032396 6.0874066 -0.52983624
v 3.5270061 2.4019814 -1.4924905
v 3.9324594 2.9846938 -1.1554216
v 3.8993351 2.818812 -0.7860043
v 3.6088 2.8220828 -1.6451561
v 3.9324594 2.9846938 -1.1554216
v 3.5270061 2.4019814 -1.4924905
v -5.170005 0.39927188 -1.3678954
v -5.068424 0.41771874 -1.8257414
v -4.700194 0.4547 -1.4142625
v -3.4833999 5.278406 0.31168848
v -3.7717376 5.0355186 0.41005725
v -3.2931468 4.8749437 0.5962697
v 3.283743 5.796217 0.15921
v 2.9081242 5.4011774 0.10136507
v 3.6497788 5.1980305 0.17614865
v -1.8326063 6.5366917 -1.9137435
v -2.195983 6.4678335 -2.1171708
v -1.475302 6.786642 -2.3466973
v -5.206101 8.212067 -0.17467791
v -4.9909763 8.46752 0.47594905
v -4.7315006 8.341616 0.0039955303
v 3.1295 3.2679744 1.1634247
v 3.240315 2.8451016 1.2942355
v 2.8268898 2.9090133 1.4056134
v -2.8712413 6.968483 -1.8523494
v -2.616509 7.273752 -2.1145823
v -2.126299 6.985015 -2.3088274
v 0.6286912 2.425272 -0.9003569
v 0.9349177 3.1435866 -0.79274994
v 0.7284633 2.7860484 -0.32222322
v -2.7056828 0.18300939 0.29197812
v -2.8049831 0.20727226 -0.21067423
v -2.308878 0.16703437 0.2870453
v 3.384069 1.8140688 2.0292375
v 3.284887 1.6577837 1.6092681
v 3.4475367 2.0906863 1.6660837
v 2.5815363 0.08870586 0.34220508
v 2.5276065 0.09085 0.7566625
v 2.125522 0.09038438 0.16492578
v -4.2443247 3.0386062 -1.3152936
v -3.9034398 3.2815378 -1.2413255
v -3.7037375 2.7505655 -1.4737059
v -3.1089478 0.2881375 1.6509602
v -3.5549436 0.08302499 1.7510625
v -3.4274035 0.25757265 1.0903833
v -0.59747183 7.5396166 -0.26364654
v -0.90932655 7.769972 -0.0916365
v -1.3822628 7.4025416 0.104327954
v -5.400472 3.1195827 0.382707
v -5.2618265 3.0300312 0.7347503
v -5.1932125 3.6356468 0.3794885
v 3.0086696 2.9794016 0.09899352
v 2.887675 3.561531 0.1205635
v 2.6283674 2.8379905 0.08384222
v 3.3533921 3.114272 0.03486334
v 2.887675 3.561531 0.1205635
v -0.8206875 4.0979567 -1.5669928
v -0.75204104 4.797733 -1.2134867
v -0.53115153 4.2783804 -1.788913
v -0.89144844 1.0764782 -1.8447715
v -1.1358063 0.67185473 -1.5826203
v -3.6891875 8.096251 -1.5513365
v -3.4635863 8.571014 -1.2582486
v -3.3050063 8.398712 -1.7126553
v -0.88222575 0.64753515 1.9867423
v -0.6252648 1.0502578 1.7060422
v -1.119493 1.0260656 1.6999261
v 4.058586 0.14461055 -0.67784023
v 4.46885 0.15391642 -1.1454828
v 2.7830267 4.980653 -1.7820731
v 3.1364813 4.7262783 -1.9544584
v 2.7216423 4.4930754 -1.616867
v 3.8654928 1.6476977 -1.4314694
v 4.0563126 1.4503485 -1.0684531
v 3.9912906 1.1549547 -1.4835204
v 4.6218224 6.040552 -1.0140828
v 4.466251 5.7185926 -0.48628262
v 4.6218224 6.040552 -1.0140828
v -1.5173312 0.07947344 -0.15256095
v -1.698036 0.093625 -0.6333609
v -1.2421563 0.060609378 -0.6702187
v 1.1791844 6.159153 0.059047878
v 0.9107088 5.3873715 0.18970276
v 1.5588989 5.8251634 0.12838225
v -3.5041623 0.0551625 0.7129375
v -3.143475 0.087325 0.821725
v -3.4274035 0.25757265 1.0903833
v 5.434633 0.50804687 -0.13485469
v 5.2449875 0.9976703 -0.16194844
v 5.5178328 0.80406326 0.27768457
v 2.3752737 7.1762295 -1.4107045
v 1.5715758 7.0448327 -1.4799075
v 1.7436724 7.286942 -1.0669029
v 3.5527248 1.6037219 1.148175
v 3.0126266 1.6215932 1.0513407
v 3.3823476 1.2731524 1.5559633
v -1.4143322 7.925031 0.043418188
v -2.095106 7.5371943 0.3122127
v -1.3822628 7.4025416 0.104327954
v 2.7846093 7.173181 -0.812649
v 2.5189388 7.3868513 -1.0853457
v 2.4487362 7.0673313 -0.506399
v -2.1413202 0.17747343 0.93179846
v -1.7193282 0.17550468 0.8461156
v -1.9731985 0.4570336 1.3582485
v -1.5343609 1.5214531 1.6058438
v -1.1697412 1.4786463 1.194941
v -1.5569892 2.187788 0.99712586
v 1.5209156 4.788435 -1.6811272
v 0.9668594 4.247973 -1.8295825
v 0.7402433 5.034849 -2.0697227
v -4.409166 7.55682 0.93890333
v -3.7966623 7.576275 1.0223634
v -4.0612555 7.8431234 1.0899783
v -4.8931904 0.4816969 -0.34565938
v -4.879632 0.5341699 -0.877
v 5.272525 3.590075 -0.44814903
v 5.772091 3.2484264 -0.21547882
v 5.3918934 3.121375 -0.1639869
v 0.96525717 0.6656112 1.3715076
v 1.263638 0.8325487 1.0521389
v 1.1014565 0.463378 1.0743088
v 4.531025 0.044606254 0.70125
v 4.2027626 0.037009373 0.084081255
v 4.613028 0.06825937 0.177425
v 0.54916716 6.8995457 -1.0788178
v 0.6426629 6.4620748 -1.5943137
v 0.20832682 6.670639 -1.0334268
v -4.394687 0.22214061 0.5655516
v -4.8522844 0.6346781 0.79704374
v 2.7801235 6.094104 -2.077282
v 3.2782536 5.994972 -2.0265493
v 0.25544375 2.0138626 -1.3145281
v 0.22262812 1.7144282 -1.0169344
v -0.063125 1.8660375 -1.5261626
v -2.6360598 0.7179891 -2.3113046
v -2.173825 0.8765984 -2.2784796
v -1.7200683 0.4876721 -2.480278
v 3.774743 1.8007166 0.18351796
v 3.2687783 1.763922 0.57440317
v 3.948121 1.7849085 0.6421063
v 4.9752293 0.19278556 0.5020449
v 4.613028 0.06825937 0.177425
v 5.012189 0.107523434 0.12417032
v 1.8274204 6.823625 -0.18234277
v 2.152578 6.400283 0.06689475
v 2.3317966 6.747147 -0.06737088
v -3.9514494 4.2292414 0.8565799
v -3.8931327 4.6062813 0.684808
v -4.5281563 4.3634343 0.5610447
v 3.8654928 1.6476977 -1.4314694
v 3.5733688 1.8446751 -1.8506125
v 3.65875 2.0628514 -1.4949266
v -5.2313247 8.346176 1.065067
v -4.9909763 8.46752 0.47594905
v -5.227831 8.620619 0.72304475
v -5.5703144 6.7064266 0.27017578
v -5.9841824 6.8172917 0.42402685
v -5.68441 6.866968 0.84705746
v 0.75752145 2.8508263 -1.164452
v 0.9044981 3.210982 -1.1691765
v 0.9349177 3.1435866 -0.79274994
v 4.4500313 3.6742094 -0.91223025
v 4.1540813 3.400639 -1.3196445
v 4.299006 3.8282342 -1.4944272
v 0.3073969 4.5822372 0.31254163
v 1.0118273 4.772974 0.09942131
v 0.63092345 5.051617 0.24677914
v -2.8784716 8.564052 -1.6023214
v -3.3050063 8.398712 -1.7126553
v -3.4635863 8.571014 -1.2582486
v -3.8679075 7.0065436 -0.36420888
v -3.6353264 6.9939613 0.26768523
v -3.4427495 7.256696 -0.3269518
v 2.2564 2.5521624 -2.043506
v 2.6726623 2.3008027 -2.0544713
v 2.1138468 1.9566844 -1.9968187
v 1.7459898 2.2933023 -1.8179836
v 2.2564 2.5521624 -2.043506
v 2.1138468 1.9566844 -1.9968187
v -4.409166 7.55682 0.93890333
v -3.5520859 7.427058 0.7586291
v -3.7966623 7.576275 1.0223634
v 2.195365 5.1650205 -1.7045003
v 1.7930171 5.9282923 -2.1027575
v 2.2774234 5.53356 -1.9491458
v -2.126299 6.985015 -2.3088274
v -1.8781567 7.4102554 -2.4417105
v -1.3252039 7.5063305 -2.4322376
v 0.9668594 4.247973 -1.8295825
v 0.7208844 3.9214597 -1.8806459
v 0.34546873 4.2677064 -2.0480366
v -0.3810719 4.197954 0.31899083
v 0.3073969 4.5822372 0.31254163
v -0.33353594 4.65911 0.14780647
v 3.94512 6.6236744 -1.328524
v 4.1712227 6.213351 -1.4716892
v 3.7680094 6.1409187 -1.8409014
v 0.20993125 2.4207375 -1.6075765
v 0.43044376 2.7563906 -1.5830375
v 0.53032273 2.4826107 -1.2820742
v -1.515889 7.7921352 -2.162959
v -1.7768313 8.019081 -1.9557053
v -1.6410328 7.4876375 -1.8121676
v 1.9086032 0.23961875 1.7004843
v 1.9158688 0.5992805 1.8034275
v 1.4739149 0.3530086 1.8275797
v 2.9318843 2.3182387 2.3578362
v 3.27275 2.0989366 2.3460875
v 3.2455907 2.6137996 2.412363
v -4.2454343 1.1837078 -1.7460902
v -4.0774517 0.78264594 -1.9528983
v -1.394639 0.96819687 -2.4396782
v -1.1391109 0.804775 -2.1449451
v -1.7200683 0.4876721 -2.480278
v 3.1340556 4.1505823 1.2140322
v 3.0350676 4.534908 0.9712028
v 2.909807 4.2109504 0.86042154
v -6.2799892 6.505263 1.5507569
v -5.7010164 6.2249155 1.7548019
v -5.8609705 6.732587 1.5490409
v 6.492184 6.0687246 -0.27781016
v 6.607212 6.4484653 -0.13523082
v 5.9640794 6.2928495 -0.12754197
v -3.3804708 5.7518005 -0.15348807
v -3.5887337 5.5123277 -0.9093951
v -3.859364 5.352125 -0.3138185
v 0.32423127 6.2172184 -0.3348365
v 0.5908 6.5033875 -0.44601774
v 0.16372031 6.328698 -0.7488091
v -5.0032396 6.0874066 -0.52983624
v -4.2151117 6.0589 -1.0872792
v -4.517325 6.0262985 -0.80637085
v 1.8936907 0.14624688 -0.69852185
v 1.984175 0.220025 -1.102875
v 2.4008923 0.038317185 -0.88956094
v -3.3804708 5.7518005 -0.15348807
v -3.2341814 5.6244626 0.15153849
v -2.8212485 5.9434996 0.16762054
v 2.4258714 0.75211096 -1.6763828
v 2.5157812 0.25399062 -1.3385062
v 1.6869402 0.6115457 -1.1334023
v -2.281953 4.602437 0.048318967
v -1.957428 4.683825 -0.440449
v -2.0248985 4.9776564 -0.024147436
v -5.737239 8.264091 -0.18048963
v -5.3441095 8.520035 -0.032652125
v -5.206101 8.212067 -0.17467791
v 3.1295 3.2679744 1.1634247
v 2.8496873 3.5726008 1.2322632
v 3.1590781 3.7214906 0.9615928
v 2.6363783 1.4848204 2.0642812
v 2.9602125 1.8025407 2.2565956
v 2.6121502 1.889475 1.9158564
v -0.08797891 4.5484915 -1.9584193
v 0.41442108 4.8066225 -2.045424
v 0.34546873 4.2677064 -2.0480366
v -4.394687 0.22214061 0.5655516
v -4.0550194 0.270025 0.9412273
v -4.8522844 0.6346781 0.79704374
v 3.5910296 2.8384624 2.1912313
v 3.5593812 2.2622342 2.1616564
v 3.6054873 2.3795824 1.8104211
v -1.638542 8.157512 -2.3888912
v -1.3252039 7.5063305 -2.4322376
v -1.9809266 8.054264 -2.399802
v -2.195983 6.4678335 -2.1171708
v -2.4322553 6.0764103 -1.7837131
v -2.475669 0.12824102 -0.6413738
v -2.215253 0.065785944 -1.059986
v 2.858411 0.8618374 -2.7763247
v 2.5062644 1.153156 -2.806291
v 3.0042012 1.1427996 -2.3827753
v -3.9514494 4.2292414 0.8565799
v -3.5657814 4.4306436 0.7902854
v -3.8931327 4.6062813 0.684808
v -6.000518 6.56628 -0.0036563706
v -5.885531 6.117216 -0.186565
v -6.4578724 6.054471 0.04875725
v -1.1848059 6.725797 -0.5669022
v -1.1418828 6.627569 -0.96167946
v -1.2091148 7.0860696 -0.9765202
v -3.8027914 1.2652757 2.9987903
v -3.3690798 1.5511279 2.7113516
v -3.8177714 1.4126472 2.4204597
v -0.06901094 3.553222 -2.0019991
v -0.55889535 3.6956391 -1.906524
v -0.055077348 4.06194 -2.0108538
v 3.5270061 2.4019814 -1.4924905
v 3.2128196 2.156167 -2.0432572
v 3.2123117 2.5475202 -1.9003559
v 1.3562984 5.093041 -1.9857475
v 1.5209156 4.788435 -1.6811272
v 0.7402433 5.034849 -2.0697227
v -3.5520859 7.427058 0.7586291
v -2.733406 7.8512454 0.533744
v -3.3266845 7.7150526 0.84762603
v -2.8049831 0.20727226 -0.21067423
v -3.1582189 0.1819 -0.15386875
v -3.2463312 0.064475 -0.7294594
v 2.9255972 2.4464355 1.1414729
v 3.3171854 2.4148932 1.4382555
v 3.161278 2.0502288 1.2439308
v -3.1537938 6.750094 0.73130095
v -3.5966535 6.9335814 0.72799706
v -2.195983 6.4678335 -2.1171708
v -2.7658901 6.355823 -1.8135285
v -2.8712413 6.968483 -1.8523494
v 2.6726623 2.3008027 -2.0544713
v 3.2128196 2.156167 -2.0432572
v 2.5846615 1.5826817 -2.2388086
v 3.8664062 5.6286554 -1.9288287
v 3.7680094 6.1409187 -1.8409014
v 4.387336 5.684625 -1.5288584
v 3.1340985 5.3034267 -2.0107994
v 3.6704373 5.324416 -2.0035677
v -2.8177257 0.6888485 1.6241403
v -2.716385 0.3833058 1.1699078
v -2.5463552 0.8054806 1.3961744
v -2.733406 7.8512454 0.533744
v -1.9841163 8.068737 0.2531135
v -2.3537245 8.429303 0.34777367
v -2.4801404 7.5281 0.45725277
v -1.9841163 8.068737 0.2531135
v -4.1230187 2.725247 -1.7578278
v -4.2443247 3.0386062 -1.3152936
v -3.7037375 2.7505655 -1.4737059
v 3.4016922 1.4509485 -2.0282764
v 3.4044166 1.0044793 -2.3564339
v 3.0042012 1.1427996 -2.3827753
v -6.2799892 6.505263 1.5507569
v -5.956196 6.2956605 1.4772432
v -5.7010164 6.2249155 1.7548019
v 3.5062232 2.511168 -0.19270027
v 3.7490172 2.8246708 -0.29676315
v 3.3533921 3.114272 0.03486334
v 0.59015 3.1487436 0.104994506
v 0.85652816 3.2089095 -0.2817245
v 0.6963125 3.5353374 0.075732246
v 0.43044376 2.7563906 -1.5830375
v -0.081139855 2.6865368 -1.8629465
v 0.3551875 3.1144013 -1.801764
v 4.958024 4.484403 -0.16119978
v 5.005867 3.8006961 0.2791973
v 5.2455297 4.546561 0.04878303
v -4.2443247 3.0386062 -1.3152936
v -4.6771975 2.6628075 -1.3693062
v -4.540724 3.4982672 -1.1104977
v -5.315875 6.1278687 1.0178885
v -4.7695627 6.2820625 1.1992741
v -5.381775 6.2519226 1.4070346
v -2.3290484 2.0489905 -1.5912797
v -2.4682953 1.6959093 -1.6899812
v -4.261079 1.0307093 1.5584667
v -3.9601705 0.2183086 1.793398
v -4.2251062 0.9116187 1.9776499
v -5.170005 0.39927188 -1.3678954
v -4.700194 0.4547 -1.4142625
v -4.879632 0.5341699 -0.877
v 2.045206 2.267993 0.12344336
v 1.5228698 2.3386512 -0.40296686
v 1.7429297 2.0437436 0.052129686
v -4.8522844 0.6346781 0.79704374
v -5.030219 0.6507 0.4716375
v -3.495555 7.455026 0.2157963
v -3.4427495 7.256696 -0.3269518
v -3.1404433 7.227474 0.36492035
v -5.2493134 7.7864127 1.2434134
v -5.4083223 8.174509 1.3420703
v -5.5985355 8.045653 1.0676792
v 2.8344016 3.3411171 1.73855
v 3.1295 3.2679744 1.1634247
v 2.8268898 2.9090133 1.4056134
v -4.036254 7.5442038 0.15599445
v -4.438613 7.4735518 -0.44472635
v -3.7881498 7.5200768 -0.35583284
v 3.8779438 4.918288 -1.9806927
v 4.3551064 4.7443132 -1.7036725
v 3.7844694 4.553915 -1.9952646
v 4.531025 0.044606254 0.70125
v 4.3079185 0.1037125 1.1452187
v -1.4278117 0.35207656 -1.4094298
v -1.1358063 0.67185473 -1.5826203
v -0.90713155 2.2251263 -1.9357972
v -1.4807047 2.333195 -1.8068805
v -1.1735988 2.6238925 -1.9222609
v -5.838808 8.4716215 0.8736256
v -5.227831 8.620619 0.72304475
v -5.60316 8.809996 0.5230886
v 3.4016922 1.4509485 -2.0282764
v 3.0042012 1.1427996 -2.3827753
v 2.9999926 1.5611615 -2.0774693
v -1.9454942 1.3924726 1.9022331
v -1.5343609 1.5214531 1.6058438
v -1.9141874 1.88725 1.6300375
v 3.1499062 4.182622 0.18011194
v 3.1472235 4.822943 0.13296819
v 2.883844 4.40961 0.032822877
v -5.844639 7.9192686 0.17976186
v -6.037505 8.267925 0.4528424
v -6.2952957 8.210733 0.030735321
v 1.7436724 7.286942 -1.0669029
v 2.5189388 7.3868513 -1.0853457
v 2.3752737 7.1762295 -1.4107045
v -5.257703 8.765278 0.3210854
v -5.65336 8.7090645 0.13847014
v -5.60316 8.809996 0.5230886
v -4.960244 1.8852386 -1.0662527
v -4.647122 2.051633 -1.5299077
v -4.5816846 1.7199032 -1.3243328
v -3.2931468 4.8749437 0.5962697
v -3.4833999 5.278406 0.31168848
v -5.9848595 7.0394034 0.8534373
v -5.68441 6.866968 0.84705746
v -5.9841824 6.8172917 0.42402685
v -0.2511094 1.044388 1.0680792
v -0.356775 1.5532625 1.1662875
v -0.59182954 1.4006062 1.5012469
v -3.0791647 4.613928 -1.4183803
v -3.7940946 4.814521 -1.1830865
v -2.9725757 5.39067 -1.4872203
v -3.0791647 4.613928 -1.4183803
v -3.5138688 4.374094 -1.313185
v -3.7940946 4.814521 -1.1830865
v 0.63092345 5.051617 0.24677914
v 0.9107088 5.3873715 0.18970276
v 0.20455626 5.297453 0.16761664
v -5.9734573 6.158333 0.41488382
v -5.4492064 6.066266 0.62851036
v -5.863239 6.251619 1.0002823
v 5.5178328 0.80406326 0.27768457
v 5.391218 1.167611 0.13566719
v 5.655531 1.24835 0.37404376
v 1.4930375 4.9338374 -0.22829275
v 1.8598251 4.933256 -0.6018115
v 3.2782536 5.994972 -2.0265493
v 3.1507568 6.5064054 -1.9222021
v 3.7680094 6.1409187 -1.8409014
v -1.8917828 2.6889281 -1.2550201
v -2.0178657 2.875661 -0.7797608
v -1.8917828 2.6889281 -1.2550201
v -1.3831234 3.2938564 -1.3140384
v -1.3989593 2.942675 -1.5763687
v -3.5244126 0.5619109 -2.0961702
v -3.2680807 1.206175 -2.1206772
v -3.14395 0.69974995 -2.2662563
v 3.6009686 0.89936244 1.8141007
v 3.8019292 1.3884861 1.7165821
v 3.3823476 1.2731524 1.5559633
v -2.0972757 8.279659 -1.8747436
v -1.8213733 8.013949 -1.5041865
v -1.7768313 8.019081 -1.9557053
v 3.161278 2.0502288 1.2439308
v 3.284887 1.6577837 1.6092681
v 3.0126266 1.6215932 1.0513407
v 1.6925125 2.805675 -1.4905307
v 1.4091835 2.5476086 -0.8938509
v 1.6513379 3.006498 -1.0354054
v 2.5270815 3.3310564 -0.012080252
v 2.1860297 3.6401327 -0.5018977
v 2.2512875 2.839778 -0.04073428
v -3.9340117 2.8667915 1.3250175
v -3.4400032 3.0030124 1.3068281
v -3.7509093 3.3272376 1.1442646
v -2.7812848 0.48127812 2.037324
v -2.9878683 0.21252656 2.5028536
v -3.1089478 0.2881375 1.6509602
v -2.1001008 8.608427 -1.3678647
v -2.5183697 9.091896 -1.1156435
v -2.1467214 9.496105 -1.1010468
v 1.3240938 6.786122 -0.27670214
v 0.9581008 6.672575 -0.38229743
v 1.4568689 6.421825 0.009310376
v 4.2027626 0.037009373 0.084081255
v 3.7218156 0.04963594 -0.1930328
v 4.058586 0.14461055 -0.67784023
v -4.1930003 0.67950857 2.3962328
v -3.8729458 0.21665391 2.565437
v -5.4356594 1.6054485 0.60746133
v -5.540406 1.9395049 0.38879022
v -5.501476 1.4469148 0.10873203
v -2.7230594 6.669781 0.58642757
v -3.1611075 6.3765845 0.8097081
v -2.8649523 6.340712 0.51708126
v -4.2454343 1.1837078 -1.7460902
v -4.7117596 1.105573 -1.7853688
v -4.8080864 1.056275 -1.4323187
v -3.748276 6.325036 0.79673636
v -3.8312893 6.6399813 0.9490948
v -4.3003836 6.335699 0.9598602
v 3.3823476 1.2731524 1.5559633
v 3.0272813 1.1825619 1.6265956
v 3.0975077 0.58932495 1.5130172
v 6.0880065 2.4589999 1.1849688
v 5.7096853 2.508645 1.5971141
v 6.044653 1.9900031 1.28209
v 4.1311736 0.08392812 1.5620999
v 3.5842297 0.070314065 1.150725
v 4.3079185 0.1037125 1.1452187
v -5.036249 7.3012934 -0.5739266
v -4.6604843 7.1493797 -0.87824273
v -4.438613 7.4735518 -0.44472635
v 2.7216423 4.4930754 -1.616867
v 2.345633 4.7492423 -1.2451096
v 2.195365 5.1650205 -1.7045003
v -5.0891724 1.308725 1.0072469
v -5.4356594 1.6054485 0.60746133
v -5.250922 1.0481812 0.59585
v -3.5520859 7.427058 0.7586291
v -3.9184752 7.427875 0.926876
v -4.409166 7.55682 0.93890333
v -1.213524 6.320842 -0.71901435
v -1.3548727 6.1893888 -0.40741345
v -1.3112311 5.8385344 -0.7509271
v -3.2135727 2.2754436 -1.7610304
v -2.7452297 2.3160188 -1.3616188
v -2.8402324 1.8782976 -1.8230708
v -3.2341814 5.6244626 0.15153849
v -3.6344938 5.4287376 -0.0022458732
v -3.4833999 5.278406 0.31168848
v -3.2341814 5.6244626 0.15153849
v -3.3804708 5.7518005 -0.15348807
v -3.6344938 5.4287376 -0.0022458732
v -2.9796157 1.5663438 -2.1223874
v -3.2922626 2.0399563 -2.042978
v -2.8402324 1.8782976 -1.8230708
v -4.3003836 6.335699 0.9598602
v -4.7695627 6.2820625 1.1992741
v -4.941706 6.084094 0.6545135
v 4.8285933 0.96765625 -0.40777677
v 5.0492296 1.3363891 -0.07737344
v 5.2449875 0.9976703 -0.16194844
v 5.1295395 4.711713 -0.98506653
v 5.6509695 4.9463196 -0.5780875
v 5.7546844 4.2983093 -0.47791463
v -4.890032 2.4834816 1.1890688
v -4.3506436 2.3499625 1.376775
v -4.3996124 2.7909937 1.2815754
v -0.8668781 9.075815 -1.2944316
v -0.5064036 9.261983 -1.5771918
v -0.947825 9.2934 -1.579598
v -1.6938438 5.424925 -1.4136428
v -1.3119069 5.3306723 -1.0662234
v -1.74053 5.027422 -1.2093945
v 2.2512875 2.839778 -0.04073428
v 2.4319189 2.3804812 0.17264375
v -1.8381469 2.1088812 -1.7088938
v -1.508525 1.7685734 -1.9332079
v -1.8971837 1.5189462 -1.7622142
v -1.8381469 2.1088812 -1.7088938
v -1.4807047 2.333195 -1.8068805
v -1.508525 1.7685734 -1.9332079
v -3.6870656 1.574361 1.9374439
v -3.3807797 2.1059783 1.7109468
v -3.7950485 1.7852399 1.6483914
v 2.7725563 0.18820626 -0.0295875
v 3.1707594 0.10137891 -0.39963126
v -2.5836341 2.8341594 -0.6735092
v -2.4889886 3.422819 -0.52650106
v -3.14395 0.69974995 -2.2662563
v -2.6360598 0.7179891 -2.3113046
v -2.9888437 0.349 -2.243175
v -3.14395 0.69974995 -2.2662563
v -2.87625 1.0344657 -2.1789923
v -2.6360598 0.7179891 -2.3113046
v 4.1974373 0.78068906 2.000825
v 4.012105 1.1621406 1.9389329
v 3.6009686 0.89936244 1.8141007
v -5.4594097 7.4717903 -0.15249632
v -5.036249 7.3012934 -0.5739266
v -4.89529 7.72377 0.108222835
v 0.20764688 3.7476788 0.42243457
v -0.3810719 4.197954 0.31899083
v -0.34241796 3.7466393 0.4499721
v 0.552932 4.016993 0.28011584
v -0.3810719 4.197954 0.31899083
v 5.60105 2.4000816 0.17253983
v 6.0978785 2.856783 0.31419536
v 5.9549923 2.135678 0.42309684
v 3.071014 3.4866202 -2.0479572
v 3.532175 3.7793646 -2.0018983
v 3.4670916 3.1667461 -1.9073863
v -1.1923354 7.7125654 -0.54277873
v -1.5950344 8.043108 -0.8028349
v -1.6044925 8.321625 -0.29318208
v -0.8206875 4.0979567 -1.5669928
v -1.1140624 3.9702125 -1.1811928
v -0.97107273 4.3416905 -1.1714146
v -4.7695627 6.2820625 1.1992741
v -4.167777 6.855895 0.43812364
v -4.8212514 6.7033253 0.7739444
v 5.432702 1.0051671 1.8167671
v 5.6097374 0.89928746 1.39725
v -4.9643 3.0008001 1.0470629
v -4.835203 3.4687407 0.92573065
v -2.9349718 0.19509688 -1.822825
v -3.2006187 0.33608752 -1.3842195
v -3.455125 0.413825 -1.73815
v -1.3119069 5.3306723 -1.0662234
v -1.6938438 5.424925 -1.4136428
v -1.5169668 5.950013 -1.5382712
v -4.3553157 8.140408 -1.1114408
v -4.054475 7.8751907 -1.375188
v -4.53578 7.786006 -0.9057838
v -4.3553157 8.140408 -1.1114408
v -3.7011719 0.15270782 -0.83031714
v -3.9417877 0.07166563 -0.4116844
v -3.7011719 0.15270782 -0.83031714
v -2.3793154 7.9055586 -2.2720132
v -2.7990885 8.321031 -1.9846416
v -2.6591635 8.771818 -2.083891
v -2.971771 6.0765085 -1.5418293
v -3.1537814 6.536187 -1.6517739
v -2.7658901 6.355823 -1.8135285
v 2.5815363 0.08870586 0.34220508
v 2.7725563 0.18820626 -0.0295875
v 2.9561756 0.15388331 0.50827706
v -2.6269126 4.9363127 -1.526299
v -3.0791647 4.613928 -1.4183803
v -2.9725757 5.39067 -1.4872203
v 0.20832682 6.670639 -1.0334268
v 0.16372031 6.328698 -0.7488091
v 0.5553211 6.649966 -0.781906
v -0.3916502 0.365025 1.3424525
v -0.8525261 0.30100077 0.871109
v -0.45879063 0.509175 0.94975317
v -2.255178 4.785822 -1.406274
v -1.74053 5.027422 -1.2093945
v -1.9890254 4.466442 -0.9480223
v 3.3594651 1.9000571 0.10881522
v 3.2188501 2.3343248 -0.02795
v 2.833666 2.2368207 0.19479802
v 2.786489 4.7562437 -0.1481365
v 2.4864283 5.2636266 -0.17833847
v 3.4475367 2.0906863 1.6660837
v 3.5593812 2.2622342 2.1616564
v 3.384069 1.8140688 2.0292375
v -1.3112311 5.8385344 -0.7509271
v -1.5247524 5.321854 -0.69330835
v -1.1530756 5.9759836 -1.3077549
v 1.2450249 6.7915916 -1.6640458
v 2.205521 6.6468453 -1.9759624
v 3.4141457 3.519164 1.2013588
v 3.3386936 3.8739061 1.3866385
v -3.859364 5.352125 -0.3138185
v -4.190008 5.01896 -0.038661305
v -3.6344938 5.4287376 -0.0022458732
v 4.1317096 4.380653 0.046791628
v 4.4483128 4.6858625 -0.1890615
v -5.381775 6.2519226 1.4070346
v -5.7010164 6.2249155 1.7548019
v -5.956196 6.2956605 1.4772432
v 3.9130156 3.626597 -1.8029021
v 4.084897 4.156541 -1.8407959
v 4.299006 3.8282342 -1.4944272
v -3.8249555 7.391385 -0.7522205
v -3.4427495 7.256696 -0.3269518
v -3.7881498 7.5200768 -0.35583284
v -1.394639 0.96819687 -2.4396782
v -1.7509999 0.94685 -2.3570533
v -1.2781026 1.2398783 -2.2014008
v -1.394639 0.96819687 -2.4396782
v -1.7200683 0.4876721 -2.480278
v -1.7509999 0.94685 -2.3570533
v 1.3725731 0.90743464 0.57743996
v 1.263638 0.8325487 1.0521389
v 1.8524121 0.96184385 1.0751758
v -4.9410844 6.046672 -0.050240412
v -5.0032396 6.0874066 -0.52983624
v -4.4908366 6.1540656 -0.24045837
v -1.9454942 1.3924726 1.9022331
v -1.4897078 0.9409695 2.0004156
v -1.5343609 1.5214531 1.6058438
v -2.2704735 2.490778 1.0140812
v -1.5569892 2.187788 0.99712586
v -1.9117843 2.6019 0.7844875
v -6.589304 6.5412426 0.7610719
v -6.377622 6.301861 0.56459165
v 3.629121 1.9565389 -1.0692915
v 3.7042649 2.336792 -0.5365317
v 3.611353 1.7968625 -0.6888734
v 4.4483128 4.6858625 -0.1890615
v 4.1317096 4.380653 0.046791628
v 4.6389155 4.294874 -0.34512743
v 1.4385203 4.5986767 -0.46930367
v 1.0118273 4.772974 0.09942131
v -1.1697412 1.4786463 1.194941
v -1.119493 1.0260656 1.6999261
v -0.59182954 1.4006062 1.5012469
v 3.4670916 3.1667461 -1.9073863
v 3.532175 3.7793646 -2.0018983
v 3.9130156 3.626597 -1.8029021
v -1.475302 6.786642 -2.3466973
v -1.5757234 6.980752 -1.8320053
v -1.8326063 6.5366917 -1.9137435
v 1.3240938 6.786122 -0.27670214
v 1.2274265 7.038067 -0.8066818
v 0.9581008 6.672575 -0.38229743
v 3.6277986 6.0981374 0.02820725
v 3.1667018 6.383359 0.022543969
v 3.283743 5.796217 0.15921
v -5.314622 3.371953 -0.4432271
v -5.4005127 3.335525 -0.026961502
v -5.250855 3.7243795 -0.04710994
v -4.5022 8.036394 0.9859073
v -4.0612555 7.8431234 1.0899783
v -4.0672855 8.047034 0.7479198
v 3.8664062 5.6286554 -1.9288287
v 3.2782536 5.994972 -2.0265493
v 3.7680094 6.1409187 -1.8409014
v 1.4408171 4.371077 -0.846797
v 1.2026837 3.896603 -0.82347155
v 1.3246658 4.3014274 -1.4346616
v -5.3859396 0.55018795 -1.0873431
v -5.170005 0.39927188 -1.3678954
v -4.879632 0.5341699 -0.877
v -5.1349206 7.583168 -0.79879314
v -4.636633 7.4389124 -1.087163
v -4.6604843 7.1493797 -0.87824273
v -4.7890186 3.8460798 0.7680932
v -4.4164248 4.060606 0.8436635
v -4.5281563 4.3634343 0.5610447
v 1.4385203 4.5986767 -0.46930367
v 1.4930375 4.9338374 -0.22829275
v 1.0118273 4.772974 0.09942131
v -5.5062313 2.6344223 0.4850509
v -5.5965815 2.515203 -0.051796876
v 3.5856555 3.377465 1.4946051
v 3.1295 3.2679744 1.1634247
v 3.4141457 3.519164 1.2013588
v -4.53578 7.786006 -0.9057838
v -5.1349206 7.583168 -0.79879314
v -4.671178 8.157022 -0.38850367
v -0.947825 9.2934 -1.579598
v -1.3167875 9.161113 -1.4737802
v -0.8668781 9.075815 -1.2944316
v -0.35225135 5.4447484 -0.38979083
v -0.29197967 5.7788687 -0.68543106
v -0.57525265 5.7027473 -0.9210825
v -5.343504 2.0325608 -0.72839844
v -5.5440226 1.8777906 -0.25212657
v -5.5419436 2.3690937 -0.3874
v 3.1364813 4.7262783 -1.9544584
v 2.7216423 4.4930754 -1.616867
v -1.5173312 0.07947344 -0.15256095
v -1.7258937 0.06196875 0.44904375
v -2.0444868 0.19626483 -0.0408875
v -3.5978951 7.117281 -1.3889251
v -4.1101613 7.3187447 -1.2619897
v -5.0438747 4.0557003 0.052313503
v -3.7037375 2.7505655 -1.4737059
v -3.6130219 2.4423203 -1.8806796
v -4.1230187 2.725247 -1.7578278
v 1.6869402 0.6115457 -1.1334023
v 1.8936907 0.14624688 -0.69852185
v -0.9935742 4.6712813 -0.909938
v -0.97107273 4.3416905 -1.1714146
v -1.3229525 4.2289224 -0.69599885
v 0.9107088 5.3873715 0.18970276
v 1.0118273 4.772974 0.09942131
v 1.5924637 5.322712 -0.006595485
v -2.0248985 4.9776564 -0.024147436
v -1.7561905 5.187228 -0.27852714
v -2.1199079 5.4172173 0.18074945
v 4.3551064 4.7443132 -1.7036725
v 4.084897 4.156541 -1.8407959
v 3.7844694 4.553915 -1.9952646
v -3.2283874 8.708497 0.0076228715
v -3.7582717 8.736025 -0.022982594
v -3.5051508 8.61714 0.26704475
v -1.1530756 5.9759836 -1.3077549
v -1.4318652 6.590875 -1.5584182
v -1.0689099 6.3407373 -1.1761355
v -3.8679075 7.0065436 -0.36420888
v -3.4427495 7.256696 -0.3269518
v -3.718297 6.969569 -0.8749189
v 2.396112 2.207239 1.5485687
v 2.0051563 2.1983626 0.975125
v -4.054475 7.8751907 -1.375188
v -3.980639 8.410553 -1.2452404
v -3.6891875 8.096251 -1.5513365
v -6.128977 8.601515 0.32635316
v -5.65336 8.7090645 0.13847014
v -5.737239 8.264091 -0.18048963
v -5.68441 6.866968 0.84705746
v -5.9848595 7.0394034 0.8534373
v -6.236452 6.9583173 1.1722682
v 2.9602125 1.8025407 2.2565956
v 3.0201707 1.3171848 2.0006258
v 3.384069 1.8140688 2.0292375
v -0.29671875 1.7589059 0.7302699
v -0.31997168 1.3545069 0.78795445
v 1.7459898 2.2933023 -1.8179836
v 2.1230938 2.8576436 -1.9137497
v 2.2564 2.5521624 -2.043506
v -4.844185 4.1261406 0.48353538
v -4.5281563 4.3634343 0.5610447
v -4.734454 4.4878864 -0.026902907
v 5.0492296 1.3363891 -0.07737344
v 5.391218 1.167611 0.13566719
v 5.2449875 0.9976703 -0.16194844
v 2.2455459 1.337293 -2.5266728
v 3.0331125 0.66741246 -2.235078
v 2.6119647 0.9369109 -1.9991367
v 0.20455626 5.297453 0.16761664
v -0.35225135 5.4447484 -0.38979083
v -0.15756875 4.9978485 0.14944944
v -3.4400032 3.0030124 1.3068281
v -3.4052596 3.4211938 1.0282009
v -3.7509093 3.3272376 1.1442646
v -3.4400032 3.0030124 1.3068281
v -2.895465 2.9723182 0.9175745
v -3.4052596 3.4211938 1.0282009
v -2.2340813 1.337321 -1.7925375
v -1.8971837 1.5189462 -1.7622142
v -1.9595312 1.2691755 -2.0577502
v 0.20993125 2.4207375 -1.6075765
v 0.53032273 2.4826107 -1.2820742
v 0.25544375 2.0138626 -1.3145281
v 4.628813 4.482575 -1.2595677
v 4.7465186 4.22865 -0.88626075
v 4.4588485 4.163083 -1.4217975
v 3.7223525 1.7536333 -0.27534765
v 4.0825396 1.4797711 -0.04799453
v 3.9048703 1.4576046 -0.6018406
v -3.5657814 4.4306436 0.7902854
v -3.2789812 3.953425 0.83687603
v -3.213675 4.3926125 0.7393385
v -3.2789812 3.953425 0.83687603
v -1.8952992 8.412807 0.15016624
v -2.3537245 8.429303 0.34777367
v -1.9841163 8.068737 0.2531135
v 0.6963125 3.5353374 0.075732246
v 0.552932 4.016993 0.28011584
v 0.20764688 3.7476788 0.42243457
v -2.4332561 4.041725 -0.2047498
v -2.0971327 4.346642 -0.50347006
v -2.9888437 0.349 -2.243175
v -2.528503 0.088726565 -2.1655757
v -2.9349718 0.19509688 -1.822825
v 2.9561756 0.15388331 0.50827706
v -2.4401445 6.217165 0.33080345
v -2.7230594 6.669781 0.58642757
v -2.8649523 6.340712 0.51708126
v -3.1537814 6.536187 -1.6517739
v -3.441866 6.259408 -1.4977293
v 1.263638 0.8325487 1.0521389
v 0.96525717 0.6656112 1.3715076
v 1.5490407 0.7560843 1.7080368
v -3.9601705 0.2183086 1.793398
v -4.2251062 0.9116187 1.9776499
v -5.737239 8.264091 -0.18048963
v -5.317091 7.9496827 -0.43883494
v 2.8454862 2.1144066 0.89748245
v 2.4398906 2.0963287 0.40926564
v 2.2483187 2.2809563 0.68684685
v 0.6963125 3.5353374 0.075732246
v 0.88128746 3.8360875 -0.075348996
v 0.552932 4.016993 0.28011584
v -5.250922 1.0481812 0.59585
v -5.030219 0.6507 0.4716375
v -4.926519 0.93183744 0.9908625
v -2.2479515 8.735125 -0.088580415
v -1.8952992 8.412807 0.15016624
v -1.6044925 8.321625 -0.29318208
v -1.2781026 1.2398783 -2.2014008
v -1.9595312 1.2691755 -2.0577502
v -1.8971837 1.5189462 -1.7622142
v 0.21327773 2.525605 0.37015116
v -0.046681248 2.0266063 0.52794373
v 4.824074 3.8452747 -0.5173104
v 5.7157373 3.8246531 -0.4537412
v -3.3690798 1.5511279 2.7113516
v -2.7831993 1.4326078 2.4782453
v -2.1950605 0.8678531 2.011035
v -2.5509615 0.84370077 2.3469224
v -2.5182595 0.8305359 1.8316984
v 2.482131 4.2699757 -0.5443486
v 2.5637515 3.8734689 -0.11896306
v 2.883844 4.40961 0.032822877
v 0.8053981 0.2889241 1.1927929
v 0.9577767 0.33141446 1.7703807
v 0.96525717 0.6656112 1.3715076
v 1.4632864 1.7580487 -0.19346392
v 1.318202 2.1134086 -0.63858664
v 1.2438085 1.53798 -0.6043675
v -3.9601705 0.2183086 1.793398
v -3.8436313 0.06416251 2.186172
v -4.1821003 0.34394997 2.1591501
v 4.4692187 2.00975 1.5629313
v 4.6780624 2.2887125 1.4617374
v 4.437153 2.0620344 1.1740844
v 3.1472235 4.822943 0.13296819
v 2.786489 4.7562437 -0.1481365
v 2.883844 4.40961 0.032822877
v 4.8285933 0.96765625 -0.40777677
v 4.3010874 1.1606157 -0.49845755
v 4.5461125 1.2367527 -0.021982815
v -4.2454343 1.1837078 -1.7460902
v -4.644311 0.7959734 -2.2158194
v -4.7117596 1.105573 -1.7853688
v -4.0774517 0.78264594 -1.9528983
v -4.644311 0.7959734 -2.2158194
v -4.2454343 1.1837078 -1.7460902
v -4.0761395 5.138583 -0.5288974
v -4.317649 4.739211 -0.7789975
v -4.190008 5.01896 -0.038661305
v -4.238659 6.5966225 -1.02577
v -4.2151117 6.0589 -1.0872792
v -1.3112311 5.8385344 -0.7509271
v -1.3548727 6.1893888 -0.40741345
v -1.5404781 5.7377596 -0.299899
v -4.644311 0.7959734 -2.2158194
v -4.6358213 0.5376836 -1.9377937
v -5.122712 0.5797535 -2.3357382
v -5.4658475 2.932022 -0.3941284
v -5.314622 3.371953 -0.4432271
v -5.182528 2.9769812 -0.8413497
v 0.76126254 3.36575 -1.5493369
v 0.4560094 3.4871202 -1.8971303
v 0.9745015 3.747914 -1.493135
v -1.9454942 1.3924726 1.9022331
v -2.1950605 0.8678531 2.011035
v -1.4897078 0.9409695 2.0004156
v -3.3506439 1.7137375 -2.1558733
v -3.2922626 2.0399563 -2.042978
v 2.1860297 3.6401327 -0.5018977
v 2.482131 4.2699757 -0.5443486
v 2.4348128 4.2704372 -1.0241601
v -0.2511094 1.044388 1.0680792
v -0.31997168 1.3545069 0.78795445
v -0.356775 1.5532625 1.1662875
v -0.80828047 0.2921125 0.26283205
v -0.5430301 0.82565 0.5829269
v -0.8525261 0.30100077 0.871109
v 6.0978785 2.856783 0.31419536
v 6.135056 3.2853408 0.59217274
v 6.1728935 2.775347 0.87203777
v 3.4141457 3.519164 1.2013588
v 3.1590781 3.7214906 0.9615928
v 3.3386936 3.8739061 1.3866385
v 4.805673 0.22457929 -1.0399324
v 4.46885 0.15391642 -1.1454828
v 4.390747 0.5416312 -1.462275
v 5.7104807 5.385478 -0.98601717
v 5.6509695 4.9463196 -0.5780875
v 5.393617 5.0079565 -1.0578724
v 4.6780624 2.2887125 1.4617374
v 4.9432297 1.888632 1.9298368
v 4.978826 2.4656 1.6327736
v -5.68441 6.866968 0.84705746
v -5.183936 6.7957754 0.41880906
v -5.5703144 6.7064266 0.27017578
v -5.0891724 1.308725 1.0072469
v -5.250922 1.0481812 0.59585
v -4.926519 0.93183744 0.9908625
v 2.4348128 4.2704372 -1.0241601
v 2.7216423 4.4930754 -1.616867
v 2.4040937 4.0309687 -1.3356864
v -1.4055336 0.2858914 -1.9381859
v -1.4278117 0.35207656 -1.4094298
v -1.9071298 0.16859688 -1.502189
v 0.32423127 6.2172184 -0.3348365
v 0.57423127 5.928306 0.045851
v 0.5908 6.5033875 -0.44601774
v -1.2285845 6.5760016 -0.032771476
v -1.552911 6.9578266 0.20765099
v -4.036254 7.5442038 0.15599445
v -4.083556 7.4660378 0.69314474
v -4.409166 7.55682 0.93890333
v 3.5842297 0.070314065 1.150725
v 3.0610015 0.15968907 1.2337251
v 2.9561756 0.15388331 0.50827706
v 2.0149312 3.5553288 -0.96488696
v 1.6513379 3.006498 -1.0354054
v 1.7818849 3.0012097 -0.5254085
v 4.172968 6.364455 -0.61151934
v 3.6839328 6.702276 -0.5188388
v 4.774069 1.2669251 2.065431
v 4.41228 1.2906914 2.0219288
v 4.7042317 0.72266364 1.9924263
v -4.9410844 6.046672 -0.050240412
v -4.5678954 6.1351714 0.46288928
v -4.941706 6.084094 0.6545135
v -5.192147 0.90937984 -0.95795256
v -5.2711086 1.0445817 -1.6060412
v -5.3859396 0.55018795 -1.0873431
v 2.4864283 5.2636266 -0.17833847
v 2.2535968 5.052161 -0.51447403
v 2.4795732 4.6493225 -0.91575176
v -2.281953 4.602437 0.048318967
v -2.0971327 4.346642 -0.50347006
v -1.957428 4.683825 -0.440449
v 0.53032273 2.4826107 -1.2820742
v 0.43044376 2.7563906 -1.5830375
v 0.75752145 2.8508263 -1.164452
v -3.1582189 0.1819 -0.15386875
v -3.519256 0.10700469 0.17712969
v -3.5652251 0.063912496 -0.31451875
v 3.6898594 0.52050155 -1.5452192
v 3.5110252 0.7516812 -2.0230188
v 4.047849 0.59386957 -1.6633625
v -1.3732829 3.1108422 0.27823794
v -1.5584733 3.1451697 -0.14422938
v -1.9771641 2.848653 0.12233359
v 1.5924637 5.322712 -0.006595485
v 1.8598251 4.933256 -0.6018115
v 2.2535968 5.052161 -0.51447403
v 0.80403125 5.793544 -2.0386992
v 0.5367625 5.5405884 -2.014324
v 0.6426629 6.4620748 -1.5943137
v -1.2775687 0.050381247 1.6831343
v 1.7541149 2.046861 0.47733048
v 2.2483187 2.2809563 0.68684685
v 2.045206 2.267993 0.12344336
v 2.7139492 0.6048026 1.4568985
v 2.555507 0.2886456 1.0659385
v 3.0610015 0.15968907 1.2337251
v 5.5613875 3.6133752 0.92003846
v 5.1729097 3.152062 1.1344435
v 3.284887 1.6577837 1.6092681
v 3.0201707 1.3171848 2.0006258
v 3.0272813 1.1825619 1.6265956
v -2.0444868 0.19626483 -0.0408875
v -2.308878 0.16703437 0.2870453
v -2.8049831 0.20727226 -0.21067423
v -1.7108847 0.60167927 2.0145628
v -2.1950605 0.8678531 2.011035
v -2.5182595 0.8305359 1.8316984
v 2.843403 6.71565 -0.089173995
v 2.8295374 6.949584 -0.3673365
v 2.3317966 6.747147 -0.06737088
v -0.7652625 0.602225 -1.1834126
v -0.5600625 1.0804782 -1.4022233
v -5.4356594 1.6054485 0.60746133
v -5.501476 1.4469148 0.10873203
v -5.250922 1.0481812 0.59585
v 3.2782536 5.994972 -2.0265493
v 3.8664062 5.6286554 -1.9288287
v 3.6704373 5.324416 -2.0035677
v 3.3311305 0.12239453 -0.89843905
v 2.945764 0.27309063 -1.2358062
v 3.6898594 0.52050155 -1.5452192
v -4.5987625 6.731372 -0.1980705
v -4.691984 6.8247375 0.16584164
v -4.1400175 6.93626 -0.016963154
v -1.5569892 2.187788 0.99712586
v -1.049739 2.007656 0.9803281
v -0.8296037 2.2977593 1.014307
v -3.2357764 2.5462968 -1.2650967
v -3.2135727 2.2754436 -1.7610304
v -3.6130219 2.4423203 -1.8806796
v 4.9752293 0.19278556 0.5020449
v 4.531025 0.044606254 0.70125
v 4.613028 0.06825937 0.177425
v 3.2123117 2.5475202 -1.9003559
v 2.7500782 2.9757438 -2.0635464
v 3.4670916 3.1667461 -1.9073863
v -2.616509 7.273752 -2.1145823
v -2.8712413 6.968483 -1.8523494
v -3.137178 7.423512 -1.788608
v -0.45879063 0.509175 0.94975317
v -0.3916502 0.365025 1.3424525
v -0.3916502 0.365025 1.3424525
v -1.8917828 2.6889281 -1.2550201
v -1.6085999 2.6440501 -1.5879749
v -1.9875374 2.3793283 -1.5152156
v -3.4427495 7.256696 -0.3269518
v -3.8249555 7.391385 -0.7522205
v -3.718297 6.969569 -0.8749189
v -3.9601705 0.2183086 1.793398
v -3.5549436 0.08302499 1.7510625
v -3.8436313 0.06416251 2.186172
v -1.5173312 0.07947344 -0.15256095
v -1.2863874 0.072225004 0.34828985
v -1.7258937 0.06196875 0.44904375
v -4.6358213 0.5376836 -1.9377937
v -4.700194 0.4547 -1.4142625
v -5.068424 0.41771874 -1.8257414
v -2.8408625 5.5847125 0.321626
v -3.2341814 5.6244626 0.15153849
v -3.06105 5.225281 0.44700724
v 0.20455626 5.297453 0.16761664
v 0.051965628 5.6256905 -0.049948998
v -0.35225135 5.4447484 -0.38979083
v 3.0086696 2.9794016 0.09899352
v 2.6283674 2.8379905 0.08384222
v 2.833666 2.2368207 0.19479802
v -4.3162093 0.37703127 -0.87285626
v -4.2013736 0.62762034 -1.4025766
v -3.8809748 0.5182209 -1.2021841
v -3.5520859 7.427058 0.7586291
v -4.409166 7.55682 0.93890333
v -3.9184752 7.427875 0.926876
v -1.056524 8.1863 -0.3175329
v -0.59747183 7.5396166 -0.26364654
v -1.1923354 7.7125654 -0.54277873
v -3.3506439 1.7137375 -2.1558733
v -3.8598366 1.8762875 -2.0979538
v -3.2922626 2.0399563 -2.042978
v -5.257703 8.765278 0.3210854
v -4.9909763 8.46752 0.47594905
v -5.3441095 8.520035 -0.032652125
v 1.318202 2.1134086 -0.63858664
v 1.2775126 1.7542126 -1.0626438
v 1.2438085 1.53798 -0.6043675
v -5.374281 1.2954516 -0.36138517
v -5.5440226 1.8777906 -0.25212657
v -4.960244 1.8852386 -1.0662527
v -1.2421563 0.060609378 -0.6702187
v -5.737239 8.264091 -0.18048963
v -5.9932413 7.98426 -0.35240886
v -6.128977 8.601515 0.32635316
v -4.5022 8.036394 0.9859073
v -4.6980057 7.7942953 1.3024467
v -4.0612555 7.8431234 1.0899783
v -4.952485 8.137943 1.3382986
v -4.6980057 7.7942953 1.3024467
v -2.3372984 2.5482516 -0.97240776
v -2.3290484 2.0489905 -1.5912797
v -2.7452297 2.3160188 -1.3616188
v 6.0907345 3.426556 0.24635412
v 5.9092875 3.6895218 0.641926
v 6.135056 3.2853408 0.59217274
v -5.315875 6.1278687 1.0178885
v -5.863239 6.251619 1.0002823
v -5.4492064 6.066266 0.62851036
v -5.2711086 1.0445817 -1.6060412
v -4.9042034 1.1540186 -0.9945016
v -4.8080864 1.056275 -1.4323187
v -5.1077204 0.64443433 -0.07000469
v -4.7104907 0.3178422 0.235225
v -4.8522844 0.6346781 0.79704374
v -4.5281563 4.3634343 0.5610447
v -3.8931327 4.6062813 0.684808
v -2.6269126 4.9363127 -1.526299
v -2.255178 4.785822 -1.406274
v -2.545704 4.4342475 -1.3237319
v 2.5846615 1.5826817 -2.2388086
v 2.5062644 1.153156 -2.806291
v 2.2455459 1.337293 -2.5266728
v 0.90486133 7.033084 -1.0477849
v 1.2274265 7.038067 -0.8066818
v 1.2671143 7.2951517 -1.1573118
v -4.2151117 6.0589 -1.0872792
v -5.0032396 6.0874066 -0.52983624
v -4.5621624 6.1754627 -0.94831145
v 0.20832682 6.670639 -1.0334268
v 0.5553211 6.649966 -0.781906
v 0.54916716 6.8995457 -1.0788178
v -3.2006187 0.33608752 -1.3842195
v -2.9349718 0.19509688 -1.822825
v -2.8247867 0.13711211 -1.1794641
v 1.7960827 6.44776 -2.06532
v 1.7930171 5.9282923 -2.1027575
v 1.1120988 6.241494 -1.988599
v -1.4143322 7.925031 0.043418188
v -1.056524 8.1863 -0.3175329
v -1.9841163 8.068737 0.2531135
v -0.5600625 1.0804782 -1.4022233
v -0.89144844 1.0764782 -1.8447715
v -0.45714688 1.757393 -1.703579
v 1.2438085 1.53798 -0.6043675
v 1.2519531 1.2741843 -0.9270156
v -0.79324704 5.300168 -0.8473351
v -0.35225135 5.4447484 -0.38979083
v -0.57525265 5.7027473 -0.9210825
v -2.1001008 8.608427 -1.3678647
v -2.1467214 9.496105 -1.1010468
v -1.6292398 9.011594 -1.059896
v -3.9719877 8.74977 -0.47923493
v -3.800425 8.63678 -0.9697693
v -4.2859983 8.600487 -0.64582443
v -5.0891724 1.308725 1.0072469
v -5.1017594 1.7634125 1.112225
v -5.347353 2.0197093 0.8575875
v -4.0550194 0.270025 0.9412273
v -3.8012455 0.38200313 1.4052751
v 3.0086696 2.9794016 0.09899352
v 2.833666 2.2368207 0.19479802
v 3.2188501 2.3343248 -0.02795
v -3.5978951 7.117281 -1.3889251
v -3.442144 6.793913 -1.5359421
v -3.7878244 6.8173227 -1.3363576
v 3.758097 0.26017657 -0.8428781
v 4.058586 0.14461055 -0.67784023
v 3.6332002 0.039743748 -0.5798688
v 2.3640842 0.21936798 1.6140976
v 2.2000499 0.2457 1.2882812
v 2.7139492 0.6048026 1.4568985
v -1.1848059 6.725797 -0.5669022
v -1.3548727 6.1893888 -0.40741345
v -1.213524 6.320842 -0.71901435
v 2.3902388 1.4646125 1.4696656
v 2.396112 2.207239 1.5485687
v 1.8745422 1.7021985 1.160675
v 0.3551875 3.1144013 -1.801764
v 0.75752145 2.8508263 -1.164452
v 0.43044376 2.7563906 -1.5830375
v -1.9890254 4.466442 -0.9480223
v -2.545704 4.4342475 -1.3237319
v -2.255178 4.785822 -1.406274
v 4.0334377 0.22552499 -1.19295
v 3.6898594 0.52050155 -1.5452192
v 4.047849 0.59386957 -1.6633625
v -3.6078467 8.788936 -0.59644747
v -3.7582717 8.736025 -0.022982594
v -3.2283874 8.708497 0.0076228715
v 3.2128196 2.156167 -2.0432572
v 2.9999926 1.5611615 -2.0774693
v -3.0024624 2.8470328 1.3500956
v -3.4240751 2.6615453 1.6163037
v -3.053328 2.607278 1.6562252
v 5.1295395 4.711713 -0.98506653
v 4.7465186 4.22865 -0.88626075
v 4.628813 4.482575 -1.2595677
v 2.6726623 2.3008027 -2.0544713
v 2.5846615 1.5826817 -2.2388086
v 2.1138468 1.9566844 -1.9968187
v -1.7193282 0.17550468 0.8461156
v -1.2660875 0.23568204 0.71748126
v -1.6645485 0.19428125 1.4375165
v -0.4948781 0.56474376 1.9174875
v -0.88222575 0.64753515 1.9867423
v -0.5605227 0.17272344 1.8388531
v -0.88222575 0.64753515 1.9867423
v -0.4948781 0.56474376 1.9174875
v -0.6252648 1.0502578 1.7060422
v 2.0051563 2.1983626 0.975125
v 2.396112 2.207239 1.5485687
v 2.368708 2.3910778 1.0940953
v 2.368708 2.3910778 1.0940953
v 2.8454862 2.1144066 0.89748245
v 2.2483187 2.2809563 0.68684685
v 3.629121 1.9565389 -1.0692915
v 4.0563126 1.4503485 -1.0684531
v 3.8654928 1.6476977 -1.4314694
v -1.0694313 3.2920032 -1.6899713
v -1.06585 3.67275 -1.4972802
v -0.55889535 3.6956391 -1.906524
v 0.9668594 4.247973 -1.8295825
v 0.41442108 4.8066225 -2.045424
v 0.7402433 5.034849 -2.0697227
v -5.473343 8.073836 0.4614415
v -4.972192 7.7662725 0.7439234
v -5.5985355 8.045653 1.0676792
v -3.7509093 3.3272376 1.1442646
v -4.2942142 3.2745514 1.1497177
v -3.9340117 2.8667915 1.3250175
v -2.4889886 3.422819 -0.52650106
v -2.1223233 3.9831517 -0.65123165
v -2.4332561 4.041725 -0.2047498
v -2.528503 0.088726565 -2.1655757
v -2.2826383 0.21318671 -2.398862
v -1.7200683 0.4876721 -2.480278
v -5.5440226 1.8777906 -0.25212657
v -5.501476 1.4469148 0.10873203
v -6.2799892 6.505263 1.5507569
v -5.8609705 6.732587 1.5490409
v -6.236452 6.9583173 1.1722682
v -2.3793154 7.9055586 -2.2720132
v -2.3435051 8.387604 -2.1347766
v -1.638542 8.157512 -2.3888912
v 1.2274265 7.038067 -0.8066818
v 1.7436724 7.286942 -1.0669029
v 1.2671143 7.2951517 -1.1573118
v -4.0672855 8.047034 0.7479198
v -4.0612555 7.8431234 1.0899783
v -3.736042 7.8627634 0.89509714
v 2.0384812 0.76952344 1.5092001
v 2.279184 1.0136874 1.2498472
v 1.8524121 0.96184385 1.0751758
v -3.441866 6.259408 -1.4977293
v -3.8068717 6.200904 -1.1088979
v -4.238659 6.5966225 -1.02577
v -0.79324704 5.300168 -0.8473351
v -0.57525265 5.7027473 -0.9210825
v -0.46053907 5.2033834 -1.3761786
v 2.2000499 0.2457 1.2882812
v 2.3640842 0.21936798 1.6140976
v 3.163242 7.0469704 -0.73676616
v 2.7846093 7.173181 -0.812649
v 2.8295374 6.949584 -0.3673365
v 3.5110252 0.7516812 -2.0230188
v 3.4044166 1.0044793 -2.3564339
v 3.7319183 1.1226457 -1.9124289
v -2.1413202 0.17747343 0.93179846
v -2.5522203 0.110918745 0.8305578
v 5.108138 5.1580806 -0.45638737
v 5.603841 4.700494 -0.2729115
v 5.6509695 4.9463196 -0.5780875
v -1.7108847 0.60167927 2.0145628
v -0.88222575 0.64753515 1.9867423
v 1.0891485 3.562684 -0.9868697
v 0.9044981 3.210982 -1.1691765
v 0.76126254 3.36575 -1.5493369
v 2.883844 4.40961 0.032822877
v 3.1499062 4.182622 0.18011194
v -2.308878 0.16703437 0.2870453
v -1.7258937 0.06196875 0.44904375
v -2.5522203 0.110918745 0.8305578
v 3.5646 2.3869624 -1.114075
v 3.629121 1.9565389 -1.0692915
v 3.5270061 2.4019814 -1.4924905
v -4.6771975 2.6628075 -1.3693062
v -4.5508003 2.39915 -1.7214625
v -4.647122 2.051633 -1.5299077
v 2.838976 1.920318 0.48265937
v 2.833666 2.2368207 0.19479802
v 2.4398906 2.0963287 0.40926564
v -3.441866 6.259408 -1.4977293
v -3.1537814 6.536187 -1.6517739
v -2.971771 6.0765085 -1.5418293
v 5.081209 0.58170235 -0.64302576
v 4.805673 0.22457929 -1.0399324
v 4.7649374 0.62845 -0.97955
v -2.8212485 5.9434996 0.16762054
v -2.8408625 5.5847125 0.321626
v -3.1325998 5.7897625 -1.3218958
v -3.5887337 5.5123277 -0.9093951
v -3.2862408 6.179099 -1.0438557
v -4.040105 1.422682 1.8783414
v -3.7950485 1.7852399 1.6483914
v -4.30877 1.5877469 1.5521406
v -3.6870656 1.574361 1.9374439
v -3.7950485 1.7852399 1.6483914
v 3.7490172 2.8246708 -0.29676315
v 4.1573415 3.0809345 -0.43224126
v 5.351528 4.2412186 0.3182885
v 5.428508 3.8594906 0.6606151
v -2.6408372 2.5214267 1.5547299
v -2.84985 2.2555938 1.7556437
v -2.3333745 2.0372171 1.7414234
v -1.1848059 6.725797 -0.5669022
v -1.2091148 7.0860696 -0.9765202
v -1.1956407 7.090641 -0.5608021
v -4.6217356 0.95634687 1.2015359
v -4.926519 0.93183744 0.9908625
v 5.4326563 5.856512 -0.94486153
v 5.7104807 5.385478 -0.98601717
v -3.7878244 6.8173227 -1.3363576
v -3.718297 6.969569 -0.8749189
v -3.5978951 7.117281 -1.3889251
v -3.8729458 0.21665391 2.565437
v -3.8436313 0.06416251 2.186172
v -3.411325 0.0760375 2.4398625
v -1.508525 1.7685734 -1.9332079
v -1.4807047 2.333195 -1.8068805
v -0.90713155 2.2251263 -1.9357972
v -1.2863874 0.072225004 0.34828985
v -1.7193282 0.17550468 0.8461156
v -3.9417877 0.07166563 -0.4116844
v -3.7011719 0.15270782 -0.83031714
v -3.5652251 0.063912496 -0.31451875
v -1.9731985 0.4570336 1.3582485
v -2.1561093 0.6027062 1.6392782
v -2.5463552 0.8054806 1.3961744
v 2.4795732 4.6493225 -0.91575176
v 2.345633 4.7492423 -1.2451096
v -2.1467214 9.496105 -1.1010468
v -2.397225 9.073376 -0.6838738
v -2.0427876 9.072806 -0.7897799
v -4.167777 6.855895 0.43812364
v -4.691984 6.8247375 0.16584164
v -4.8212514 6.7033253 0.7739444
v -3.7717376 5.0355186 0.41005725
v -4.190008 5.01896 -0.038661305
v -3.9034398 3.2815378 -1.2413255
v -4.1182685 3.7258 -1.200649
v -3.5954373 3.6246414 -1.2280772
v 3.948121 1.7849085 0.6421063
v 4.519432 2.0872192 0.6982243
v 4.273694 1.6982405 0.36216873
v -4.5281563 4.3634343 0.5610447
v -4.844185 4.1261406 0.48353538
v -4.7890186 3.8460798 0.7680932
v 1.0265872 0.71740055 1.8464544
v 0.96525717 0.6656112 1.3715076
v 0.9577767 0.33141446 1.7703807
v 3.5175133 4.2115307 -1.9982622
v 4.084897 4.156541 -1.8407959
v -4.16119 6.2317204 0.089712724
v -4.9410844 6.046672 -0.050240412
v -4.4908366 6.1540656 -0.24045837
v 2.396112 2.207239 1.5485687
v 2.7446125 2.6449127 1.7726505
v 2.5279937 2.5526218 1.4325187
v 1.944788 1.4136891 -2.1194267
v 2.6119647 0.9369109 -1.9991367
v 1.8952776 1.1145328 -1.7827773
v -1.5950344 8.043108 -0.8028349
v -1.3197243 7.8876524 -1.2271849
v -1.7929652 8.328479 -0.98903847
v -5.9841824 6.8172917 0.42402685
v -6.000518 6.56628 -0.0036563706
v -6.3789053 6.7692795 0.37262392
v -1.4143322 7.925031 0.043418188
v -0.90932655 7.769972 -0.0916365
v -1.056524 8.1863 -0.3175329
v 5.60105 2.4000816 0.17253983
v 5.9549923 2.135678 0.42309684
v 5.5997357 1.6988297 0.25267968
v 4.0563126 1.4503485 -1.0684531
v 4.3010874 1.1606157 -0.49845755
v 4.5253415 1.0309782 -0.80464566
v 1.3926313 0.87819844 -0.4398797
v 1.719714 0.29145157 -0.24542657
v 1.6662031 0.62650627 0.034265622
v 1.07925 3.85565 -0.395549
v 1.1304562 4.25605 -0.24521774
v 0.88128746 3.8360875 -0.075348996
v 1.07925 3.85565 -0.395549
v 1.1304562 4.25605 -0.24521774
v 6.124044 5.728941 -0.23858963
v 6.492184 6.0687246 -0.27781016
v 5.9640794 6.2928495 -0.12754197
v -4.890032 2.4834816 1.1890688
v -4.835203 3.4687407 0.92573065
v 3.4459624 7.0390854 -1.2697427
v 3.4318905 6.8117065 -1.5492709
v 2.9954967 7.0400667 -1.484206
v 2.5846615 1.5826817 -2.2388086
v 2.9999926 1.5611615 -2.0774693
v 3.0042012 1.1427996 -2.3827753
v 3.5842297 0.070314065 1.150725
v 4.1311736 0.08392812 1.5620999
v -1.5446923 7.7067494 -1.4573377
v -1.6410328 7.4876375 -1.8121676
v -1.8213733 8.013949 -1.5041865
v 6.1728935 2.775347 0.87203777
v 5.9886346 3.214728 0.97403187
v 6.000514 2.8284283 1.202333
v 3.4475367 2.0906863 1.6660837
v 3.284887 1.6577837 1.6092681
v 3.161278 2.0502288 1.2439308
v -2.1199079 5.4172173 0.18074945
v -2.2768593 5.853853 0.21414162
v 3.4016922 1.4509485 -2.0282764
v 3.7319183 1.1226457 -1.9124289
v 3.4044166 1.0044793 -2.3564339
v -4.7699 3.0865002 -1.1076496
v -5.182528 2.9769812 -0.8413497
v -5.5703144 6.7064266 0.27017578
v -5.4189515 6.6106596 -0.12053695
v -6.000518 6.56628 -0.0036563706
v 0.25544375 2.0138626 -1.3145281
v 0.53032273 2.4826107 -1.2820742
v 0.6286912 2.425272 -0.9003569
v -1.7929652 8.328479 -0.98903847
v -1.8213733 8.013949 -1.5041865
v -2.1001008 8.608427 -1.3678647
v 2.5846615 1.5826817 -2.2388086
v 2.2455459 1.337293 -2.5266728
v 1.944788 1.4136891 -2.1194267
v -3.4240751 2.6615453 1.6163037
v -3.0024624 2.8470328 1.3500956
v -3.4400032 3.0030124 1.3068281
v 2.4258714 0.75211096 -1.6763828
v 2.945764 0.27309063 -1.2358062
v 2.5157812 0.25399062 -1.3385062
v -1.5569892 2.187788 0.99712586
v -0.8296037 2.2977593 1.014307
v -1.3999188 2.7956665 0.6006211
v -3.8809748 0.5182209 -1.2021841
v -3.2006187 0.33608752 -1.3842195
v 4.5461125 1.2367527 -0.021982815
v 4.6997824 1.4344704 0.27842927
v 5.0492296 1.3363891 -0.07737344
v -4.2117796 6.775325 -0.4996414
v -3.718297 6.969569 -0.8749189
v -4.238659 6.5966225 -1.02577
v 5.7096853 2.508645 1.5971141
v 5.6939 1.8715688 1.7928095
v 6.044653 1.9900031 1.28209
v -2.350964 1.3802031 2.2206483
v -1.9454942 1.3924726 1.9022331
v -2.4679039 1.7332782 1.8823305
v -4.238659 6.5966225 -1.02577
v -3.718297 6.969569 -0.8749189
v -3.7878244 6.8173227 -1.3363576
v -0.77166873 3.0787094 -1.8985577
v -1.0694313 3.2920032 -1.6899713
v -0.55889535 3.6956391 -1.906524
v -1.1178422 6.996726 0.011100024
v -0.7464903 6.740183 -0.29931945
v -0.8687812 7.1304903 -0.37547582
v -1.6255206 3.3345742 -0.4550714
v -1.4253731 3.7812934 -0.5604134
v -1.363368 3.6930707 -1.0005608
v -1.6255206 3.3345742 -0.4550714
v -1.9866886 3.023022 -0.37352866
v -1.5584733 3.1451697 -0.14422938
v -1.2161329 7.261991 -1.3922807
v -1.5757234 6.980752 -1.8320053
v -1.6410328 7.4876375 -1.8121676
v 4.9432297 1.888632 1.9298368
v 4.301172 1.7568094 1.7542374
v 4.41228 1.2906914 2.0219288
v -0.6252648 1.0502578 1.7060422
v -0.24315 0.91754055 1.5442843
v -0.59182954 1.4006062 1.5012469
v 2.6283674 2.8379905 0.08384222
v -4.879632 0.5341699 -0.877
v -4.700194 0.4547 -1.4142625
v -4.3162093 0.37703127 -0.87285626
v -4.975425 2.62975 -1.0900248
v -4.6771975 2.6628075 -1.3693062
v -4.975425 2.62975 -1.0900248
v -5.182528 2.9769812 -0.8413497
v -4.7699 3.0865002 -1.1076496
v 0.7208844 3.9214597 -1.8806459
v 0.4560094 3.4871202 -1.8971303
v 0.3201375 3.8777437 -2.0216427
v -2.3333745 2.0372171 1.7414234
v -2.114183 2.2989454 1.2744781
v -2.6408372 2.5214267 1.5547299
v -3.8177714 1.4126472 2.4204597
v -4.040105 1.422682 1.8783414
v -4.1038504 1.1738813 2.304275
v -1.9117843 2.6019 0.7844875
v -1.8375952 2.8034172 0.4808032
v -2.278275 2.7976906 0.46481878
v -4.7315006 8.341616 0.0039955303
v -4.671178 8.157022 -0.38850367
v -5.206101 8.212067 -0.17467791
v 4.1317096 4.380653 0.046791628
v 3.7593455 4.529525 0.1787307
v 3.6652381 3.8057387 0.10810842
v 0.75752145 2.8508263 -1.164452
v 0.6286912 2.425272 -0.9003569
v 0.53032273 2.4826107 -1.2820742
v -0.063125 1.8660375 -1.5261626
v 0.20993125 2.4207375 -1.6075765
v 0.25544375 2.0138626 -1.3145281
v 3.774743 1.8007166 0.18351796
v 3.948121 1.7849085 0.6421063
v -6.236452 6.9583173 1.1722682
v -6.589304 6.5412426 0.7610719
v -6.2799892 6.505263 1.5507569
v -6.236452 6.9583173 1.1722682
v -6.4125123 7.0348835 0.75147283
v -6.589304 6.5412426 0.7610719
v -0.6252648 1.0502578 1.7060422
v -0.4948781 0.56474376 1.9174875
v -0.24315 0.91754055 1.5442843
v 2.205521 6.6468453 -1.9759624
v 2.2825532 6.9637036 -1.7253053
v 2.8610437 6.826094 -1.8064365
v -3.3514204 0.39030465 2.7802749
v -3.7173939 0.67097497 2.865147
v -3.8729458 0.21665391 2.565437
v -4.53578 7.786006 -0.9057838
v -4.636633 7.4389124 -1.087163
v -5.1349206 7.583168 -0.79879314
v -2.8402324 1.8782976 -1.8230708
v -2.7452297 2.3160188 -1.3616188
v -2.3290484 2.0489905 -1.5912797
v -5.3075466 2.5722718 0.8538562
v -4.890032 2.4834816 1.1890688
v -4.9643 3.0008001 1.0470629
v -3.1089478 0.2881375 1.6509602
v -3.411325 0.0760375 2.4398625
v -3.5549436 0.08302499 1.7510625
v 5.1295395 4.711713 -0.98506653
v 5.393617 5.0079565 -1.0578724
v 5.6509695 4.9463196 -0.5780875
v 0.034567192 5.6480846 -1.6943913
v 0.169 5.2406735 -1.9328467
v -0.46053907 5.2033834 -1.3761786
v -5.343504 2.0325608 -0.72839844
v -5.5440226 1.8777906 -0.25212657
v 2.9302874 2.8562403 2.1185799
v 2.9318843 2.3182387 2.3578362
v 3.2455907 2.6137996 2.412363
v 1.7440947 4.720845 -0.91986203
v 2.345633 4.7492423 -1.2451096
v 2.16437 4.8908176 -0.91364056
v -2.2678156 5.136985 -1.5633615
v -2.6269126 4.9363127 -1.526299
v -2.114183 2.2989454 1.2744781
v -2.2704735 2.490778 1.0140812
v 4.299006 3.8282342 -1.4944272
v 4.1540813 3.400639 -1.3196445
v 3.9130156 3.626597 -1.8029021
v -2.9196234 3.2047539 -0.8157439
v -3.058775 3.5180626 -1.0713708
v -2.4889886 3.422819 -0.52650106
v -5.5965815 2.515203 -0.051796876
v -5.5440226 1.8777906 -0.25212657
v -5.540406 1.9395049 0.38879022
v -5.5965815 2.515203 -0.051796876
v -5.5419436 2.3690937 -0.3874
v -5.5440226 1.8777906 -0.25212657
v 4.162294 0.16178125 0.7974188
v 3.3964753 0.22651437 0.23909883
v -5.4658475 2.932022 -0.3941284
v -5.529756 2.920103 0.032587655
v -5.314622 3.371953 -0.4432271
v -3.718297 6.969569 -0.8749189
v -3.8249555 7.391385 -0.7522205
v -4.1101613 7.3187447 -1.2619897
v 4.3317814 0.35626876 1.8232062
v 4.1311736 0.08392812 1.5620999
v 4.6837893 0.09632343 1.2993188
v 0.5908 6.5033875 -0.44601774
v 0.5553211 6.649966 -0.781906
v 0.16372031 6.328698 -0.7488091
vn -0.445296 0.240272 -0.862514
vn -0.55913 0.216224 -0.800348
vn -0.28097248 0.091593996 -0.9359722
vn 0.8001076 -0.37427744 0.40403253
vn 0.836177 -0.24718451 0.457854
vn 0.660482 -0.515946 0.545457
vn -0.925718 0.374096 0.055391
vn -0.91349936 0.3852046 0.122077875
vn -0.93355536 0.31676188 0.1620192
vn 0.23661387 0.06703663 0.96361625
vn 0.3431805 0.1013825 0.93244696
vn 0.16739774 0.09885044 0.9743986
vn 0.746666 0.564104 0.352458
vn 0.839747 0.46113476 0.16888951
vn 0.89886177 0.417966 0.008590747
vn -0.2978571 -0.8049107 0.46226013
vn -0.46925253 -0.6187325 0.6272392
vn -0.45036924 -0.699484 0.54873025
vn -0.4147085 0.87343174 0.21443051
vn -0.432295 0.897519 -0.086734
vn -0.0872145 0.971343 0.17016375
vn -0.41673 -0.701682 0.577868
vn -0.302103 -0.630482 0.714988
vn -0.4233917 -0.47723895 0.7530358
vn 0.33376563 0.85766554 0.38937438
vn 0.331034 0.843623 0.422712
vn 0.33845 0.890561 0.303842
vn 0.690176 0.184057 -0.69982
vn 0.7090515 0.456389 -0.52147
vn 0.62231827 0.028549999 -0.75654626
vn 0.13267949 -0.57193196 0.8080995
vn 0.2211985 -0.635212 0.7368235
vn 0.15749851 -0.50920904 0.8426083
vn 0.781533 -0.6203195 0.040818498
vn 0.838466 -0.544725 -0.014313
vn 0.8781946 -0.47159135 -0.0723285
vn 0.452681 0.64977 -0.610614
vn 0.59834146 0.71683645 -0.34953865
vn 0.30251098 0.6801964 -0.66217566
vn -0.00657675 0.99666584 0.06321875
vn -0.122364 0.96984 -0.20784625
vn -0.117466 0.94969 -0.2789085
vn 0.31976807 -0.5735853 -0.7207662
vn 0.53432226 -0.5925397 -0.6008254
vn 0.50445575 -0.54203904 -0.66718054
vn -0.256264 0.131809 0.957549
vn -0.39804524 -0.0631505 0.9046602
vn -0.14737786 0.03221975 0.98452735
vn -0.8917737 -0.2028645 -0.39669475
vn -0.911008 -0.269082 -0.312418
vn -0.946318 -0.16776 -0.276254
vn 0.11182763 -0.62844515 -0.7658695
vn 0.29444224 -0.638142 -0.705912
vn 0.161565 -0.77871 -0.606189
vn 0.3170246 0.6022248 0.71624756
vn 0.433729 0.436628 0.788141
vn 0.4021565 0.27084637 0.8417282
vn 0.49316385 -0.17360449 -0.8485709
vn 0.3061155 -0.198126 -0.929777
vn 0.377117 -0.320536 -0.868892
vn 0.040866405 0.9929427 0.089339375
vn 0.324534 0.936613 0.131779
vn 0.20739625 0.9360635 0.24842075
vn 0.3807795 0.0450455 -0.91531146
vn 0.659078 -0.134953 -0.73983
vn 0.425489 -0.178869 -0.887082
vn -0.8381251 -0.23197535 -0.48395908
vn -0.64774 -0.53477573 -0.5319222
vn -0.865993 -0.3200935 -0.37315
vn -0.63846254 0.253838 -0.72588253
vn -0.4741559 0.14394212 -0.8590487
vn -0.690939 0.387585 -0.6019625
vn 0.30870238 0.93262994 0.16864137
vn 0.465255 0.867336 0.176641
vn 0.48572868 0.85545856 0.14540726
vn 0.308206 0.891415 0.332194
vn 0.29430437 0.9456086 0.12753494
vn 0.139958 0.988739 0.052522
vn 0.574877 -0.728599 0.372326
vn 0.723777 -0.574023 0.382885
vn 0.547746 -0.77408695 0.3146
vn 0.983978 -0.166021 -0.064486
vn 0.975066 -0.220405 0.024689
vn 0.956938 -0.264046 -0.120457
vn -0.37231052 -0.5492263 -0.71507925
vn -0.3214364 -0.9143209 -0.14484695
vn -0.26540726 -0.2716347 -0.77306795
vn -0.116565496 0.514756 -0.84931505
vn -0.247154 0.15697199 -0.948653
vn -0.0571685 0.41708562 -0.8981168
vn -0.235267 -0.951872 0.196356
vn -0.3043 -0.907102 0.29075
vn -0.354564 -0.9037825 0.22808775
vn -0.41533044 -0.7950796 -0.4353426
vn -0.253212 -0.812555 -0.524979
vn -0.21581525 -0.86368537 -0.4343434
vn 0.3553575 0.53506553 -0.763909
vn 0.3971065 0.689703 -0.5868255
vn 0.495261 0.6615604 -0.05364774
vn -0.098032966 0.9462044 -0.2709815
vn -0.00769075 0.998657 0.044983998
vn 0.0195165 0.99964905 0.0026854998
vn 0.15190575 0.20173499 0.96118826
vn 0.01906287 0.25178924 0.9511894
vn 0.495895 -0.169225 0.851711
vn -0.46756825 -0.3216062 -0.81917584
vn -0.444441 -0.1880855 -0.8736385
vn -0.47155648 -0.090434 -0.87458396
vn 0.2447914 -0.95121455 -0.039462775
vn 0.325175 -0.93939 -0.108463
vn 0.399182 -0.902127 -0.16361
vn 0.4472565 0.8062836 -0.12277625
vn 0.097705 0.832072 -0.5409255
vn 0.122364 0.66205347 -0.7202215
vn -0.81959724 0.2323525 0.5140842
vn -0.78433895 -0.22955266 0.5384877
vn -0.59611416 0.15364164 0.7649312
vn 0.756035 0.500137 -0.422193
vn 0.80282 0.577563 -0.147862
vn 0.5822475 0.70455 -0.4014405
vn 0.4844205 -0.024369 -0.87418747
vn 0.20881525 -0.14151451 -0.9612032
vn 0.6496664 -0.057478495 -0.7479244
vn -0.7669147 0.5437635 -0.34069324
vn -0.822016 0.5219125 -0.225318
vn -0.8127235 0.54925704 -0.1910765
vn 0.018097501 -0.9995725 0.014115
vn -0.037049502 -0.9976655 0.056764502
vn 0.043504 -0.9878043 0.13137463
vn -0.16692099 -0.37708652 -0.910245
vn -0.038057 -0.454787 -0.889767
vn -0.33663452 -0.439482 -0.8322245
vn 0.8901331 -0.12670633 0.4280395
vn 0.73327553 0.015679 0.6682105
vn 0.5380565 0.104587 0.8310955
vn 0.943663 0.075106 0.322184
vn 0.88350713 0.24633774 0.34939873
vn 0.9389858 -0.10433513 0.32263303
vn 0.508408 -0.505173 -0.697317
vn 0.593112 -0.5899613 -0.5421767
vn 0.499588 -0.594867 -0.629658
vn 0.30223626 0.6903784 -0.6520773
vn 0.4209602 0.56080186 -0.68045676
vn 0.47503603 0.752861 -0.4542225
vn -0.410688 -0.910581 0.046541
vn -0.29409435 -0.9300814 -0.09519869
vn -0.445448 -0.8951385 -0.009873
vn 0.396771 -0.90041804 -0.177694
vn 0.325022 -0.938566 -0.115757
vn 0.19863 -0.034379 -0.9791255
vn 0.37984875 -0.109348 -0.9138998
vn 0.1549751 -0.029382706 -0.97864825
vn 0.05986949 0.22556613 -0.9322603
vn -0.257683 0.190252 -0.9436325
vn -0.0022776253 0.467738 -0.88111496
vn -0.9244365 0.258019 0.21601
vn -0.939817 0.210669 0.268868
vn -0.921247 0.36243775 -0.1182285
vn 0.119670495 0.17521426 0.96564376
vn 0.228767 -0.13712 0.963744
vn 0.22304451 -0.0834835 0.962569
vn -0.12459925 -0.16963725 -0.9712057
vn -0.43746582 -0.0366585 -0.84439933
vn -0.40807062 -0.04952375 -0.83497083
vn -0.13998075 -0.97937727 -0.126873
vn -0.295358 -0.926481 -0.233161
vn -0.320475 -0.928953 -0.185247
vn 0.2773675 -0.845088 0.4466235
vn 0.20648625 -0.71866107 0.6616663
vn 0.327124 -0.55853826 0.76152474
vn -0.16982108 -0.5162842 0.8262619
vn -0.0016019996 -0.561617 0.82651746
vn -0.048677 -0.697104 0.715262
vn 0.026917499 -0.73002154 0.66847336
vn 0.040437 -0.886715 0.460524
vn 0.34297925 -0.6787127 0.59756523
vn 0.49561667 0.52149296 0.6884078
vn 0.491272 0.60746324 0.62122726
vn 0.022785753 0.68353105 0.7143201
vn 0.066469 -0.917966 -0.390973
vn -0.006542625 -0.96970654 -0.24145837
vn -0.044137247 -0.93761265 -0.32860425
vn -0.49324 -0.785028 -0.374706
vn -0.52508605 -0.8203223 -0.19174801
vn -0.448195 -0.82458 -0.345134
vn -0.073457874 -0.81340235 -0.56907845
vn -0.128544 -0.842402 -0.52324
vn -0.149571 -0.843532 -0.515793
vn 0.2550774 -0.13905388 -0.93964565
vn -0.38647836 0.6131209 -0.55536085
vn -0.2646773 -0.26102862 -0.9075444
vn -0.26314223 0.022118906 0.9444392
vn 0.017029 -0.061373 0.997955
vn 0.07276375 -0.135922 0.987953
vn -0.109592 -0.58449 0.803919
vn 0.023304502 -0.6356969 0.76267254
vn -0.20587024 -0.6030077 0.7620472
vn 0.266549 -0.864772 -0.42552
vn 0.285478 -0.8713399 -0.39600244
vn 0.22624162 -0.88519144 -0.4042269
vn 0.620533 -0.207038 -0.75631
vn 0.555956 -0.155828 -0.816431
vn 0.69145024 -0.01293975 -0.720527
vn -0.54616153 0.8287699 0.113523066
vn -0.61589396 0.784356 0.06798
vn -0.65388215 0.7555243 0.014538251
vn -0.948576 0.135075 -0.286172
vn -0.97644 0.170141 -0.132542
vn -0.929304 0.14519149 -0.33405548
vn 0.21361062 0.008167502 0.9713334
vn 0.7494241 0.13219504 0.6311064
vn 0.232215 0.232215 0.944517
vn 0.701559 0.002045 -0.712577
vn 0.59742635 0.13472025 -0.78845346
vn 0.821711 0.168126 -0.544481
vn -0.43516737 0.50304824 -0.7433124
vn -0.18282509 0.9700635 -0.1059797
vn -0.45873925 0.4801325 -0.7468947
vn -0.38843745 0.11573 -0.90693593
vn -0.357372 0.062014 -0.931883
vn -0.24877176 -0.0443895 -0.9595783
vn -0.3458735 0.03116725 0.93374395
vn -0.2818995 -0.230369 0.930494
vn -0.26018938 -0.1611985 0.937895
vn 0.21469606 0.21498181 -0.9481508
vn 0.554857 0.620685 -0.553911
vn 0.20257552 0.47317678 -0.81500936
vn 0.1314585 0.78705704 0.5777382
vn 0.172582 0.753136 0.634785
vn 0.1676455 0.60643375 0.77473545
vn 0.59955883 0.40811282 -0.67883843
vn 0.6703813 0.48512524 -0.54409295
vn 0.506333 0.472365 -0.721397
vn 0.371456 0.75334954 0.5367135
vn 0.487503 0.768578 0.414228
vn 0.29440424 0.5906321 0.7405658
vn -0.5815451 0.22679575 -0.7401037
vn -0.44996148 0.117861375 -0.84816515
vn -0.499527 0.4514905 -0.73773897
vn 0.1536 0.0528125 -0.97235
vn 0.44086266 -0.26986748 -0.76818883
vn 0.2367625 -0.059763 -0.9684515
vn 0.5288555 0.098018005 0.8281957
vn 0.3611048 0.2274861 0.8934166
vn 0.2739495 0.1269725 0.9456465
vn -0.9370095 0.090059996 0.329081
vn -0.899716 0.078066 0.429395
vn -0.871181 -0.027238 0.4832755
vn -0.09305825 -0.99367476 0.00321225
vn 0.180792 -0.982116 -0.05237
vn -0.23237756 -0.9582108 0.14024691
vn 0.8443152 -0.29147464 0.44442183
vn 0.85842454 -0.39302498 0.32930225
vn 0.842402 -0.419172 0.338542
vn 0.377148 -0.682852 0.625629
vn 0.107822 -0.704276 0.701651
vn 0.07717369 -0.85439 0.31362206
vn 0.079073 0.003876 0.996857
vn 0.197348 -0.15753649 0.94958353
vn -0.168569 0.0274365 0.9841
vn 0.13646351 -0.7519605 0.63649404
vn -0.071857974 -0.81486386 0.4734136
vn 0.044785753 -0.63128275 0.77043223
vn -0.171422 0.92172 0.34788
vn -0.346965 0.870724 0.34843
vn -0.298227 0.832118 0.467574
vn 0.7622441 -0.16723266 0.5974556
vn 0.910703 -0.114231 0.396924
vn 0.784112 -0.20864 0.56563
vn -0.45229393 0.13648438 -0.8556913
vn -0.756371 0.251442 -0.603839
vn -0.599765 -0.029206 -0.799585
vn -0.015813187 0.96886086 0.19191608
vn 0.156331 0.95632803 -0.2429425
vn 0.085888624 0.94622254 0.2612918
vn -0.0043606255 -0.6506661 0.75634426
vn -0.0833155 -0.3531605 0.9303875
vn -0.25954667 -0.43091953 0.83843887
vn -0.054434765 -0.78353727 0.5972426
vn -0.38303024 -0.78142625 0.476821
vn -0.526627 -0.693411 0.491714
vn 0.185522 -0.340007 0.921934
vn 0.201819 -0.196966 0.95938
vn 0.244209 -0.204566 0.947874
vn -0.24953474 -0.50898397 -0.7975135
vn 0.111383185 -0.62776595 -0.7650784
vn 0.023103 -0.602802 -0.79751
vn 0.9234088 0.344073 -0.06436913
vn 0.90839887 0.061361376 -0.40054
vn 0.9945675 0.042558 -0.032532997
vn -0.36947274 -0.9102835 0.170957
vn -0.33141524 -0.9373276 0.06325428
vn -0.16292301 -0.97940004 0.103885
vn -0.523362 -0.335765 -0.783135
vn -0.38024732 -0.3888747 -0.83393914
vn -0.618061 -0.409894 -0.667348
vn -0.500717 0.772576 0.390332
vn -0.55641323 0.80014205 0.21760474
vn -0.4447155 0.78276896 0.428205
vn 0.23767038 -0.15153612 -0.9591397
vn 0.33359748 -0.0925775 -0.91976655
vn 0.380779 -0.06711 -0.922208
vn 0.322428 -0.214118 -0.922025
vn 0.316111 -0.160863 -0.934965
vn 0.32602197 -0.03391375 -0.9432435
vn 0.94293 -0.109439 -0.314432
vn 0.93449664 0.16770467 -0.2951666
vn 0.979385 0.1805475 -0.034242
vn 0.713095 0.469436 0.520676
vn 0.74317145 0.397046 0.528489
vn 0.58623 0.380108 0.715384
vn 0.122166 -0.982788 0.138371
vn -0.0699105 -0.95309335 0.095575996
vn -0.109058 -0.9835355 -0.0209965
vn 0.12064 -0.988708 0.088717
vn -0.0308545 -0.9915925 0.1135595
vn 0.09669012 -0.9866555 0.10682613
vn -0.614246 -0.742485 -0.2352365
vn -0.6737833 -0.65629447 0.27376693
vn -0.530671 -0.84533954 -0.0023727491
vn 0.669452 -0.7397412 0.020408344
vn 0.60042876 -0.76671624 0.22222799
vn 0.6629385 -0.7421645 0.0833615
vn -0.11944525 0.4991835 0.8530499
vn -0.2881785 0.51519823 0.8044225
vn -0.021492498 0.6009325 0.71632254
vn 0.028474 -0.509842 0.859767
vn 0.2457805 -0.34154803 0.905896
vn 0.1093515 -0.285192 0.94231266
vn -0.8284555 -0.559343 -0.0183415
vn -0.851985 -0.513474 0.101962
vn -0.872616 -0.4453265 0.198019
vn -0.786615 -0.551256 0.277993
vn -0.9401685 -0.1801205 0.27173698
vn -0.811579 -0.33964 0.475326
vn 0.295877 -0.859767 -0.416181
vn 0.22701174 -0.83209264 0.34628776
vn 0.21821143 -0.6621175 0.5953859
vn -0.6135173 0.52107275 0.5829532
vn -0.794824 0.205084 0.571093
vn -0.743156 0.340983 0.575701
vn -0.699942 0.320872 -0.63802
vn -0.3603625 0.0155949965 -0.922315
vn -0.6710223 0.5472276 -0.4918514
vn -0.45319223 -0.123104006 -0.87682724
vn -0.481853 -0.06038863 -0.8666684
vn -0.48245198 -0.076159 -0.870418
vn -0.56856 0.472854 -0.673147
vn -0.63442624 0.3732565 -0.6706215
vn -0.664617 0.4337445 -0.6077
vn 0.045873187 -0.6608629 -0.6982729
vn -0.269265 0.011673503 -0.9506515
vn -0.1065555 -0.335505 -0.906888
vn -0.60555696 0.4586388 0.6436955
vn -0.769204 0.500305 0.3936885
vn -0.71922255 0.27042758 0.59035015
vn 0.6540422 -0.14062962 0.7383056
vn 0.75869 0.149266 0.634083
vn 0.605426 0.18952 0.772973
vn -0.64656496 -0.04805125 -0.76126146
vn -0.673574 0.081393 -0.734611
vn -0.749901 -0.002075 -0.661519
vn -0.39289498 0.2292245 -0.8886535
vn -0.37603402 0.260094 -0.88546395
vn -0.40500325 0.4042635 -0.81856
vn 0.6135745 0.74449897 0.257927
vn 0.696524 0.71141696 0.055986
vn 0.59361947 0.71524334 0.3414601
vn -0.32037586 0.21224113 0.8939331
vn -0.5801645 0.68594176 0.40522474
vn -0.04676502 0.7347519 0.6572585
vn -0.199683 0.116245 0.97293
vn 0.079073 0.003876 0.996857
vn 0.051576 0.204016 -0.977599
vn 0.085391 0.2813195 -0.95236826
vn -0.019898 0.115177 -0.993133
vn -0.16876 0.074877 0.98222303
vn -0.071871 -0.002625 0.997406
vn -0.022633124 -0.21942025 0.95464945
vn -0.799036 -0.4485 -0.400403
vn -0.838679 -0.459212 -0.292734
vn -0.838893 -0.401318 -0.367626
vn 0.206244 0.274789 -0.939085
vn 0.20073214 0.4177246 -0.8819046
vn 0.32356322 0.26246107 -0.90000594
vn -0.39561152 0.8995945 0.1457105
vn -0.53652716 0.8379319 0.091387495
vn -0.397534 0.914975 0.06885
vn -0.2821985 -0.68478084 0.66121644
vn -0.551378 -0.537217 0.638203
vn -0.447035 -0.547288 0.707511
vn -0.368084 -0.929777 0.004639
vn -0.14681675 -0.97492146 0.090838
vn -0.085177 -0.996338 0.005768
vn 0.6903745 0.2464525 0.677389
vn 0.723624 0.170476 0.668783
vn 0.6870935 0.11214 0.707587
vn -0.934721 0.060213 0.350169
vn -0.8875545 0.21296163 0.40153188
vn -0.9402032 0.16277425 0.29532415
vn -0.36146098 -0.5001675 0.78432596
vn -0.2266875 -0.6063646 0.75956374
vn -0.43971473 -0.31910926 0.8293786
vn 0.564714 -0.379955 0.732566
vn 0.5903883 -0.37106702 0.7125806
vn 0.56301606 -0.4057149 0.7151895
vn 0.540757 0.433607 0.720756
vn 0.49491873 0.528184 0.67836547
vn 0.591037 0.24884024 0.76050574
vn -0.178396 0.5530565 0.813761
vn -0.28172764 0.6257973 0.7218966
vn -0.23101 0.568392 0.78843045
vn -0.304453 0.775628 0.552873
vn -0.5762949 0.66069865 0.43938154
vn -0.46225238 0.81258976 0.31259736
vn -0.986946 -0.009720251 -0.14200276
vn -0.95594645 -0.27073 -0.1066775
vn -0.990295 -0.138371 -0.010834
vn -0.761345 -0.374493 -0.529221
vn -0.472854 -0.51033 -0.718284
vn -0.6899731 -0.45106542 -0.55564153
vn 0.6341537 -0.6910289 0.29849207
vn 0.334422 -0.936857 0.102054
vn 0.350047 -0.933287 0.079897
vn 0.02576913 0.416566 0.9053086
vn -0.05482974 0.6401056 0.76092345
vn 0.07776125 0.3857845 0.91632605
vn 0.648885 0.26899 0.711722
vn 0.5786005 0.45764 0.6718805
vn 0.454939 0.246071 0.855831
vn 0.865627 -0.443922 0.231483
vn 0.92224264 -0.27841842 0.26295105
vn 0.8486892 -0.30835143 0.42355698
vn -0.040835377 0.5364717 0.8188118
vn 0.12902457 0.83275294 0.48913932
vn 0.201628 0.498993 0.8395947
vn 0.06296725 0.938177 -0.32759374
vn -0.064333 0.888943 -0.453444
vn -0.0639515 0.84783447 -0.5252235
vn 0.95309305 -0.297296 -0.0074924994
vn 0.926664 -0.363536 -0.09537
vn 0.82338953 -0.5639975 0.0416575
vn 0.806299 -0.591449 0.005402
vn 0.13422808 0.7285041 -0.6528654
vn 0.137303 0.710288 -0.690359
vn 0.2843715 0.7268595 -0.6249885
vn -0.836909 0.251289 0.48619
vn -0.83263075 0.3654374 0.39798343
vn -0.771348 0.103365995 0.6228753
vn 0.966735 -0.12711 0.22187
vn 0.7552662 -0.11516738 0.6105113
vn 0.9042325 -0.053697 0.41676098
vn 0.746696 -0.013611499 -0.6586505
vn 0.7390667 0.074792996 -0.64796126
vn 0.67436755 0.65511 0.3290965
vn 0.58387226 0.78078574 0.1625185
vn -0.17081898 0.6113874 0.6698829
vn -0.1142955 -0.9232956 0.3634945
vn -0.107242 -0.8503523 0.50866747
vn -0.20627451 -0.927122 0.307886
vn 0.522683 -0.756958 -0.36661488
vn 0.495453 -0.48982948 -0.7045425
vn 0.201209 -0.705374 -0.679647
vn 0.48220748 0.48297048 -0.71839046
vn 0.28245625 0.44572276 -0.8463775
vn 0.5708886 0.2943508 -0.7092044
vn -0.8770181 0.19537368 0.43449932
vn -0.5545393 -0.113257274 0.7593311
vn -0.85604376 0.11322349 0.47984275
vn 0.93114996 -0.357723 0.0561235
vn 0.960418 -0.26075 0.097903
vn 0.91846955 -0.33517 0.2034975
vn -0.280404 -0.946898 -0.157262
vn -0.571093 -0.750694 -0.332072
vn -0.541749 -0.8335825 -0.079271495
vn -0.4772175 0.25694275 0.8389387
vn -0.16354665 0.05225787 0.9758713
vn -0.4155705 0.1720635 0.892102
vn -0.460829 0.344096 0.818049
vn -0.416883 0.3888825 0.82056653
vn -0.3294015 0.3982665 0.8557695
vn -0.117832 -0.150548 -0.981536
vn -0.032868 -0.036103 -0.998779
vn 0.15706325 -0.29798248 -0.913228
vn -0.48878253 -0.13733453 0.8532624
vn -0.15913124 -0.32441175 0.90141773
vn -0.2483559 -0.46157128 0.82300615
vn -0.092746004 0.217139 -0.97125196
vn 0.063333504 -0.078936 -0.9799645
vn -0.188223 0.0581225 -0.9799955
vn -0.28551412 0.58473456 -0.6419846
vn -0.56643677 0.64726514 -0.5027886
vn -0.49035612 0.7060648 -0.47562736
vn -0.0066647492 0.48915076 -0.8645055
vn -0.21903512 0.20032349 -0.9366473
vn -0.212745 0.428449 -0.87814
vn 0.392163 0.52443 0.75573
vn 0.463454 0.27842 0.841212
vn 0.33204126 0.45131552 0.82231325
vn 0.654958 0.51912 0.549089
vn 0.29329038 0.35143974 0.7691122
vn 0.423475 0.277779 0.862239
vn 0.58432275 -0.0199745 0.810518
vn 0.41525024 -0.28168574 0.85013103
vn 0.44630778 0.12239875 0.85546136
vn -0.5798398 0.3589872 -0.7224567
vn -0.69609654 0.2813655 -0.65964246
vn -0.8124485 0.31122798 -0.461684
vn -0.085299 -0.996063 -0.023652
vn -0.034761 -0.999329 -0.010163
vn -0.074465 -0.996918 -0.023988
vn 0.72035885 -0.6316109 -0.2794005
vn 0.77051604 -0.52472746 -0.35431975
vn 0.83034754 -0.546312 -0.0645775
vn 0.65170753 -0.5135505 -0.5514545
vn 0.640339 -0.468276 -0.608783
vn 0.750984 -0.461943 -0.46653652
vn -0.512192 0.052065 -0.857265
vn -0.405164 0.004151 -0.914212
vn -0.414167 0.05298 -0.908628
vn 0.100162 0.979003 0.177404
vn 0.28035814 0.9508784 -0.05582603
vn 0.029756 0.99588 0.085391
vn -0.087252 -0.996033 0.017273
vn 0.13081776 -0.98101753 -0.11532175
vn 0.2089905 -0.924055 -0.28605
vn -0.015107 -0.991272 0.130863
vn 0.060310252 -0.9721234 -0.077143185
vn -0.30161452 -0.926206 0.2069915
vn -0.137425 0.097873 0.985656
vn -0.116489 0.160375 0.980132
vn -0.086215 0.093539 0.991852
vn -0.544145 0.453169 0.706046
vn -0.494003 0.498489 0.712333
vn -0.10541728 0.5711921 0.8019819
vn 0.5121695 0.785699 0.339961
vn 0.648732 0.702292 0.293069
vn 0.609272 0.664968 0.431867
vn 0.24270236 0.30233514 -0.91289973
vn 0.1526 0.2980055 -0.9281975
vn 0.1831115 0.34211248 -0.9203925
vn 0.151311 0.6226845 -0.765923
vn 0.194617 0.548265 -0.813318
vn 0.062197 0.657949 -0.75045
vn 0.962951 -0.17954 -0.201086
vn 0.95117 -0.206854 -0.229041
vn 0.9369004 -0.1927591 -0.2529989
vn -0.20997475 -0.002338375 -0.959933
vn -0.481704 0.078005 -0.872829
vn -0.205329 0.093997 -0.974151
vn -0.34183046 -0.832417 0.4253379
vn -0.163747 -0.8456985 0.503815
vn -0.22651419 -0.895661 0.34925556
vn -0.238845 0.3024209 0.91372216
vn -0.19815823 0.061959732 0.9660057
vn 0.06460769 0.34627068 0.92337936
vn 0.016968 -0.47383 -0.880428
vn -0.2969259 -0.5551252 -0.7718579
vn 0.3512342 -0.34892684 -0.850554
vn 0.134373 -0.003815 0.990905
vn 0.33881676 0.0167545 0.92542803
vn -0.129185 -0.086337 0.987823
vn -0.722556 0.505722 0.471267
vn -0.722861 0.582812 0.371136
vn -0.627613 0.74158454 0.19734749
vn 0.332133 0.596912 -0.730308
vn 0.520737 0.502518 -0.690146
vn 0.492172 0.285409 -0.822352
vn 0.255531 -0.773705 0.579669
vn 0.162969 -0.89877 0.406934
vn 0.1578846 -0.954883 0.18478644
vn 0.137997 -0.9750586 -0.06814013
vn -0.0122915 -0.99320173 -0.076441
vn -0.184301 -0.979278 0.083804
vn -0.13303 -0.968688 0.209479
vn -0.108752504 -0.973449 0.188696
vn -0.046128996 -0.97 0.22525701
vn 0.066454 0.778176 -0.619343
vn 0.190771 0.74572 -0.638325
vn -0.029414907 0.71998215 -0.68749976
vn -0.38641 -0.48413 -0.78125846
vn 0.0048526265 -0.49298477 -0.8591534
vn -0.4406567 -0.5527569 -0.7026179
vn 0.25368512 0.89846075 0.3522144
vn 0.260445 0.9226055 0.281213
vn 0.361141 0.82009304 0.42703
vn 0.272286 0.900815 0.338176
vn 0.222327 0.92758 0.300241
vn 0.203131 -0.766991 -0.608631
vn 0.2592165 -0.67499304 -0.6886655
vn 0.200964 -0.819849 -0.536088
vn 0.44623756 0.6246244 -0.63703567
vn 0.7171392 0.48494494 -0.32812172
vn 0.5141987 0.703299 -0.4819945
vn -0.4563262 -0.6806506 -0.53868514
vn -0.401318 -0.447676 -0.799036
vn -0.5047 -0.3933985 -0.7680135
vn 0.4678185 -0.6619315 0.57303053
vn 0.44037178 -0.6885931 0.5443312
vn 0.413556 -0.404065 0.815882
vn -0.0959195 -0.095828 -0.990005
vn -0.18891 0.065554 -0.979797
vn -0.051546 0.036134 -0.997986
vn -0.22085291 0.9571713 -0.11859985
vn -0.28856504 0.92569053 -0.002797
vn -0.277078 0.95761 -0.078433
vn 0.061590254 -0.7491644 -0.6397748
vn 0.514252 -0.72209847 -0.461272
vn 0.356349 -0.69748497 -0.6169775
vn 0.1104615 0.2835325 0.94224346
vn 0.381878 0.248054 0.890255
vn 0.004105 0.45920426 0.883206
vn -0.63702023 0.0710395 -0.7667773
vn -0.8107656 0.0048873425 -0.5713037
vn -0.3984714 0.15490228 -0.8843596
vn 0.530717 -0.188208 -0.82635
vn 0.440535 -0.148717 -0.885311
vn 0.419691 -0.305246 -0.854762
vn 0.22983113 -0.7859662 0.3893914
vn 0.395184 -0.90762 -0.141514
vn 0.249641 -0.968261 -0.010743
vn -0.193182 -0.658193 0.727592
vn 0.0569785 -0.2705315 0.95092595
vn 0.0010525007 -0.59154 0.79792154
vn 0.64012635 0.45644897 0.44123906
vn 0.13999406 0.7106463 0.6733526
vn 0.7278739 0.56615055 0.33416843
vn -0.069124 -0.959349 -0.273598
vn 0.072573 -0.952178 -0.296762
vn -0.1884365 -0.96650213 0.041879002
vn 0.32693702 -0.48542723 -0.79536575
vn 0.385754 -0.481872 -0.78203654
vn 0.27955 -0.247749 -0.92758
vn -0.749931 0.642689 -0.15659
vn -0.749931 0.603473 -0.270882
vn -0.7522815 0.64331496 -0.116367504
vn 0.4871325 -0.8383701 -0.19906662
vn 0.484848 -0.873592 -0.041536
vn 0.28959024 -0.9542835 -0.0427715
vn -0.27181298 -0.952086 -0.13927099
vn -0.5312341 -0.82224435 -0.097264946
vn -0.40375483 -0.78643095 0.10685608
vn 0.5874493 0.27305946 -0.750346
vn 0.5861447 0.03880137 -0.79284906
vn 0.720481 0.357036 -0.59444
vn 0.54635966 -0.090832375 -0.8069017
vn 0.52443 0.194555 -0.828913
vn 0.582167 0.40516353 -0.6114651
vn 0.21881193 0.8862195 0.363298
vn 0.385205 0.784234 0.486373
vn 0.51616 0.698141 0.496109
vn -0.56289303 0.4052974 0.7128074
vn -0.593585 0.354198 0.722617
vn -0.509995 0.415509 0.753136
vn -0.5885645 0.75692 0.27649748
vn -0.59338677 0.67265874 0.42552727
vn -0.706866 0.6674169 0.17357376
vn -0.54098594 0.64088905 0.54086447
vn -0.57799774 0.6635872 0.4623785
vn 0.8909229 0.31922543 0.30139723
vn 0.955779 0.177618 0.234291
vn 0.85306126 0.30554387 0.40784585
vn 0.9109775 0.4006315 -0.082156
vn 0.78255546 0.3826105 0.477691
vn 0.8332467 0.52980924 -0.12507613
vn 0.8406628 -0.4593645 0.28638524
vn 0.70100826 -0.31159788 0.6397232
vn 0.771767 -0.527436 0.349208
vn -0.3370429 -0.45289874 -0.6483011
vn -0.823634 0.282754 -0.491562
vn -0.792291 0.482894 -0.372875
vn -0.82087106 0.09481984 -0.5022052
vn -0.589465 -0.095676 -0.802087
vn -0.7105855 -0.021477256 -0.68137896
vn -0.282983 0.3997775 0.868297
vn -0.53886133 0.4954126 0.6536481
vn -0.45873874 0.40676212 0.78873575
vn 0.322535 -0.6609622 0.5955303
vn -0.062336657 -0.81314385 -0.5181947
vn -0.060752846 -0.8008069 0.5057335
vn -0.2164562 -0.9664848 0.11058572
vn -0.463973 -0.80694 0.365398
vn -0.470138 -0.8419905 0.262261
vn 0.68901646 0.39966673 0.57157737
vn 0.34754476 -0.020325499 0.9246193
vn 0.37698776 0.53503525 0.751564
vn 0.17963201 -0.967818 -0.15601051
vn 0.04019075 -0.96398044 0.11599682
vn 0.07935363 -0.80908 0.39337212
vn -0.7751777 0.38699389 -0.49639148
vn -0.79927945 0.427732 -0.4189735
vn -0.854854 0.369701 -0.363994
vn -0.47139663 0.5071834 -0.6896647
vn -0.4245125 0.1542405 -0.853038
vn -0.4755395 -0.099872 -0.87189853
vn 0.39482927 -0.580622 0.6944064
vn 0.6306195 -0.69481504 0.3345135
vn 0.45570815 -0.39322156 0.78946996
vn 0.8014771 -0.31393236 0.505875
vn 0.874752 -0.302652 0.378368
vn 0.916349 -0.298105 0.267159
vn 0.788507 -0.263619 0.55562
vn 0.786676 -0.250038 0.564409
vn 0.845607 -0.282983 0.446104
vn -0.205725 0.171697 -0.963408
vn -0.078326 0.103640996 -0.985458
vn -0.341563 0.2462385 -0.9065215
vn -0.171758 -0.967711 0.184454
vn -0.167211 -0.974212 0.151311
vn -0.208777 -0.964843 0.15952
vn 0.369304 0.097049 0.924192
vn 0.270272 0.11478 0.955901
vn 0.449324 0.121006 0.885098
vn -0.80959475 0.46742874 0.35435826
vn -0.7571851 0.41426787 0.49318662
vn -0.78027475 0.52060777 0.33372027
vn 0.365795 0.394299 -0.843013
vn 0.308237 0.57036 -0.761345
vn 0.3064745 0.32296225 -0.87744546
vn 0.1276895 -0.0075685 0.989654
vn 0.36696225 0.19167176 0.8981447
vn 0.46921474 -0.172941 0.85209227
vn 0.01861625 0.018530563 0.99739444
vn 0.120563254 -0.112284996 0.96491146
vn 0.27191252 0.28736976 0.91759276
vn -0.5203769 0.5100235 0.6759278
vn -0.660329 0.574175 0.483993
vn -0.676077 0.44969 0.583667
vn 0.525468 -0.51973 0.673605
vn 0.7445656 -0.60173154 -0.09133244
vn 0.5618821 -0.54618216 0.6059164
vn -0.467055 -0.883236 0.041597
vn -0.80974 -0.569765 0.083979495
vn -0.49148524 -0.82071173 -0.19437975
vn -0.003845 -0.999969 -0.005829
vn 0.094241 -0.994903 0.034974
vn -0.037019 -0.99902356 0.0137485005
vn -0.013542499 -0.38607475 0.922338
vn 0.053346 -0.377606 0.924406
vn 0.072115 -0.321848 0.944029
vn -0.0477175 -0.33172494 0.9370881
vn -0.0062335003 -0.092074245 0.9890207
vn -0.012757 -0.346324 0.938017
vn -0.45703727 -0.0962992 -0.8784226
vn -0.6047288 0.16807032 -0.76679355
vn -0.518208 0.03644675 -0.842532
vn 0.6158825 -0.5633796 0.5397237
vn 0.41490874 -0.833096 0.3387686
vn 0.22489688 -0.60642034 0.75446856
vn -0.81652296 0.16873701 0.54365647
vn -0.79262674 0.2289725 0.56173146
vn -0.794946 0.351543 0.4944
vn 0.8929219 -0.24617156 -0.09354764
vn 0.96875215 -0.037135188 0.2341663
vn 0.977538 0.066286 0.200018
vn 0.7029935 -0.707923 -0.036775
vn 0.63567 -0.770348 0.049196
vn 0.6053804 -0.768803 -0.18232495
vn 0.6011499 0.5954698 -0.5320516
vn 0.72967476 0.403195 -0.55040145
vn 0.706778 0.444441 -0.55034
vn -0.91283906 0.041779503 0.3791005
vn -0.792932 0.208777 0.572405
vn -0.944945 0.244453 0.217475
vn -0.970916 0.221534 0.09064
vn -0.969588 0.124287 0.201178
vn -0.829524 0.556139 0.05063
vn -0.67248935 0.72206485 0.043025725
vn -0.55189586 0.48129392 -0.55871373
vn 0.7126223 -0.019590875 -0.6943744
vn 0.905148 -0.229804 -0.357555
vn 0.8420818 -0.2868355 -0.45419174
vn 0.773309 0.630848 0.063112
vn 0.637715 0.71453 0.287576
vn 0.749474 0.660482 0.044496
vn -0.380291 -0.860164 0.339732
vn -0.331736 -0.922391 0.197699
vn -0.3043 -0.907102 0.29075
vn 0.669881 -0.449782 -0.590686
vn 0.57545114 -0.5446663 -0.60733795
vn 0.272286 -0.740257 -0.614673
vn 0.663961 0.540819 -0.516373
vn 0.73463404 0.39973125 -0.54522824
vn 0.73925 0.39024 -0.548784
vn -0.19729424 -0.9017688 0.3728215
vn -0.036927 -0.975097 0.218543
vn -0.0569095 -0.97349477 -0.15439324
vn 0.53540146 -0.606586 -0.541734
vn -0.081274435 -0.33185804 -0.9107269
vn 0.47589037 0.24683756 -0.7644772
vn 0.185858 0.437544 0.879757
vn 0.377819 0.640675 0.668386
vn 0.38000512 0.4245451 0.8049638
vn 0.86300254 0.0141 -0.5012895
vn 0.693716 -0.11847299 -0.71010447
vn 0.753014 0.202399 -0.626057
vn -0.5527265 0.20057538 -0.7758111
vn -0.37282473 0.20534381 -0.89747757
vn -0.7027297 0.33910942 -0.6181935
vn -0.27007324 0.14481775 -0.9500565
vn -0.0863675 0.054796003 -0.99472046
vn -0.13544427 0.008337343 -0.98975235
vn 0.7257455 0.684973 0.0262915
vn 0.750572 0.659688 -0.037324
vn 0.8122395 0.5457215 -0.028726779
vn -0.12273413 -0.97237915 0.18646716
vn -0.054719497 -0.9977875 0.023514252
vn -0.0396435 -0.999054 0.010544
vn 0.85638 0.004669 -0.516312
vn 0.932279 -0.158238 -0.325236
vn 0.479385 0.602069 -0.51329076
vn -0.12474644 0.9609268 0.2392365
vn -0.29621273 0.90917724 -0.243698
vn -0.1118195 0.94647074 0.29225275
vn -0.11771 0.938047 0.325816
vn -0.113891125 0.80847347 0.5684911
vn -0.11847301 0.910901 0.3903165
vn -0.2566305 0.6284368 0.7290262
vn -0.21897 0.479537 0.849727
vn -0.209998 0.533158 0.819514
vn -0.7323295 0.57049775 0.35419023
vn -0.8207629 0.46949846 0.21774194
vn -0.797876 0.5948515 -0.0386215
vn -0.660329 0.574175 0.483993
vn -0.591174 0.571673 0.568896
vn -0.642506 0.606769 0.46794
vn -0.649464 0.658101 -0.380871
vn -0.901486 0.426588 -0.072939
vn -0.895444 0.444777 0.017029
vn -0.281747 0.458846 0.842647
vn -0.273583 0.673742 0.679525
vn -0.415571 0.348216 0.840236
vn 0.29197738 0.39145225 0.8620907
vn -0.02562375 0.10920662 0.9893987
vn 0.093875 0.176214 0.979858
vn -0.154118 0.940123 -0.303934
vn -0.252785 0.967132 0.026887
vn -0.30052376 0.928091 -0.1626715
vn -0.11365875 -0.97914803 -0.1480375
vn 0.15968001 -0.95036924 0.2598195
vn 0.192114 -0.936399 0.293558
vn 0.24112651 0.47126698 0.8357035
vn 0.249275 0.275155 0.928495
vn -0.297952 0.169652 -0.93936
vn -0.098514 0.466597 -0.878933
vn 0.030201875 0.3178084 -0.933718
vn -0.9426846 0.11226215 -0.111931406
vn -0.8556015 0.3154395 0.029114496
vn -0.6693206 0.6496744 -0.10370575
vn -0.836482 0.0069584996 -0.5455185
vn -0.6831294 0.42245746 -0.5321532
vn -0.763054 0.228919 -0.604389
vn -0.773583 -0.570391 -0.275979
vn -0.445082 -0.843501 -0.300638
vn -0.661184 -0.676626 -0.323954
vn -0.87598413 -0.33993423 0.283269
vn -0.547334 -0.79299295 -0.23207799
vn -0.83382654 0.4217045 0.354335
vn -0.8661455 0.3892945 0.312769
vn -0.747673 0.45110953 0.486938
vn 0.131748 -0.006165 0.991241
vn -0.15527457 0.009846063 0.98016286
vn 0.080568746 -0.08182 0.99090576
vn -0.038209 -0.107822 -0.993408
vn -0.17832 -0.016968 -0.983795
vn -0.080111 0.056887 -0.995148
vn -0.5095111 0.019122854 -0.852858
vn -0.509293 -0.098972 -0.854854
vn -0.370312 -0.0983 -0.923673
vn 0.27945775 -0.62946326 0.6997664
vn 0.26558775 -0.45701474 0.8299433
vn -0.19395286 -0.1608895 0.8860591
vn 0.789514 -0.566164 -0.2336805
vn 0.72946846 -0.6645255 -0.139958
vn 0.62083805 -0.72231245 -0.30269802
vn 0.6798116 -0.26611763 0.6630298
vn 0.3248353 -0.083618626 0.93679994
vn 0.37833798 -0.32279402 0.86593246
vn -0.79860824 0.469527 -0.37556076
vn -0.7070545 0.15316069 -0.6031504
vn 0.109714 0.916257 0.385205
vn 0.3816875 0.7732092 0.44599003
vn 0.0057225004 0.985458 0.1448255
vn -0.7253562 0.30359823 0.61277324
vn -0.8529629 0.44183844 0.2139711
vn -0.78750765 0.4332255 0.43743348
vn 0.007019 0.586383 0.809961
vn -0.08464325 0.5768378 0.81016725
vn -0.014587751 0.54136777 0.838061
vn 0.24565119 -0.09086409 0.957393
vn 0.542436 -0.2610705 0.7928555
vn 0.39505452 -0.17709124 0.896611
vn 0.38155383 0.64551604 -0.64114034
vn -0.065542124 0.33369303 -0.9177449
vn 0.323862 0.470626 -0.820704
vn -0.417707 0.554399 0.71981
vn -0.50471115 0.7377205 0.4419691
vn -0.524857 0.454787 0.719474
vn 0.3983025 0.47594175 0.7242209
vn 0.48386347 0.60245824 0.6197088
vn 0.2900025 0.66879797 0.670812
vn 0.251106 -0.10004 0.962767
vn -0.020675227 -0.2925681 0.93108916
vn 0.348674 0.180059 0.919767
vn 0.6061895 0.7148655 -0.326029
vn 0.517289 0.784478 -0.342021
vn 0.557085 0.651814 -0.514542
vn -0.14713 -0.008942 -0.989074
vn -0.39582717 -0.57853 -0.67635876
vn -0.280404 -0.125401 -0.951628
vn -0.009369 -0.977905 -0.208686
vn 0.06535925 -0.99667376 0.043050125
vn 0.0344285 -0.9910886 -0.09288725
vn -0.7212169 -0.6899665 0.003878063
vn -0.6534165 -0.69735575 -0.23817399
vn -0.547136 -0.83169 -0.094241
vn 0.467475 -0.259289 0.812109
vn 0.398053 0.098422 0.912046
vn 0.477859 -0.130802 0.868618
vn -0.613941 0.002716 -0.789331
vn -0.58343774 -0.14069775 -0.79444253
vn -0.748344 -0.127415 -0.650899
vn 0.469558 -0.874325 0.122562
vn 0.636677 -0.764519 -0.070528
vn 0.516419 -0.842906 0.082247496
vn -0.16936255 -0.94277 -0.2268031
vn -0.005005 -0.997986 -0.063143
vn 0.023347 -0.99881 0.042451
vn -0.413312 -0.50267 -0.759239
vn -0.23492193 -0.62906635 -0.7216347
vn -0.215613 -0.415235 -0.883755
vn 0.5048217 -0.38742876 0.7677579
vn 0.32110786 0.28937626 0.8518901
vn 0.5151375 -0.3193915 0.78696597
vn 0.37639248 -0.68958074 -0.6102637
vn 0.244514 -0.69924 -0.671712
vn 0.218574 -0.756584 -0.61626
vn 0.2508363 0.19234203 0.9444171
vn 0.1849725 0.181173 0.964187
vn -0.055422 0.293008 0.954466
vn 0.420133 -0.041017 0.905805
vn 0.50330573 -0.08435356 0.8549609
vn 0.5486816 -0.07671909 0.8258681
vn -0.8544265 0.4387795 0.26957
vn -0.896939 0.280618 0.341624
vn -0.91931283 0.22080532 0.24346113
vn -0.47087 0.213355 -0.855983
vn -0.60191673 0.29717377 -0.739044
vn -0.30841243 0.22083852 -0.9230099
vn 0.37422937 -0.309164 -0.8704491
vn 0.491745 -0.343852 -0.799951
vn 0.602222 -0.342906 -0.720908
vn 0.7732923 -7.8493543E-4 -0.6221333
vn 0.74092835 0.05326263 -0.6677029
vn 0.689169 -0.042451 -0.72335
vn -0.402326 -0.545427 0.735252
vn -0.532762 -0.396252 0.747734
vn -0.3871817 -0.3178491 0.86138386
vn -0.11714551 -0.1649985 -0.977462
vn -0.32528782 -0.07393789 -0.94063747
vn -0.154687 -0.072156996 -0.9838402
vn -0.30248424 -0.30675325 -0.89570314
vn -0.2812435 -0.250847 -0.92019403
vn -0.44251847 -0.47819448 -0.75515
vn 0.53386 0.256386 -0.805719
vn 0.636311 0.259438 -0.726463
vn 0.497574 0.460738 -0.72898054
vn 0.524644 -0.309793 0.792932
vn 0.519547 -0.473525 0.711173
vn 0.39617598 -0.49148548 0.767388
vn -0.7579433 0.22397006 -0.58025813
vn -0.768914 0.48909003 -0.4025545
vn -0.809534 0.498917 -0.309366
vn 0.8247601 -0.53246176 0.034379452
vn 0.6862775 -0.4573274 0.547704
vn 0.632099 -0.663472 0.40022
vn -0.37846 -0.494278 -0.782556
vn -0.431745 -0.533433 -0.727317
vn -0.3759573 -0.43716052 -0.8066882
vn -0.70399326 0.5572375 0.43854713
vn -0.6950363 0.514397 0.48558724
vn -0.6188623 0.527139 0.5817365
vn 0.58096373 0.113464 -0.8007027
vn 0.588397 -0.019105 -0.808313
vn 0.6839273 0.10736388 -0.6804867
vn -0.92084855 0.331681 0.13221769
vn -0.929235 0.34195226 -0.1379585
vn -0.933592 0.298318 0.198431
vn -0.5797472 -0.30264467 -0.65755427
vn -0.455275 -0.217566 -0.863338
vn -0.47312075 0.0027622497 -0.879368
vn 0.077673234 0.80752504 -0.5613586
vn -0.0779905 0.617542 -0.78182304
vn -0.1496935 0.7768485 -0.6103395
vn -0.15023887 -0.19206451 -0.9145828
vn -0.269265 0.011673503 -0.9506515
vn -0.343822 0.477584 -0.808496
vn -0.937407 0.319163 0.139012
vn -0.951506 0.298318 -0.074801
vn -0.791757 0.60154676 -0.09324575
vn 0.91129804 -0.30740935 -0.27149677
vn 0.88885176 -0.3535875 -0.27780998
vn 0.684622 -0.50395197 -0.52179
vn -0.12064 0.300394 0.946135
vn -0.07940331 0.27061924 0.9503217
vn -0.08652 0.330149 0.93968046
vn 0.113086 -0.119053006 -0.982635
vn 0.166898 -0.35177177 -0.9203392
vn 0.123127 -0.22849199 -0.964141
vn -0.265906 -0.343808 -0.85870105
vn -0.16956851 -0.0034867506 -0.979026
vn -0.39595112 -0.29936752 -0.8561089
vn 0.223243 -0.395428 0.890927
vn 0.095248 -0.408918 0.907559
vn 0.23835 -0.501297 0.831782
vn -0.59167755 0.5793632 0.556223
vn -0.7755515 0.3925135 0.48023948
vn -0.690481 0.494156 0.528214
vn 0.34282202 -0.052209374 -0.9341296
vn 0.50556225 0.1359525 -0.83885455
vn 0.6323668 -0.052232623 -0.76781124
vn 0.24368224 0.08627576 -0.9656285
vn 0.21794112 0.08089081 -0.9709993
vn 0.353038 0.111362 -0.928922
vn -0.094317496 0.8438675 -0.47043526
vn -0.232902 0.917005 -0.299341
vn 0.3317815 0.494415 -0.7569505
vn 0.897351 -0.40834525 -0.148442
vn 0.922666 -0.385235 -0.016175
vn 0.8734789 -0.43501002 -0.2065502
vn 0.47378275 0.8007834 0.14356187
vn 0.218635 0.867794 -0.446181
vn 0.33603537 0.82654834 -0.44085112
vn -0.87292075 -0.38711175 -0.29490024
vn -0.8358706 -0.45921102 -0.1491335
vn -0.843654 -0.314982 -0.434736
vn 0.055147 -0.948851 0.310862
vn -0.003479 -0.964599 0.263649
vn 0.049440004 -0.876232 0.47839248
vn -0.612293 0.149907 -0.776269
vn -0.64402425 0.320086 -0.68181396
vn -0.605365 0.168157 -0.777947
vn 0.1332745 0.4079715 0.8993045
vn 0.16492406 0.019476429 0.9813149
vn 0.066301495 0.4644005 0.8714255
vn 0.62154 0.323618 -0.71337
vn 0.61618716 0.253626 -0.7382794
vn 0.555277 0.0722985 -0.81842273
vn -0.2522965 -0.526879 -0.80645925
vn -0.431745 -0.533433 -0.727317
vn -0.27409774 -0.5547741 -0.757847
vn 0.066378 -0.996918 -0.041566
vn 0.0502565 -0.97597426 -0.194685
vn 0.1183815 -0.97268605 -0.1760765
vn 0.027863 -0.997986 0.05649
vn 0.173559 -0.98175 0.077548
vn 0.39313757 -0.88048553 0.20739818
vn 0.4985837 0.8638922 0.051660456
vn 0.5836665 0.585177 0.523713
vn 0.46636415 0.2705109 0.81421375
vn 0.342448 0.100314 0.934141
vn 0.43614 0.017548 0.899686
vn 0.402264 -0.023347 0.91522
vn -0.36121702 -0.91236603 0.183126
vn -0.35953683 -0.8947587 0.2518788
vn -0.459807 -0.872967 -0.120838
vn -0.44898802 0.3994565 -0.798074
vn -0.456572 0.5778985 -0.6695765
vn -0.2543105 0.632374 -0.7287365
vn 0.267556 0.237861 -0.933714
vn 0.16968106 0.65221095 -0.6748122
vn 0.415479 0.191595 -0.889187
vn -0.9664675 -0.21695575 -0.084307
vn -0.950682 -0.286142 0.119541
vn -0.924986 -0.378552 -0.032777
vn -0.014936101 -0.19091707 -0.9661038
vn 0.081153736 -0.3677703 -0.92324513
vn 0.067721 -0.089663 -0.993652
vn -0.922391 -0.242683 0.300455
vn -0.94154954 -0.24616975 0.2273095
vn -0.885739 -0.094852 0.454329
vn -0.395337 -0.857448 -0.329264
vn -0.49080625 -0.7985589 -0.33785886
vn -0.3792915 -0.8647115 -0.31823176
vn 0.735252 0.32194 -0.596423
vn 0.436811 0.554155 -0.708548
vn 0.550432 0.363018 -0.751793
vn 0.20195638 -0.75717574 -0.61038136
vn 0.31502843 -0.8833566 -0.33386964
vn 0.424574 -0.71044 -0.561235
vn -0.1911525 -0.078036 -0.976104
vn -0.185522 -0.282815 -0.941038
vn -0.45866954 0.08392297 -0.8186179
vn -0.041226875 -0.64389074 -0.7546924
vn 0.114963 -0.631184 -0.767052
vn 0.079318 -0.656789 -0.74987
vn 0.3162175 -0.106601 -0.91857636
vn 0.471084 -0.044435 -0.880947
vn 0.5449672 -0.37185335 -0.73046684
vn -0.831202 -0.349132 0.432661
vn -0.8180485 -0.37937552 0.4309515
vn -0.8028616 -0.52721876 0.2522967
vn -0.9257904 -0.28865913 -0.22616887
vn -0.8633995 -0.3512375 -0.358974
vn -0.89436 -0.376934 0.012787506
vn 0.293161 0.112094 0.949461
vn 0.437117 0.099643 0.893857
vn 0.13260494 -0.22702137 0.95009494
vn 0.976897 -0.210822 -0.034761
vn 0.89332247 -0.4378795 -0.0627
vn 0.96420217 -0.26428664 -3.3562514E-4
vn 0.8329283 -0.4334163 -0.33660775
vn 0.890713 -0.419019 -0.176031
vn 0.8865416 -0.33403093 -0.26565018
vn -0.50206 -0.777581 0.37846
vn -0.592944 -0.723075 0.35432
vn -0.519639 -0.635029 0.57152
vn -0.595599 -0.749535 0.288766
vn -0.502762 -0.818659 0.277413
vn -0.621143 -0.752159 0.219977
vn 0.793603 0.475295 -0.379772
vn 0.73264253 0.6473125 -0.170812
vn 0.695456 0.69808 -0.170171
vn 0.490799 0.729423 0.476455
vn 0.308206 0.891415 0.332194
vn 0.191717 -0.091525 0.977142
vn 0.231666 -0.124973506 0.9588155
vn 0.208686 0.012543 0.977874
vn 0.5232893 0.760508 0.37300694
vn 0.61953354 0.565325 0.5407193
vn 0.58827865 0.6815753 0.4313234
vn -0.64208436 0.6263083 0.44034374
vn -0.683248 0.618671 0.387768
vn -0.59259665 0.6919541 0.40841573
vn -0.121952 -0.97135824 0.1142305
vn -0.0150305005 -0.9898985 -0.107486
vn 0.2251655 -0.887486 -0.38120288
vn -0.17519543 0.92383087 0.10547474
vn 0.1489 0.947508 0.282876
vn 0.046919405 0.94515973 -0.27082503
vn -0.11307875 0.54191726 0.82332826
vn -0.321451 0.856014 0.404767
vn 0.176275 0.832606 0.52504
vn -0.655171 -0.564379 0.502182
vn -0.397061 -0.8695942 -0.025780253
vn -0.743431 -0.522385 0.417585
vn 0.023713 0.264626 -0.964049
vn -0.38204598 0.058687 -0.91352546
vn -0.348582 0.26664 -0.898526
vn -0.667592 0.375866 0.642628
vn -0.67936826 -0.14645594 0.46518546
vn -0.803667 0.32881403 0.49381998
vn -0.59152496 0.349864 0.7179785
vn -0.359325 0.387616 0.8486895
vn -0.557298 0.358013 0.749138
vn -0.025154999 -0.2695545 0.9620575
vn -0.16259524 -0.091113254 0.9773172
vn 0.1366915 -0.10178785 0.9609601
vn 0.838466 -0.544725 -0.014313
vn 0.889889 -0.438795 -0.124577
vn -0.3877455 0.6471411 -0.6491728
vn -0.477371 0.48674 -0.731529
vn -0.456282 0.348125 -0.818903
vn 0.290292 0.646107 0.705863
vn 0.251503 0.545686 0.7893005
vn 0.22155675 0.926794 0.2143315
vn 0.0570845 -0.4096955 0.9092685
vn 3.97E-4 -0.060976 0.998108
vn 0.179907 -0.45085 0.874264
vn -0.577532 0.018799 0.816126
vn -0.467299 -0.103946 0.877957
vn -0.636647 -0.305887 0.707846
vn -0.870365 0.17162076 -0.45608377
vn -0.874508 0.061647 -0.481033
vn -0.706381 0.197516 -0.679678
vn -0.354106 -0.762383 -0.541612
vn -0.539567 -0.740806 -0.3784445
vn -0.483016 -0.369701 -0.793695
vn 0.587725 0.502884 -0.633747
vn 0.603168 0.62743 -0.492416
vn 0.7353895 0.53708005 -0.41129798
vn -0.596698 0.029664 0.801874
vn -0.610462 -0.1628315 0.7735985
vn -0.751427 -0.077944 0.655141
vn -0.806848 0.589465 0.038453
vn -0.819056 0.572924 0.029939
vn -0.86288047 0.50439453 -0.003937
vn -0.331889 -0.73513 0.591083
vn -0.190222 -0.871731 0.451491
vn -0.2996 -0.852657 0.427992
vn -0.11184889 0.06148904 0.9906414
vn 0.014145501 0.0224615 0.998825
vn -0.0308695 -0.021943 0.99765
vn -0.598621 -0.796289 -0.086703
vn -0.7799108 0.009536296 0.17175281
vn -0.08172577 -0.9036653 0.28102624
vn 0.050668247 -0.9967115 -0.0075532496
vn -0.007324 -0.999908 0.009827
vn 0.29075396 -0.898551 -0.30714238
vn 0.584429 0.227454 0.778893
vn 0.571123 0.038697 0.81991
vn 0.32947028 -0.0057413764 0.9331985
vn 0.512711 0.186987 0.837916
vn 0.2261115 0.42127752 0.85448754
vn 0.53950596 0.039506 0.84018946
vn 0.29311326 0.7279994 0.6129871
vn 0.2425 0.611927 0.75277
vn 0.312662 0.501755 0.806482
vn -0.7590185 0.46867627 -0.43401307
vn -0.772179 0.542436 -0.330851
vn -0.46467447 -0.8798485 0.0953705
vn -0.494415 -0.8677785 -0.0359665
vn 0.7290767 -0.15726265 -0.628977
vn 0.7324532 -0.034632407 -0.647629
vn 0.7602782 0.026790528 -0.60258406
vn -0.74041 0.577349 0.344066
vn -0.3835262 0.5577524 0.70294464
vn -0.752342 0.656484 0.054567
vn 0.804773 -0.512833 0.298776
vn 0.8063979 -0.39032763 0.41121012
vn 0.831446 -0.414197 0.370251
vn -0.079806 0.314829 0.945769
vn 0.094821 0.176824 0.979644
vn -0.143437 -0.987426 0.066286
vn -0.067934 -0.995148 -0.070925
vn -0.45607638 0.48512602 0.7431486
vn -0.265816 0.443556 0.855892
vn -0.359233 0.417493 0.83462
vn 0.033906 -0.946196 -0.321696
vn 0.1716055 -0.92547405 -0.268563
vn -0.029562619 -0.9968549 -0.024232343
vn -0.853267 0.254982 0.454817
vn -0.92960155 0.012275752 0.35483098
vn -0.9065675 0.20975351 0.36288
vn -0.063737504 0.982284 0.151997
vn 0.023179 0.996475 -0.021256
vn 0.118351 0.9674825 0.21841323
vn 0.073122 0.069185 -0.994903
vn 0.25619864 0.26334321 -0.8817049
vn -0.1144295 -0.094744995 -0.9860985
vn -0.211097 -0.969146 -0.127201
vn -0.171056 -0.962462 -0.210669
vn -0.292398 -0.93881 -0.181951
vn 0.19266376 -0.963637 -0.116923995
vn 0.131138 -0.96054 -0.245155
vn -0.0037080003 -0.98764 -0.153783
vn 0.116366744 -0.8894465 0.3760984
vn 0.189611 -0.887143 -0.420667
vn -0.3035447 -0.80259264 -0.39899912
vn 0.60458696 -0.508637 -0.60148954
vn 0.70830405 -0.5527975 -0.39738148
vn 0.824 -0.487533 -0.288552
vn -0.149022 -0.93234 -0.329386
vn -0.267525 -0.852412 -0.449202
vn -0.085513 -0.935728 -0.342143
vn -0.5435883 0.14628676 -0.7967999
vn -0.571398 0.089663 -0.815729
vn -0.3191146 0.00448364 -0.9127139
vn -0.158483 0.369396 0.915616
vn -0.100955 0.202979 0.973937
vn 0.048323665 0.2084076 0.9748974
vn -0.020234 -0.180914 -0.983276
vn 0.032964 0.037377376 -0.9868464
vn 0.14139974 -0.15607926 -0.9761498
vn -0.966308 -0.043703 -0.253609
vn -0.9696959 0.052792996 -0.2258531
vn -0.94286925 -0.06437125 -0.32193226
vn -0.98684675 -0.11172825 -0.08220125
vn -0.9897612 -0.026102658 0.06845358
vn -0.97853 0.0045014997 -0.201071
vn 0.659932 -0.262032 0.704123
vn 0.529832 -0.2406995 0.7939695
vn 0.395734 -0.281259 0.874203
vn -0.120257996 0.80759627 0.5641195
vn -0.1657465 0.975982 0.1276135
vn -0.054295376 0.9883621 0.090898074
vn -0.043764 -0.143773 -0.988617
vn -0.028382 0.099933 -0.9869075
vn 0.052949503 0.16422 -0.98243654
vn -0.716636 0.586505 0.3773
vn -0.604358 0.623432 0.496017
vn -0.6183202 0.62128806 0.460608
vn -0.007019 0.714896 0.699149
vn 0.24952674 0.42156 0.8687625
vn 0.072588496 0.5328455 0.814959
vn 0.961608 -0.080721 -0.262246
vn 0.8323165 -0.46804702 -0.29055148
vn 0.92006475 -0.35364076 0.090709
vn -0.080569 0.551958 0.82992
vn -0.159398 0.46202 0.872402
vn 0.26054424 0.9517045 -0.03786575
vn 0.100162 0.979003 0.177404
vn 0.947417 -0.113102 0.299326
vn 0.9035845 -0.094867006 0.4035005
vn 0.54914975 0.76684624 0.32902026
vn 0.726035 0.637867 0.256813
vn 0.73458064 0.572653 0.35782975
vn 0.5135045 0.787866 0.339
vn 0.54622054 0.8073975 0.22009951
vn 0.5929362 0.7788855 0.20213899
vn -0.1333759 0.87101626 -0.43846095
vn -0.4462415 0.774102 -0.43217298
vn -0.5256505 0.790643 -0.31164
vn 0.231727 0.711173 0.663717
vn 0.182302 0.7762532 0.5948973
vn 0.108585 0.8436535 0.523316
vn 0.167699 0.281716 0.9447
vn 0.2003695 0.258278 0.93789446
vn 0.251411 0.020112 0.96765
vn 0.734439 0.3628595 0.5369257
vn 0.84588134 0.17410074 0.479442
vn 0.420423 0.379742 0.82403
vn -0.1833665 -0.06299375 0.9796896
vn -0.174841 -0.044832 0.983551
vn -0.20455 -0.0036315024 0.975616
vn -0.372784 0.06299 -0.925748
vn -0.1309095 0.227729 -0.9613025
vn -0.274392 0.233985 -0.932707
vn 0.130863 0.583636 -0.801355
vn 0.054658998 0.5448625 -0.829707
vn 0.1022065 0.55662704 -0.820856
vn 0.213996 -0.968566 -0.068148
vn 0.52264464 -0.8372754 0.061594002
vn 0.042695 -0.998535 0.032624
vn 0.18330926 -0.43304223 0.86508524
vn -0.1861935 -0.1247445 0.9719075
vn 0.03816428 -0.21777335 0.9677044
vn -0.43543792 0.4055636 -0.78192824
vn -0.7391275 0.35804325 -0.570101
vn -0.5056305 0.59501946 -0.60672295
vn -0.828608 0.069552 0.555467
vn -0.886013 -0.014435 0.463363
vn -0.80224 -0.053774 0.594562
vn 0.09503822 0.81373495 0.5403157
vn -0.169836 0.406995 0.897488
vn -0.191931 0.510147 0.838374
vn 0.441633 -0.192724 -0.876217
vn 0.316813 -0.159368 -0.934965
vn 0.537202 -0.23171149 -0.80861855
vn -0.30554375 0.9222845 -0.18829149
vn -0.025742313 0.967788 -0.23211995
vn -0.15517543 0.9232231 0.23577057
vn -0.797235 0.5492147 -0.24734852
vn -0.86874 0.465987 -0.167638
vn -0.854915 0.434217 -0.283761
vn 0.645375 -0.76281 -0.039552
vn 0.805536 -0.590136 0.05298
vn 0.869869 -0.361034 -0.3361
vn 0.08369725 0.48036125 -0.86597025
vn 0.029747687 0.57971084 -0.8072295
vn -0.035371 0.521775 -0.852321
vn 0.809656 -0.108707 0.576678
vn 0.88757 -0.202826 0.413556
vn 0.7961055 -0.263939 0.543626
vn 0.4243674 0.28793052 0.80851173
vn 0.133335 0.579638 0.803858
vn 0.279702 0.54756296 0.78583646
vn -0.774316 0.573534 -0.267312
vn -0.8644825 0.4306165 -0.0406205
vn -0.605945 0.661275 -0.442152
vn -0.5763557 0.44332922 0.607581
vn -0.954924 0.109317 0.275918
vn -0.753685 -0.654408 -0.06064
vn -0.881954 -0.457106 -0.11475
vn -0.44596124 -0.8780002 -0.12689431
vn -0.8456526 0.32176608 0.42227113
vn -0.840541 0.381848 0.384228
vn -0.802545 0.389813 0.451613
vn 0.837489 -0.337138 0.430006
vn 0.6535281 -0.098281115 0.7363163
vn 0.823664 -0.361614 0.43675
vn 0.840327 -0.464522 0.279366
vn 0.777184 -0.584765 0.232337
vn 0.9031345 -0.41808802 0.0940885
vn 0.437819 -0.380627 -0.814478
vn 0.4138463 -0.46835616 -0.72023624
vn 0.549669 -0.425092 -0.719108
vn -0.7088865 0.39150822 0.5734921
vn -0.74028754 0.337031 0.573733
vn -0.850948 0.327769 0.410413
vn -0.45954573 0.3187527 0.8139403
vn -0.1242715 0.33689398 0.9330425
vn -0.43661302 0.36223176 0.81550026
vn 0.072451 -0.615467 0.784783
vn 0.2011475 -0.4155705 0.8853725
vn 0.19506699 -0.56975 0.787942
vn 0.337588 -0.43160024 -0.83000815
vn 0.567095 -0.365215 -0.738243
vn 0.39494 -0.461959 -0.794092
vn -0.372692 0.168157 0.912564
vn -0.323649 0.039765753 0.939947
vn -0.341136 0.098941 0.934751
vn -0.480941 -0.79454947 -0.36951852
vn -0.34583598 -0.8862107 -0.04555215
vn -0.5356 -0.763512 -0.360759
vn 0.198035 -0.020066 -0.9782555
vn 0.009270996 0.043602727 -0.9901661
vn -0.261818 -0.833674 -0.486221
vn -0.175359 -0.834498 -0.522294
vn -0.5432347 -0.8027948 -0.09950124
vn 0.653066 -0.432997 -0.621265
vn 0.605213 -0.493423 -0.624683
vn 0.6249885 -0.440428 -0.64444447
vn 0.11014125 0.11886175 0.98496175
vn -0.0159005 0.16602099 0.98550403
vn 0.213843 0.175909 0.960875
vn 0.10661612 -0.9722396 -0.10561299
vn -0.212363 -0.9272595 0.292749
vn -0.083773 -0.980163 0.179571
vn -0.34628767 -0.88635314 -0.28936696
vn -0.155339 -0.981933 -0.107822
vn -0.1766565 -0.930235 -0.31254
vn 0.45889875 -0.82768524 0.32087153
vn 0.038834997 -0.9233835 0.36317
vn 0.341777 -0.882077 0.324168
vn -0.6201983 -0.7336869 -0.2038166
vn -0.770867 -0.552782 -0.316477
vn -0.788476 -0.509354 -0.344646
vn 0.966155 -0.099063 -0.238044
vn 0.935362 -0.352092 -0.032929
vn 0.8676946 0.29606566 0.11942666
vn -0.425802 0.20950176 -0.871784
vn -0.607593 0.338298 -0.718558
vn -0.363567 0.1993165 -0.9067815
vn -0.87788767 0.3297975 0.29015583
vn -0.70642364 0.58387804 -0.03844565
vn -0.699026 0.621082 0.354381
vn -0.739158 -0.055452 -0.671194
vn -0.5524765 -0.245262 -0.79558694
vn -0.767388 -0.227485 -0.599414
vn 0.14705913 -0.98533785 0.00811975
vn 0.14163855 -0.9683761 -0.07493263
vn 0.344462 -0.9176 0.198279
vn 0.62964296 -0.728294 -0.26267302
vn 0.659627 -0.739189 -0.13347301
vn -0.08008245 0.19173443 -0.95522547
vn -0.43937674 0.45822626 -0.7414857
vn -0.1836455 -0.175222 -0.96238554
vn 0.2851345 -0.2170325 0.9274425
vn 0.391827 -0.322367 0.86169
vn 0.25146887 -0.21951187 0.9170774
vn 0.117891096 -0.98282576 -0.007156376
vn -0.029054 -0.98764 -0.153813
vn -0.091952 -0.95877 -0.268807
vn -0.25753775 -0.8828088 0.39093477
vn 0.040925 -0.990356 0.132206
vn 0.760735 -0.549669 0.345134
vn 0.738838 -0.5654775 0.3624835
vn 0.695101 -0.640225 0.32364488
vn 0.0033570603 0.27783114 0.9230646
vn 0.20664099 0.154927 0.96600246
vn 0.3961 0.323283 0.859371
vn -0.595782 0.28547 -0.750664
vn -0.460402 0.396954 -0.794
vn -0.52855 0.252327 -0.810511
vn 0.8432112 -0.20702237 -0.44216374
vn 0.8371649 -0.46409112 -0.23737313
vn 0.92817867 0.032200746 -0.3557735
vn -0.148938 0.20146826 0.96706325
vn -0.253716 0.3113345 0.91389203
vn -0.0554675 0.27936602 0.9584185
vn 0.7537915 0.22310549 -0.60866106
vn 0.46133325 0.31368425 -0.82267976
vn 0.47761452 0.5748005 -0.6539505
vn 0.176641 -0.982818 0.053255
vn 0.134404 -0.986236 0.096164
vn 0.35686076 -0.93015826 -0.01632725
vn 0.515555 -0.82999754 -0.122899964
vn 0.287057 -0.957884 0.001465
vn 0.17268845 -0.950238 0.13306478
vn 0.6160379 -0.38632345 -0.6627428
vn 0.7420584 -0.4357708 -0.49354056
vn 0.702445 -0.322794 -0.634297
vn -0.733024 0.374065 0.568072
vn -0.7780655 0.2888425 0.534955
vn -0.842006 0.347392 0.412641
vn 0.618275 -0.179022 0.765282
vn 0.66745937 -0.057669766 0.7168087
vn 0.73037344 -0.09223973 0.6534467
vn -0.32676148 -0.8896755 0.3171635
vn -0.3471635 -0.90215755 0.2442855
vn -0.24405651 -0.8754083 0.4133125
vn -0.455 -0.890469 -0.00174
vn -0.376263 -0.910062 0.173742
vn -0.846644 0.330699 0.416883
vn -0.82696 0.504929 0.24723
vn -0.88418764 0.33750975 0.25419068
vn -0.425825 0.177496 -0.887204
vn -0.10797301 -0.03592233 -0.98608994
vn -0.42575598 0.20254375 -0.88000876
vn -0.202551 -0.628163 -0.751213
vn -0.10811201 -0.709296 -0.693716
vn -0.118992 -0.787622 -0.604511
vn -0.973327 0.172704 0.150884
vn -0.9127561 0.39229435 0.053092882
vn -0.932356 0.25526476 0.1969435
vn 0.450209 0.889523 0.077486
vn 0.35711226 0.916845 -0.1705985
vn 0.38593698 0.9190495 0.069078505
vn -0.22557801 -0.970519 -0.053041
vn -0.12737675 -0.9846872 0.0899
vn -0.23513001 -0.9709765 0.038163498
vn -0.21647546 0.5789931 -0.7569354
vn -0.14364305 0.67118776 -0.69148445
vn -0.1687675 0.786111 -0.5848875
vn -0.162908 -0.684255 0.710807
vn -0.1058535 -0.627155 0.7695545
vn 0.711478 -0.484085 -0.509323
vn 0.824656 -0.402081 -0.3899045
vn 0.675222 -0.4869835 -0.551378
vn -0.483413 -0.589068 0.647481
vn -0.565115 -0.6663908 0.47771424
vn -0.41673 -0.701682 0.577868
vn -0.6307335 -0.5583365 0.5364695
vn -0.7622915 -0.3706625 0.5297705
vn -0.739067 -0.572008 0.355724
vn -0.20354351 -0.9749595 0.071077496
vn -0.045460407 -0.962921 0.26130235
vn -0.25979626 -0.950522 -0.0336465
vn -0.024998218 0.13426207 0.984209
vn -0.072359 0.296548 0.952239
vn -0.122318 0.27581102 0.952513
vn -0.133122 -0.040803 0.990234
vn 0.12476 -8.24E-4 0.992157
vn -0.039064 0.196875 0.979644
vn 0.93015456 -0.30505174 -0.19508575
vn 0.883908 -0.46144 -0.075594
vn 0.84949803 -0.47420424 -0.22013775
vn 0.032678 -0.99391127 0.015403999
vn 0.223426 -0.9737845 0.0401475
vn 0.22769123 -0.96613973 0.06794975
vn -0.76577 0.391247 -0.510361
vn -0.778855 0.33830124 -0.52726066
vn -0.77311003 0.38233602 -0.50225854
vn 0.371929 -0.214942 0.903012
vn 0.354869 -0.153447 0.922208
vn 0.2305527 -0.19228691 0.95270896
vn -0.56035 -0.624256 -0.544298
vn -0.536424 -0.759301 -0.368267
vn 0.008667 -0.742882 -0.669332
vn 0.842784 -0.36350626 -0.39645076
vn 0.844142 -0.31785 -0.431684
vn 0.68453276 -0.3649172 -0.6279508
vn -0.547563 0.156087 -0.8112425
vn -0.8717 0.299814 -0.18195099
vn 0.944182 0.107944 -0.311167
vn 0.873257 0.013459 -0.487014
vn 0.924459 0.13881326 -0.34785002
vn 0.982299 -0.065218 -0.175573
vn 0.997589 -0.054781 -0.042055
vn 0.9651785 -0.14068249 -0.21250801
vn -0.386853 0.386975 -0.83697
vn -0.672597 0.358043 -0.647603
vn -0.596851 0.120212 -0.793268
vn 0.473647 0.159917 0.866054
vn 0.360088 -0.039521 0.932066
vn 0.37228 -0.090167 0.910642
vn 0.31174648 0.697592 0.64000404
vn 0.120647505 0.91252244 0.33391437
vn 0.143559 0.921293 0.361339
vn -0.038575 0.593219 -0.804102
vn 0.076266 0.520981 -0.850124
vn 0.205145 -0.954283 -0.217322
vn 0.2725305 -0.875973 -0.397061
vn 0.122074 -0.979125 -0.16245
vn -0.18586531 0.27170414 0.94011116
vn -0.147343 0.175146 0.973449
vn -0.18836749 0.32146674 0.9261682
vn -0.08121 2.44E-4 0.996673
vn -0.0434125 -0.124973506 0.98982203
vn -0.104442 0.12718576 0.9833672
vn 0.074984 0.278329 -0.957549
vn -0.210303 0.352245 -0.911954
vn 0.19551677 0.120784506 -0.9431517
vn -0.877651 0.460677 -0.132115
vn -0.86874 0.465987 -0.167638
vn -0.845363 0.472976 -0.248207
vn 0.78352 -0.14673853 0.6015408
vn 0.655553 -0.1414535 0.74080646
vn 0.6740774 -0.27960277 0.67769384
vn 0.1194915 0.4913173 0.8614729
vn 0.101657 0.549547 0.829218
vn 0.231025 0.441725 0.866878
vn -0.7189245 0.496124 0.475799
vn -0.69308686 0.17514175 0.6698545
vn -0.19619961 0.26329383 0.8315493
vn 0.286958 -0.3065086 0.8393356
vn 0.079989 -0.920927 0.38142
vn -0.016418878 -0.57186353 0.7992837
vn 0.481338 0.2220375 0.83912146
vn 0.34965414 0.21441913 0.85909784
vn -0.02823 -0.062777 0.99762
vn 0.936613 0.350322 6.41E-4
vn 0.845119 0.472823 -0.249367
vn 0.842616 0.433088 -0.319987
vn -0.872402 -0.099124 0.478591
vn -0.780938 -0.132817 0.610279
vn -0.858608 -0.15006 0.490127
vn -0.891186 -0.0836665 0.4437695
vn -0.931974 0.015717 0.362163
vn -0.9416016 -0.060848188 0.24172658
vn -0.82502973 0.37585104 0.39802974
vn -0.918607 0.392804 -0.042665
vn -0.79635 0.5883815 0.0675985
vn 0.5075989 0.73383665 0.44333887
vn 0.417768 0.7687 0.484268
vn 0.354961 0.742515 0.56798
vn 0.770318 -0.388165 0.505875
vn 0.665304 -0.329691 0.66979
vn -0.18401945 -0.9261576 0.16173239
vn -0.227515 -0.964385 -0.134678
vn -0.16470826 -0.95425296 -0.20087275
vn 0.160588 0.040529 0.986175
vn 0.62472904 -0.1425975 0.7196115
vn 0.124332 0.039399 0.991455
vn 0.1673025 -0.8654595 0.47209102
vn 0.151524 -0.953825 0.259285
vn 0.203436 -0.870449 0.448195
vn 0.120132506 0.9456921 0.14137313
vn -0.22450949 0.774804 -0.5506915
vn -0.090823 0.873836 -0.477615
vn 0.509125 0.641667 0.5684225
vn 0.3982665 0.676214 0.619602
vn 0.4519255 0.67893773 0.5747702
vn -0.31196 0.90112 0.301035
vn 0.020569 0.911252 0.411298
vn 0.1408437 0.9319507 0.31560177
vn 0.414533 -0.672292 -0.6133
vn 0.343211 -0.79577 -0.498917
vn 0.3380689 -0.734628 -0.5627536
vn 0.854915 -0.49559 -0.153203
vn 0.8876305 -0.45541972 -0.059457496
vn 0.798303 -0.576556 -0.173925
vn 0.8379297 0.18051863 -0.48352012
vn 0.48260427 0.26055175 -0.819018
vn 0.745842 0.463515 -0.478378
vn 0.4416019 -0.27077094 -0.8229886
vn 0.17326474 -0.17520711 -0.9687189
vn 0.02324 -0.066759 -0.9965515
vn -0.929655 -0.338969 0.144139
vn -0.9046527 -0.2714085 0.298349
vn -0.970672 -0.179724 0.159581
vn 0.442946 0.011231 0.896451
vn 0.1787775 0.031312 0.9790185
vn 0.089816 0.394971 0.914274
vn 0.708152 -0.497208 -0.501236
vn 0.744377 -0.517441 -0.42204
vn 0.7045045 -0.62149405 -0.342341
vn -0.584826 0.736656 0.339518
vn -0.659963 0.637806 0.396985
vn 0.4834895 0.57750154 0.6400645
vn 0.394116 0.596942 0.698782
vn 0.6668564 0.5787317 0.44396347
vn -0.214972 0.92056 -0.326029
vn -0.2280035 0.9031035 -0.36332297
vn -0.233985 0.93997 -0.24836
vn -0.76544255 0.37166405 0.44398147
vn -0.9537415 0.25651768 0.15451124
vn -0.890316 0.365856 0.270943
vn -0.94984317 0.22877824 0.19879025
vn -0.95283353 0.2516405 0.1628465
vn -0.957244 0.248817 0.147496
vn -0.16389951 -0.605533 0.777413
vn -0.01571219 -0.73241353 0.6614984
vn 0.34994012 -0.8466139 -0.37240577
vn 0.579722 -0.6780525 -0.44338074
vn 0.83240503 -0.2472384 -0.49246085
vn 0.940306 -0.215644 -0.263222
vn 0.906217 -0.216346 -0.363201
vn -0.384808 0.64449 0.660695
vn -0.38073352 0.6600849 0.6418655
vn -0.491531 0.674917 0.540437
vn 0.8108462 0.26116976 0.518372
vn 0.945036 0.08887 0.314585
vn 0.869747 0.215796 0.443739
vn 0.190771 0.74572 -0.638325
vn 0.072512 0.827601 -0.556597
vn 0.13387701 0.85103154 -0.50521874
vn -0.671773 0.117283 -0.731407
vn -0.638493 0.141179 -0.749321
vn -0.826365 0.299959 -0.46236297
vn 0.054399498 0.6581165 -0.744102
vn 0.5543344 0.77493364 -0.082621254
vn 0.192511 0.693564 -0.694174
vn -0.2450752 0.5957066 -0.60841423
vn -0.7421146 0.6277545 -0.13714662
vn -0.705069 0.599933 -0.378002
vn -0.391247 -0.699118 -0.598437
vn -0.05368799 -0.96153176 -0.25343987
vn -0.5909908 -0.5796915 -0.5494625
vn -0.61751807 0.4579796 -0.6266927
vn -0.73143697 0.430723 -0.52813804
vn -0.581988 0.419843 -0.696371
vn 0.0103687495 0.10172094 0.9930558
vn -0.150731 0.234199 0.960418
vn -0.151952 0.331431 0.93115
vn 0.811457 0.06476 0.580767
vn 0.9263588 0.17122138 0.14534241
vn 0.890561 0.126133 0.436995
vn 0.811457 0.06476 0.580767
vn 0.740806 0.07654 0.667318
vn 0.834132 0.119999 0.538316
vn -0.509018 0.838832 0.192938
vn -0.580065 0.782342 0.226844
vn -0.633961 0.769219 0.079501
vn 0.512711 0.005249 0.858516
vn 0.350536 -0.069979 0.933897
vn 0.420179 0.004059 0.9053775
vn 0.425916 -0.351787 -0.833552
vn 0.5865965 -0.354442 -0.72786653
vn 0.5215918 -0.40693402 -0.7497023
vn -0.287393 -0.922788 0.2566
vn -0.039917998 -0.7546238 0.6527375
vn 0.12903233 -0.82770735 0.43023157
vn -0.614368 0.788476 0.028626
vn -0.325785 0.89935 0.291482
vn -0.44708094 0.88673997 0.09694394
vn -0.034871373 0.37548825 0.9242189
vn 0.256996 0.240028 0.9342935
vn 0.1541795 0.4104585 0.89825106
vn 0.30209512 0.58175176 -0.750454
vn 0.408032 0.690817 -0.596851
vn 0.49480775 0.53875464 -0.66555923
vn -0.0999901 0.33583474 0.9353363
vn -0.291009 0.293245 0.9093218
vn -0.102359 0.252052 0.962249
vn -0.3379045 -0.56536704 -0.75055337
vn -0.447676 -0.574053 -0.685568
vn -0.361858 -0.615375 -0.700247
vn -0.11713 -0.819811 -0.55495626
vn -0.30764186 -0.8101594 -0.49310288
vn -0.059190564 -0.9721483 -0.17115358
vn 0.034577 -0.076449 -0.99646
vn 0.138188 -0.121311 -0.98294
vn -0.030505814 0.014695313 -0.9912028
vn -0.202246 0.929014 -0.309793
vn -0.09731703 0.852298 -0.45383313
vn -0.214637 0.951781 -0.219031
vn 0.868191 -0.205023 0.451827
vn 0.787317 -0.223792 0.57448
vn 0.8508731 -0.47566545 0.19920844
vn 0.816462 -0.263314 0.51384
vn 0.786676 -0.250038 0.564409
vn 0.79152846 -0.23868501 0.562212
vn -0.407239 -0.36547452 0.835459
vn -0.4147796 0.047006343 0.8997097
vn -0.47435874 -0.110236436 0.869543
vn -0.452467 -0.366741 0.81286
vn -0.475509 -0.219703 0.851802
vn -0.47441 -0.157933 0.865993
vn -0.701224 -0.632496 0.328898
vn -0.5332235 -0.7497635 0.38928068
vn -0.618732 -0.705924 0.344676
vn 0.517289 0.784478 -0.342021
vn 0.50441 0.7451705 -0.428953
vn 0.557085 0.651814 -0.514542
vn -0.28140324 0.628437 0.721717
vn -0.5383922 0.686218 0.48581845
vn -0.39085042 0.47820598 0.7742069
vn -0.2250895 0.8803525 0.403058
vn 0.0353865 0.961074 0.2685015
vn -0.28516734 -0.5597725 -0.7427677
vn -0.44412798 -0.4328135 -0.783143
vn -0.12091468 -0.38421047 -0.9027385
vn 0.2350649 0.81513786 0.51666665
vn 0.3586155 0.08544424 0.84455395
vn 0.27373564 0.5730004 0.7324405
vn 0.202826 -0.979003 0.019501
vn 0.020783 -0.9462415 -0.305475
vn 0.213721 -0.971679 0.100497
vn -0.271737 0.210059 -0.939146
vn -0.109958 0.046113 -0.992859
vn -0.05362294 0.2725551 -0.9223666
vn -0.7186729 0.45973837 0.51577026
vn -0.805017 0.572375 0.155736
vn -0.13661599 0.107532 -0.98332155
vn -0.11931225 0.04683825 -0.98613703
vn -0.750328 0.65743 -0.069002
vn -0.890652 0.442244 -0.105441
vn -0.77231765 0.55431604 0.2628767
vn -0.5475593 0.40207574 0.71667385
vn -0.74488026 0.4033325 0.526719
vn -0.678243 0.410413 0.609516
vn -0.8824843 -0.42704153 -0.15563688
vn -0.82123053 -0.5698643 -0.02272875
vn -0.917508 -0.396619 0.028779
vn -0.28796124 -0.9471036 -0.02686375
vn -0.46324 -0.862545 -0.203467
vn -0.44203 -0.879513 -0.176092
vn 3.3549964E-4 0.2664265 0.96073794
vn 0.036653 0.5123905 0.8525805
vn 0.108463 0.528611 0.841884
vn -0.25045002 -0.9237495 -0.288705
vn -0.302408 -0.91630304 -0.2618945
vn 0.377483 0.195502 0.905118
vn 0.41204935 0.30671102 0.8566358
vn 0.26889902 0.254692 0.928648
vn 0.43478727 0.21235828 0.8709374
vn 0.60892314 0.23019215 0.7545985
vn 0.4465775 0.283715 0.8450575
vn 0.496902 0.243812 0.83282
vn 0.7122565 0.136509 0.68523204
vn 0.576678 0.228004 0.784478
vn 0.287027 -0.95529 -0.07062
vn 0.5197 -0.836726 -0.172491
vn 0.383099 -0.922391 0.048677
vn -0.741844 0.290902 0.604175
vn -0.8114565 0.18363 0.5546735
vn -0.7010083 0.395974 0.5925244
vn 0.28312 -0.384991 -0.878414
vn -0.056169 -0.47985798 -0.86042345
vn 0.403699 -0.383618 -0.830561
vn 0.198859 0.135472 0.970611
vn 0.323862 0.147008 0.934599
vn 0.1307565 0.251488 0.958586
vn 0.06373556 0.7930023 0.58980894
vn 0.001923 0.854671 0.51912
vn -0.014275251 0.897805 0.36032814
vn -0.26346248 0.025273126 0.96402264
vn -0.307413 0.198614 0.930601
vn 0.28779724 0.9530242 0.024399247
vn 0.247749 0.963561 0.10065
vn -0.146764 0.020173 -0.988952
vn -0.1601 0.08066 -0.983795
vn -0.086062 -0.024201 -0.995972
vn -0.20184635 0.048745528 -0.9775121
vn -0.312296 0.0495165 -0.948256
vn -0.16136649 0.07271 -0.984161
vn -0.948485 0.268197 -0.168523
vn -0.944945 0.168706 -0.280343
vn -0.97644 0.170141 -0.132542
vn -0.025361 0.957244 -0.288095
vn -0.247291 0.849483 -0.466048
vn -0.322764 0.848018 -0.42024
vn -0.1901915 -0.9773705 -0.0840785
vn -0.1566365 -0.98382545 -0.056199998
vn -0.21910751 -0.966628 -0.1309395
vn -0.15830475 0.55702573 -0.7897495
vn 0.316935 -0.393628 0.86288
vn 0.34331378 -0.29022664 0.8872175
vn 0.16815688 0.15013564 0.9508349
vn 0.552751 0.11362 0.825526
vn 0.602954 0.109226 0.790216
vn 0.513993 -0.624012 0.588549
vn 0.37002152 -0.8698845 0.2148195
vn 0.48934108 -0.6504786 0.5220658
vn 0.83678067 0.42700356 0.27299923
vn 0.881771 0.135838 0.451643
vn 0.862972 0.249855 0.4391
vn -0.1952345 0.0019300021 -0.976539
vn -0.1418195 -0.032014 -0.98756397
vn -0.16953075 -0.059168 -0.9834362
vn 0.037125498 -0.597308 -0.7996
vn 0.0422985 -0.776635 -0.627262
vn -0.050752 -0.560167 -0.826807
vn 0.1440015 0.394803 -0.8984345
vn 0.103244 0.373547 -0.921842
vn -0.059236 0.23133 -0.971038
vn 0.13647693 0.9075112 0.39607674
vn 0.23573999 0.856838 0.454619
vn 0.116642 0.923612 0.365123
vn 0.19602 0.84048 0.505081
vn 0.191275 0.7445295 0.63649404
vn 0.922666 -0.385235 -0.016175
vn 0.926572 -0.35548 -0.122623
vn 0.89553905 -0.4176191 0.11467687
vn -0.46221775 -0.520447 -0.71758175
vn -0.322642 -0.530671 -0.7803125
vn -0.447676 -0.574053 -0.685568
vn -0.06418825 -0.8749124 0.47025186
vn -0.219092 -0.907682 0.35786
vn -0.165258 -0.777856 0.606311
vn 0.8778023 0.26884988 0.36120927
vn 0.872585 0.1848355 0.4511245
vn 0.795343 0.071261 0.601917
vn -0.16811529 -0.96462244 -0.18618925
vn -0.129032 -0.991607 0.004517
vn -0.25177413 -0.9605434 0.09665613
vn -0.248939 -0.968352 -0.0159
vn -0.56789637 0.059499435 -0.8189187
vn -0.512192 0.052065 -0.857265
vn -0.70009744 0.50596046 -0.48648906
vn -0.845363 0.472976 -0.248207
vn -0.838466 0.420515 -0.346538
vn -0.54741 0.778436 0.307108
vn -0.5162815 0.785379 0.3400675
vn -0.48032314 0.804056 0.34325677
vn -0.823908 -0.428632 0.370678
vn -0.903592 -0.366588 0.221595
vn -0.79314554 -0.50354004 0.33024102
vn -0.214972 0.92056 -0.326029
vn -0.097903 0.920682 -0.377789
vn -0.20661 0.912839 -0.3515885
vn -0.157598 0.925565 -0.344157
vn -0.158116 0.850581 -0.50148
vn -0.104099 0.892361 -0.4391
vn 0.419385 -0.386639 -0.821345
vn 0.444365 -0.4459365 -0.7763295
vn 0.388531 -0.342265 -0.855495
vn 0.106632 0.012879 -0.994201
vn 0.1600695 -0.25147638 -0.9507812
vn 0.101535 0.009857 -0.994751
vn -0.793847 0.551195 -0.256752
vn -0.875423 0.420942 -0.237495
vn -0.837581 0.53975 0.08414
vn 0.5577335 0.6827985 0.46338552
vn 0.604541 0.715049 0.350993
vn 0.805872 0.575396 -0.1395
vn 0.765923 0.603015 -0.222877
vn 0.792779 0.56502 -0.228523
vn -0.3108194 -0.021225875 -0.93939066
vn -0.093417004 -0.0493025 -0.9941255
vn -0.299173 -5.19E-4 -0.954192
vn -0.157414 -0.030488 -0.98703
vn -0.040791877 0.017120875 -0.99847776
vn -0.017899001 -0.0379805 -0.99768054
vn -0.016541 -0.097293 -0.995117
vn 0.15103625 -0.031373248 -0.98776996
vn 0.094607 0.005676 -0.995483
vn 0.830966 -0.5541247 -0.03566075
vn 0.772881 -0.634388 0.013215
vn 0.761803 -0.64742 -0.022065
vn 0.123904966 0.2552101 -0.9509474
vn 0.14246 0.092288 -0.985473
vn 0.22778042 0.047240935 -0.9707954
vn 0.9301052 -0.30571902 0.194685
vn 0.918668 -0.232429 0.319315
vn 0.86581004 -0.31604952 0.3868525
vn 0.912458 -0.3528245 -0.20352799
vn 0.259774 0.574297 -0.776299
vn 0.46761987 0.31562623 -0.78636265
vn 0.197516 0.54564 -0.814386
vn -0.07424 -0.993576 0.076956496
vn -0.08536 -0.99527 0.046327
vn -0.053865 -0.989044 0.137272
vn -0.379349 -0.33006138 -0.86034715
vn -0.465285 -0.383557 -0.797723
vn -0.502609 -0.390759 -0.771111
vn -0.011353 -0.005768 -0.999908
vn -0.067476 0.175756 -0.982116
vn -0.06562797 0.0969066 -0.9895513
vn -0.800901 0.5486576 0.23612526
vn -0.847255 0.437208 0.301553
vn -0.7273175 0.5619525 0.345256
vn -0.05649 -0.288675 -0.955748
vn -0.040498 -0.286172 -0.957305
vn 0.012268 -0.245003 -0.96942
vn 0.6124305 0.27678752 -0.73245955
vn 0.77636 0.12009 -0.618732
vn 0.52971 0.0271615 -0.8441115
vn 0.774071 0.203528 -0.599445
vn 0.884884 0.046999 -0.463363
vn 0.7643123 0.07233372 -0.63514066
vn -0.306803 0.050172 -0.950438
vn -0.397595 0.168676 -0.901914
vn -0.312845 0.151677 -0.93759
vn 0.203894 0.61858 -0.758782
vn 0.42910552 0.70394 -0.5576495
vn 0.16831 0.617267 -0.768517
vn 0.738395 0.603931 0.299997
vn 0.730399 0.628742 0.266793
vn -0.17668025 0.008648906 0.98063403
vn -0.025666 0.003662 0.999634
vn -0.042207 -0.036836 0.998413
vn -0.3352305 -0.288705 -0.88798153
vn -0.470626 -0.372448 -0.79986
vn -0.596973 0.004883 -0.80221
vn -0.03622231 0.37759644 0.90367836
vn 0.20335275 0.24994627 0.9457154
vn -0.07662438 0.35883635 0.9279646
vn 0.789026 -0.493789 0.365459
vn 0.8621098 -0.43329424 0.237678
vn 0.79751 -0.319926 0.51146
vn -0.918882 0.329966 -0.216224
vn -0.983703 0.114658 -0.138462
vn -0.933775 0.357768 -0.003052
vn 0.836695 -0.547594 -0.005371
vn 0.8172666 -0.5403532 -0.18962274
vn 0.859615 -0.506668 -0.065615
vn -0.044725 -0.27546 -0.95992947
vn -0.08939463 -0.16461682 -0.98014784
vn -0.871578 0.220862 0.437635
vn -0.5823009 0.15507689 0.7604974
vn -0.82992053 -0.36323175 0.377407
vn -0.506882 -0.80105 0.318339
vn -0.646413 -0.693777 -0.317454
vn 0.62239474 -0.11475725 0.7544937
vn 0.7372129 -0.107497625 0.66241944
vn 0.511063 -0.146641 0.846919
vn -0.7345345 0.59425604 -0.3268835
vn -0.64864826 0.72872853 -0.16860723
vn -0.814234 0.5060885 -0.282586
vn -0.5285213 0.47265875 0.62935984
vn -0.85107 0.288003 0.438948
vn -0.784204 0.362926 0.50325
vn 0.646443 0.732597 0.21305
vn 0.647542 0.694723 0.313028
vn 0.74486554 0.6544124 0.12124625
vn -0.247017 -0.240944 0.938566
vn 0.367459 0.44627303 0.730065
vn -0.108188 -0.026734 0.993744
vn -0.306223 -0.814966 0.491958
vn -0.436842 -0.868831 0.232917
vn -0.659154 -0.606647 0.3767205
vn -0.169103 0.2628945 -0.94393724
vn -0.084658 0.480483 -0.87289
vn -0.08359 0.42552 -0.901059
vn -0.541032 0.459944 -0.704062
vn -0.474334 0.52900803 -0.696417
vn -0.30386475 0.291566 -0.8900265
vn 0.498672 0.173864 0.849147
vn 0.30253 0.258187 0.917478
vn 0.30299124 0.17490938 0.9322374
vn -0.58700264 0.3196013 -0.740528
vn -0.759056 0.379223 -0.52913
vn -0.719474 0.279672 -0.63567
vn -0.664754 0.290414 0.688253
vn -0.61832047 0.355083 0.6946165
vn -0.606555 0.269784 0.747826
vn 0.18217996 -0.60422546 -0.6962685
vn 0.303934 -0.780358 -0.546464
vn -0.7327645 0.36210975 -0.57184803
vn -0.7433013 0.41723776 -0.5206877
vn -0.7319255 0.3946045 -0.55171347
vn -0.16042525 0.95565647 -0.18381393
vn -0.20662549 0.95837295 -0.1307795
vn 0.001465 0.953001 0.302927
vn -0.553758 0.201819 0.807825
vn -0.17907512 0.29842138 0.9139565
vn -0.455061 -0.110996 0.883511
vn 0.121769 -0.422529 0.898099
vn -0.021027 -0.281961 0.959166
vn -0.028382 -0.40611 0.913358
vn -0.435896 -0.899808 -0.018006
vn -0.39196837 -0.7830859 -0.41012698
vn -0.35844 -0.925077 0.125278
vn -0.6897755 0.46855825 0.54869235
vn -0.809656 0.398022 0.431257
vn -0.77422583 0.43579262 0.44422266
vn -0.78457 0.426725 0.447798
vn -0.667196 0.516892 0.536302
vn 0.348094 -0.10593 0.931425
vn 0.0962047 0.05228918 0.9822682
vn 0.45706052 -0.1151765 0.8741265
vn 0.637867 0.485305 -0.597949
vn 0.6716135 0.4642015 -0.5769675
vn 0.711692 0.301126 -0.634632
vn -0.77763116 0.5080018 0.3593689
vn -0.802301 0.374813 0.462264
vn -0.73800623 0.23144475 0.6263237
vn -0.5410015 0.839183 0.0502945
vn -0.551012 0.833522 0.039491
vn -0.62859 0.776635 0.040559
vn -0.744102 0.082125 0.662954
vn -0.711997 0.056825 0.69985
vn -0.233009 -0.620808 0.748497
vn -0.38160005 0.61123013 -0.68777406
vn -0.590106 0.663289 -0.460189
vn -0.426832 0.655019 -0.623463
vn 0.151372 0.339946 0.928159
vn 0.078249 0.269662 0.959746
vn 0.26871198 0.3874475 0.8759538
vn 0.168218 0.98175 0.088412
vn 0.342326 0.919034 0.195288
vn 0.397778 0.917066 0.0214395
vn -0.16657 0.626942 -0.76101
vn -0.066561 0.667104 -0.741966
vn -0.028291 0.678335 -0.734184
vn 0.506577 0.491073 -0.70867
vn 0.6476215 0.55921376 -0.5133824
vn -0.349498 0.432417 -0.831172
vn -0.40270108 0.41845855 -0.8075712
vn -0.212348 0.423048 -0.880856
vn 0.8571085 -0.25000852 0.44192585
vn 0.7734 -0.16776 0.611286
vn 0.774438 -0.21482 0.595019
vn 0.8052112 -0.19582772 0.5584451
vn 0.75260925 -0.1376615 0.6432693
vn 0.668737 -0.026566375 -0.74227875
vn 0.588061 0.062258 -0.806391
vn 0.909391 -0.003845 0.415906
vn 0.982238 -0.038179 0.18366
vn 0.62622815 -0.52926725 0.47983113
vn 0.0685445 -0.934263 0.331416
vn 0.0339365 -0.93042135 0.334208
vn 0.062136 -0.996399 0.057436
vn -0.50616723 0.42836237 -0.7404877
vn -0.44991902 0.36917472 -0.80623025
vn -0.511734 0.28074 -0.811945
vn -0.092959 -0.04825 -0.994476
vn -0.32956976 0.049928248 -0.9395427
vn -0.400494 -0.56032 0.724967
vn -0.179785 -0.221961 0.958312
vn -0.37391838 -0.46557343 0.75137335
vn 0.811258 0.0016325004 0.58250654
vn 0.781274 -0.072329 0.619953
vn 0.793542 -0.064241 0.60509
vn -0.212989 0.226508 -0.950407
vn -0.094394 0.401013 -0.911161
vn -0.274392 0.233985 -0.932707
vn 0.697409 -0.510239 -0.50322
vn 0.7616355 -0.4375895 -0.4737845
vn 0.770379 -0.604808 -0.18852025
vn -0.8773385 0.037873246 0.471534
vn -0.971862 0.06296 0.226875
vn -0.9266326 0.15125743 0.32724023
vn 0.810389 -0.563738 -0.159429
vn 0.763146 -0.617847 -0.189276
vn 0.766625 -0.641713 0.020966
vn -0.826079 0.33033806 0.4357777
vn -0.770959 0.440535 0.459883
vn -0.751488 0.362468 0.551225
vn -0.531297 -0.0506 0.845637
vn -0.424299 -0.14539 0.893735
vn -0.446303 -0.048616 0.893551
vn 0.007782 -0.999359 0.034669
vn 0.035878 -0.9875678 -0.1396035
vn -0.012349118 -0.99950606 0.022356305
vn 0.855708 -0.437757 0.275887
vn 0.8304237 -0.4038515 0.3694495
vn 0.83354616 -0.38661975 0.38970056
vn -0.84054077 0.39777026 0.366535
vn -0.801416 0.240028 0.547777
vn -0.870846 0.251137 0.422529
vn -0.2590962 0.33674538 -0.8792517
vn -0.5891145 -0.2241435 -0.775918
vn -0.49961102 -0.11104924 -0.8303322
vn 0.18348853 -0.210269 -0.9585608
vn -0.217261 -0.201056 -0.955168
vn -0.217872 -0.385815 -0.896451
vn -0.172613 0.594165 -0.785577
vn -0.069521 0.58208 -0.810144
vn 0.10590119 0.6443373 -0.69400716
vn 0.7230828 -0.690161 -0.022889
vn 0.764061 -0.6451 0.003906
vn 0.069063 -0.269417 -0.960509
vn -0.2533121 -0.09372611 -0.9481715
vn 0.359508 -0.139012 -0.922697
vn 0.202307 0.247871 0.947417
vn 0.299661 0.225318 0.92703
vn 0.35775143 0.5048982 0.76122713
vn 0.606677 0.659169 0.444288
vn 0.62318814 0.72527635 0.2882625
vn 0.36160374 0.44955105 0.7801224
vn -0.314585 0.917234 -0.24427
vn -0.334666 0.940489 -0.058748
vn -0.422193 0.8593555 -0.288003
vn -0.0023345 0.219474 -0.9754325
vn 0.059999 0.264382 -0.962523
vn 0.033143 0.409009 -0.911893
vn -0.892563 0.40549582 -0.09825747
vn -0.8131578 0.47890425 -0.31726277
vn -0.923383 0.2528305 -0.2752615
vn 0.6197238 -0.39829698 -0.67572576
vn 0.717978 -0.496414 -0.487869
vn 0.74627644 -0.44273984 -0.45856532
vn -0.880612 0.132664 -0.454848
vn -0.93556 0.127369 -0.326487
vn -0.913663 0.121677 -0.387768
vn 0.83285 -0.400586 -0.381909
vn 0.838588 -0.425733 -0.339793
vn 0.774224 -0.395825 -0.493789
vn 0.728202 -0.171667 0.663472
vn 0.741081 -0.143712 0.655812
vn 0.15566732 0.3219738 0.88625956
vn -0.38946205 0.10114995 0.9120456
vn -0.314722 0.186636 0.9235355
vn -0.49675 0.392102 0.774224
vn -0.0031361254 0.19277799 0.9794841
vn 0.17120901 0.0487995 0.980941
vn 0.051088 0.230476 0.971709
vn 0.37472713 0.315833 0.8664184
vn 0.127354 0.29548 0.946806
vn 0.367199 0.110141 0.923582
vn 0.17595476 -0.6964881 0.6083414
vn 0.259987 -0.647908 0.715934
vn 0.247261 -0.651143 0.717521
vn 0.51683843 0.69312084 -0.5019337
vn 0.438429 0.732353 -0.520951
vn 0.538011 0.681326 -0.496292
vn 0.7893191 -0.17057174 0.5894195
vn 0.832667 -0.206519 0.513779
vn 0.785852 -0.193335 0.587359
vn -0.044226408 0.4060936 0.9087131
vn -0.208533 0.472915 0.856044
vn -0.125401 0.304117 0.944334
vn -0.457381 0.347942 0.818354
vn -0.329844 0.400494 0.854854
vn -0.340098 0.22309 0.913511
vn -0.443709 -0.213019 -0.870479
vn -0.49845487 -0.22511232 -0.83203566
vn -0.358287 -0.2349775 -0.902829
vn -0.56867576 -0.20606887 -0.7946446
vn -0.764733 -0.346782 -0.543046
vn -0.646779 -0.212165 -0.732536
vn 0.248939 0.7734 -0.582965
vn 0.285531 0.725516 -0.626148
vn 0.4210995 0.515557 -0.7373531
vn 0.271645 0.644154 -0.715018
vn 0.200018 0.672262 -0.71276
vn -0.441023 0.24958 -0.862056
vn -0.3388543 -0.33360684 -0.83515966
vn -0.3720815 0.21102001 -0.8781245
vn 0.08284457 0.3592596 0.9221133
vn 0.3810385 0.1171605 0.913541
vn 0.14362738 0.28363502 0.9437505
vn -0.748222 0.637013 0.185217
vn -0.65215 0.757836 0.018433
vn -0.8123872 0.56270796 -0.01142925
vn 0.489303 0.447554 0.748497
vn 0.363399 0.330668 0.8607285
vn -0.180364 -0.71311104 -0.66863
vn -0.424451 -0.68981 -0.586474
vn -0.209052 0.634297 -0.744255
vn -0.017273 0.730583 -0.682546
vn -0.0050555924 0.7132437 -0.68072283
vn -0.906491 0.350475 0.235359
vn -0.890316 0.365856 0.270943
vn -0.9566335 0.26120752 0.1284675
vn -0.655721 0.522599 -0.544847
vn -0.615619 0.444533 -0.650655
vn -0.73503476 0.4628131 -0.49283588
vn -0.956603 0.108951 0.27018
vn -0.971862 0.06296 0.226875
vn -0.9649725 0.096774 0.23398575
vn 0.666066 -0.13715 -0.733146
vn 0.662282 -0.117786 -0.73787653
vn 0.732322 -0.06708 -0.677602
vn -0.294809 -0.704581 -0.645436
vn -0.32042176 -0.40363026 -0.830973
vn -0.362346 -0.380291 -0.850917
vn 0.4449825 0.37973413 0.80719936
vn 0.406446 0.372204 0.834407
vn 0.3549 0.385083 0.851894
vn -0.828028 0.398389 0.394482
vn -0.86281896 0.415372 0.28638548
vn -0.820215 0.404553 0.404401
vn -0.280099 -0.287881 -0.915769
vn -0.274636 -0.213721 -0.937468
vn -0.251076 -0.372265 -0.89349
vn 0.7738652 -0.5479132 0.28713614
vn 0.857936 -0.513657 0.005676
vn 0.8522444 -0.491676 0.031441752
vn -0.01587 -0.97879 0.204138
vn -0.068484 -0.950987 0.301492
vn -0.106571 -0.955809 0.273934
vn 0.164922 -0.983642 0.072329
vn 0.383099 -0.922391 0.048677
vn 0.250526 -0.957091 0.145573
vn -0.195502 0.972839 -0.123814
vn -0.38122925 0.8961377 -0.21794799
vn -0.233589 0.940764 -0.245705
vn 0.850581 -0.091281 0.517808
vn 0.809137 -0.345988 0.474899
vn 0.869533 -0.358715 0.339335
vn 0.8720967 -0.1621105 0.44880527
vn 0.77349937 -0.20971763 0.597121
vn 0.788507 -0.263619 0.55562
vn -0.039307747 -0.09505762 -0.992603
vn 0.020203 -0.115818 -0.993042
vn 0.138493 -0.07419 -0.987548
vn -0.90997 -0.005249 0.414594
vn -0.948729 -0.19126 0.251564
vn -0.970367 -0.053804 0.235481
vn 0.20420694 -0.29175907 -0.9187694
vn 0.6121939 0.038770184 -0.7796335
vn 0.417646 -0.192053 -0.888058
vn 0.753014 0.202399 -0.626057
vn 0.86368954 0.0939665 -0.49505597
vn 0.24708325 -0.56709504 0.77143866
vn 0.044435 -0.715812 0.69686
vn 0.030780062 -0.46789837 0.88076806
vn 0.1378675 -0.668584 0.730506
vn 0.036561 -0.611621 0.790277
vn 0.044435 -0.715812 0.69686
vn 0.573565 0.309915 0.758232
vn 0.8712591 0.12477568 0.43715674
vn 0.65482605 -0.56704605 -0.48907816
vn 0.764275 -0.496841 -0.411054
vn 0.785821 -0.391339 -0.478866
vn 0.4166085 0.8085575 -0.3563495
vn 0.219398 0.818781 -0.530503
vn 0.232246 0.505234 -0.831111
vn -0.049440004 0.3686025 0.927335
vn -0.163766 0.3155651 0.93361485
vn -0.150578 0.466811 0.871426
vn 0.25799575 -0.60637623 -0.74803174
vn -0.202673 -0.799219 -0.565813
vn -0.236396 -0.637104 -0.733604
vn 0.932188 -0.35963 -0.040956
vn 0.94251853 -0.32916498 -0.025024999
vn 0.93704 -0.336589 -0.092898
vn -0.034047 0.31126976 0.9489045
vn -0.046754 0.383618 0.922269
vn -0.0641805 0.3012175 0.9509725
vn -0.070925 0.340281 0.93762
vn -0.105991 0.298959 0.948332
vn -0.047182 0.377728 0.924711
vn 0.77752 -0.622486 -0.089114
vn 0.666097 -0.738151 0.106815
vn -0.71545905 0.2798186 -0.634574
vn -0.683988 0.34134924 -0.64333797
vn 0.523576 0.83874 0.14948
vn 0.54580635 0.8270726 0.1289255
vn 0.5398743 0.7413783 0.35428363
vn 0.548814 0.805841 0.222175
vn 0.92732 -0.008423001 0.3618425
vn 0.797327 0.357097 0.486526
vn 0.755425 0.263802 0.59975
vn -0.27723 0.902493 -0.329539
vn -0.100894 0.934416 -0.341502
vn -0.44226843 0.76013005 -0.44790095
vn -0.405957 0.035218 -0.913205
vn -0.431989 -0.209754 -0.877132
vn -0.596973 0.004883 -0.80221
vn 0.622272 0.471023 -0.625202
vn 0.675649 0.462844 -0.573779
vn 0.569384 0.5475325 -0.60580003
vn 0.601917 -0.480392 0.637867
vn 0.6023246 -0.5469142 0.57400763
vn 0.574969 -0.659413 0.484298
vn -0.79876137 0.35255122 -0.48575255
vn -0.717246 0.212012 -0.663747
vn -0.653584 0.205359 -0.728446
vn -0.818354 0.330729 -0.469955
vn -0.799768 0.323038 -0.505936
vn -0.742943 0.373089 -0.555681
vn 0.51326 -0.019623 0.857997
vn 0.31658596 0.41963312 0.8401631
vn 0.5642339 0.069609 0.81662965
vn 0.8833277 -0.3024399 -0.35021257
vn 0.73153245 -0.3378381 -0.5854118
vn 0.89758 -0.309671 -0.3137
vn 0.02176 -0.064119 -0.997681
vn -0.078585 0.155644 -0.984649
vn -0.038026 -0.007813 -0.999237
vn 0.665578 -0.208899 0.716453
vn 0.319346 -0.400891 0.858638
vn 0.211097 -0.093173 0.972991
vn -0.335887 -0.102451 -0.936277
vn -0.414686 0.042268 -0.908963
vn -0.6346104 0.06733678 -0.7633109
vn 0.05005 -0.73983 0.670888
vn 0.0751675 -0.74095905 0.6615805
vn -0.024598 -0.886624 0.461806
vn -0.11351356 -0.5369952 -0.7973989
vn -0.42107898 0.016175004 -0.90317225
vn -0.315195 0.170293 -0.933592
vn 0.260598 0.272896 0.926054
vn 0.23700649 0.0783255 0.9668875
vn 0.377483 0.195502 0.905118
vn -0.85506 0.2339395 0.39560375
vn -0.778405 0.25193 0.574969
vn -0.8235439 0.27186072 0.49313542
vn 0.85577923 -0.2287226 -0.43250906
vn 0.6580895 -0.27530357 -0.6587056
vn 0.580676 -0.262337 -0.770684
vn 0.354472 0.620594 0.699423
vn 0.6237371 0.6399314 0.37408823
vn -0.013596002 -0.1214485 -0.9902035
vn -0.002075 -0.027284 -0.999603
vn 0.039003 -0.022858 -0.998962
vn 0.011679273 -0.93902564 0.27299488
vn -0.041658 -0.992523 0.114689
vn 0.033723 -0.99823 0.048433
vn 0.476882 -0.545885 -0.688864
vn 0.54152024 -0.5414745 -0.64120924
vn 0.508408 -0.505173 -0.697317
vn -0.540361 0.59386 -0.596057
vn -0.430372 0.58681 -0.685842
vn -0.586993 0.415235 -0.694937
vn -0.09622688 -0.9790394 -0.13673618
vn 0.056032 -0.957976 -0.281228
vn 0.549974 -0.750175 -0.366985
vn -0.3263095 -0.6918868 -0.63825274
vn -0.366222 -0.489975 -0.79104
vn -0.390942 -0.640553 -0.660909
vn 0.49577302 0.17576388 -0.837035
vn 0.6985723 -0.061887622 -0.70810974
vn 0.6764735 0.16988151 -0.70961654
vn 0.154424 -0.982574 -0.103397
vn -0.25705752 -0.940184 -0.2032685
vn 0.12186825 -0.9558855 0.06475275
vn -0.58738524 0.35085422 0.7234227
vn -0.575365 0.290811 0.764428
vn -0.660604 0.307871 0.684652
vn 0.440321 -0.582934 -0.682821
vn 0.5838839 -0.57614756 -0.5654069
vn 0.518021 -0.52092 -0.678426
vn 0.75395614 -0.1644072 -0.6287538
vn 0.950011 0.014222 -0.311838
vn 0.909787 -0.072237 -0.408704
vn -0.5730382 -0.81295174 -0.10340449
vn -0.350841 -0.93292 -0.080721
vn -0.492965 -0.869839 0.017945
vn -0.741417 -0.613788 -0.271187
vn -0.6949215 -0.65524745 -0.29325253
vn -0.776879 -0.477493 -0.410382
vn -0.010804 -0.957121 0.289407
vn -0.0506 -0.894284 0.444563
vn 0.063753 -0.907224 0.415754
vn -0.7171918 0.23954877 0.6346526
vn -0.248512 -0.028901 0.9648275
vn -0.263985 0.036073 0.963836
vn -0.337809 0.2837 0.88972104
vn -0.285394 0.814829 0.4742425
vn -0.160314 0.581225 0.797754
vn -0.2662359 -0.9552045 -0.055900253
vn -0.29139102 -0.9215065 -0.2551345
vn -0.270821 -0.9594255 0.0012665018
vn 0.33829385 0.87304807 0.2914778
vn 0.15113333 0.93971527 0.2993225
vn -0.095157 0.975677 0.197302
vn 0.303385 -0.294198 0.906308
vn 0.396619 -0.130985 0.908567
vn 0.395444 -0.4435715 0.8033085
vn 0.36671776 -0.232261 0.9001662
vn 0.343394 0.058504 0.937346
vn 0.396619 -0.130985 0.908567
vn -0.800073 0.332774 0.4991
vn -0.815851 0.403272 0.41438
vn 0.631367 0.520218 0.575091
vn 0.539659 0.496719 0.679678
vn 0.627735 0.313883 0.712302
vn -0.461318 0.39903 0.792413
vn -0.528977 0.387738 0.754845
vn -0.6395879 0.4094554 0.64857185
vn 0.06178793 0.59441024 0.73276794
vn -0.063768 0.58327 0.8034605
vn -0.146229 0.6799675 0.70465696
vn 0.19241126 0.4976195 0.81690395
vn 0.211768 0.810114 0.546678
vn -0.039383996 0.7019565 0.68285924
vn 0.66016877 0.2811975 -0.691633
vn 0.699973 0.183508 -0.690176
vn 0.827868 0.18832976 -0.51805925
vn 0.601428 -0.189215 0.776147
vn 0.7568285 -0.098056 0.64528346
vn 0.37977827 -0.009012499 0.9123336
vn -0.26371 0.066591 -0.962279
vn -0.203162 0.18067 -0.96231
vn -0.1654105 -0.0426035 -0.985
vn -0.5010552 0.2427797 -0.8218069
vn -0.623127 0.2566 -0.738792
vn -0.7931736 0.3729 -0.45618308
vn -0.285989 0.470565 0.834712
vn -0.167272 0.451979 0.876186
vn -0.7920299 0.46971464 0.06766032
vn 0.98672825 0.08867913 -0.038834497
vn 0.961455 -0.013062 -0.274575
vn 0.9653998 0.09233187 -0.21627733
vn -0.098941 0.657094 -0.747246
vn -0.087038994 0.6220435 -0.778008
vn -0.00956 0.70398575 -0.69523454
vn -0.29075 -0.202185 -0.935179
vn -0.40080357 -0.4433465 -0.774859
vn -0.18299775 0.21048252 -0.94740415
vn 0.0049744993 -0.791162 -0.610263
vn -0.23598063 -0.114345 -0.87700665
vn -0.164373 -0.737327 -0.655202
vn -0.263466 0.094699 -0.95999
vn -0.0362295 0.24318288 -0.9077385
vn -0.940096 -0.105285004 -0.3080995
vn -0.867519 0.2424085 -0.42941052
vn -0.8922075 0.39357984 -0.19182187
vn -0.786401 0.448988 0.424207
vn -0.809656 0.398022 0.431257
vn 0.331797 0.639393 0.693594
vn 0.336406 0.61095 0.716605
vn -0.452372 0.56349766 0.68628526
vn -0.492996 0.513199 0.702536
vn -0.5587892 0.7001921 0.4381457
vn -0.9068507 -0.091788374 -0.3995903
vn -0.953337 0.047395 -0.298105
vn -0.8764915 -0.032731 -0.4784385
vn 0.886837 -0.456069 -0.074129
vn 0.916654 -0.397565 -0.040376
vn -0.185583 0.890805 0.414716
vn -0.108951 0.960143 0.257332
vn 0.070925 0.885067 0.460005
vn -0.131291 0.95465 0.267159
vn 0.4367354 0.85972536 0.14959762
vn -0.6111406 0.06939937 -0.5895947
vn 0.602832 0.55562 -0.572588
vn 0.464461 0.530045 -0.709433
vn 0.048313178 -0.7135304 -0.65008855
vn 0.122203216 -0.6777708 -0.7172826
vn 0.101566 -0.6592455 -0.7446515
vn 0.557421 0.058535 0.82812
vn 0.337962 0.033937 0.940519
vn 0.4980925 -0.248245 0.824969
vn 0.293313 0.007813 -0.955962
vn 0.012909 0.150487 -0.988495
vn 0.0149845 -0.4689165 -0.8306985
vn -0.558397 0.099368 -0.823573
vn -0.426405 0.090732 -0.89993
vn -0.27427 -0.047639 -0.960448
vn -0.5185855 -0.80880153 0.2665485
vn -0.541642 -0.702292 0.461898
vn -0.63538474 -0.74748987 0.032080967
vn -0.562181 -0.393963 -0.727134
vn -0.604923 -0.7149875 -0.347453
vn -0.495499 -0.34785 -0.795892
vn 0.355541 0.695151 0.624744
vn 0.8283067 0.4342508 -0.0061054975
vn 0.385815 0.72971296 0.558687
vn 0.606128 0.691366 0.393139
vn 0.547349 0.709983 0.443007
vn -0.3040715 0.1989195 -0.9292885
vn -0.393414 0.169347 -0.903592
vn -0.252449 0.144353 -0.956755
vn -0.960692 -0.247627 0.125248
vn -0.9497055 -0.30170602 0.045792997
vn 0.750267 0.262001 -0.606952
vn 0.830653 0.332896 -0.446272
vn 0.698004 0.180059 -0.68369055
vn 0.76458 0.3183385 -0.554918
vn 0.8042695 0.51971495 -0.2858975
vn 0.842128 0.41963 -0.338664
vn 0.79986525 -0.19359231 -0.5513839
vn 0.581133 -0.125797 -0.80401
vn 0.69377524 -0.06019889 -0.7090396
vn 0.231483 -0.04062 0.971984
vn -0.16413622 -0.1756981 0.955071
vn 0.038804248 0.14684 0.9130605
vn -0.083773 -0.980163 0.179571
vn 0.029511 -0.997467 -0.064272
vn 0.5174682 -0.29762614 -0.7967447
vn 0.626453 -0.30195 -0.718558
vn 0.714011 -0.378155 -0.58919
vn 0.06288558 -0.88902766 0.44176707
vn -0.046999 -0.860775 0.50676
vn 0.037965 -0.782495 0.621479
vn -0.489059 0.191656 0.850917
vn -0.476028 0.047334 0.878109
vn -0.5281225 0.04207 0.84778845
vn 0.091159 -0.22306 -0.970519
vn 0.20806597 -0.25945777 -0.9392579
vn 0.27587175 -0.36320072 -0.88859975
vn 0.269448 0.732536 -0.62508
vn 0.408795 0.703269 -0.581591
vn 0.295755 0.721 -0.626606
vn -0.9086125 0.37479752 0.106662504
vn -0.7587607 0.32237095 0.5339995
vn -0.81521 0.459273 0.352763
vn -0.84286 0.119449 0.524644
vn -0.897427 0.107425 0.427869
vn -0.860927 0.047517 0.506485
vn 0.379315 0.663045 0.645314
vn 0.397229 0.668264 0.628956
vn 0.43109685 0.64230776 0.62061673
vn -0.831751 0.531419 0.160466
vn -0.851497 0.483291 0.203314
vn -0.84789133 0.3790723 0.34862524
vn 0.83512187 -0.44505316 -0.31756252
vn 0.767901 -0.5032643 -0.36777785
vn 0.926786 -0.362194 -0.099307
vn -0.234672 0.024185501 -0.9703665
vn -0.168676 -0.066408 -0.983428
vn -0.15550107 0.002200936 -0.98351824
vn -0.12796506 -0.24122487 -0.95057136
vn -0.085177 -0.044252 -0.995361
vn -0.002594 -0.14658 -0.989166
vn -0.10092475 -0.9937169 -0.02710075
vn -0.045778 -0.998138 0.04001
vn -0.20976514 -0.068949 -0.9627596
vn -0.1869415 -0.2132935 -0.9553515
vn -0.35581493 -0.424432 -0.82311565
vn -0.801874 0.29371 0.520249
vn -0.769181 0.26485473 0.572924
vn -0.816492 0.234016 0.527757
vn 0.033860005 0.898709 -0.40458426
vn 0.3520465 0.81824696 -0.445952
vn 0.056246 0.925504 -0.374493
vn 0.328684 0.115452 0.937346
vn 0.213782 0.175359 0.960997
vn -0.115503 0.8943733 0.4226625
vn -0.16182493 0.94599915 0.27189738
vn 0.109592 0.957335 0.267281
vn -0.592914 0.407941 -0.694266
vn -0.668661 0.50148 -0.548967
vn -0.573138 0.350597 -0.740654
vn -0.6671841 -0.7193556 0.17091888
vn -0.4221787 -0.89783055 0.10274613
vn -0.4272285 -0.8807335 0.2022765
vn -0.734336 0.299692 0.608997
vn -0.831355 0.22013 0.510269
vn -0.713248 0.366039 0.597705
vn 0.639073 -0.047181994 -0.73545
vn 0.659322 -0.387677 -0.644185
vn 0.792657 -0.328745 -0.513382
vn 0.540819 -0.316599 -0.779229
vn 0.594653 -0.307657 -0.742729
vn 0.693808 -0.590442 -0.412244
vn 0.708152 -0.497208 -0.501236
vn 0.526967 -0.4234595 -0.7346641
vn 0.567507 -0.48742652 -0.661214
vn 0.526872 -0.457259 -0.716422
vn 0.10449526 0.117000505 0.982002
vn 0.0889155 0.0016635004 0.9941095
vn 0.429876 -0.13029875 0.88185525
vn 0.618458 -0.374676 -0.690725
vn 0.630787 -0.379162 -0.676992
vn 0.654439 -0.369823 -0.659444
vn 0.43772596 0.15543938 0.86915195
vn 0.17689869 0.21404532 0.9558834
vn -0.924589 0.097995 -0.368053
vn -0.933134 -0.027223 -0.35844
vn -0.90585 -0.150334 -0.395978
vn 0.199408 -0.241066 0.949767
vn 0.129673 -0.165014 0.977722
vn 0.167089 -0.0824 0.982482
vn -0.401074 -0.009369 -0.915983
vn -0.2884155 0.013840001 -0.9547715
vn 0.275948 0.169317 0.946135
vn 0.279763 0.270028 0.921293
vn 0.140629 0.162999 0.976531
vn 0.67610687 -0.090743124 0.72312075
vn 0.46202 -0.20603 0.862575
vn 0.34901 -0.123905 0.928861
vn -0.41972136 0.6079134 0.6575365
vn -0.25524163 0.5959085 0.7597661
vn -0.236244 0.477401 0.846309
vn -0.332987 -0.923002 -0.192663
vn -0.290841 -0.947233 -0.134495
vn -0.368542 -0.921934 -0.119144
vn 0.7899489 -0.21755874 0.5724888
vn 0.770257 -0.057009 0.635151
vn 0.628927 -0.0979895 0.76198065
vn -0.643818 0.402081 0.65096
vn -0.739891 0.3485215 0.574816
vn -0.6942045 0.2960295 0.6552785
vn -0.813379 0.306314 -0.494522
vn -0.80562246 0.38732234 -0.44442078
vn -0.874599 0.31431 -0.369091
vn 0.6237985 -0.38790548 -0.6690265
vn 0.697409 -0.510239 -0.50322
vn -0.806238 0.565813 0.172613
vn -0.966308 0.193548 0.169469
vn -0.882717 0.466506 -0.056063
vn 0.89030504 -0.11169775 -0.43293202
vn 0.883785 -0.046541 -0.465529
vn 0.890927 -0.226356 -0.393658
vn 0.006165 0.022889 0.999695
vn 0.056154 0.042451 0.997497
vn 0.030763 0.179418 0.983276
vn -0.34838414 -0.9279039 0.066476874
vn -0.205329 -0.976562 0.064364
vn -0.284494 -0.952605 0.107608
vn -0.212775 0.384655 0.89816
vn -0.1475862 0.32092047 0.9314762
vn -0.340068 0.462386 0.818842
vn 0.43617412 0.534841 0.7208509
vn -0.16029468 0.58690834 0.76711214
vn 0.263771 0.579821 0.770837
vn 0.212165 -0.083834 -0.973601
vn 0.173986 -0.141453 -0.974517
vn 0.265572 -0.173711 -0.948302
vn -0.374554 0.376904 0.847133
vn -0.29577026 0.26116186 0.907979
vn -0.237342 0.365184 0.900143
vn -0.351634 0.24369 -0.903836
vn -0.272622 0.226691 -0.934996
vn -0.451643 0.269784 -0.850398
vn 0.8231989 0.07518225 -0.5490474
vn 0.720237 0.225959 -0.655843
vn 0.664022 0.391369 -0.637074
vn -0.51327085 -0.34323627 0.78146636
vn -0.43295097 -0.3649255 0.8212835
vn -0.65978 -0.055544 0.749382
vn 0.24852724 0.31571013 0.91533774
vn 0.161077 0.384411 0.908963
vn 0.251289 0.296487 0.921354
vn -0.20315914 0.4175369 0.8151158
vn -0.710318 0.671529 0.210791
vn -0.394284 0.7861415 0.42103302
vn 0.278817 -0.31135 0.908444
vn 0.411298 -0.469253 0.781396
vn -0.55034 0.358776 -0.753868
vn -0.694906 0.416089 -0.586444
vn -0.593799 0.30726 -0.743584
vn -0.614429 0.275735 -0.739189
vn -0.650227 0.317576 -0.690146
vn -0.455885 0.381573 -0.804041
vn -0.1571152 -0.96534324 -0.19173232
vn -0.1951735 -0.9492175 -0.24657425
vn -0.1447492 -0.95416874 -0.25403988
vn -0.15561399 -0.92681646 -0.2903835
vn -0.1344185 -0.98854 -0.0303965
vn 0.60956633 -0.14348064 0.7700684
vn 0.536637 -0.100345 0.837794
vn 0.544755 -0.010102 0.838527
vn 0.154607 0.126011 0.979888
vn 0.054262 -0.029969 0.998047
vn 0.180181 -0.030488 0.983154
vn -0.083773 -0.980163 0.179571
vn 0.03542075 -0.9765996 -0.07765787
vn 0.029511 -0.997467 -0.064272
vn -0.07776125 -0.91996497 0.37418002
vn 0.069033 -0.954161 0.291208
vn -0.001099 -0.998413 0.056124
vn 0.4058579 -0.010379748 0.9030161
vn 0.477279 0.053438 0.877102
vn 0.539201 0.075503 0.838771
vn -0.029648751 0.059633248 0.99303424
vn -0.015748 0.094424 0.995392
vn -0.043428 -0.002533 0.999023
vn -0.265481 -0.954588 0.134983
vn -0.12711 -0.928739 0.348186
vn -0.037492 -0.952559 0.296045
vn -0.713218 0.696524 0.078188
vn -0.5379385 0.73637944 0.38743082
vn -0.5577715 0.812357 0.115512505
vn -0.273965 -0.162481 0.947905
vn -0.047212 -0.153417 0.986999
vn 0.913973 -0.20991033 -0.2773876
vn 0.769524 -0.093356 -0.631733
vn 0.820032 0.00531 -0.572253
vn 0.8469534 -0.3566696 -0.30223987
vn 0.724113 -0.273019 -0.63329
vn 0.798517 -0.17246 -0.576708
vn 0.606037 0.08414 0.790948
vn 0.38789 0.156621 0.908261
vn 0.3295995 0.048265 0.94232
vn 0.011567 -0.588244 -0.808588
vn 0.37781125 -0.451308 -0.79696023
vn 0.3043 -0.335551 -0.891476
vn 0.807245 -0.233161 0.542161
vn 0.7677108 -0.3237904 0.5493655
vn 0.81163955 -0.201071 0.548143
vn 0.44302773 0.24834993 -0.8497385
vn 0.336039 -0.097797 -0.93220305
vn 0.513657 -0.025239 -0.857601
vn -0.9335305 0.165853 0.3138675
vn -0.9398938 0.13562424 0.30745074
vn -0.962386 0.1508075 0.225547
vn -0.923765 -0.367199 -0.108432
vn -0.944121 -0.249763 -0.214911
vn -0.913144 -0.297311 -0.278787
vn 0.86169 -0.39143 -0.322886
vn 0.76632774 -0.44607374 -0.45844877
vn 0.687918 -0.617908 -0.380657
vn 0.42234552 0.5135505 -0.743736
vn 0.450453 0.474715 -0.756096
vn 0.434523 0.532121 -0.726615
vn 0.23835 -0.501297 0.831782
vn -0.040786184 -0.38564175 0.90599704
vn 0.077761 -0.461348 0.883785
vn -0.484359 0.113498 -0.867458
vn -0.2569673 0.15457213 -0.9400407
vn -0.576128 0.036622 -0.816523
vn -0.076174 -0.164556 0.983398
vn -0.08100946 -0.03698828 0.99151695
vn -0.157933 0.051698 0.986084
vn -0.076174 -0.164556 0.983398
vn -0.24993882 -0.2692163 0.91982675
vn -0.073397 -0.163915 0.983734
vn 0.278512 -0.911039 -0.303934
vn 0.239601 -0.805078 -0.542589
vn 0.117496 -0.960173 -0.253456
vn -0.374462 0.369518 -0.850398
vn -0.49527615 0.2771133 -0.809109
vn -0.241523 0.218909 -0.945372
vn -0.032624 0.819483 -0.572131
vn -0.031617 0.919919 -0.39079
vn -0.550707 0.348918 -0.758232
vn -0.55913 0.216224 -0.800348
vn -0.539018 0.097568 -0.836604
vn -0.560839 0.095828 -0.822352
vn -0.48414937 0.049768128 -0.8706622
vn -0.4781859 0.06079 -0.8735151
vn -0.431989 -0.109134 -0.89523
vn -0.570727 -0.03946 -0.820154
vn 0.092471 -0.266732 -0.959319
vn -0.115722276 -0.14524253 -0.9743264
vn 0.131077 -0.039247 -0.99057
vn 0.851558 -0.39198 0.348094
vn 0.808252 -0.278298 0.518845
vn 0.322611 -0.665853 0.672689
vn 0.59416497 -0.655026 0.42883834
vn 0.448653 -0.81341 0.37022
vn 0.310587 -0.654103 0.689657
vn 0.595721 -0.561846 0.573931
vn 0.818079 0.450972 -0.356822
vn 0.695883 0.68981 -0.199652
vn 0.831843 0.437819 -0.341044
vn -0.7456284 -0.503409 0.41118774
vn -0.700339 -0.490646 0.518418
vn -0.76586586 -0.43718523 0.45581663
vn 0.843959 -0.354717 -0.402295
vn 0.7668158 -0.28843826 -0.56928474
vn -0.577776 -0.786523 -0.217933
vn -0.670125 -0.73571 -0.098148
vn -0.601062 -0.798761 0.02588
vn -0.380016 0.469283 -0.797082
vn -0.28721 0.522874 -0.802545
vn -0.37904 0.6924345 -0.60824955
vn -0.376629 0.376507 -0.84637
vn -0.472241 0.37047386 -0.78665113
vn -0.2789545 0.43123424 -0.8498105
vn -0.34873524 -0.92742676 0.0416345
vn 0.04937125 -0.8437455 0.518197
vn 0.15207294 -0.9614558 -0.024427
vn 0.13147628 -0.18061015 0.9681588
vn 0.103488 -0.205298 0.973205
vn 0.34520423 -0.7570573 0.52908653
vn 0.240761 -0.681539 0.691
vn 0.0668125 -0.608646 0.785329
vn 0.314493 0.864528 0.39198
vn 0.212897 0.853572 0.475417
vn 0.239357 0.849757 0.469649
vn -0.270974 0.945524 -0.180273
vn -0.31138 0.928404 -0.202551
vn -0.35094726 0.89696205 -0.25824025
vn 0.281381 -0.959471 -0.013398
vn 0.12446612 -0.9894403 -0.030007375
vn 0.209845 -0.976897 0.040223
vn -0.660909 0.637532 -0.395856
vn -0.74517 0.540452 -0.390637
vn -0.72415495 0.5325062 -0.4279269
vn -0.816492 0.234016 0.527757
vn -0.78856754 0.2158265 0.5720545
vn -0.47652748 -0.737495 0.40354788
vn -0.06538588 -0.95689636 0.044503376
vn 0.012726 -0.999878 0.005921
vn -0.067476 0.175756 -0.982116
vn -0.123989 0.0224505 -0.98819715
vn -0.127628 -0.05475 -0.990295
vn 0.108798 0.168889 -0.979583
vn -0.10184 0.023255 -0.994507
vn -0.278184 0.9185535 0.28004575
vn -0.103916 0.940886 0.322367
vn -0.2151955 0.80046225 0.4797454
vn -0.083193 -0.18659 -0.978881
vn 0.053865 -0.045442 -0.997497
vn -0.026948 -0.310953 -0.950041
vn -0.25961566 0.3368612 0.8961917
vn -0.397473 0.441877 0.804193
vn -0.235633 0.383007 0.893155
vn 0.34138 0.092868 0.935301
vn 0.356334 0.111728 0.927641
vn 0.400494 0.081881 0.912625
vn -0.013680063 0.36445946 0.9113875
vn 0.213507 0.424726 0.879757
vn 0.36066073 0.2473927 0.83594847
vn 0.26014 -0.307077 0.915403
vn 0.021058 -0.23835 0.970946
vn 0.043855 -0.322428 0.945555
vn -0.3539039 0.8430204 -0.35861552
vn 0.29837924 0.6184345 -0.49423176
vn 0.190832 0.481918 0.855159
vn 0.151372 0.339946 0.928159
vn 0.2049015 0.426267 0.87405
vn 0.104300946 0.64136934 0.5166062
vn 0.6233789 0.5755712 0.49183834
vn 0.46411002 0.453963 0.73117805
vn -0.649518 0.38434225 -0.65446174
vn -0.709464 0.348888 -0.612293
vn -0.684805 0.325571 -0.651936
vn 0.47026 -0.190802 -0.861629
vn 0.36764097 -0.3905 -0.843562
vn 0.325755 -0.355083 -0.876217
vn 0.6824511 0.05703343 0.70800805
vn 0.600509 0.2568515 0.75060284
vn 0.669118 -0.047792 0.7416
vn 0.526986 -0.3897365 -0.75191474
vn 0.551653 -0.46684152 -0.690588
vn 0.580767 -0.464278 -0.668661
vn -0.73157436 0.23643863 -0.63027215
vn -0.889828 0.24134 -0.387188
vn -0.8586763 0.34404302 -0.36416227
vn -0.733024 0.374065 0.568072
vn -0.625538 0.34901 0.697745
vn 0.975326 -0.1715905 0.06238
vn 0.959716 -0.252602 -0.122898
vn 0.964415 -0.1648 -0.206641
vn -0.348766 -0.918516 -0.186163
vn -0.247719 -0.956267 -0.155431
vn -0.3405865 -0.922834 -0.1796475
vn 0.032228 -0.996796 0.072878
vn 0.09534 -0.991241 -0.091159
vn 0.14786926 -0.97846115 -0.13696527
vn -0.111881 0.856136 -0.50444
vn -0.432859 0.8220465 -0.3344675
vn -0.176641 0.958525 -0.223579
vn 0.6881927 -0.7207325 0.04339725
vn 0.578707 -0.808008 0.104113996
vn 0.603351 -0.790643 0.103916
vn 0.049196 -0.998596 0.018159
vn 0.43345428 -0.8710895 -0.1712625
vn 0.221198 -0.97467 0.032197
vn 0.119785 0.180456 0.976226
vn 0.250267 0.2195195 0.942152
vn -0.296701 0.766289 0.569842
vn -0.273507 0.827357 0.490555
vn -0.40147102 0.8219245 0.40298152
vn -0.034364 -0.966979 0.252419
vn -0.211951 -0.941099 0.263344
vn -0.078646 -0.984771 0.154881
vn -0.8770865 -0.250069 -0.398419
vn -0.891598 -0.170751 -0.419324
vn -0.92260516 -0.25501227 -0.2774135
vn 0.351115 0.00943 0.936247
vn 0.356945 0.226295 0.906278
vn 0.32374 0.114628 0.939146
vn 0.018891 0.140019 0.989959
vn 0.050447 0.281411 0.958251
vn -0.075533 0.144353 0.986633
vn -0.428419 0.102847 -0.897702
vn -0.33283103 0.110269055 -0.92954975
vn -0.49808097 -0.016958673 -0.8492748
vn -0.842227 0.35171062 -0.40649527
vn -0.795068 0.272561 -0.541765
vn 0.180731 -0.293802 -0.938597
vn 0.177129 -0.262581 -0.948485
vn 0.149243 -0.31989524 -0.9345685
vn 0.081942 -0.157628 0.984069
vn 0.119175 -0.020447 0.992645
vn 0.197302 -0.289468 0.936613
vn -0.344737 0.887951 0.2603535
vn -0.2124545 0.915326 0.33764148
vn 0.010743 0.955779 0.293771
vn -0.639699 -0.720176 0.268502
vn -0.63757 -0.75844574 0.04853175
vn -0.616627 -0.728507 0.298318
vn 0.823664 -0.361614 0.43675
vn 0.862789 -0.365307 0.349437
vn 0.837489 -0.337138 0.430006
vn -0.668844 0.627522 -0.398511
vn -0.5807828 0.7048862 -0.34916225
vn -0.40968 0.911649 -0.031709
vn -0.683248 0.618671 0.387768
vn -0.712485 0.589557 0.380444
vn -0.689535 0.587054 0.424085
vn 0.150403 -0.0051579997 0.988372
vn 0.352412 0.44152647 0.793237
vn 0.44863725 0.14993724 0.85174096
vn 0.714011 -0.378155 -0.58919
vn 0.594943 -0.36068302 -0.7151555
vn 0.69805 -0.413343 -0.584643
vn 0.310373 -0.186529 -0.932096
vn 0.1713 -0.181829 -0.968261
vn 0.130314 -0.040834 -0.9906
vn 0.941618 -0.28663 -0.176458
vn 0.977264 -0.185888 -0.101688
vn 0.939451 -0.32841 -0.097659
vn 0.2799465 0.66171753 0.694662
vn 0.47108352 0.657735 0.581576
vn 0.300424 0.687002 0.661611
vn 0.1160165 0.8558455 -0.44161025
vn -0.303812 0.647755 -0.69863
vn -0.003113 0.578997 -0.815302
vn 0.915738 0.210639 0.342082
vn 0.910672 0.191717 0.365886
vn -0.397382 0.825129 0.401502
vn -0.398022 0.887173 0.233406
vn -0.254906 0.91328204 0.3153325
vn 0.2189095 -0.13650951 0.96612453
vn -0.130131 -0.003174 0.991485
vn 0.14124 -0.009644 0.989898
vn 0.876766 -0.230354 0.422071
vn 0.860622 -0.129582 0.492447
vn 0.927396 -0.28019 0.24778
vn 0.16255814 0.9526903 0.19970347
vn 0.0739615 0.96003604 0.267571
vn 0.2372355 0.9016235 0.35926402
vn 0.003845 0.996368 0.084902
vn 0.072298 0.950743 0.30137
vn 0.7566455 0.381878 -0.529572
vn 0.78634 0.325327 -0.525163
vn 0.75792754 0.351573 -0.54774654
vn 0.27775663 0.11165175 0.948317
vn 0.45359963 0.045018345 0.88795996
vn 0.283639 0.079531 0.955596
vn 0.86633676 -0.13025275 -0.48042974
vn 0.82754004 -0.13878301 -0.5438705
vn 0.871456 -0.002686 -0.490432
vn -0.281747 0.319163 -0.904813
vn -0.316019 0.323649 -0.891812
vn -0.337443 0.520646 -0.784204
vn 0.511185 -0.080447 0.855678
vn 0.057863 -0.316416 0.946837
vn 0.14465775 -0.3138755 0.91654754
vn -0.981445 -0.147588 -0.122288
vn -0.91460896 -0.3848235 0.0135045
vn -0.990295 -0.137486 -0.020203
vn -0.5947825 0.78268576 0.18009774
vn -0.589221 0.721915 0.362743
vn -0.642468 0.68255776 0.3269831
vn 0.142949 0.201239 0.969024
vn 0.120365 0.00412 0.992706
vn 0.232124 0.08829 0.968657
vn 0.534623 -0.817225 0.215125
vn 0.431654 -0.829768 0.35371
vn 0.60921 -0.604877 0.512772
vn -0.7705315 0.13974425 0.61987674
vn -0.7013233 0.10179425 0.682806
vn -0.66174805 0.12225701 0.709433
vn -0.765252 0.167974 0.621418
vn -0.685049 0.378948 0.62212
vn -0.781549 0.195135 0.592517
vn 0.972106 0.226081 0.061953
vn 0.82430494 0.3214975 0.45449686
vn 0.961608 0.127354 0.242988
vn -0.117989875 -0.86972034 -0.44721088
vn 0.123539 -0.155461 -0.980071
vn 0.483356 -0.6320075 -0.57874954
vn -0.071993 0.983123 0.168157
vn -0.134892 0.96646 0.218421
vn 0.01891119 0.91233784 0.18634509
vn 0.889889 -0.438795 -0.124577
vn 0.8895995 -0.35995048 -0.2718285
vn 0.91209924 -0.32438123 -0.24526227
vn 0.79223 -0.564165 0.232521
vn 0.713279 -0.56856 0.409772
vn 0.808588 -0.563219 0.170049
vn 0.67576957 -0.6110845 0.34343117
vn 0.611896 -0.525254 0.591327
vn 0.68885213 -0.58317804 0.425054
vn 0.074472815 -0.111348756 0.98430765
vn 0.05663108 -0.47097635 0.8608338
vn -0.041444 -0.383801 0.922452
vn -0.272408 0.550462 -0.789148
vn -0.4520247 0.5539374 -0.66060185
vn -0.293588 0.733482 -0.612995
vn -0.46289337 -0.12824225 -0.8692013
vn -0.616535 -0.19793525 -0.76178
vn -0.412549 -0.207495 -0.886959
vn 0.7077814 -0.598365 0.34585097
vn 0.7756125 -0.436125 0.439573
vn -0.4128544 -0.8809626 -0.18634225
vn -0.459822 -0.878353 -0.130406
vn -0.520981 -0.853542 -0.004334
vn 0.833674 -0.518296 -0.190527
vn 0.8277318 -0.45064884 -0.31485313
vn 0.80382943 -0.56875765 -0.16379729
vn -0.6785944 0.61049235 -0.38125235
vn -0.532182 0.832118 -0.155919
vn -0.778008 0.580447 -0.21962601
vn -0.658681 0.686239 -0.308451
vn -0.532182 0.832118 -0.155919
vn -0.655721 0.68508 -0.31727
vn 0.5244722 -0.22114307 -0.81044376
vn 0.512528 -0.012177 -0.858547
vn 0.45201 -0.015503 -0.891842
vn 0.42368078 -0.052957498 -0.90227973
vn 0.644902 0.61532176 0.44858375
vn 0.638295 0.525651 0.562334
vn 0.6235544 0.48769337 0.60997725
vn -0.369915 -0.010254499 -0.920774
vn -0.194617 0.20365 -0.959471
vn -0.366253 0.176397 -0.913633
vn 0.624073 -0.77868 0.064516
vn 0.411908 -0.898679 0.150578
vn 0.469558 -0.874325 0.122562
vn 0.28360075 0.131588 0.949324
vn 0.30491 0.067934 0.94995
vn 0.38789 0.156621 0.908261
vn -0.18262824 -0.89836 -0.25834695
vn -0.244179 -0.929929 0.27485
vn -0.18073162 -0.81224805 0.5386304
vn 0.47848284 0.14284825 0.826689
vn 0.43540025 0.4074065 0.8014923
vn 0.281961 0.570208 0.771569
vn 0.67665756 0.5055734 -0.39484882
vn 0.580889 -0.141179 -0.801599
vn 0.66747 -0.053194 -0.742698
vn -0.397809 0.345531 0.849879
vn -0.237709 0.348766 0.906552
vn -0.158727 0.341105 0.926511
vn 0.577715 0.613056 0.538865
vn 0.4714688 0.4293787 0.7438714
vn 0.3542817 0.4810669 0.78280866
vn 0.712577 -0.1706595 0.67381847
vn 0.615284 -0.051241 0.786615
vn -0.24945076 0.13856575 -0.9451585
vn -0.036134 -0.039125 -0.998566
vn -0.113285 0.0665 -0.991333
vn 0.622364 0.490005 0.61034
vn 0.584185 0.444288 0.679189
vn 0.630818 0.489395 0.602069
vn 0.278481 0.908139 0.312571
vn 0.25497827 0.931028 0.22212198
vn 0.322398 0.939482 0.115726
vn -0.12678032 0.59250736 -0.7439096
vn -0.230964 0.832881 -0.502914
vn -0.72277576 0.67410845 0.023993608
vn 0.711295 -0.210242 0.670675
vn 0.809656 -0.108707 0.576678
vn 0.7787405 -0.2628865 0.569399
vn -0.086154 0.886502 0.454573
vn -0.034181 0.953825 0.298318
vn -0.06739275 0.91831726 0.38211474
vn 0.679769 -0.267464 0.682882
vn 0.66650903 -0.32535774 0.6700415
vn 0.7581715 -0.25670648 0.5985135
vn -0.713675 0.023865 -0.700034
vn -0.697165 0.045869 -0.715415
vn 0.630879 -0.188177 0.752678
vn 0.7162235 -0.4357683 0.53146094
vn 0.5264445 -0.00804925 0.846812
vn -0.951781 0.288156 0.105106
vn -0.779168 0.105319 0.617847
vn -0.9039962 0.127392 0.26544276
vn 0.017105501 -0.992813 0.0863525
vn 0.03827 -0.985626 0.164525
vn -0.135899 -0.96403396 0.2278205
vn 0.539842 0.66274 -0.518906
vn 0.6847135 0.6009705 -0.38785225
vn 0.609973 0.700461 -0.370434
vn 0.040437 -0.886715 0.460524
vn -0.095218 -0.760002 0.642903
vn -0.100467 -0.877316 0.469253
vn -0.026948 -0.310953 -0.950041
vn -0.031068 -0.273141 -0.961455
vn 0.359905 0.578661 0.731834
vn -0.034493756 0.6798532 0.64130104
vn 0.234077 0.561907 0.793359
vn 0.411023 -0.315104 -0.855403
vn 0.530473 -0.39732 -0.748802
vn 0.430738 -0.303446 -0.849879
vn 0.24167575 -0.343768 -0.8985565
vn 0.574236 -0.317911 -0.754418
vn 0.430738 -0.303446 -0.849879
vn 0.056795 -0.376751 -0.924558
vn 0.288369 -0.334208 -0.897275
vn 0.261666 -0.299997 -0.917325
vn 0.320109 -0.254799 -0.912442
vn 0.165929 -0.0700555 -0.9794765
vn 0.223395 -0.283212 -0.932646
vn 0.4401835 -0.3668175 -0.8131505
vn 0.257241 -0.240394 -0.935942
vn -0.79728484 0.29836398 0.4990501
vn -0.9079865 0.23327756 0.23034057
vn -0.914701 -0.144017 0.377544
vn 0.16966751 0.5393995 0.82041395
vn 0.021052126 0.577618 0.78600794
vn -0.109928 0.674337 0.730155
vn -0.365917 0.568377 -0.736869
vn -0.334208 0.622608 -0.707541
vn -0.360332 0.427107 -0.829279
vn -0.445936 0.624866 -0.640828
vn -0.443464 0.658223 -0.608295
vn -0.470473 0.651936 -0.594623
vn 0.3303129 -0.22190915 -0.89503443
vn 0.041047 -0.256447 -0.965667
vn 0.239418 -0.117374 -0.963775
vn -0.490524 0.130528 -0.861568
vn -0.7451167 -0.0343715 -0.6514862
vn -0.479202 0.051149 -0.876186
vn 0.146062 0.220618 0.964354
vn 0.13270187 0.55821383 0.8059061
vn 0.39835826 -0.35230938 -0.84054065
vn 0.399274 -0.181036 -0.89877
vn 0.257179 -0.133763 -0.95703
vn 0.012855997 0.08814525 0.99283576
vn 0.062532 0.200659 0.97763
vn -0.045839 0.14893 0.987762
vn -0.5807061 -0.2925449 0.75255775
vn -0.770287 -0.016114 0.637471
vn -0.8332096 -0.07426393 0.5365927
vn -0.46467856 0.010935064 -0.8713433
vn -0.530839 -0.220313 -0.818293
vn -0.7415005 -0.10553326 -0.6524173
vn -0.466353 0.883267 0.048402
vn -0.670858 0.738792 -0.063967
vn -0.484451 0.763451 0.427107
vn -0.25013 -0.953825 0.166265
vn -0.342311 -0.9229715 0.169927
vn -0.200354 -0.953978 0.222968
vn -0.211829 -0.96176 0.173498
vn -0.2521745 -0.94566154 0.20056751
vn -0.173803 -0.975799 0.132664
vn -0.396954 -0.361919 0.84344
vn -0.327921 -0.423902 0.844234
vn -0.742943 -0.295175 -0.600726
vn -0.80660427 -0.43578124 -0.378544
vn 0.060867123 -0.12525013 -0.9837167
vn 0.223395 -0.283212 -0.932646
vn 0.257241 -0.240394 -0.935942
vn -0.516037 0.601093 0.610218
vn -0.361614 0.525529 0.770074
vn -0.065493 0.18833 0.979888
vn -0.12723932 0.33208513 0.9320637
vn 0.614368 -0.6068 -0.504288
vn 0.68207717 -0.63583016 -0.35252726
vn 0.663106 -0.640339 -0.387524
vn 0.09888 0.24955 0.963286
vn 0.166631 -0.019532 0.985809
vn 0.08943561 0.6523634 0.7080191
vn 0.163945 -0.039491 -0.985656
vn 0.0893545 -0.14912887 -0.97885835
vn 0.220588 -0.055452 -0.973785
vn 0.644429 -0.624866 -0.440687
vn 0.594684 -0.739647 -0.315012
vn 0.014161 -0.999573 0.025422
vn -0.164769 -0.986236 0.012391
vn -0.028932 -0.999542 -0.004273
vn 0.797143 -0.223701 0.560747
vn 0.863643 -0.28074 0.418653
vn 0.8667865 -0.142491 0.477386
vn -0.176885 0.675008 0.716269
vn -0.162786 0.706748 0.688437
vn -0.2427595 0.602664 0.755623
vn 0.2670825 0.73645747 0.61832047
vn 0.377743 0.7885215 0.4818415
vn 0.432691 0.777581 0.456191
vn -0.84972674 0.52513874 0.014475031
vn -0.7941376 0.60347676 0.041566253
vn -0.831935 0.550249 0.071352
vn -0.8393294 0.5432835 0.0030537187
vn -0.773888 0.63329 -0.001556
vn 0.164006 -0.545366 -0.821955
vn 0.6895808 -0.37969393 -0.5365251
vn 0.075228 -0.450575 -0.889523
vn -0.2339148 0.9318776 0.2725113
vn -0.380474 0.842586 0.381115
vn -0.363842 0.91345 0.182195
vn 0.775994 -0.085025 -0.624958
vn 0.580554 -0.090274 -0.809168
vn 0.5935527 -0.47165006 -0.57788324
vn 0.5929463 -0.54221267 -0.58648753
vn 0.724952 -0.57716596 -0.373989
vn 0.64565 -0.6045565 -0.4621875
vn -0.779595 0.571154 -0.256813
vn -0.553819 0.811335 -0.187048
vn -0.632282 0.641316 -0.434614
vn -0.320017 -0.074221 -0.944487
vn -0.18891 0.065554 -0.979797
vn 0.806146 -0.457595 0.375072
vn 0.660482 -0.515946 0.545457
vn 0.751305 -0.369213 0.546983
vn -0.490158 0.079348 0.867977
vn -0.400769 0.127247 0.906705
vn -0.402875 0.097842 0.90997
vn 0.356761 0.821223 0.445265
vn 0.331034 0.843623 0.422712
vn 0.275948 0.169317 0.946135
vn 0.346904 0.121799 0.929929
vn 0.2635885 0.2921995 0.918882
vn -0.766106 -0.244118 0.594501
vn -0.650075 -0.38081 0.657552
vn -0.7209235 -0.4402295 0.533326
vn -0.345195 0.654744 -0.672384
vn -0.289346 0.677725 -0.675954
vn -0.352092 0.77575 -0.523637
vn -0.47823662 0.27459043 0.8292395
vn -0.594806 0.266793 0.758293
vn -0.4450819 0.6299976 -0.6254271
vn -0.427137 0.524216 -0.736686
vn -0.39491 0.537004 -0.745415
vn -0.012207 0.229926 -0.973113
vn 0.2872365 0.07322538 -0.91806555
vn -0.171758 0.372082 -0.912137
vn 0.05649 -0.99469 0.085726
vn 0.0369125 -0.9732355 0.21446851
vn 0.01616725 -0.97624123 0.20973875
vn -0.46586475 0.7837385 0.38236657
vn -0.412336 0.848323 0.332102
vn -0.345332 0.882397 0.31096798
vn -0.725913 -0.687643 -0.012299
vn -0.839808 -0.542436 -0.020264
vn 0.478225 0.161992 0.863155
vn 0.450697 0.309763 0.837184
vn 0.612629 0.363506 0.701773
vn -0.670431 0.095523 0.735771
vn -0.7968687 0.253381 0.06263703
vn -0.735282 0.112583 0.668294
vn 0.8717 0.040529 -0.483001
vn 0.868191 0.096194 -0.486801
vn 0.862606 -0.100833 -0.495651
vn 0.63750553 -0.7115047 -0.105970606
vn 0.808435 -0.535173 -0.244911
vn 0.739769 -0.62978 -0.236763
vn 0.593402 -0.309732 -0.742882
vn 0.544633 -0.358043 -0.758354
vn 0.6757715 -0.32137525 -0.65036476
vn 0.190161 0.284127 -0.939726
vn 0.212531 0.194494 -0.957579
vn 0.3847775 0.42660302 -0.81560695
vn 0.211707 -0.976348 0.043367
vn 0.149541 -0.980316 0.128788
vn 0.147557 -0.987854 -0.048158
vn 0.294885 0.29548 0.9066435
vn -0.029494531 0.27528834 0.95704424
vn 0.052064497 0.254185 0.9638125
vn -0.7950225 0.39365798 -0.46131748
vn -0.749046 0.248848 -0.613941
vn -0.62446463 0.23838367 -0.73575413
vn -0.633961 0.769219 0.079501
vn -0.536836 0.8341775 -0.079394
vn -0.509018 0.838832 0.192938
vn 0.83208376 -0.30682564 0.453398
vn 0.9184681 -0.24778838 0.08235661
vn 0.83108 -0.428327 0.354656
vn -0.542802 0.027161 0.839412
vn -0.352794 0.016846 0.935545
vn -0.5887785 -0.104495496 0.8013245
vn 0.055223502 0.38255727 0.91669977
vn 0.089084 0.319193 0.94348
vn 0.153813 0.233711 0.960051
vn -0.973327 -0.129398 0.189306
vn -0.88006246 0.032426 0.44221348
vn -0.891995 -0.077181 0.445357
vn -0.3058565 0.6804025 0.63660073
vn -0.616382 0.642476 0.455245
vn -0.514817 0.742515 0.428449
vn -0.072024 0.094577 -0.992889
vn -0.205725 0.171697 -0.963408
vn 0.83780897 -0.0901365 -0.5381025
vn 0.644826 -0.072512 -0.760857
vn 0.615741 -0.024689 -0.78753
vn -0.719687 -0.408368 -0.56148
vn -0.5216689 -0.21645379 -0.8175789
vn -0.798273 -0.223426 -0.559282
vn 0.20481 0.442854 -0.87286
vn 0.197516 0.54564 -0.814386
vn 0.49613175 0.24367501 -0.78993374
vn 0.672079 0.360698 0.646626
vn 0.349071 0.326701 0.878292
vn -0.110141 -0.103732 -0.988464
vn -0.085238 -0.174322 -0.980987
vn -0.0742365 -0.2960905 -0.85608995
vn -0.3692435 0.2504655 -0.8891415
vn -0.096225 0.127567 -0.987121
vn -0.113285 0.0665 -0.991333
vn -0.070101 -0.744652 0.663717
vn -0.015351 -0.906278 0.422376
vn 0.061338626 -0.71307266 0.6923088
vn -0.299417 0.577624 0.759362
vn -0.217109 0.507187 0.83401
vn -0.282205 0.468032 0.837428
vn -0.10216437 0.307897 -0.9289035
vn 0.141423 0.247902 -0.958373
vn 0.317484 0.156255 -0.93527
vn -0.169042 0.947569 -0.271096
vn -0.5803175 0.7612153 -0.0363665
vn -0.270455 0.943205 -0.192755
vn -0.167272 0.451979 0.876186
vn -0.009129003 0.44311363 0.86355937
vn -0.053743 0.439833 0.896451
vn 0.843165 0.514939 0.154454
vn 0.7442705 0.56234896 0.34620202
vn 0.820154 0.550035 0.157384
vn -0.634693 -0.690481 -0.346904
vn -0.675741 -0.648244 -0.350871
vn 0.610248 -0.296854 -0.734458
vn 0.658742 -0.23365 -0.714301
vn 0.77931714 -0.45071638 -0.41542938
vn 0.252083 -0.234565 -0.93881
vn 0.046968 -0.208411 -0.976897
vn 0.133671 -0.143895 -0.980499
vn -0.13895863 0.96836334 0.20250174
vn -0.219367 0.9683215 0.1096985
vn -0.142338 0.975341 0.168523
vn 0.271493 -0.224891 -0.935759
vn 0.062554955 -0.24737115 -0.9595464
vn 0.212317 -0.207282 -0.954955
vn 0.43255037 0.51924163 -0.72570723
vn 0.107273 0.420209 -0.901028
vn 0.310877 0.3564105 -0.8751945
vn 0.24803925 0.5648556 0.7664459
vn 0.027284 0.248024 0.968352
vn 0.14492488 0.4280184 0.887341
vn -0.016572 0.160741 0.986847
vn -0.050539 0.176427 0.983001
vn 0.247597 -0.453322 -0.856227
vn 0.13370201 -0.6234165 -0.7687615
vn 0.135166 -0.637959 -0.75808
vn -0.601779 -0.606525 0.5059205
vn -0.532762 -0.396252 0.747734
vn -0.402326 -0.545427 0.735252
vn -0.76516 0.544206 -0.343974
vn -0.8210092 0.534196 -0.19603574
vn -0.7993255 0.498123 -0.335948
vn 0.16182426 0.9590285 0.22969025
vn 0.168249 0.985717 0.002747
vn 0.351604 0.919065 0.177953
vn 0.865841 0.500107 0.012726
vn 0.579058 0.797906 -0.167425
vn 0.4155348 0.55504084 0.68936193
vn -0.16361 -0.257637 -0.952269
vn -0.180242 -0.300699 -0.936491
vn -0.197028 -0.397229 -0.896298
vn -0.963866 -0.054903 -0.260598
vn -0.98706 0.116703 -0.109867
vn -0.8144529 0.50442517 -0.22290356
vn -0.20896 0.261361 0.94232
vn -0.101749 0.211158 0.972106
vn -0.174963 0.13657 0.975036
vn -0.048738 0.192572 0.980041
vn 0.043214 0.328257 0.943571
vn 0.048524 0.385907 0.921232
vn -0.6018405 0.766564 0.0709555
vn -0.276955 0.938932 -0.204077
vn -0.571184 0.820338 -0.027406
vn -0.786431 0.357738 -0.503494
vn -0.807917 0.349406 -0.474471
vn -0.7039908 0.33639413 -0.6158521
vn -0.1100411 0.104478374 0.9871058
vn -0.26691094 0.120348066 0.95097405
vn -0.197394 0.011292 0.980255
vn 0.36586374 0.92674804 -0.0038834997
vn 0.528733 0.840938 0.114902
vn 0.426801 0.903989 0.024323
vn 0.6394637 0.7442952 0.102204315
vn 0.49643698 0.7811668 0.368801
vn 0.49205 0.836207 0.242103
vn -0.060707 -0.5449691 -0.8336779
vn -0.181494 -0.672536 -0.717429
vn -0.139788 -0.7007587 -0.69339585
vn -0.121677 -0.590167 -0.798029
vn 8.24E-4 -0.477432 -0.878658
vn -0.36309424 -0.54049826 -0.74702424
vn 0.87923414 0.13288888 -0.36330387
vn 0.928388 0.2645495 -0.239784
vn 0.871242 0.099094 -0.480667
vn -0.91174 0.39317 0.118778
vn -0.8161415 0.47116 -0.1997285
vn -0.999817 -0.010895 0.014924
vn 0.226234 -0.877407 -0.422987
vn 0.147 -0.92751825 -0.32136726
vn 0.282754 -0.862636 -0.419355
vn -0.33681774 -0.93536574 0.0207945
vn -0.499893 -0.853572 0.146611
vn -0.20559205 -0.95270944 -0.13352948
vn -0.734916 0.294443 -0.59736955
vn -0.694052 0.317545 -0.646077
vn -0.736595 0.364574 -0.569597
vn -0.689413 -0.721427 0.064913
vn -0.556444 -0.809748 0.186132
vn -0.65331 -0.721915 0.228004
vn 0.251198 0.153783 0.955626
vn 0.015992 0.11713 0.992981
vn 0.076780625 0.12310988 0.9824214
vn -0.089908 0.037294 -0.995239
vn -0.263466 0.094699 -0.95999
vn -0.067934 -0.995148 -0.070925
vn -0.058565 -0.996094 -0.065584
vn 0.08417 -0.969054 -0.231971
vn -0.097812 0.275216 0.956359
vn -0.140202 0.279702 0.949767
vn -0.230354 0.402509 0.885922
vn -0.5918264 0.31086135 0.72207177
vn -0.08741541 0.37776884 0.91846114
vn -0.377026 0.475051 0.795068
vn -0.9284911 -0.01836104 0.28971833
vn -0.893307 0.281961 0.349925
vn -0.883366 0.232696 0.40349275
vn 0.586322 -0.065523 0.807398
vn 0.709281 0.038331 0.703848
vn 0.7179482 -0.04438125 0.692801
vn -0.268105 -0.959716 -0.083834
vn -0.23169625 -0.96375924 -0.115909755
vn -0.15642089 -0.9840658 -0.0552425
vn 0.743461 -0.351512 0.568926
vn 0.49772 -0.033428967 0.8593118
vn 0.8041705 -0.31839225 0.4948115
vn -0.7927486 0.09009528 0.4324023
vn -0.38286588 -0.12351975 0.9111912
vn -0.42085 -0.097415 0.901852
vn 0.349559 0.5381025 -0.762581
vn 0.49560553 0.6142005 -0.6123845
vn 0.294534 0.531022 -0.794488
vn -0.393536 0.4172185 0.81556153
vn -0.539567 0.369732 0.756401
vn -0.6067081 0.39880812 0.67977303
vn -0.983642 0.134342 0.119785
vn -0.965117 0.203711 0.164312
vn -0.989196 0.057985 0.134495
vn 0.21012 0.962493 0.171545
vn 0.124149 0.990509 0.058504
vn 0.8386526 0.09331438 0.53129315
vn 0.814905 -0.092471 0.572131
vn 0.8464 0.162053 0.507218
vn -0.7524689 0.54039747 -0.28212672
vn -0.79795253 0.56998646 -0.164426
vn -0.798334 0.463057 -0.38496
vn 0.7113328 -0.50414485 -0.45473355
vn 0.607318 -0.472488 -0.63863
vn 0.711478 -0.556627 -0.428877
vn 0.190435 -0.157537 -0.968963
vn 0.11887 -0.237922 -0.963958
vn -0.001403749 -0.077936746 -0.99304175
vn -0.8382445 -0.43755126 -0.31785023
vn -0.881649 -0.465377 -0.078066
vn -0.913877 -0.404004 0.039766
vn 0.485824 0.665487 -0.566607
vn 0.43852 0.640187 -0.630726
vn 0.373943 0.686117 -0.623981
vn -0.53685886 0.7134234 0.4455474
vn -0.3551072 0.62600034 0.6854764
vn -0.491104 0.669393 0.55736
vn 0.04552101 0.09640595 0.9628403
vn -0.088046 -0.286966 0.953856
vn 0.008698 -0.362835 0.931791
vn 0.479263 -0.532273 -0.697806
vn 0.460677 -0.621784 -0.633351
vn 0.540361 -0.599414 -0.590503
vn -0.894681 0.446608 0.007263
vn -0.8365218 0.46038133 -0.28181168
vn -0.9660175 0.23305449 0.0659655
vn -0.7230426 0.49513802 -0.46336251
vn -0.812311 0.442335 -0.380016
vn -0.78293365 0.37885338 -0.49207264
vn -0.7146287 0.403081 -0.569376
vn -0.655751 0.297006 -0.694052
vn -0.765038 0.335643 -0.549547
vn -0.013382187 -0.9900588 -0.0685655
vn -0.3540968 -0.88374937 -0.27974418
vn -0.313273 -0.944762 -0.096164
vn -0.176397 -0.11948 -0.97702
vn -0.169897 -0.156072 -0.972991
vn -0.15421 -0.154515 -0.97586
vn 0.326914 0.925932 0.189032
vn 0.186224 0.973418 0.133244
vn 0.324534 0.936613 0.131779
vn 0.181753 0.973174 0.113483004
vn -0.0516503 0.9673704 -0.11794855
vn -0.021851 0.980071 -0.197272
vn 0.5472448 0.124183685 0.8023925
vn 0.119724 0.196234 0.973205
vn 0.084414 0.139012 0.986663
vn -0.539415 0.824488 0.170873
vn -0.5170138 0.81968915 -0.21344069
vn -0.485611 0.86465 0.128574
vn 0.303629 -0.897397 -0.320078
vn 0.103824 -0.987365 -0.119541
vn 0.222327 -0.943022 -0.247475
vn 0.6880095 -0.1570065 0.70596176
vn 0.533189 -0.010254 0.845912
vn 0.534593 -0.058535 0.843074
vn -0.11193331 -0.06473817 -0.98492694
vn 0.014344 0.034272 -0.999298
vn -0.050966 0.019501 -0.998505
vn -0.38432 0.679556 0.624866
vn -0.27771848 0.775582 0.56457746
vn -0.29763475 0.7436778 0.57975197
vn 0.223243 -0.395428 0.890927
vn 0.447859 -0.436201 0.78045
vn 0.4445325 -0.3660695 0.8151955
vn 0.314127 0.213935 0.924955
vn 0.467452 0.295358 0.833186
vn 0.231361 0.161443 0.959349
vn -0.620594 0.302896 -0.723228
vn -0.550981 0.276772 -0.787255
vn -0.696371 0.40144 -0.594836
vn -0.664815 0.729911 0.158757
vn -0.604877 0.796289 0.003052
vn -0.7084243 0.6871012 -0.050075307
vn 0.074313 -0.984222 0.160558
vn 0.11770613 -0.81421864 0.5366297
vn -0.04805881 -0.9843643 -0.10204268
vn -0.5422821 0.18651223 -0.7924713
vn -0.380016 0.469283 -0.797082
vn -0.448622 0.5328835 -0.7075565
vn -0.3797115 0.64824355 0.6527605
vn -0.304453 0.775628 0.552873
vn 0.449904 0.65923 0.602466
vn 0.300424 0.687002 0.661611
vn 0.48335248 0.66097 0.56729305
vn -0.279031 0.251656 -0.926695
vn -0.265603 -0.076876 -0.960997
vn -0.223792 0.040925 -0.973754
vn -0.30043554 0.4931432 -0.7976187
vn -0.11316638 -0.38969815 -0.8617357
vn 0.7199656 -0.15008032 -0.67263395
vn 0.460036 -0.24424 -0.853633
vn 0.531846 -0.336222 -0.777184
vn 0.348582 -0.585925 -0.731529
vn 0.447432 -0.550188 -0.705008
vn 0.4746087 -0.48943293 -0.71615124
vn 0.698325 -0.181524 -0.692343
vn 0.646382 -0.228706 -0.727897
vn 0.707572 -0.216773 -0.672536
vn -0.036561 0.963439 0.265297
vn -0.035768 0.946715 0.320017
vn 0.638691 -0.336253 -0.692068
vn 0.612598 -0.35844 -0.704428
vn 0.715598 -0.360179 -0.598437
vn 0.370983 -0.632984 -0.679464
vn 0.056598753 -0.26223633 -0.8191683
vn 0.37022 -0.652425 -0.661245
vn -0.6639 -0.26484 0.699301
vn -0.649953 -0.366405 0.665792
vn -0.79461 -0.265053 0.546159
vn -0.6317353 0.21515958 0.7294558
vn -0.653645 0.187048 0.733299
vn -0.596393 0.188818 0.780145
vn -0.330149 0.94293 0.042756
vn -0.31959 0.946959 -0.032929
vn -0.308603 0.939177 -0.150487
vn 0.52362895 -0.27716178 -0.80324674
vn 0.66808796 -0.25918987 -0.6937125
vn 0.8313129 -0.060713 -0.5354014
vn 0.38612 0.755943 0.528581
vn 0.302438 0.761742 0.572924
vn 0.30842 0.799799 0.514939
vn -0.619404 0.101382 -0.778466
vn -0.653493 0.099734 -0.750298
vn -0.494705 0.089816 -0.864376
vn -0.59444 0.420942 -0.685141
vn -0.59616566 0.41815495 -0.6804675
vn -0.735252 0.448866 -0.507797
vn -0.7412833 -0.3790494 -0.23213518
vn -0.8504745 0.041062497 0.477462
vn -0.579333 -0.685751 0.440535
vn 0.27222317 -0.9077176 0.27116835
vn 0.465102 -0.778924 0.420606
vn 0.372478 -0.745903 0.55208
vn 0.616077 -0.761589 0.200903
vn 0.677908 -0.727287 0.106998
vn -0.256844 0.956633 -0.137303
vn -0.171728 0.984954 0.01825
vn -0.241462 0.970367 0.004791
vn 0.649922 -0.051881 0.758202
vn 0.472518 -0.112552 0.874081
vn 0.538774 -0.249886 0.804498
vn -0.24619201 0.48308146 0.83427525
vn -0.155126 0.761589 0.62917
vn -0.3296 0.607288 0.722861
vn -0.350749 -0.636067 -0.687277
vn -0.35749 -0.55187774 -0.7477075
vn -0.252266 -0.668386 -0.699698
vn 0.395581 -0.887051 -0.237892
vn 0.1064578 -0.98856896 0.024948485
vn 0.824 -0.487533 -0.288552
vn 0.71466696 -0.602283 -0.333094
vn -0.087008 0.424757 0.901089
vn 0.072164506 0.49342746 0.857508
vn -0.118198 0.554643 0.823603
vn 0.393811 0.074648 0.916135
vn 0.5377476 -0.06070525 0.83683676
vn 0.5749549 -0.45278224 -0.67604655
vn 0.44454968 -0.50011986 -0.7391943
vn 0.527268 -0.565539 -0.634114
vn 0.334033 -0.5700932 -0.7503813
vn 0.309854 -0.604999 -0.733421
vn 0.291635 -0.59798 -0.746544
vn 0.851375 -0.159215 -0.499771
vn -0.43304795 0.58933216 0.6738898
vn -0.597491 0.468001 0.651112
vn -0.7933822 0.37745273 0.47066396
vn 0.203055 -0.9732655 -0.0463575
vn 0.052034 -0.998627 0.005554
vn 0.299264 -0.951415 -0.072085
vn -0.867397 -0.276254 0.4138
vn -0.913999 -0.236152 0.329844
vn -0.884762 -0.229011 0.405805
vn 0.0335181 0.72473335 0.63950324
vn -0.077822 0.909146 0.409101
vn -0.069582 0.922849 0.378765
vn 0.81753 0.416303 0.397839
vn 0.682485 0.481368 0.549944
vn 0.930616 0.273629 0.1939455
vn -0.537156 0.719932 0.439436
vn -0.54741 0.778436 0.307108
vn -0.618305 0.391583 -0.681387
vn -0.528459 0.313364 -0.788965
vn -0.681417 0.372753 -0.629841
vn -0.003479 -0.999908 -0.012848
vn -0.011078 -0.99987805 0.0038754998
vn 0.00531 -0.999847 -0.015656
vn 0.382275 -0.907773 0.172552
vn 0.316843 -0.922727 0.219398
vn 0.392376 -0.892056 0.224097
vn 0.24571201 0.48809427 -0.82413316
vn 0.398206 0.654225 -0.642964
vn 0.44503617 0.62454474 -0.62859416
vn -0.4711445 -0.431501 0.768517
vn -0.43552977 -0.5447023 0.71374375
vn -0.432478 -0.57506 0.694418
vn 0.312204 -0.404859 -0.859401
vn 0.400983 -0.390149 -0.828822
vn 0.588473 -0.332026 -0.7327035
vn 0.125645 -0.413709 -0.901669
vn -0.18645275 -0.43021947 -0.875996
vn 0.208747 -0.381664 -0.900388
vn 0.352306 -0.482253 -0.802057
vn 0.189169 -0.6381725 -0.7243265
vn 0.6085601 -0.081073344 -0.78156024
vn -0.2996 -0.852657 0.427992
vn -0.354564 -0.814753 0.458693
vn 0.559099 -0.72256374 -0.4058275
vn 0.614368 -0.6068 -0.504288
vn 0.663106 -0.640339 -0.387524
vn 0.750053 -0.416456 0.513749
vn 0.731071 -0.392254 0.558245
vn 0.77533805 -0.4549855 0.4375285
vn 0.401288 0.781762 0.477218
vn 0.2709205 0.76062846 0.580752
vn 0.311838 0.678854 0.664724
vn -0.245674 -0.927915 0.217185
vn -0.36161208 -0.82113683 -0.04817992
vn -0.090548 -0.905454 0.414624
vn -0.114231 -0.851436 0.511826
vn -0.170019 -0.910672 0.376446
vn -0.2339338 -0.8251576 0.41712707
vn -0.489914 0.210883 0.845851
vn -0.421827 0.445112 0.78985
vn -0.633961 0.304849 0.710715
vn 0.396649 0.857967 0.326395
vn 0.380718 0.876278 0.295206
vn 0.358318 0.848048 0.390362
vn 0.057836317 0.012298122 0.99090743
vn 0.0046769977 0.06169325 0.99358344
vn 0.024873 0.050813 0.998383
vn -0.39373475 0.902894 0.0014537498
vn -0.174772 0.8298975 0.50047326
vn -0.338694 0.91879 0.202673
vn -0.1292005 -0.92368853 0.344142
vn -0.03647 -0.970458 0.238472
vn -0.00473 -0.999847 0.016633
vn -0.31298625 0.9236809 -0.191927
vn -0.570635 0.817011 0.082766
vn -0.480422 0.875332 -0.05417
vn -0.617664 0.256539 -0.7434
vn -0.426405 0.090732 -0.89993
vn -0.5444157 0.12849219 -0.82292813
vn -0.383816 0.3063145 -0.8710135
vn -0.615345 0.262307 -0.743278
vn -0.26087403 0.5773557 0.7649747
vn -0.077334 0.360057 0.929685
vn -0.093063906 0.40055865 0.9032346
vn -0.840022 0.541704 0.029511
vn -0.798486 0.597583 0.072726
vn 0.883908 -0.46144 -0.075594
vn 0.821986 -0.531663 -0.204016
vn 0.809626 -0.585467 -0.041444
vn -0.004669 0.505417 -0.86285
vn 0.082888 0.806299 -0.58565
vn -0.734458 -0.24308 -0.633564
vn -0.764733 -0.346782 -0.543046
vn -0.877804 -0.295846 -0.376659
vn -0.2963425 0.922609 -0.2011245
vn -0.563738 0.823206 0.067049
vn -0.548112 0.836268 0.012909
vn -0.808985 0.409101 -0.42204
vn -0.860286 0.38963 -0.328715
vn -0.75103 0.376263 -0.542528
vn -0.370403 0.298074 -0.879727
vn -0.25670648 0.29813552 -0.91090125
vn -0.343516 0.421583 -0.839167
vn -0.520981 -0.853542 -0.004334
vn -0.459822 -0.878353 -0.130406
vn -0.42463452 -0.9009825 -0.0417035
vn -0.1322065 -0.258583 -0.94610405
vn -0.113163 -0.32841 -0.937712
vn 0.772973 -0.594378 -0.221839
vn 0.75106096 -0.6472825 -0.12862
vn 0.850642 -0.507462 -0.137303
vn 0.769372 -0.26838 0.579638
vn 0.725669 -0.322855 0.607562
vn 0.731284 -0.347301 -0.586993
vn 0.584552 -0.280923 -0.761132
vn 0.768609 -0.21662 -0.601917
vn -0.627094 0.555589 0.545915
vn -0.644002 0.582324 0.496109
vn -0.180303 0.744377 -0.642933
vn -0.14479549 0.816538 -0.556139
vn -0.19422 0.744591 -0.6386
vn -0.020722 -0.952818 -0.302805
vn -0.015967688 -0.96059674 -0.20877427
vn -0.034364 -0.973022 -0.228034
vn 0.050233 0.351238 -0.934904
vn 0.045534 0.472701 -0.880032
vn -0.058469877 0.49655136 -0.863956
vn 0.524461 -0.368389 0.767571
vn 0.551225 -0.303385 0.777215
vn 0.31666 -0.223258 0.91813445
vn 0.215735 0.43675 0.873287
vn -0.068561874 0.83193064 0.51183546
vn -0.12010931 0.92116296 0.3061658
vn -0.180578 0.031587 -0.983032
vn 0.01387825 -0.089404 -0.99544525
vn -0.152226 0.035768 -0.987671
vn -0.908689 0.316538 0.272073
vn -0.93464446 -0.068682 0.30488
vn -0.906827 0.364299 0.211921
vn -0.046449 0.893887 -0.445814
vn -0.014038499 0.84864354 -0.52865696
vn -0.150212 0.884152 -0.442335
vn -0.406995 0.685018 -0.604205
vn -0.03827 0.796136 -0.60387
vn -0.38660848 0.419462 -0.8024535
vn 0.044832 0.372967 -0.926725
vn 0.071505 0.13126001 -0.98689246
vn 0.126621 0.312235 -0.941496
vn 0.941313 -0.337199 0.013123
vn 0.926664 -0.363536 -0.09537
vn 0.723075 -0.010743 0.690634
vn 0.819239 -0.125462 0.559526
vn -0.040879503 -0.7976775 -0.6013825
vn 0.019318 -0.705527 -0.708396
vn -0.002441 -0.783563 -0.621265
vn -0.681082 -0.584521 -0.440901
vn -0.6516658 -0.39964235 -0.637347
vn -0.560533 -0.517899 -0.646168
vn -0.698752 -0.671865 -0.245491
vn -0.7165023 -0.6468743 -0.23768213
vn -0.670064 -0.567827 -0.478042
vn -0.865017 -0.004761 -0.501663
vn -0.8999755 -0.071093 -0.4135255
vn -0.9248485 0.1090275 -0.36117148
vn 0.773125 -0.20777 -0.5992
vn 0.742698 -0.149663 -0.652638
vn 0.71304953 -0.144658 -0.68523204
vn 0.823817 -0.092563 0.559221
vn 0.820246 0.092959 0.564348
vn 0.794275 -0.009247 0.60744
vn 0.937956 0.29606 0.180364
vn 0.9433995 0.32183263 0.071684375
vn 0.96386623 0.14996025 0.20600025
vn 0.236305 -0.124424 -0.963652
vn 0.083316 0.00293 -0.99649
vn 0.077334 0.068545 -0.994629
vn 0.700369 0.559801 -0.442763
vn 0.72330403 0.41071802 -0.541017
vn 0.621416 0.71506566 -0.31773
vn 0.647298 0.607685 -0.460097
vn 0.6714262 0.6891078 -0.19465819
vn 0.6508378 0.66787475 0.34316552
vn 0.741203 0.650838 0.164373
vn 0.6540575 0.6557665 0.36754948
vn 0.46961877 -0.8819465 -0.02461325
vn 0.538347 -0.81579 -0.211188
vn 0.448775 -0.877407 -0.169408
vn 0.93396527 -0.25544375 0.246334
vn 0.92660296 -0.26825798 0.263039
vn 0.907224 -0.251442 0.337168
vn -0.07593 0.182653 0.980224
vn -0.14362 0.214606 0.966063
vn -0.67957103 -0.6653185 -0.308954
vn -0.502274 -0.779504 -0.374218
vn -0.565996 -0.771661 -0.290078
vn 0.012452 0.028443 0.999512
vn -0.1270635 0.1696825 0.97569203
vn -0.155858 0.091556 0.98352
vn -0.811274 0.576464 -0.097324
vn -0.792871 0.59508 -0.13123
vn -0.787164 0.616718 0.003174
vn -0.450789 0.477676 -0.754021
vn -0.466445 0.678831 -0.5298015
vn -0.22697 0.44642836 -0.83937335
vn 0.956938 -0.264046 -0.120457
vn 0.972259 -0.175573 -0.154424
vn 0.983978 -0.166021 -0.064486
vn 0.868618 -0.326823 -0.372326
vn 0.909482 -0.307138 -0.280129
vn 0.801721 0.259407 -0.538408
vn 0.84333456 0.13977672 -0.5121162
vn 0.800501 0.224647 -0.555589
vn 0.565569 0.033723 0.823969
vn 0.684622 -0.060701 0.726341
vn 0.670705 0.130039 0.730216
vn 0.627552 0.718467 -0.299875
vn 0.719016 0.512192 -0.469741
vn -0.426649 0.223151 -0.876431
vn -0.40343952 0.224906 -0.885815
vn -0.350169 0.303049 -0.886288
vn 0.68666744 -0.022990763 -0.61987853
vn 0.740104 0.262276 -0.61919
vn 0.748527 0.333384 -0.573138
vn -0.5370759 -0.0259255 0.832957
vn -0.93443096 -0.089129 0.31263924
vn -0.926298 0.013367 0.376476
vn 0.629414 0.756127 -0.178991
vn 0.62981 0.729392 -0.266915
vn 0.617267 0.692526 -0.373272
vn -0.077731 0.109989 0.990875
vn -0.07593 0.182653 0.980224
vn 0.003876 0.091342 0.995788
vn 0.31431 0.080233 -0.945891
vn 0.5365423 0.11375612 -0.8229103
vn 0.179876 -0.006684 -0.983642
vn 0.637318 0.714255 0.289102
vn 0.10902427 0.7128686 0.65805936
vn 0.13419 0.97586 0.172216
vn 0.830592 -0.380016 -0.406995
vn 0.74990726 -0.32730716 -0.55300325
vn 0.889218 -0.26014 -0.376232
vn -0.5300436 0.68293774 -0.47837418
vn -0.286782 0.851985 -0.437971
vn -0.1027865 0.821406 -0.5569625
vn -0.336253 -0.887845 0.314035
vn -0.30204934 -0.8331747 0.4511342
vn -0.3322245 -0.92468 0.18501851
vn 0.94002235 0.30287617 0.1325675
vn 0.70489347 0.31719762 0.62257016
vn 0.846187 0.472518 0.246315
vn -0.170751 0.187964 0.967193
vn -0.168706 0.174627 0.970061
vn -0.309458 0.295816 0.903714
vn -0.143529 0.245216 0.95877
vn -0.021638 0.260353 0.965239
vn -0.069979 0.16715 0.983428
vn 0.508682 0.059938 0.858852
vn 0.70982254 0.13385426 0.6832483
vn 0.654805 -0.165899 0.737327
vn -0.39819962 -0.6871471 -0.60053754
vn -0.512345 -0.779748 -0.359783
vn -0.465499 -0.714774 -0.521897
vn -0.943846 0.32667 0.049135
vn -0.925718 0.374096 0.055391
vn -0.947478 0.299203 0.112735
vn -0.85371995 -0.50746673 -0.0022887178
vn -0.6481294 -0.706465 0.2556057
vn -0.852077 -0.485214 0.196234
vn -0.033662 -0.998108 -0.050966
vn -0.025513 -0.9906 -0.13419
vn -0.132115 -0.986175 -0.099796
vn -0.775048 0.626606 0.081484
vn -0.706351 0.51879954 0.45381
vn -0.583148 0.743828 0.326487
vn 0.126774 0.211249 0.969146
vn 0.28207093 0.63295174 0.6493577
vn 0.094363 0.464064 0.880734
vn 0.075502306 -0.1474503 -0.9786672
vn -0.029050393 -0.09450461 -0.99319017
vn -0.104892 0.02945 -0.994018
vn 0.230415 -0.197058 -0.95291
vn -0.058687 -0.152776 -0.986511
vn 0.584185 0.444288 0.679189
vn 0.524033 0.419691 0.741081
vn 0.448317 0.313517 0.837062
vn 0.768704 -0.5921391 -0.20302612
vn 0.774712 -0.61742 -0.136357
vn 0.769402 -0.5992 -0.221198
vn -0.13978638 0.09756388 -0.9779657
vn -0.072024 0.094577 -0.992889
vn -0.205725 0.171697 -0.963408
vn 0.733848 -0.37078452 0.549211
vn 0.804773 -0.512833 0.298776
vn -0.242012 0.323038 0.914884
vn -0.120208874 0.36404788 0.9207929
vn -0.285684 0.441542 0.85052
vn -0.005097 0.728172 0.685354
vn 0.40795624 0.77266777 0.4564885
vn 0.49371207 0.03614606 0.848055
vn 0.933927 -0.073122 0.349834
vn 0.978607 -0.022065 0.204474
vn 0.117191 -0.001526 0.993103
vn -0.051424 0.119846 0.991455
vn 0.251259 0.178655 0.951262
vn 0.43486303 -0.30075204 0.7385806
vn 0.43176734 -0.6371326 0.56130546
vn 0.134678 -0.931852 0.336863
vn -0.6006045 -0.71185946 0.35825652
vn -0.589038 -0.801324 0.104251
vn -0.660695 -0.744011 0.099399
vn -0.131596 -0.559893 0.818018
vn 0.004324343 -0.50615233 0.8532442
vn -0.263192 -0.543504 0.797052
vn 0.242225 0.337992 0.909421
vn 0.110904 0.318094 0.941527
vn -0.3625849 0.91960305 0.036692627
vn -0.583575 0.795709 -0.162053
vn -0.45578074 0.85356444 -0.18281513
vn -0.51207 0.290597 -0.808283
vn -0.431425 0.342799 -0.831675
vn -0.565996 0.307627 -0.764824
vn -0.053682 0.996704 -0.060427
vn -0.112217 0.990783 -0.075472
vn -0.52456266 0.12784496 -0.8283485
vn -0.464736 0.350505 -0.813105
vn -0.546037 0.326121 -0.77163
vn 0.082156 0.330515 -0.940184
vn 0.193854 0.500778 -0.843562
vn 0.155095 0.425489 -0.891537
vn 0.940001 0.340617 0.01883
vn 0.959593 0.279031 -0.035829
vn 0.9776375 0.17907475 0.0243995
vn -0.0948665 -0.9934845 0.060609497
vn -0.017701 -0.998871 0.043916
vn -0.053865 -0.989044 0.137272
vn -0.08234856 -0.94217134 0.25904095
vn 0.010804 -0.996918 0.077425
vn -0.111698 -0.406873 0.906613
vn -0.053346 -0.45912 0.886746
vn -0.309183 -0.828883 0.46617
vn 0.13172187 -0.8666839 0.3354365
vn -0.44750825 -0.7871027 -0.3761025
vn 0.144597 0.060427 0.98764
vn 0.103214 -0.011902 0.994568
vn 0.106998 0.057375 0.992584
vn -0.308878 0.177038 -0.934446
vn -0.252937 0.132206 -0.958373
vn -0.3900265 0.018204 -0.92056
vn -0.25943 -0.47711125 0.7221365
vn 0.095676 -0.574938 0.812555
vn 4.27E-4 -0.144108 0.989532
vn 0.709586 0.180334 0.681112
vn 0.648823 0.078982 0.756798
vn 0.8887295 -0.164205 0.40224952
vn -0.349803 0.389386 0.852046
vn -0.209784 0.37199 0.904202
vn -0.068453 0.226508 0.971587
vn -0.077731 0.303232 0.949705
vn -0.0965 0.33256 0.938108
vn 0.4015096 -0.8043884 -0.40667146
vn -0.273049 -0.907498 -0.319132
vn -0.2749415 -0.860378 -0.418424
vn -0.392315 0.346446 -0.852077
vn -0.374645 0.45492452 -0.806803
vn -0.073428 -0.997131 -0.017823
vn -0.013840001 -0.9876095 -0.12807101
vn -0.47425568 -0.05226209 -0.865473
vn -0.405927 -0.151769 -0.901181
vn -0.349132 -0.07004 -0.934416
vn -0.472488 0.257393 -0.842891
vn -0.383648 0.241523 -0.891324
vn -0.30570376 0.0285955 -0.94374275
vn -0.840693 0.376171 -0.389477
vn -0.7454295 0.4458905 -0.49540702
vn -0.749474 0.352031 -0.560625
vn 0.631977 0.005951 -0.774926
vn 0.471114 0.117771 -0.874142
vn 0.419446 0.118259 -0.900021
vn 0.2725 0.958892 -0.079134
vn 0.349376 0.934507 0.067629
vn 0.334254 0.93264604 -0.126911
vn 0.718238 0.162328 0.62896323
vn 0.6531115 0.32457176 0.68157756
vn 0.69335 0.434919 0.57448
vn -0.360942 -0.847987 -0.388043
vn -0.414411 -0.848903 -0.328013
vn -0.4945752 -0.807361 -0.01839028
vn 0.050607376 0.16888538 0.9788771
vn 0.03726694 0.051683 0.9944627
vn 0.178838 0.132542 0.974883
vn 0.210211 0.093783 0.973113
vn 0.399853 0.427045 0.810999
vn 0.20023951 0.05680275 0.9697943
vn -0.952055 0.22388399 0.20123899
vn -0.9692105 0.12863162 0.16934699
vn -0.271981 0.128452 0.953673
vn -0.225654 0.172277 0.958831
vn -0.332102 0.258065 0.907224
vn -0.70869595 0.6649085 0.21301618
vn -0.797113 0.414075 0.439436
vn -0.794733 0.500687 0.343028
vn -0.006694928 0.55531085 0.7851937
vn 0.31605 0.497696 0.807672
vn 0.062716 0.551653 0.83169
vn 0.87521 0.288339 0.388348
vn 0.862972 0.249855 0.4391
vn 0.798029 0.264168 0.541581
vn -0.010926 -0.999847 0.011231
vn -0.051515 -0.998627 0.006531
vn -0.020569 -0.999664 -0.013703
vn 0.55475426 -0.07018887 0.82165754
vn 0.577593 0.216742 0.787011
vn 0.604114 0.301584 0.737602
vn -0.152722 0.77555925 0.60467076
vn -0.059419498 0.7188025 0.68503374
vn -0.182012 0.74633 0.640156
vn 0.56809795 0.78628105 0.2357947
vn 0.549486 0.818873 0.165654
vn 0.546464 0.830958 0.104038
vn 0.6539057 0.5965682 -0.43713474
vn 0.630757 0.611225 -0.478011
vn 0.6704 0.564592 -0.481399
vn 0.576403 0.683126 -0.448408
vn 0.4702996 0.70348144 -0.49640116
vn 0.596088 0.651936 -0.468612
vn 0.3549 0.385083 0.851894
vn 0.37430763 0.50224674 0.7763586
vn 0.93748116 0.068845876 -0.32585207
vn 0.89612263 0.16552076 -0.35816914
vn 0.980132 0.116276 -0.160649
vn 0.226905 0.57561 0.785577
vn 0.249443 0.44923252 0.85650206
vn 0.109622 0.645619 0.755699
vn 0.594165 -0.753502 0.28135
vn 0.402417 -0.778832 0.481063
vn 0.553484 -0.782098 0.286203
vn -0.699057 0.704642 -0.121403
vn -0.728294 0.624836 -0.281289
vn -0.8403045 0.5000685 -0.1850645
vn 0.502121 -0.389721 0.771966
vn 0.3957924 -0.25861633 0.5451962
vn 0.655995 -0.404828 0.636982
vn 0.06638956 -0.9923437 0.053282563
vn -0.405377 -0.911008 0.075381
vn -0.118656 -0.99234 0.034333
vn 0.476882 -0.545885 -0.688864
vn 0.50144976 -0.55475795 -0.6625415
vn 0.504562 -0.511124 -0.695761
vn 0.44672978 0.0065826867 0.8923669
vn 0.24061573 0.15497215 0.9525435
vn 0.288797 0.113651 0.950591
vn 0.9515612 0.20509025 -0.12104012
vn 0.973632 0.202918 -0.104099
vn 0.983215 0.172643 0.058565
vn -0.352062 0.798273 0.488632
vn -0.44563812 0.77511674 0.4277844
vn -0.252083 0.901578 0.351512
vn 0.549425 0.650624 0.52127147
vn -0.13315225 0.6253395 0.749191
vn 0.303354 0.649617 0.697104
vn 0.563952 -0.526017 -0.636555
vn 0.749565 -0.477035 -0.458846
vn 0.46295074 -0.6980958 -0.52763855
vn -0.32512125 0.037236627 0.9428464
vn -0.08884869 0.24084987 0.9642204
vn -0.135754 0.1468245 0.9754936
vn 0.419111 0.18601 0.888638
vn 0.2757805 0.1948455 0.937498
vn 0.540025 0.062563 0.83929
vn 0.301096 0.362102 -0.882138
vn 0.2411152 0.43077254 -0.8687706
vn 0.404309 0.22129 -0.887417
vn -0.85815835 -0.28319585 -0.4209333
vn -0.688192 -0.288003 -0.665883
vn -0.748344 -0.127415 -0.650899
vn -0.643849 -0.134678 -0.753197
vn 0.221503 0.821863 -0.524857
vn 0.114231 0.774743 -0.621845
vn -0.06827 0.647877 -0.758629
vn -0.29026282 0.60928726 -0.70964074
vn -0.333628 0.753502 -0.566485
vn 0.636097 0.536821 -0.554216
vn 0.57414114 0.65001 -0.49432376
vn 0.573962 0.632221 -0.520371
vn 0.146947 -0.025605 -0.9888
vn 0.507767 0.0553985 -0.83603173
vn 0.294534 -0.036836 -0.954924
vn -0.063265 -0.990875 0.118778
vn -0.15087225 -0.8964429 0.3851396
vn -0.222388 -0.890652 0.396558
vn 0.345744 0.733268 -0.585406
vn 0.299081 0.82693 -0.476089
vn 0.35783 0.751823 -0.553758
vn -0.24062134 -0.69169915 0.6729473
vn -0.512894 -0.633717 0.579058
vn -0.402326 -0.545427 0.735252
vn 0.321024 -0.896603 -0.305002
vn 0.348277 -0.81222 -0.46791
vn -0.041658 -0.992523 0.114689
vn -0.007324 -0.999908 0.009827
vn 0.064333 -0.997375 -0.032868
vn -0.0918 -0.995392 0.0271
vn 0.025086 -0.997528 -0.065188
vn -0.034761 -0.999329 -0.010163
vn -0.90388757 -0.18971263 0.37444866
vn -0.92885995 -0.26889643 0.2472571
vn -0.913999 -0.236152 0.329844
vn -0.65511 0.554582 -0.513047
vn -0.684439 0.528703 -0.501968
vn -0.629933 0.508744 -0.586779
vn -0.505417 0.265389 0.821009
vn -0.492019 0.387463 0.779595
vn -0.682546 0.274117 0.67745
vn -0.83871 0.476791 0.26307
vn -0.842006 0.347392 0.412641
vn -0.762383 0.471419 0.443281
vn 0.924192 -0.275887 -0.263985
vn 0.892087 -0.332255 -0.306192
vn 0.91644 -0.398358 0.037751
vn 0.3349074 -0.27936336 0.86022717
vn 0.075869 -0.247169 0.965972
vn 0.25846124 0.28478348 0.91238153
vn 0.066378 -0.996918 -0.041566
vn 0.110973 -0.98405397 0.072504506
vn -0.9078456 0.15465075 0.32455313
vn -0.780694 0.282052 0.557604
vn -0.765831 0.227363 0.601459
vn 0.20777 -0.950499 0.231025
vn 0.22789699 -0.949263 0.20375699
vn 0.262734 -0.945647 0.191595
vn -0.754906 0.43614 -0.489761
vn -0.776543 0.3502 -0.523728
vn 0.160039 0.438673 0.884274
vn 0.16422 0.354076 0.920652
vn 0.28225777 0.4931104 0.82163846
vn -0.62157047 -0.64653426 -0.4248842
vn -0.417707 -0.58916 -0.691641
vn -0.426191 -0.6274 -0.651692
vn 0.938322 -0.254555 -0.233955
vn 0.942106 -0.306345 -0.136082
vn 0.959655 -0.227271 -0.16541
vn -0.321146 -0.453658 -0.831263
vn -0.13335824 -0.53841525 -0.8261665
vn 0.81921184 -0.19264826 0.5310869
vn 0.615284 -0.051241 0.786615
vn 0.755699 -0.133061 0.641224
vn -0.033631 -0.764733 0.643452
vn -0.05395194 -0.6849968 0.7107506
vn 0.016511 -0.771874 0.635548
vn -0.294809 0.494888 0.817408
vn -0.303781 0.411267 0.859371
vn -0.28924546 0.29475296 0.9033042
vn -0.409284 0.585864 0.699423
vn -0.609577 0.537065 0.583056
vn -0.34538537 0.35455632 0.864372
vn -0.01474 -0.999878 -9.46E-4
vn -0.116337 -0.990112 0.07828
vn -0.320261 0.650929 0.688223
vn 0.442427 0.814051 0.376202
vn 0.25230813 0.7614405 0.5799584
vn 0.24192 0.877499 0.414045
vn -0.49267927 0.34115124 -0.79985225
vn -0.501419 0.345683 -0.793115
vn -0.405957 0.267434 -0.873867
vn -0.579547 0.421735 -0.697287
vn -0.501419 0.345683 -0.793115
vn -0.61626 0.78164 0.096103
vn -0.598376 0.784906 0.160772
vn -0.673116 0.729698 0.120121
vn -0.311441 0.823969 0.473342
vn -0.293832 0.932371 -0.210425
vn 0.04413 0.996124 -0.075716
vn 0.26654077 0.10933275 0.95521426
vn 0.332804 0.1077 0.936796
vn 0.128445 0.12283701 0.98249024
vn 0.1283 0.394238 0.90997
vn 0.338481 0.287393 0.895993
vn 0.35967314 0.23702495 0.66874945
vn -0.388745 0.474319 0.78985
vn -0.607883 0.336787 0.69049704
vn -0.298746 0.316202 0.900388
vn 0.850215 0.033692 0.525285
vn 0.848842 0.145451 0.508194
vn 0.827235 -0.019852502 0.556734
vn 0.474715 0.838008 -0.26896
vn 0.277566 0.796228 -0.537522
vn 0.502762 0.738578 -0.44911
vn 0.679769 -0.267464 0.682882
vn 0.75811 -0.251259 0.601733
vn 0.635823 0.502884 -0.585498
vn 0.552934 0.663198 -0.504349
vn 0.334422 0.509079 -0.793054
vn 0.794244 -0.011383 0.607471
vn 0.7820065 -0.13100049 0.60699797
vn 0.861507 -0.004975 0.507675
vn -0.645039 0.667867 0.371258
vn -0.556047 0.669454 0.492508
vn -0.713187 0.635487 0.295785
vn 0.988403 0.04767 0.144078
vn 0.8562162 0.31466293 0.347846
vn 0.9124749 -0.11638056 0.32903138
vn 0.7747064 0.17072988 -0.6053935
vn 0.761589 0.145909 -0.631397
vn 0.837825 0.099673 -0.536729
vn 0.356945 0.226295 0.906278
vn 0.18950252 0.8915105 0.28589416
vn 0.32374 0.114628 0.939146
vn 0.598041 -0.169256 -0.783349
vn 0.43676308 -0.4288287 -0.77635586
vn -0.847102 -0.408887 0.339366
vn -0.786248 -0.466811 0.404797
vn 0.68459785 -0.46057674 0.51685417
vn 0.637471 -0.385662 0.666951
vn 0.4445325 -0.3660695 0.8151955
vn -0.119724 -0.118473 -0.985687
vn -0.050264 -0.106052 -0.993072
vn 0.012268 -0.245003 -0.96942
vn 0.32428962 0.39416188 0.8499441
vn 0.34048706 0.2635274 0.8915087
vn 0.39891475 0.18542275 0.88705873
vn -0.618732 0.61742 0.485733
vn -0.734245 0.587481 0.340098
vn -0.590258 0.611011 0.527451
vn 0.503372 0.759423 -0.412122
vn 0.59192955 0.748431 -0.24917129
vn 0.561724 0.791498 -0.240699
vn -0.942961 0.207862 0.259987
vn -0.98205525 0.12089124 -0.07105476
vn -0.879543 0.209815 0.427045
vn -0.8137915 0.317347 0.4863585
vn -0.841792 0.356517 0.405255
vn -0.874172 0.350017 -0.336558
vn -0.905576 0.31959 -0.278878
vn -0.80225503 0.464034 -0.37476748
vn -0.279061 -0.42909 -0.859066
vn -0.400769 -0.44615 -0.800195
vn -0.283883 -0.501724 -0.817072
vn -0.110065 0.7736292 -0.6046252
vn -0.103732 0.663167 -0.741203
vn 0.037873 0.772637 -0.633686
vn 0.948302 -0.310862 0.063509
vn 0.890194 -0.424848 0.164373
vn 0.79316825 -0.4060945 -0.42995226
vn -0.689871 0.150639 -0.708029
vn -0.697836 0.198675 -0.688101
vn -0.673574 0.081393 -0.734611
vn -0.296457 -0.674337 -0.67629
vn -0.354747 -0.652943 -0.669149
vn -0.31489 -0.605548 -0.730827
vn 0.88550997 -0.2637715 0.37997025
vn 0.843867 -0.191504 0.501175
vn 0.887143 -0.250282 0.387677
vn 0.062349 -0.495346 0.866421
vn 0.040117003 -0.65193623 0.75085473
vn 0.118107 -0.665883 0.736625
vn 0.091586 0.995727 0.010437
vn 0.111148 0.993744 0.009003
vn 0.3227406 0.84256995 0.39742368
vn 0.3550825 0.0375835 -0.933882
vn 0.09384275 -0.033886783 -0.99151874
vn 0.377636 -0.202338 -0.903562
vn 0.7171966 -0.60867614 -0.3098735
vn 0.576464 -0.754967 -0.31254
vn 0.55567706 -0.78293514 -0.27587938
vn 0.7544707 0.635319 -0.1627625
vn 0.53991055 0.76251274 -0.21428175
vn 0.618 0.781365 -0.086673
vn -0.083499 -0.14594 0.985748
vn -0.11124 0.201056 0.973205
vn -0.035707 0.301157 0.952879
vn -0.252937 0.963378 -0.08887
vn -0.401563 0.821345 -0.405072
vn -0.294107 0.918424 -0.264443
vn 0.6202124 0.31016326 -0.71660924
vn 0.602802 0.440382 -0.665334
vn 0.642811 0.361919 -0.6751
vn 0.897183 -0.243568 -0.368358
vn 0.81286 -0.272866 -0.514542
vn 0.881558 -0.191229 -0.431593
vn 0.32180703 -0.84322715 0.11530435
vn 0.465896 -0.583728 0.664937
vn 0.410077 0.266579 0.872189
vn 0.414838 -0.014649 0.909757
vn -0.015351 0.850612 0.525529
vn 0.056948 0.728629 0.682516
vn 0.196478 0.737449 0.646168
vn -0.087466 0.335185 0.938047
vn -0.034944 0.332896 0.942289
vn 0.046815 0.993286 0.105533
vn 0.05829 0.99826 0.006561
vn 0.230262 0.973022 0.012329
vn 0.056028724 -0.32407743 -0.9388931
vn 0.079104 -0.122501 -0.989288
vn 0.1171 -0.181005 -0.97647
vn -0.665273 0.298196 0.684408
vn -0.590899 0.179235 0.786554
vn -0.6545191 0.26966912 0.70117414
vn -0.61558855 0.4397105 0.653096
vn -0.732475 0.439283 0.520066
vn -0.774499 0.351207 0.526078
vn 0.080813 -0.254189 -0.963744
vn 0.072909 -0.541246 -0.837672
vn 0.5534167 -0.62723327 -0.24216092
vn -0.11005 0.977813 0.178106
vn -0.051546 0.987518 0.148656
vn -0.039674 0.923368 0.381787
vn 0.7610518 -0.55167913 -0.32775325
vn 0.78106 -0.5197 -0.34611
vn 0.770501 -0.566668 0.291818
vn 0.894803 -0.225288 -0.385357
vn 0.891507 -0.0524 -0.449934
vn 0.919431 0.005585 -0.39317
vn -0.342967 0.760979 -0.550676
vn -0.444319 0.462386 -0.767296
vn -0.335521 0.726493 -0.599628
vn 0.800317 -0.388409 0.456679
vn 0.8130644 -0.4982605 0.28927338
vn 0.806055 -0.379772 0.453871
vn 0.849178 -0.515793 0.113132
vn 0.836695 -0.547594 -0.005371
vn 0.867435 -0.4941095 0.051164746
vn 0.173681 0.142521 0.974425
vn 0.21226388 0.011387501 0.9754405
vn 0.145329 0.14011 0.9794
vn -0.363292 0.324137 0.87344
vn -0.17836499 0.346248 0.918714
vn -0.36602402 0.0800345 0.9219185
vn 0.42904449 0.46885598 0.771615
vn 0.420331 0.51316905 0.748253
vn 0.377941 0.532273 0.7575
vn -0.0428175 0.1091645 -0.992401
vn 0.0013584979 0.067217 -0.992248
vn -0.24727648 0.20937201 -0.94421196
vn -0.669759 -0.291971 -0.68273
vn -0.69075596 -0.429807 -0.5778525
vn -0.876797 0.456648 0.150517
vn -0.885372 0.460677 0.061739
vn -0.903958 0.423872 0.056154
vn -0.5874317 0.40329087 0.69336534
vn -0.5811795 0.45938 0.67029345
vn -0.931974 0.015717 0.362163
vn -0.8990827 0.14163625 0.40118113
vn 0.060396 -0.481307 -0.874447
vn -0.058443 -0.600879 -0.797174
vn 0.083712 -0.58269 -0.808344
vn 0.100742 0.962645 -0.251289
vn -0.56933075 0.5627116 -0.5225569
vn 0.118473 0.887234 -0.445784
vn 0.279519 -0.955626 -0.078906
vn 0.013062 -0.998871 -0.045442
vn 0.215491 -0.966063 -0.142247
vn 0.570025 -0.101291 0.815332
vn 0.5849209 -0.044383217 0.80224645
vn 0.630879 -0.188177 0.752678
vn -0.22499749 0.0667595 -0.97033596
vn -0.079867 0.060945 -0.994934
vn -0.124149 -0.147954 -0.98114
vn 0.875362 -0.29432 0.383465
vn 0.9087459 -0.27177876 0.31337926
vn 0.855708 -0.206732 0.474349
vn 0.875362 -0.29432 0.383465
vn 0.940825 -0.248024 0.230781
vn 0.905698 -0.237098 0.351329
vn 0.88685274 -0.34189898 -0.306665
vn 0.884976 -0.357097 -0.298746
vn 0.8587225 -0.38017625 -0.3315455
vn -0.694296 0.229743 0.681997
vn -0.5428482 0.37326425 0.7166432
vn -0.833979 0.301126 0.462355
vn -0.4685735 0.013641499 -0.88270223
vn -0.35490724 -0.046251003 -0.9262748
vn -0.373821 0.157292 -0.914029
vn -0.253059 0.041688 -0.966521
vn -0.227577 -0.078188 -0.970611
vn -0.208319 -0.108127 -0.972045
vn -0.058992 0.413373 0.908628
vn -0.082553 0.393902 0.915403
vn -0.298242 0.41355598 0.85435045
vn 0.419691 -0.440046 -0.793847
vn 0.497665 -0.398389 -0.77044
vn 0.388531 -0.342265 -0.855495
vn 0.365612 -0.878903 0.306284
vn 0.203436 -0.870449 0.448195
vn 0.14871651 -0.9704275 0.1732385
vn 0.923826 -0.296243 -0.242378
vn 0.906217 -0.216346 -0.363201
vn 0.940306 -0.215644 -0.263222
vn 0.494579 0.58139265 -0.6396526
vn 0.594531 0.633381 -0.495285
vn 0.588641 0.614032 -0.525773
vn 0.785821 -0.391339 -0.478866
vn 0.764275 -0.496841 -0.411054
vn 0.844691 -0.467727 -0.26014
vn 0.106998 0.057375 0.992584
vn 0.103214 -0.011902 0.994568
vn 0.15954301 0.20689249 0.95290226
vn 0.604114 -0.166417 0.77929
vn 0.441816 -0.019105 0.896878
vn 0.336467 0.097659 0.936613
vn 0.805414 -0.269997 -0.527604
vn 0.886837 -0.278207 -0.368908
vn 0.768395 -0.337352 -0.543779
vn -0.73639655 0.48504597 -0.44227397
vn -0.739921 0.367748 -0.563219
vn -0.8338793 0.51773405 -0.04225895
vn 0.513657 0.415815 0.75045
vn 0.604602 0.421796 0.675649
vn 0.599139 0.322764 0.732658
vn -0.692648 0.318918 -0.64687
vn -0.56209 0.293191 -0.773339
vn -0.717093 0.332438 -0.612537
vn -0.172483 0.26269007 -0.939743
vn 0.051027 0.321757 -0.945433
vn -0.061312 0.218207 -0.973968
vn 0.483322 0.869991 0.097232
vn 0.425336 0.866634 0.260689
vn 0.349132 0.920743 0.174078
vn -0.114444 -0.993408 0.006287
vn 0.17485963 -0.948597 -0.06780087
vn 0.090518 -0.974212 -0.20661
vn -0.463088 -0.369793 0.805444
vn -0.535966 -0.303293 0.787866
vn -0.435133 -0.243568 0.866756
vn 0.110263 -0.974548 -0.195105
vn -0.039216 -0.9888 -0.143925
vn -0.087252 -0.996033 0.017273
vn 0.153508 0.48677 0.85992
vn 0.186224 0.449049 0.873867
vn 0.26487 0.425642 0.86523
vn 0.294839 -0.695242 -0.655507
vn 0.199164 -0.823115 -0.531754
vn 0.294839 -0.695242 -0.655507
vn 0.199164 -0.823115 -0.531754
vn 0.176946 -0.982513 0.057497
vn 0.3424446 -0.936026 0.022728749
vn 0.076662 -0.99704 0.0
vn 0.498062 -0.332438 0.800867
vn 0.557451 -0.39433 0.730552
vn 0.520859 -0.370586 0.768944
vn 0.552446 -0.329081 0.7640765
vn 0.557451 -0.39433 0.730552
vn 0.498062 -0.332438 0.800867
vn 0.38683343 0.24894682 0.8773424
vn 0.6722659 0.20662913 0.7050121
vn 0.532121 0.27781 0.799768
vn -0.898556 0.336375 -0.281808
vn -0.810694 0.372662 -0.451521
vn -0.872951 0.487228 0.022736
vn -0.734855 0.677633 -0.02765
vn -0.759728 0.620533 0.194189
vn 0.513993 -0.624012 0.588549
vn 0.475326 -0.578631 0.662709
vn 0.43791 -0.604633 0.665273
vn 0.513993 -0.624012 0.588549
vn 0.561846 -0.510788 0.650685
vn 0.475326 -0.578631 0.662709
vn 0.202948 -0.97705 -0.064486
vn 0.0936155 -0.99221194 0.04219381
vn -0.456343 0.137394 -0.879116
vn -0.475326 0.111576 -0.872677
vn 0.29899 -0.565661 -0.768487
vn 0.325755 -0.355083 -0.876217
vn 0.391827 -0.389386 -0.833552
vn 0.277017 0.895169 0.349162
vn 0.267037 0.959136 0.093295
vn 0.045137 0.985626 0.162664
vn -0.036561 0.963439 0.265297
vn -0.009156 0.943083 0.332408
vn -0.034181 0.953825 0.298318
vn -0.098758 0.409558 0.906888
vn -0.077914 0.577441 0.812677
vn 0.052767 -0.924802 -0.37669
vn 0.502335 -0.81650746 -0.097995
vn 0.028108 -0.978332 -0.204993
vn 0.40793532 -0.7565244 -0.374506
vn 0.396863 -0.523759 -0.753746
vn 0.5022868 -0.44286177 -0.6981931
vn -0.026246 0.817194 0.575701
vn 0.052614 0.740806 0.669637
vn 0.124424 0.781579 0.611225
vn -0.37022 -0.064089 -0.926695
vn -0.1523945 0.16869101 -0.9704275
vn -0.352 -0.107028 -0.929838
vn -0.374035 -0.13419 -0.917631
vn -0.580065 0.052095 -0.812891
vn -0.701498 0.032746 -0.711875
vn -0.11359 0.938353 0.326456
vn -0.1395 0.931516 0.335795
vn -0.14069 0.917661 0.371563
vn 0.147801 0.65511 -0.740898
vn 0.243995 0.631519 -0.735923
vn 0.073153 0.540025 -0.838435
vn 0.35302663 0.673017 -0.6422695
vn 0.243995 0.631519 -0.735923
vn -0.748527 0.532243 0.395459
vn -0.677328 0.566576 0.469222
vn -0.73159 0.545518 0.408826
vn -0.718894 -0.122745 -0.684164
vn -0.951292 0.00647 -0.308176
vn -0.845485 0.151433 -0.51204
vn -0.005005 -0.997986 -0.063143
vn -0.039918 -0.98294 -0.179357
vn -0.022553 -0.998169 -0.05594
vn -0.426221 0.096957 0.89938
vn -0.295785 0.036561 0.954527
vn -0.369335 0.205908 0.906156
vn -0.22087362 -0.9520514 -0.15784898
vn 0.015473 -0.999756 0.015259
vn 0.072069496 -0.9894405 0.04442
vn 0.226447 0.787927 0.572588
vn 0.259926 0.786737 0.559862
vn -0.77683353 -0.61342204 0.136311
vn -0.891568 -0.436506 0.120518
vn -0.855251 -0.502029 0.1283
vn 0.226234 -0.877407 -0.422987
vn 0.171453 -0.928465 -0.329386
vn -0.50792 0.276162 -0.815912
vn -0.745216 0.4071475 -0.52074504
vn -0.528459 0.313364 -0.788965
vn 0.262642 -0.398389 -0.87878
vn -0.088099 -0.43984824 -0.88853097
vn 0.210181 -0.395428 -0.894101
vn 0.368511 -0.386807 0.834895
vn 0.5635625 -0.31625575 0.75731647
vn 0.460707 -0.535203 0.707968
vn -0.825953 0.475631 0.30253
vn -0.42836997 0.5363922 0.720194
vn -0.675253 0.53032 0.512558
vn 0.04111094 -0.88332665 0.37655443
vn 0.29932538 -0.72651446 0.61420786
vn -0.24073 -0.938414 0.247719
vn 0.256142 -0.953032 0.161473
vn 0.4390354 -0.8920864 0.0011558756
vn 0.20905562 -0.97207564 0.071806
vn -0.882962 -0.300485 -0.360637
vn -0.810663 -0.428816 -0.398572
vn -0.877499 -0.408673 -0.250832
vn 0.43784177 -0.309019 -0.84044915
vn 0.771142 -0.309366 -0.556413
vn 0.884823 -0.208289 -0.4167
vn 0.5968469 -0.016006999 0.79565173
vn 0.339274 0.107822 0.934477
vn -0.08740015 -0.8375621 0.4772119
vn 0.069491 -0.904752 0.420179
vn 0.118717 -0.929899 0.348064
vn -0.7206663 0.57803744 -0.37663472
vn -0.7319006 0.6312809 -0.21844588
vn -0.66277 0.637318 -0.393048
vn 0.03235 0.236976 0.970946
vn 0.031037 0.296976 0.954375
vn 0.127354 0.29548 0.946806
vn 0.03235 0.236976 0.970946
vn -0.051454 0.246254 0.967834
vn 0.199934 0.24659699 0.942747
vn 0.019684 0.035737 0.999146
vn -0.018135626 -0.0043796254 0.99872226
vn -0.04239 0.016022 0.998962
vn -0.70894486 0.34240994 0.61322564
vn -0.6126438 0.492378 0.5958737
vn -0.532395 0.353465 0.769127
vn -0.943266 0.256539 0.2107
vn -0.949828 0.299966 0.088443
vn -0.961379 0.2483905 0.107150495
vn -0.882809 0.262642 0.389355
vn -0.921567 0.215155 0.323069
vn -0.7950835 0.16892 0.57759297
vn -0.295511 -0.799341 0.523179
vn -0.299173 -0.842921 0.447157
vn -0.36707652 -0.813532 0.4445175
vn 0.112003 -0.180548 -0.977142
vn -0.0076555475 0.013773179 -0.99537003
vn 0.070864 0.010285 -0.997406
vn 0.86059904 -0.42308575 -0.270806
vn 0.7278063 -0.4586295 -0.49898627
vn 0.85953104 -0.45142224 -0.23297076
vn 0.740806 0.07654 0.667318
vn 0.69982 0.108982 0.705924
vn 0.834132 0.119999 0.538316
vn 0.334147 0.757866 0.560289
vn 0.367298 0.81395924 0.448477
vn 0.347484 0.767296 0.538926
vn 0.867214 0.400647 0.295572
vn 0.91464 0.377453 0.144688
vn 0.78337216 0.54273 0.27566248
vn -0.418216 0.58592105 0.6921196
vn -0.625751 0.513718 0.586932
vn -0.381573 0.552629 0.740898
vn 0.01352 -0.565966 -0.824305
vn -0.24892426 -0.06305693 -0.7686603
vn 0.104304746 -0.67384875 -0.6576893
vn 0.164861 0.88229 0.44087
vn 0.310617 0.88229 0.353587
vn 0.41389224 0.6368145 0.6118083
vn -0.355022 0.877041 -0.323588
vn -0.368145 0.788232 -0.493088
vn -0.326426 0.926237 -0.188452
vn 0.262703 0.087985 0.960845
vn 0.368084 -0.005219 0.929746
vn 0.42436 -0.055116 0.903806
vn -0.6083875 0.6382917 -0.41487414
vn -0.572924 0.795282 -0.198126
vn -0.46736 0.829859 -0.304727
vn 0.797845 0.303201 -0.521012
vn 0.771355 0.340403 -0.537675
vn 0.706778 0.343944 -0.618152
vn 0.282876 -0.396924 -0.873135
vn 0.467193 -0.4105655 -0.778466
vn 0.456252 -0.465194 -0.758538
vn 0.091922 -0.995727 0.006256
vn 0.18832073 -0.97733885 -0.056791186
vn 0.706778 0.444441 -0.55034
vn 0.658834 0.633961 -0.40495
vn 0.636982 0.564592 -0.524857
vn 0.983551 -0.118503 -0.136174
vn 0.997589 -0.054781 -0.042055
vn -0.594005 -0.16504425 -0.784959
vn -0.557268 -0.389569 -0.733238
vn 0.60831 -0.41680652 -0.66855395
vn 0.5727793 -0.46910775 -0.66923296
vn 0.552019 -0.491623 -0.673452
vn 0.881375 0.063478 -0.468062
vn 0.521989 0.099124 -0.847133
vn 0.704703 -0.043306 -0.708152
vn 0.07090348 0.2951424 0.94035995
vn 0.03119 0.389111 0.920652
vn -0.1257515 0.494125 0.8551595
vn -0.39659747 -0.22697026 -0.881416
vn -0.469893 -0.327708 -0.819605
vn -0.59405804 -0.370815 -0.709235
vn 0.326914 0.925932 0.189032
vn 0.404584 0.873562 0.270486
vn 0.2328563 0.9060887 0.29595724
vn 0.007782 -0.246132 -0.969176
vn -0.137394 -0.150609 -0.978973
vn 0.080416 0.019288 -0.996551
vn 0.474853 0.364788 0.78424954
vn 0.780816 0.368145 0.504715
vn 0.449568 0.321402 0.8245111
vn -0.697623 0.420759 0.579852
vn -0.727073 0.4195225 0.5424665
vn -0.68119574 0.358783 0.6298027
vn 0.22487393 0.06366175 -0.9683447
vn -0.032441 -0.009200998 -0.9974975
vn 0.162175 0.093722 -0.982299
vn 0.927637 -0.25517285 0.2677943
vn 0.965667 -0.166662 0.199225
vn 0.19194512 0.031440657 0.9748795
vn 0.451704 -0.101444 0.886349
vn 0.370647 0.0094 0.928709
vn 0.754295 0.038697 0.655354
vn 0.80227053 0.36431497 0.458159
vn 0.696493 0.166509 0.697928
vn 0.3609349 -0.92211163 0.1041958
vn 0.232185 -0.903836 0.359386
vn 0.221198 -0.939512 0.261422
vn -0.898999 0.4315015 0.0307625
vn -0.831935 0.550249 0.071352
vn -0.865352 0.498032 0.055483
vn -0.460982 0.31608 -0.829188
vn -0.289102 0.280831 -0.915159
vn -0.365154 0.354839 -0.860622
vn -0.03296 0.255257 0.966277
vn -0.098697 0.202002 0.974395
vn 0.6230489 0.08901668 -0.74655163
vn 0.590442 0.017609 -0.806848
vn 0.569842 0.012085 -0.82165
vn -0.174123 0.7076025 0.6812345
vn -0.13005425 0.80938125 0.5705815
vn 0.3802455 0.38278607 0.8376189
vn 0.30273134 0.11673728 0.9367296
vn 0.250954 0.15775 0.955046
vn 0.300569 -0.95017123 0.0030672513
vn 0.548265 -0.830012 0.102206
vn -0.425245 -0.420942 -0.801202
vn -0.500931 -0.3726 -0.781152
vn -0.41889724 -0.4674825 -0.7703255
vn -0.6610752 0.5558882 0.4893601
vn -0.447859 0.578692 0.681509
vn -0.265267 0.606464 0.749504
vn -0.453307 -0.830378 0.16519651
vn -0.12741488 -0.9049499 -0.39896825
vn -0.001862 -0.995209 -0.097598
vn 0.7977506 -0.58332276 -0.035589814
vn 0.825526 -0.539445 -0.1631675
vn 0.726707 -0.632649 -0.267556
vn -0.230354 0.402509 0.885922
vn -0.239265 0.451643 0.859493
vn -0.233558 0.473403 0.8493
vn 0.457259 -0.589099 0.666189
vn 0.46322513 -0.529168 0.6688857
vn 0.426038 -0.577624 0.69628
vn 0.721793 -0.538713 -0.434462
vn 0.62061 -0.48376656 -0.6090165
vn 0.74749 -0.515671 -0.418653
vn 0.301431 -0.283578 0.910306
vn 0.185522 -0.340007 0.921934
vn -0.138585 0.430311 -0.891934
vn -0.110965 0.518998 -0.847499
vn 0.10197012 0.9114085 -0.37397388
vn -0.164205 0.97586 0.0094305
vn 0.187689 0.980346 -0.06064
vn -0.796258 0.329508 0.507279
vn -0.858089 0.060488 0.509873
vn -0.636219 0.112583 0.763207
vn -0.397534 0.914975 0.06885
vn -0.245796 0.959227 0.138295
vn -0.265786 0.959807 0.089816
vn -0.9685205 0.180418 -0.12115075
vn -0.731651 0.653157 0.194952
vn -0.95961654 0.18955812 0.16851357
vn -0.731834 0.419935 0.536668
vn -0.57252324 0.477439 0.6592276
vn -0.10388456 0.6336105 0.7304303
vn 0.69747 0.419111 0.581195
vn 0.648885 0.26899 0.711722
vn 0.82757 -0.547716 -0.122837
vn 0.837611 -0.443281 -0.319132
vn 0.83250535 -0.30490166 -0.36866212
vn -0.809702 0.5037995 0.2993715
vn -0.839167 0.493789 0.227882
vn -0.77578 0.502914 0.381054
vn -0.102512 0.033876 0.99414
vn -0.030657876 0.11825513 0.9896226
vn -0.069308 0.136174 0.98825
vn -0.88815 0.41081 -0.205908
vn -0.854152 0.421339 -0.304697
vn -0.903592 0.326334 -0.277474
vn -0.07163153 -0.7556172 -0.6261791
vn -0.06784275 -0.8936968 -0.4117175
vn -0.242653 -0.909055 -0.338664
vn -0.351634 0.24369 -0.903836
vn -0.24662 0.203681 -0.947447
vn -0.23877487 0.10176931 -0.9628973
vn 0.249153 -0.622242 0.742088
vn 0.316752 -0.550462 0.772393
vn 0.225898 -0.731986 0.64272
vn 0.819498 -0.4333325 -0.3624075
vn 0.721274 -0.622883 -0.302866
vn 0.737266 -0.567858 -0.365917
vn -0.47421202 0.7198935 0.478347
vn -0.41673 0.906034 0.073519
vn -0.491989 0.870205 -0.025239
vn 0.96523976 -0.1975615 -0.16518924
vn 0.983551 -0.118503 -0.136174
vn 0.983978 -0.166021 -0.064486
vn -0.547594 0.095492 -0.831233
vn -0.649464 0.135868 -0.748131
vn -0.717246 0.212012 -0.663747
vn -0.40600646 -0.05393231 0.7496443
vn -0.078402 0.55885446 0.8206885
vn -0.2642525 -0.40342283 0.8589431
vn 0.10079494 0.57621896 0.744543
vn -0.13892 0.502029 0.853603
vn 0.097324 0.151128 -0.983703
vn 0.088412 0.12299 -0.988433
vn 0.105686 0.300851 -0.947783
vn 0.8775797 -0.47562525 0.0078108143
vn 0.838466 -0.544908 0.002136
vn 0.886837 -0.456069 -0.074129
vn 0.186499 -0.954924 0.230873
vn 0.06627863 -0.97156435 -0.1847325
vn -0.1141411 -0.95498496 0.14107463
vn 0.365398 -0.306406 -0.878964
vn 0.4825585 -0.140751 -0.8631705
vn 0.508194 -0.412397 -0.756066
vn 0.16148901 0.48670927 0.85365623
vn 0.15636119 0.40237772 0.8948865
vn 0.889889 -0.438795 -0.124577
vn 0.891476 -0.400983 -0.210852
vn 0.910062 -0.361064 -0.203406
vn 0.889889 -0.438795 -0.124577
vn 0.88450253 -0.4339885 -0.15555274
vn 0.331462 0.47795 0.81341
vn 0.433424 0.452834 0.779138
vn 0.33214802 0.2457655 0.90588105
vn 0.818445 0.046419 -0.572649
vn 0.75804925 0.04441225 -0.6350442
vn 0.830378 -0.098941 -0.548326
vn -0.361126 -0.900784 0.241066
vn -0.23638901 -0.94811845 0.1927625
vn -0.576861 0.338786 0.743248
vn -0.547548 0.385739 0.7395855
vn 0.9293265 0.29450375 -0.116245
vn 0.761742 0.544664 0.350749
vn 0.9191185 0.35976726 -0.09602675
vn 0.144353 -0.647755 -0.748009
vn 0.07474 -0.644612 -0.760796
vn 0.191504 -0.634114 -0.749107
vn -0.422468 -0.735649 -0.529435
vn -0.499435 -0.529923 -0.685354
vn -0.586474 -0.585955 -0.55913
vn -0.700949 0.69808 0.145848
vn -0.742821 0.669057 0.023469
vn -0.839564 0.200201 0.504959
vn -0.828669 0.199316 0.522996
vn -0.851955 0.218238 0.475906
vn -0.03490575 0.9652395 0.2134465
vn 0.201178 0.971038 0.128727
vn -0.154149 -0.106388 0.982269
vn 0.009919 0.056154 0.998352
vn -0.050844 -0.008209 0.998657
vn 0.351573 0.71804 -0.600604
vn 0.315035 0.79370975 -0.5076525
vn 0.280953 0.771905 -0.570238
vn 0.82522 -0.197211 -0.529221
vn 0.81017476 -0.16975924 -0.55629873
vn 0.821589 -0.272866 -0.500473
vn -0.021912 -0.999695 -0.009033
vn 0.134404 -0.986236 0.096164
vn -0.129032 -0.991607 0.004517
vn -0.248939 -0.968352 -0.0159
vn -0.138585 -0.989898 -0.028993
vn -0.382611 0.281381 -0.880001
vn -0.361644 0.476028 -0.801599
vn -0.506058 0.215949 -0.835017
vn -0.232521 -0.041627 -0.971679
vn -0.30015 -0.299661 -0.905576
vn -0.048223462 0.72285926 -0.68262005
vn -0.1531057 0.8535092 -0.4958588
vn -0.016846 0.843867 -0.536241
vn 0.80886245 -0.42839986 0.3778875
vn 0.737938 -0.258492 0.623371
vn 0.690909 -0.313913 0.651173
vn 0.53226733 -0.43516815 0.7119262
vn 0.275857 -0.141301 0.950743
vn 0.053932 -0.09338844 0.9725027
vn -0.197455 -0.633473 0.748131
vn -0.214484 -0.552385 0.805475
vn -0.28530747 -0.6116874 0.72998005
vn -0.123569 -0.919218 0.373791
vn -0.14243 -0.976287 0.162877
vn -0.074618 -0.961211 0.26545
vn 0.529069 0.157506 -0.833796
vn 0.474288 -0.048006 -0.879025
vn 0.614032 -0.020905 -0.788965
vn -0.39094612 -0.21420199 0.87692636
vn -0.367534 0.034669 0.92935
vn -0.410993 0.03824 0.910794
vn -0.440474 -0.460341 0.770714
vn -0.551805 -0.468581 0.68984
vn -0.497147 -0.385601 0.777245
vn 0.006531 -0.998291 0.057619
vn 0.17307 -0.950591 0.257607
vn 0.028077 0.986969 0.158238
vn 0.306467 0.948668 0.077822
vn 0.105045006 0.9604325 0.2518995
vn -0.894681 0.446608 0.007263
vn -0.915036 0.365368 0.17069
vn -0.806238 0.565813 0.172613
vn -0.894681 0.446608 0.007263
vn -0.954558 0.297891 0.00473
vn -0.88702 0.3932465 0.230888
vn -0.059572 -0.904874 -0.421461
vn -0.017853 -0.917417 -0.397443
vn 0.910672 0.191717 0.365886
vn 0.915738 0.210639 0.342082
vn 0.921018 0.108005 0.374187
vn 0.683798 -0.090548 0.723991
vn 0.674032 -0.023621 0.738304
vn 0.779046 -0.093661 0.619892
vn -0.432844 -0.065127 0.899075
vn -0.3619035 -0.0928525 0.9258405
vn -0.351817 -0.022553 0.935789
vn -0.61361367 0.48544747 -0.61833775
vn -0.60268 0.462355 -0.650349
vn -0.631123 0.47615 -0.612293
vn -0.301035 0.102817 -0.948027
vn -0.223365 0.184362 -0.957121
vn 0.6614689 -0.5211302 -0.4357093
vn 0.23795834 -0.13450472 -0.95586663
vn 0.324229 -0.725181 -0.60741
vn 0.18007475 -0.13270225 0.95831954
vn 0.051576 -0.50795 0.859828
vn -0.05505137 -0.30610076 0.919679
vn -0.026856 0.978271 0.205481
vn -0.22198574 0.95574814 0.16927063
vn -0.9407172 0.18105304 -0.27654612
vn -0.890896 -0.041169 -0.452284
vn -0.9476 0.132786 -0.290506
vn -0.965972 -0.08533 -0.244087
vn -0.890896 -0.041169 -0.452284
vn -0.254433 0.368755 0.894009
vn -0.178594 0.362743 0.914579
vn -0.21338525 -0.446463 -0.85846275
vn -0.37785 -0.18598 -0.90698
vn -0.224982 -0.176885 -0.958159
vn 0.916013 -0.2743 0.292581
vn 0.925687 -0.295969 0.23545
vn 0.907224 -0.251442 0.337168
vn 0.674734 -0.137394 0.72512
vn 0.843226 -0.104007 0.52736
vn 0.4848221 0.18069413 0.84695506
vn -0.472274 -0.217658 -0.854122
vn -0.498978 -0.172002 -0.849361
vn 0.731803 -0.069063 0.677969
vn 0.61214 -0.125248 0.780755
vn 0.828516 -0.078921 0.554338
vn -0.60859084 -0.019411832 0.68773544
vn -0.7871857 -0.04406875 0.5830515
vn -0.540757 -0.051119 0.839595
vn -0.728233 -0.421186 0.540574
vn -0.6723685 -0.48960853 0.5540025
vn -0.596576 -0.571429 0.563494
vn -0.447737 -0.237968 0.8614993
vn -0.466933 -0.178106 0.866146
vn -0.38786 -0.217719 0.895627
vn -0.494186 -0.232734 0.837611
vn -0.4299083 -0.17026287 0.8840164
vn -0.466933 -0.178106 0.866146
vn -0.413312 -0.908109 0.066927
vn 0.19027889 -0.801831 0.50834787
vn -0.067598 -0.997436 0.022401
vn 0.800439 0.494095 0.339335
vn 0.70770067 0.52867556 0.4373301
vn 0.915433 0.358989 0.181799
vn -0.543168 0.586291 -0.600971
vn -0.51161253 0.4395735 -0.7248985
vn -0.536027 0.634205 -0.557146
vn 0.066378 0.997772 -0.004395
vn -0.36258817 0.877429 -0.26490635
vn -0.070986 0.996582 -0.041963
vn 0.45358032 -0.8391826 0.25655288
vn 0.51844096 -0.7071675 0.45860925
vn 0.381481 -0.741447 0.551988
vn -0.927824 -0.086947 0.362682
vn -0.9287336 -0.19017607 0.24567783
vn -0.745964 -0.161138 0.646168
vn -0.226234 -0.839198 0.494491
vn -0.223823 -0.820978 0.525224
vn -0.05485497 -0.6984744 0.6947994
vn 0.71089023 -0.66856897 -0.17011775
vn 0.6976605 -0.56637025 -0.418508
vn 0.59042597 -0.77013505 -0.21984
vn 0.892575 -0.398328 -0.211219
vn 0.824076 -0.2034825 -0.483764
vn 0.672002 -0.309595 -0.628071
vn 0.423331 -0.33018655 0.6794217
vn 0.692923 -0.0936 -0.714866
vn 0.742424 0.390332 -0.54442
vn 0.695578 0.13875249 -0.70247495
vn 0.73876154 0.52778697 -0.37740698
vn 0.65636146 -0.53119004 0.520997
vn 0.762352 -0.613086 0.207129
vn 0.8044868 -0.5622066 0.16216007
vn 0.9516169 0.01045275 -0.30220562
vn 0.88937 -0.088961 -0.448408
vn 0.756058 -0.11191875 -0.6401255
vn 0.621387 -0.6238595 0.467956
vn 0.531999 -0.594134 0.603259
vn 0.823176 -0.141697 0.549791
vn 0.043977 0.552141 -0.832575
vn 0.021119 0.486099 -0.873623
vn 0.33638626 0.7161263 -0.5449023
vn 0.163919 0.4156925 -0.89429176
vn 0.030885 0.370159 -0.928434
vn -0.10260687 0.47475362 -0.86693925
vn 0.9672155 0.22698875 -0.08129375
vn 0.9266683 0.34653914 0.13002338
vn 0.940428 0.125309 -0.315989
vn -0.037751 -0.096683 -0.994568
vn -0.043764 -0.143773 -0.988617
vn -0.057711 -0.579821 -0.812677
vn 0.02405994 -0.6032881 -0.79104924
vn -0.173772 -0.4644 -0.868374
vn 0.553148 -0.464095 0.691824
vn 0.3451185 -0.2870875 0.874279
vn 0.581317 -0.101291 0.807337
vn -0.80699325 -0.14539751 0.5463198
vn -0.546983 -0.444899 0.709098
vn -0.325123 -0.26280662 0.90252405
vn -0.507065 -0.338633 0.792566
vn -0.664144 -0.305002 0.682516
vn -0.15399815 0.45304894 -0.8684374
vn -0.21775 0.603229 -0.767235
vn -0.21189 0.511155 -0.832942
vn -0.68395 0.526048 0.505417
vn -0.804804 0.525346 0.276193
vn -0.73072314 0.60584104 0.28838626
vn -0.009919 0.823084 0.567797
vn 0.016907 0.859676 0.510514
vn 0.14359 0.878536 0.455519
vn 0.3212834 -0.80142 -0.48894465
vn 0.37141 -0.677175 -0.635151
vn 0.515458 -0.664144 -0.541459
vn -0.81521 -0.444746 0.370922
vn -0.749458 -0.4110995 0.5098115
vn -0.711661 -0.479568 0.513352
vn -0.0119630005 0.83701575 0.509369
vn -0.15585038 0.66513175 0.292001
vn 0.015076 0.503616 0.863765
vn 0.037996 0.045106 0.99823
vn 0.018525 0.050722 0.998535
vn 0.053529 0.145848 0.987823
vn -0.506119 0.040651 0.861476
vn -0.573 -0.101321496 0.8048185
vn -0.514573 -0.144993 0.845088
vn -0.89428353 0.20475626 -0.379208
vn -0.7196407 0.13962013 -0.67407644
vn -0.806452 0.176397 -0.564348
vn -0.225074 0.26767775 0.93284374
vn -0.083895 0.223212 0.971129
vn -0.137028 0.385235 0.912564
vn 0.799951 -0.431623 -0.416791
vn 0.661916 -0.551103 -0.508011
vn 0.756401 -0.589923 -0.282479
vn 0.552019 -0.156865 0.818934
vn 0.6782415 -0.118677154 0.7166439
vn 0.46405688 0.031727877 0.882931
vn 0.2404849 0.7295458 -0.09337053
vn 0.128086 0.67333 -0.728111
vn -0.084292 0.599506 -0.795892
vn -0.396954 -0.877316 -0.269631
vn -0.323893 -0.923643 -0.20481
vn -0.402509 -0.196448 -0.89407
vn -0.35538077 -0.23221526 -0.90273404
vn -0.407849 -0.246254 -0.879177
vn -0.679735 0.58315897 0.443266
vn -0.613979 0.5648135 0.54948545
vn -0.600909 0.66979 0.43614
vn -0.072237 -0.509018 -0.857692
vn 0.0 -0.326029 -0.945341
vn -0.24918002 -0.9537761 -0.15478987
vn -0.175756 -0.907956 -0.380383
vn -0.176733 -0.915281 -0.36195
vn -0.178564 0.04004 -0.983093
vn -0.279397 0.111637 -0.953642
vn 0.016816 -0.104923 -0.994324
vn -0.8710058 0.43400785 0.22135076
vn -0.933775 0.357768 -0.003052
vn -0.928953 0.331248 0.165166
vn -0.853725 0.129917 -0.504196
vn -0.880612 0.132664 -0.454848
vn -0.913663 0.121677 -0.387768
vn 0.12006 0.162633 0.97923255
vn -0.063265 0.26603 0.9588455
vn 0.12476 -8.24E-4 0.992157
vn -0.2508193 0.65955305 -0.6941309
vn -0.333628 0.753502 -0.566485
vn -0.361217 0.766594 -0.530869
vn -0.558763 0.399365 -0.726829
vn -0.493667 0.368877 -0.7875
vn -0.579547 0.421735 -0.697287
vn -0.310282 -0.889584 -0.335154
vn -0.20054884 -0.9595266 -0.15707119
vn -0.2925655 -0.926649 -0.23592299
vn -0.017853 -0.917417 -0.397443
vn 0.040727 -0.957869 -0.2509385
vn -0.2772625 -0.9439235 0.15884933
vn 0.16772975 -0.69189274 0.69465476
vn -0.014893 -0.836421 0.547838
vn 0.07709 -0.803705 0.589984
vn 0.36587477 0.363517 0.8512149
vn 0.338359 0.245003 0.908536
vn 0.292032 0.333415 0.89639
vn -0.123950996 0.89242196 -0.399579
vn -0.260018 0.659383 -0.67705345
vn 0.045076 0.939085 -0.340678
vn 0.432325 0.060762 0.899655
vn 0.434919 0.059236 0.898495
vn -0.29966152 0.94460094 -0.08867125
vn -0.085574 0.996307 0.00528
vn -0.114566 0.971862 0.205756
vn -0.25984317 0.9114848 -0.29589695
vn -0.1075015 0.98243654 0.108798504
vn 0.387066 -0.91583 -0.106845
vn 0.2566 -0.955809 -0.143406
vn 0.2520065 -0.965087 -0.0455795
vn 0.8643832 0.49103552 0.041794747
vn 0.819758 0.556688 0.13422
vn 0.742271 0.561205 0.36607
vn 0.100803 0.213416 0.97174
vn -0.054659 0.247566 0.967315
vn 0.158116 0.340526 0.926817
vn 0.658986 0.124271 -0.741813
vn 0.498306 0.069124 -0.864223
vn 0.32102418 0.10097653 -0.87080854
vn 0.658986 0.124271 -0.741813
vn 0.618061 0.015656 -0.785943
vn 0.498306 0.069124 -0.864223
vn 0.4018941 -0.029206563 0.9058221
vn 0.420454 0.079043 0.903836
vn 0.377575 0.110935 0.919279
vn -0.141758 0.844905 -0.515763
vn -0.126316 0.677206 -0.724845
vn -0.45005274 0.5518701 -0.65927225
vn -0.805811 0.31086928 0.49285102
vn -0.94882 0.265816 0.170415
vn -0.86465 0.265328 0.426557
vn -0.3753315 -0.898816 -0.2219915
vn -0.376537 -0.901212 -0.214484
vn -0.345836 -0.919889 -0.184851
vn -0.267067 0.892575 0.363231
vn -0.685381 0.6910514 0.044490308
vn -0.29776165 0.77090526 0.41725302
vn -0.541124 0.615619 -0.572832
vn -0.401257 0.711325 -0.577013
vn -0.453719 0.705802 -0.543992
vn -0.569262 -0.15894 0.806604
vn -0.3721275 -0.2562335 0.89019454
vn -0.576281 -0.062105 0.814844
vn 0.238533 -0.820887 0.518815
vn 0.363201 -0.733421 0.574572
vn 0.343242 -0.729881 0.591113
vn 0.238533 -0.820887 0.518815
vn 0.21128 -0.779778 0.589312
vn 0.19698562 -0.80245763 0.5369921
vn -0.35661602 -0.92874527 -0.08590962
vn -0.517441 -0.835932 -0.182775
vn -0.53001505 -0.82573175 0.17049919
vn 0.046541 0.996734 -0.06595
vn 0.19235672 0.90845764 0.28005987
vn 0.207495 0.942534 -0.261788
vn -0.090365 -0.926847 0.36433
vn -0.039918 -0.957213 0.286599
vn 0.006806 -0.850093 0.526536
vn -0.60421693 0.31132385 -0.6751659
vn -0.52028 0.319926 -0.791772
vn 0.83257574 -0.47721052 -0.2712675
vn 0.828913 -0.53856 -0.150945
vn 0.809626 -0.585467 -0.041444
vn 0.783593 -0.535478 -0.314951
vn 0.823115 -0.514145 -0.240974
vn 0.821986 -0.531663 -0.204016
vn 0.122715 -0.992401 -0.007752
vn 0.227149 -0.972777 -0.045442
vn 0.190619 -0.980346 -0.050295
vn -0.216712 0.618641 0.75515
vn -0.238258 0.577288 0.780969
vn -0.183111 0.554918 0.811457
vn -0.008300999 0.047273498 0.995987
vn -0.209571 -0.012116 0.977691
vn -0.043886 0.155004 0.986908
vn 0.8788568 -0.43017912 -0.16294205
vn 0.948393 -0.264687 -0.174505
vn 0.61451674 -0.15620512 -0.70158225
vn 0.197928 0.8571425 -0.4196445
vn 0.111148 0.993744 0.009003
vn 0.091586 0.995727 0.010437
vn 0.566118 -0.653005 -0.503037
vn 0.296358 -0.68453777 -0.66356397
vn 0.306436 -0.8671075 -0.3646655
vn -0.448866 0.016511 -0.893429
vn -0.605365 -0.221809 -0.764397
vn -0.390698 -0.532914 -0.750542
vn 0.932829 -0.355998 0.055086
vn 0.932188 -0.35963 -0.040956
vn 0.932783 -0.3595385 -0.0228125
vn -0.055349126 -0.9916531 -0.105910756
vn -0.0017017501 -0.9998013 -0.01689175
vn 0.016175 -0.999054 -0.039888
vn 0.877407 -0.475051 -0.066622
vn 0.870174 -0.461592 -0.172246
vn 0.906827 -0.389386 -0.161229
vn 0.23181099 -0.94931626 -0.190466
vn 0.1089355 -0.97708046 -0.1057005
vn -0.022309 -0.999573 0.018189
vn 0.183874 0.901975 -0.390637
vn 0.482253 0.841182 -0.244575
vn 0.35847 0.802332 -0.477187
vn 0.338755 -0.722617 -0.602527
vn 0.091739 -0.862484 -0.497635
vn 0.268166 -0.653829 -0.70748
vn 0.233436 -0.193793 0.952849
vn 0.295144 -0.11127 0.948912
vn 0.245033 -0.22779 0.942351
vn -0.9213705 0.09307335 0.3241703
vn -0.748619 0.465773 0.471755
vn -0.738182 0.514664 0.436048
vn -0.050138123 -0.05279106 0.9958396
vn -0.253914 0.047578 0.966033
vn -0.078555 -0.025819 0.996551
vn -0.17931151 -0.0231175 0.9796135
vn -0.253914 0.047578 0.966033
vn -0.734645 0.26364172 -0.6208229
vn -0.812372 0.283242 -0.509659
vn -0.626637 0.379772 -0.680471
vn 0.79223 -0.564165 0.232521
vn 0.673421 -0.582812 0.454695
vn -0.76420635 0.3825531 -0.5098766
vn -0.59978 0.637226 -0.483902
vn -0.7296135 0.5901058 -0.31293675
vn -0.086703 0.97589 0.200201
vn -0.172826 0.963317 0.205237
vn -0.002319 0.793207 0.608905
vn -0.148167 -0.987823 -0.04709
vn -0.085299 -0.996063 -0.023652
vn -0.488968 0.008301 -0.87225
vn -0.509873 -0.026154 -0.859828
vn -0.7450293 -0.01825 -0.63964117
vn 0.728935 0.122135 -0.673544
vn 0.8029875 0.50061053 -0.27579552
vn 0.734001 0.190619 -0.651814
vn 0.435774 0.390484 0.810907
vn 0.470199 0.442305 0.763695
vn 0.66497576 0.51825726 -0.48731476
vn -0.118992 -0.991333 0.0553
vn -0.3009547 -0.92446506 0.20545055
vn -0.1087835 -0.990753 0.059800997
vn -0.126469 0.145482 0.981231
vn -0.079043 0.119907 0.989624
vn 0.022919 0.082034 0.996338
vn -0.075472 -0.927732 0.36552
vn -0.13829449 -0.84037304 0.5115665
vn -0.130711 -0.77929 0.612842
vn 0.76278 0.363475 -0.534806
vn 0.706778 0.343944 -0.618152
vn 0.771355 0.340403 -0.537675
vn -0.108646 0.789819 -0.603595
vn -0.034791 0.825007 -0.563982
vn 0.010224 0.593158 -0.804987
vn -0.24971026 0.9180311 0.28708375
vn -0.315134 0.881436 0.351726
vn -0.429273 0.777337 0.459792
vn 0.3978695 0.3662675 0.83672595
vn 0.136265 0.082156 0.987243
vn 0.338511 0.314615 0.886776
vn 0.110141 0.922086 0.370922
vn 0.079409 0.969054 0.23365
vn 0.067324 0.935789 0.346019
vn 0.019715 -0.699057 0.714743
vn 0.082293 -0.7362435 0.6696985
vn 0.017853 -0.706809 0.707144
vn 0.707633 0.655263 0.26429
vn 0.7167845 0.69121766 0.07516737
vn 0.741203 0.650838 0.164373
vn 0.285257 -0.171209 -0.943022
vn 0.31741524 -0.2192065 -0.91671526
vn 0.225105 -0.183813 -0.956816
vn 0.242683 -0.382 0.89169
vn 0.303385 -0.294198 0.906308
vn 0.221107 -0.5435955 0.795877
vn -0.634693 -0.690481 -0.346904
vn -0.675741 -0.648244 -0.350871
vn -0.345653 -0.564562 -0.749504
vn -0.151128 -0.556505 -0.81695
vn -0.28020185 -0.5204475 -0.804807
vn -0.658498 -0.314585 -0.683645
vn -0.7087921 -0.120403 -0.6465385
vn -0.629078 0.142369 -0.764183
vn 0.029298 -0.999512 0.009217
vn 0.2275915 -0.9347742 -0.2454755
vn 0.19367 -0.973022 -0.12534
vn -0.24533348 0.23055097 -0.8864246
vn -0.46685272 0.22034755 -0.84807515
vn -0.475051 0.140599 -0.868648
vn -0.564898 -0.755333 0.332133
vn -0.719138 -0.622822 0.308054
vn -0.015992 0.007569 -0.999817
vn 0.084719 -0.009491 -0.996338
vn 0.748741 -0.485153 -0.451613
vn 0.706076 -0.48619 -0.514817
vn 0.640339 -0.468276 -0.608783
vn -0.20554224 0.40621674 -0.86337626
vn -0.066591 0.616077 -0.784845
vn -0.092715 0.386364 -0.917661
vn -0.14293349 0.9756005 0.1532335
vn 0.036225 0.972625 0.229408
vn -0.074496 0.971831 0.223426
vn 0.41673 -0.908994 -0.00473
vn 0.10330678 -0.96614337 0.042731278
vn 0.249001 -0.968444 -0.008545
vn -0.1637165 0.6913965 0.7025205
vn -0.032624 0.43849 0.898129
vn -0.053957 0.626026 0.777917
vn -0.200476 0.46849 0.860378
vn -0.236305 0.552538 0.799249
vn -0.26249 0.481246 0.836329
vn 0.8388468 0.2956745 -0.40377522
vn 0.888913 0.153722 -0.43144
vn 0.871517 0.308603 -0.381054
vn 0.758293 0.536668 0.370067
vn 0.738395 0.603931 0.299997
vn 0.6740315 0.548097 0.462966
vn 0.169256 0.947844 -0.269997
vn -0.017853 0.69042 -0.723167
vn 0.25006875 0.9140903 -0.3117695
vn 0.731864 -0.6039 0.315653
vn 0.82015455 -0.54863095 0.0193335
vn 0.7092426 -0.4160796 -0.5414365
vn 0.869625 -0.434614 -0.234077
vn 0.844234 -0.477004 -0.244362
vn 0.838923 -0.388379 -0.381176
vn 0.19013 -0.038881 0.980956
vn 0.23062488 0.053537127 0.97022915
vn 0.015259 0.157018 0.987457
vn -0.319132 0.947264 0.027955
vn -0.460158 0.879635 -0.120304
vn -0.300516 0.929228 -0.21482
vn -0.225562 0.973022 0.048372
vn -0.649373 0.748802 0.13245
vn -0.56890124 0.7265124 0.25048625
vn -0.246223 -0.062777 -0.967162
vn -0.181188 -0.049409 -0.982177
vn -0.21485 0.037233 -0.975921
vn -0.433699 0.024415 -0.900693
vn -0.246223 -0.062777 -0.967162
vn -0.21485 0.037233 -0.975921
vn 0.17478 -0.589343 0.78872
vn 0.169469 -0.838099 0.518479
vn 0.250282 -0.56502 0.786187
vn 0.147038 -0.35844 -0.921873
vn 0.139286 -0.20011 -0.969787
vn 0.15245551 -0.26024652 -0.9527725
vn 0.2386836 -0.2665153 -0.83845603
vn 0.339702 -0.820734 -0.459304
vn 0.456313 -0.823145 -0.337901
vn 0.51258683 -0.31308454 -0.76574576
vn 0.4252684 -0.2794444 -0.8536963
vn 0.289376 -0.08591 -0.953337
vn 0.006561 0.237373 0.971374
vn -0.061575186 0.09309287 0.9921092
vn 0.017365 0.276193 0.960936
vn 0.659871 0.411969 -0.628346
vn 0.634907 0.52797 -0.564013
vn 0.506149 0.481796 -0.715293
vn 0.630146 -0.402509 -0.663991
vn 0.62436664 -0.32527775 -0.7008386
vn 0.777856 -0.40965 -0.476516
vn 0.688192 0.161016 0.707419
vn 0.693899 0.219337 0.685812
vn 0.736106 0.172979 0.654347
vn 0.197302 -0.289468 0.936613
vn 0.119175 -0.020447 0.992645
vn 0.32554474 -0.09894113 0.93602186
vn 0.273293 -0.220313 0.936338
vn 0.366619 -0.276589 0.888272
vn 0.338115 -0.178533 0.924009
vn -0.039491 0.638356 -0.7687
vn -0.116001 0.497848 -0.859432
vn 0.561815 0.293588 -0.77337
vn 0.869778 0.263161 -0.417341
vn 0.8468887 -0.012779501 -0.5085225
vn -0.642689 0.415601 0.643544
vn -0.63216 0.443312 0.635456
vn -0.802759 0.281838 0.525468
vn -0.091708 0.59035 0.801904
vn -0.090518 0.629505 0.771661
vn -0.065493 0.592975 0.802515
vn -0.054811 -0.296213 0.95352
vn 0.005737 -0.297983 0.954527
vn -0.131413 -0.192175 0.972503
vn -0.617176 0.786767 0.008667
vn -0.720237 0.692099 -0.047304
vn -0.713218 0.696524 0.078188
vn -0.578997 0.697745 0.421735
vn -0.600787 0.648335 0.467605
vn -0.614399 0.657765 0.435682
vn -0.514115 -0.624043 -0.588397
vn -0.366832 -0.789239 -0.492416
vn 0.083965935 -0.80152285 0.19938307
vn -0.46839797 -0.82981396 -0.28102952
vn -0.35023 -0.850307 -0.392773
vn -0.3455 -0.883389 -0.316568
vn -0.684774 0.546495 0.48207
vn -0.57715094 0.5273597 0.618816
vn -0.575457 0.602374 0.553087
vn 0.1167236 -0.5755465 -0.80572754
vn 0.061861 -0.542955 -0.837458
vn 0.039186 -0.652821 -0.756462
vn 0.76258147 -0.44984505 0.45580575
vn 0.80784 -0.50206 0.308298
vn 0.793115 -0.348155 0.49971
vn -0.006722845 0.4930084 -0.8068441
vn -0.148106 0.234169 -0.960814
vn -0.051241 0.197028 -0.979034
vn -0.481948 -0.719718 -0.49971
vn -0.479293 -0.717734 -0.505081
vn -0.463485 -0.762047 -0.452101
vn -0.766991 0.139805 0.626209
vn -0.712272 0.074099 0.697958
vn -0.78869 0.221686 0.573382
vn -0.215613 -0.041993 -0.975555
vn -0.079867 0.028382 -0.996399
vn -0.092624 0.052705 -0.994293
vn -0.4476571 -0.8419672 0.2766045
vn -0.41673 -0.701682 0.577868
vn -0.578692 -0.634785 0.511979
vn 0.7161067 0.012186673 0.6843687
vn 0.8871045 -0.27409422 0.35209972
vn 0.945677 -0.264718 0.188696
vn 0.03961675 0.6028037 -0.7862044
vn 0.091739 0.167669 -0.981536
vn -0.28358763 -0.028952625 -0.93320274
vn 0.14819218 -0.93158734 -0.17068239
vn 0.224372 -0.44554 -0.866665
vn 0.024354 -0.992309 0.121097
vn 0.013977 -0.996704 0.079531
vn 0.3642385 0.799173 -0.4540845
vn 0.340342 0.930235 -0.136967
vn 0.157994 0.959868 -0.231666
vn -0.091029 0.38161126 0.90435505
vn -0.084078 0.314341 0.945555
vn -0.222503 0.52322495 0.81990254
vn -0.196356 0.663045 -0.722343
vn -0.034684498 0.461165 -0.8773155
vn -0.243812 0.535081 -0.808832
vn 0.978973 0.103854 0.175451
vn 0.92072797 0.11623 0.35081
vn 0.995575 0.071108 0.061281
vn -0.1259805 0.9823755 -0.129246
vn -0.17307 0.941099 -0.290384
vn -0.293497 0.82638 -0.480514
vn -0.13345069 -0.044424344 -0.9657346
vn -0.2145098 0.08999153 -0.9672242
vn -0.10529625 0.08219412 -0.98993623
vn 0.792108 0.520341 -0.318949
vn 0.6952345 0.34104824 -0.6105455
vn 0.719443 0.544389 -0.431227
vn 0.236824 -0.233894 -0.942961
vn 0.3208415 -0.2612535 -0.9073535
vn 0.225105 -0.183813 -0.956816
vn 0.396619 -0.130985 0.908567
vn 0.343394 0.058504 0.937346
vn 0.426374 -0.10361 0.898556
vn 0.151524 -0.953825 0.259285
vn 0.176641 -0.95349 0.244179
vn 0.203436 -0.870449 0.448195
vn 0.625843 0.113163 -0.771661
vn 0.6197948 0.02708325 -0.7780466
vn 0.76345485 -0.055757128 -0.63662773
vn 0.314646 0.571001 0.758232
vn 0.175268 0.53148 0.82873
vn -0.521897 -0.331156 -0.786065
vn -0.59022415 -0.5990133 -0.5319568
vn -0.664388 -0.431959 -0.609851
vn -0.2454145 0.0968655 -0.95832723
vn 0.06595 -0.002106 -0.997803
vn -2.14E-4 -0.134831 -0.990844
vn 0.52539146 0.16991538 -0.830382
vn 0.605258 0.3247625 -0.7232125
vn 0.632313 0.294107 -0.716666
vn -0.0305795 -0.032197 -0.99813855
vn 0.131535 0.014252 -0.99118
vn 0.693533 -0.681509 0.233497
vn 0.53402054 -0.588725 0.6037935
vn 0.38184944 -0.73007137 0.54588646
vn 0.421552 0.146229 0.865551
vn 0.2249482 -0.024777312 0.9658821
vn 0.418287 -0.221076 0.880978
vn 0.544908 0.179144 0.819117
vn 0.447707 -0.185766 0.87466
vn 0.244362 0.799676 -0.548448
vn -0.062273312 0.90474975 -0.40021986
vn 0.35847 0.802332 -0.477187
vn 0.058328528 0.855212 -0.4981702
vn 0.132542 0.615558 -0.776818
vn -0.009247 0.587054 -0.809473
vn -0.342448 -0.888363 -0.305795
vn -0.226905 -0.868648 -0.440352
vn -0.292001 -0.928404 -0.229682
vn 0.47734 -0.222938 0.84994
vn 0.630421 -0.346294 0.694693
vn 0.471969 -0.19364 0.860042
vn 0.778985 -0.191565 0.597034
vn 0.866848 -0.252663 0.429762
vn 0.794366 -0.146672 0.589435
vn 0.630787 -0.379162 -0.676992
vn 0.618458 -0.374676 -0.690725
vn 0.6078525 -0.367748 -0.7020397
vn -0.83639 0.236824 0.494278
vn -0.783654 0.329875 0.526353
vn -0.64098 0.348491 0.683859
vn -0.05676257 0.2316355 -0.9331417
vn -0.245308 0.180517 -0.952452
vn -0.252449 0.144353 -0.956755
vn 0.108921 -0.973846 0.199255
vn 0.05649 -0.99469 0.085726
vn -0.071253 -0.9749213 0.17398626
vn -0.258461 0.209418 -0.943022
vn -0.26371 0.066591 -0.962279
vn -0.95241976 -0.09146382 -0.094321
vn -0.958129 -0.1554 -0.240364
vn -0.997467 -0.023682 -0.066897
vn 0.085665 -0.995086 -0.049257
vn 0.132786 -0.985534 -0.105197
vn 0.096896 -0.993774 0.054567
vn -0.455184 0.438185 0.775079
vn -0.590472 0.382397 0.710685
vn -0.491867 0.395734 0.775506
vn -0.719138 -0.622822 0.308054
vn -0.671865 -0.708121 0.217017
vn -0.142979 -0.986572 -0.078616
vn -0.19435725 -0.97881997 -0.039636
vn -0.237159 -0.969115 -0.06711
vn -0.082736 -0.246437 0.965606
vn -0.325297 -0.436201 0.838954
vn -0.50281733 -0.17150256 0.7565403
vn -0.321879 0.327647 -0.888241
vn -0.508255 0.377941 -0.76084197
vn -0.467513 -0.140324 -0.872768
vn -0.09142856 -0.9912344 -4.4909306E-4
vn -0.0385755 -0.9650865 0.2516405
vn -0.012329 -0.994079 0.107883
vn 0.374279 0.028809 -0.926847
vn 0.537889 -0.055513 -0.841151
vn 0.317331 0.019166 -0.948088
vn -0.331736 -0.922391 0.197699
vn -0.4201785 -0.895474 -0.1007795
vn 0.397259 -0.603717 -0.691122
vn 0.452956 -0.532243 -0.715201
vn -0.814142 0.467055 -0.34492
vn -0.827387 0.435682 -0.35435
vn -0.781152 0.566698 -0.26194
vn 0.546159 0.589923 0.594684
vn 0.618336 0.681478 0.3914
vn 0.363689 0.799921 0.477279
vn 0.040895 0.888699 -0.456648
vn 0.068972 0.758171 -0.648366
vn 0.229789 0.8972745 -0.37208152
vn 0.4795882 0.44908476 0.7457974
vn 0.600604 0.607562 0.5197
vn 0.626759 0.639454 0.445204
vn -0.40061653 0.0439465 0.913175
vn -0.329783 0.051943 0.942595
vn -0.53173935 0.071367875 0.8393085
vn 0.34871298 -0.6910691 0.5529069
vn -0.466872 -0.393139 0.792077
vn -0.85459447 -0.24794969 0.35380858
vn -0.0770745 0.4474625 -0.890652
vn -0.23838 0.433912 -0.868831
vn -0.191992 0.508805 -0.839167
vn 0.144292 0.98526 -0.091678
vn -0.189642 0.91348 -0.359905
vn -0.119724 0.992065 0.03824
vn -0.86877 -0.264748 -0.418439
vn -0.91149664 -0.18470976 -0.35181338
vn -0.877499 -0.408673 -0.250832
vn -0.173681 0.551195 0.816065
vn -0.265023 0.609272 0.747307
vn 0.380322 0.87405 -0.302194
vn 0.338298 0.898373 -0.280068
vn 0.209143 0.804071 -0.556505
vn 0.8993195 0.39654225 0.17651874
vn 0.739708 0.5103 0.438643
vn 0.787683 0.574023 0.22364
vn -0.304605 -0.008484 -0.952422
vn -0.357524 0.178991 -0.916562
vn -0.376568 0.13303 -0.916776
vn -0.304605 -0.008484 -0.952422
vn -0.30742073 -0.03199125 -0.94936955
vn -0.396466 0.156194 -0.90463
vn 0.073126376 0.13819364 0.9848513
vn -0.021393 0.231117 0.972655
vn -0.148503 0.22599 0.962737
vn -0.25793684 -0.9333838 0.22155319
vn -0.384075 -0.893765 0.231513
vn -0.34774324 -0.92109835 0.16891226
vn 0.283792 -0.151311 -0.946837
vn 0.046968 -0.208411 -0.976897
vn 0.252083 -0.234565 -0.93881
vn 0.696188 -0.535325 0.478225
vn 0.574877 -0.728599 0.372326
vn 0.16245 0.259041 -0.952086
vn 0.313639 0.278664 -0.907712
vn 0.369999 0.475036 -0.78961277
vn -0.571001 0.706473 -0.418104
vn -0.660909 0.637532 -0.395856
vn -0.66922295 0.6391262 -0.37207246
vn -0.686453 0.609821 -0.396039
vn -0.636433 0.599384 -0.485458
vn -0.336314 -0.182348 -0.923917
vn -0.236427 0.075564 -0.968688
vn -0.243782 -0.0159 -0.969665
vn -0.46416944 0.24944112 0.846593
vn -0.420515 0.287271 0.860591
vn -0.5058555 0.39415413 0.7552642
vn 0.7815485 0.5439925 0.300043
vn 0.863033 0.502762 0.048402
vn 0.842799 0.380047 0.381054
vn 0.9202554 -0.18140271 -0.07648593
vn 0.9828793 -0.08043175 0.050287
vn 0.967009 -0.157811 -0.199866
vn -0.82622015 0.4730255 -0.30182025
vn -0.867885 0.466384 -0.170843
vn -0.834101 0.495743 -0.241859
vn -0.5251317 0.1817455 0.82626575
vn -0.5707575 0.330592 0.74987054
vn -0.499496 0.201483 0.842524
vn -0.027806371 0.452368 0.8854375
vn 0.190619 0.391156 0.900357
vn 0.110752 0.420026 0.900693
vn 0.6953071 -0.59571195 -0.29472306
vn 0.5076605 -0.819468 -0.2244025
vn 0.505936 -0.862362 0.017457
vn -0.057711 0.451796 -0.890225
vn -0.170629 0.237526 -0.956236
vn 0.107334 0.290475 -0.950835
vn -0.094607 0.535478 0.839198
vn -0.1292 0.54294 0.82873
vn -0.198798 0.590289 0.782311
vn 0.099277 -0.990509 -0.094913
vn 0.103824 -0.987365 -0.119541
vn 0.44428125 -0.74695563 -0.48382512
vn -0.9744675 -0.12830375 0.105865
vn -0.927183 -0.364513 0.086215
vn -0.959777 -0.134068 0.246651
vn -0.9532748 -0.09263021 0.19633088
vn -0.9841 -0.158757 0.079318
vn 0.484481 0.366466 0.794336
vn 0.32098612 0.07379 0.92556536
vn 0.5460566 0.45868576 0.689852
vn 0.003174 0.967101 0.254341
vn 0.005188 0.999939 0.008026
vn -0.04564 0.89411604 0.41287
vn 0.30560648 0.15565394 0.92172563
vn 0.147954 0.393719 0.907224
vn 0.13007 0.365062 0.921842
vn -0.58978575 0.30622274 0.7370375
vn -0.42997342 0.2100915 0.8750534
vn -0.423963 0.101382 0.89996
vn 0.709372 0.255287 0.656911
vn 0.529862 0.33784 0.777856
vn 0.732749 0.202094 0.649739
vn 0.040803 -0.962066 -0.269662
vn 0.201159 -0.88362145 -0.41683322
vn 0.020142 -0.908689 -0.416944
vn 0.204535 -0.675161 0.708701
vn 0.1406905 -0.735023 0.6545305
vn 0.201575 -0.660939 0.722831
vn -0.832728 -0.24590299 -0.489349
vn -0.856594 -0.365337 -0.364299
vn -0.84695 -0.331248 -0.415815
vn -0.86343 -0.132511 0.48674
vn -0.938688 -0.135014 0.317179
vn -0.921232 -0.174047 0.34785
vn -0.12598 -0.990875 0.047792
vn -0.117405 -0.972228 0.202399
vn -0.251595 -0.96762 -0.019074
vn 0.95829654 -0.1708275 0.22714949
vn 0.8761157 -0.19468817 0.4260345
vn 0.931242 -0.300424 0.206091
vn 0.186163 0.638081 -0.747093
vn 0.099155 0.658284 -0.746178
vn 0.031343 0.544633 -0.838069
vn -0.570177 0.66747 0.478866
vn -0.49382 0.716666 0.492416
vn -0.43025 0.668874 0.606159
vn -0.570177 0.66747 0.478866
vn -0.498367 0.837947 0.222358
vn -0.470962 0.800501 0.370617
vn 0.4376505 0.42724353 -0.7883543
vn 0.555986 0.500473 -0.663564
vn 0.498093 0.541093 -0.677541
vn 0.31987047 -0.93204474 0.16811137
vn 0.187994 -0.973601 0.129307
vn 0.24266025 -0.952109 0.17944124
vn 0.632252 0.345347 -0.693503
vn 0.765252 0.265542 -0.586383
vn 0.757958 0.417707 -0.500961
vn 0.471053 -0.317148 -0.823084
vn 0.565569 -0.289163 -0.772332
vn 0.675863 -0.262337 -0.688711
vn -0.31680137 0.24006419 0.9162532
vn -0.107761 0.239265 0.964934
vn -0.092349 0.311106 0.94586
vn -0.18979424 0.94533396 0.17135349
vn -0.304575 0.952452 0.007202
vn -0.3405715 0.83675647 -0.38212252
vn 0.442183 -0.410382 -0.79751
vn 0.1529475 -0.39613387 -0.89255613
vn 0.108203 -0.3598745 -0.91631854
vn -0.231544 0.232612 0.944578
vn -0.079806 0.314829 0.945769
vn -0.254707 0.030824 -0.966521
vn -0.225532 0.016266 -0.97409
vn -0.268319 -0.001801 -0.963317
vn -0.254707 0.030824 -0.966521
vn -0.231605 0.057405 -0.971099
vn -0.2676015 0.050531 -0.96123374
vn -0.346965 0.870724 0.34843
vn -0.304514 0.803674 0.511216
vn -0.436781 0.840815 0.319712
vn 0.121525 -0.992187 -0.027375
vn 0.047876 -0.994789 0.087496504
vn 0.092759185 0.38247144 -0.89890444
vn 0.248451 0.610431 -0.752068
vn -0.212378 0.101505 -0.971892
vn -0.13291788 0.17126781 -0.97293556
vn -0.31805438 -0.27285463 -0.90363204
vn -0.12656 0.260537 -0.957121
vn -0.04948225 0.537217 -0.8371761
vn -0.211035 0.026582 -0.977111
vn -0.27075595 -0.06315317 0.9529848
vn -0.21305 0.190191 0.958342
vn -0.327128 0.157933 0.931669
vn 0.26513502 -0.80023336 0.5128213
vn 0.061068 -0.770135 0.634938
vn -0.051546 -0.828059 0.558214
vn 0.3130446 0.09628608 0.933989
vn -0.027589 0.123875 0.991882
vn -0.0601675 0.1993165 0.9758445
vn 0.188604 0.150243 0.970458
vn -0.027589 0.123875 0.991882
vn 0.3977573 -0.37775943 -0.76803327
vn 0.6370244 -0.31399363 -0.68477046
vn 0.615741 -0.393689 -0.682516
vn 0.192022 0.056856 -0.979736
vn 0.28307155 -0.09420566 -0.9459007
vn 0.233924 -0.060427 -0.970367
vn 0.180425 0.246162 -0.952269
vn 0.259163 0.30137 -0.9176
vn 0.110477 0.237953 -0.964965
vn -0.815943 0.311594 -0.486953
vn -0.816767 0.3108 -0.486038
vn -0.845393 0.364055 -0.39082
vn -0.127781 0.984832 -0.117283
vn -0.288369 0.830012 -0.47734
vn -0.233863 0.724967 -0.647816
vn 0.723441 -0.348796 0.595752
vn 0.789026 -0.493789 0.365459
vn -0.5027232 0.26115766 0.81900954
vn -0.404218 0.247444 0.88052
vn -0.340648 -0.907529 0.245643
vn -0.333476 -0.886685 0.318537
vn -0.444075 -0.875912 0.188482
vn 0.4633165 -0.4213385 -0.775506
vn 0.56891835 -0.4253267 -0.7012466
vn 0.576922 -0.402692 -0.710624
vn -0.805567 0.489669 -0.333537
vn -0.6871393 0.18408799 -0.6887498
vn -0.82992 0.468154 -0.303323
vn -0.805567 0.489669 -0.333537
vn -0.27138782 -0.82161075 -0.43725017
vn -0.167394 -0.955718 -0.24192
vn -0.155339 -0.981933 -0.107822
vn -0.312326 3.36E-4 -0.94995
vn -0.4643161 -0.03211687 -0.8646354
vn -0.378368 -0.12891 -0.916593
vn -0.482345 -0.412458 -0.77279
vn -0.481338 -0.085238 -0.872341
vn -0.359203 0.011841 -0.933164
vn 0.15067 -0.976989 -0.150884
vn 0.148381 -0.986984 -0.059389003
vn 0.25779 -0.949034 -0.181219
vn -0.087924 -0.337321 -0.937254
vn 0.004608 -0.289224 -0.957213
vn -0.214545 -0.197455 -0.956511
vn -0.54435825 0.39411598 0.73904395
vn -0.593097 0.646046 0.480422
vn -0.558184 0.508652 0.655477
vn 0.335154 -0.427564 -0.839534
vn 0.21715015 -0.36604744 -0.8847219
vn 0.372082 -0.411878 -0.831782
vn 0.541673 -0.543931 -0.640828
vn 0.592975 -0.508805 -0.624043
vn 0.3667494 -0.531251 -0.7258217
vn 0.59412855 0.35300964 0.67057574
vn 0.728629 0.049867 0.683035
vn 0.5541855 0.2216865 0.7962885
vn -0.751427 -0.077944 0.655141
vn -0.6463668 -0.34103674 0.6738335
vn 0.906827 -0.389386 -0.161229
vn 0.88120997 -0.370403 0.2271634
vn 0.909055 -0.415204 0.034028
vn 0.914548 -0.289346 0.28254
vn 0.922422 -0.287423 0.25782
vn 0.7863894 -0.15372926 0.5861385
vn -0.278634 0.551561 -0.786187
vn -0.18867211 0.7363586 -0.64697504
vn 0.90933 0.133061 -0.394147
vn 0.932859 0.324442 -0.156377
vn -0.545274 0.823267 0.15772
vn -0.334697 0.937895 0.090915
vn -0.474899 0.860042 0.186407
vn 0.554643 -0.086856 0.827509
vn 0.684622 -0.060701 0.726341
vn -0.292764 -0.891232 -0.346324
vn -0.312662 -0.80755 -0.500015
vn -0.268654 -0.915952 -0.298074
vn 0.554239 -0.28294086 -0.7701156
vn 0.627796 -0.195929 -0.753288
vn 0.67391 -0.26307 -0.690359
vn -0.037812 -0.956053 0.290689
vn -0.243416 -0.969024 -0.041383
vn -0.009033 -0.999908 -0.006561
vn -0.271401 0.124882 -0.954314
vn -0.30165273 0.03506575 -0.94771427
vn -0.211921 0.13065 -0.968505
vn -0.271401 0.124882 -0.954314
vn -0.06946 0.154363 -0.985565
vn -0.283639 0.104434 -0.953215
vn 0.028962 0.964782 0.261391
vn 0.086215 0.945952 0.312571
vn -0.41252634 0.53697896 0.5943905
vn 0.371044 -0.919401 0.130375
vn 0.378155 -0.904477 -0.19718
vn 0.336375 -0.900266 -0.276315
vn 0.509507 0.831507 0.22132
vn 0.501541 0.805292 0.31608
vn 0.487991 0.817011 0.307108
vn 0.109622 0.645619 0.755699
vn 0.219733 0.538072 0.8116855
vn 0.141697 0.673757 0.725211
vn -0.23777 -0.938353 0.250832
vn -0.463973 -0.80694 0.365398
vn 0.96072865 0.060402974 -0.026793035
vn 0.992218 0.053224 -0.112308
vn 0.974639 0.214393 -0.064119
vn 0.684622 -0.060701 0.726341
vn 0.683462 -0.131474 0.718009
vn 0.749962 -0.127079 0.649129
vn 0.764122 -0.343577 0.545915
vn 0.769372 -0.26838 0.579638
vn -0.594562 0.675405 0.436201
vn -0.666128 0.359294 0.653554
vn -0.745933 0.409894 0.524888
vn 0.303995 -0.172979 -0.936827
vn 0.2391735 -0.078646496 -0.966918
vn 0.37376 -0.154942 -0.914457
vn 0.7562562 -0.25733948 0.44231248
vn 0.808069 -0.448439 0.38197
vn 0.723869 -0.383679 0.573382
vn -0.367687 0.841792 0.395184
vn -0.308359 0.874691 0.373882
vn -0.459761 0.798639 0.388256
vn 0.16422 0.354076 0.920652
vn 0.20057523 0.431074 0.8772317
vn 0.222877 0.318644 0.921262
vn -0.91296893 0.305347 -0.19349094
vn -0.958312 0.285073 0.017487
vn -0.97985023 0.09240587 0.04288988
vn 0.215949 0.919675 0.327891
vn 0.285714 0.881558 0.375713
vn 0.160772 0.850826 0.500229
vn 0.11926074 0.08120025 -0.9830487
vn 0.070864 0.11539 -0.990783
vn 0.278054 0.228248 -0.933042
vn 0.839625 -0.496323 0.220649
vn 0.82045555 -0.50262326 -0.016517647
vn 0.747887 -0.560533 0.355541
vn -0.081851 -0.974914 0.206885
vn 0.013947 -0.998047 0.060823
vn 0.018342 -0.950072 0.311411
vn -0.42208225 -0.74676514 -0.5085949
vn -0.347514 -0.765496 -0.54149
vn -0.401959 -0.73751 -0.542619
vn -0.634022 0.468429 0.615253
vn -0.369152 0.4280225 0.8217415
vn -0.37304324 0.58270526 0.71156925
vn 0.63448 -0.390423 0.667043
vn 0.603168 -0.450575 0.658132
vn 0.659612 -0.37768924 0.6492202
vn -0.98349 0.101871 0.149449
vn -0.995209 0.097507 2.75E-4
vn 0.678732 0.729331 -0.08594
vn 0.80277455 0.33587903 -0.48478675
vn 0.735069 0.580706 -0.349895
vn 0.05174256 0.8580929 -0.49391562
vn -0.247291 0.849483 -0.466048
vn -0.021516 0.946837 -0.320963
vn -0.317942 0.924528 -0.21012
vn -0.287759 0.91573846 -0.2510605
vn -0.241462 0.970367 0.004791
vn -0.734642 0.546861 0.401471
vn -0.751213 0.564257 0.342418
vn -0.49183846 0.46053588 0.7040831
vn -0.95233774 -0.05251475 -0.2734685
vn -0.9111768 -0.26941144 -0.23930801
vn -0.940611 -0.07123 -0.331889
vn -0.59508 0.009613 -0.803583
vn -0.528489 0.052713 -0.84550047
vn -0.121891 -0.985412 -0.118595
vn -0.179907 -0.903287 -0.389447
vn -0.203131 -0.957976 -0.202399
vn -0.38039798 -0.626499 -0.668859
vn -0.455275 -0.217566 -0.863338
vn -0.654408 0.702322 0.280068
vn 0.489822 0.771355 -0.406201
vn 0.468245 0.742821 -0.478469
vn 0.369091 0.734886 -0.568926
vn -0.77391243 -0.56934834 -0.26716232
vn -0.727775 -0.659474 -0.188055
vn -0.351665 0.242897 -0.90405
vn -0.55469465 0.110429525 -0.8145689
vn -0.549608 0.178014 -0.816218
vn 0.310495 -0.182775 0.932798
vn 0.57214785 -0.30371058 0.7527158
vn 0.349925 -0.28486 0.892392
vn 0.612995 -0.218879 0.759117
vn 0.75550103 -0.312876 0.571688
vn 0.691885 -0.222846 0.686728
vn 0.495895 -0.089328 -0.863765
vn 0.403912 -0.051943 -0.913297
vn 0.32768497 -0.13580362 -0.92980075
vn 0.082583 0.892117 0.444136
vn 0.020271752 0.93544555 0.33847326
vn 0.040254 0.860073 0.50853
vn 0.545854 0.025025 -0.837489
vn 0.411603 -0.045167 -0.910215
vn 0.535844 -0.020539 -0.84405
vn -0.26153418 0.9562193 -0.07146475
vn -0.285073 0.958342 0.015931
vn -0.332438 0.942534 0.032868
vn -0.788934 0.285714 0.543962
vn -0.794275 0.381481 0.472823
vn -0.433332 0.521134 -0.735252
vn -0.506058 0.215949 -0.835017
vn -0.361644 0.476028 -0.801599
vn 0.370647 0.723136 -0.582781
vn 0.367931 0.678487 -0.635792
vn 0.529496 0.471236 -0.705374
vn 0.62481433 0.5441103 0.48012173
vn 0.530412 0.628803 0.568529
vn 0.644154 0.55089 0.530595
vn 0.441725 -0.45262 0.77459
vn 0.413007 -0.492172 0.7549825
vn 0.632954 -0.488937 0.600208
vn 0.70336 -0.235664 0.670614
vn 0.810907 -0.303629 0.500198
vn -0.4528945 0.2457045 -0.85631895
vn -0.484817 0.230934 -0.843562
vn -0.38644826 0.1601305 -0.9038588
vn -0.638264 0.684744 0.351726
vn -0.63579226 0.62846774 0.42626727
vn -0.63351846 0.75721776 0.11214775
vn 0.56654954 0.54093075 -0.5449724
vn 0.654653 0.220099 -0.723136
vn 0.748405 0.242866 -0.617145
vn -0.347484 -0.832514 0.43141
vn -0.407331 -0.807733 0.42616
vn -0.388867 -0.812586 0.434126
vn -0.505264 0.321451 0.800836
vn -0.5739465 0.409482 0.7071905
vn -0.487869 0.401685 0.774987
vn 0.190619 0.391156 0.900357
vn 0.35198152 0.41883576 0.8332279
vn 0.089015 0.3392895 0.9312037
vn 0.190619 0.391156 0.900357
vn 0.454543 0.491287 0.742973
vn 0.237159 0.364116 0.900632
vn -0.301981 0.740715 -0.600085
vn -0.418226 0.84344 -0.337107
vn -0.1703925 0.912183 -0.3489485
vn 0.68511 -0.327494 -0.650624
vn 0.7951755 -0.40846 -0.443007
vn 0.666799 -0.433302 -0.606281
vn 0.907559 -0.143468 -0.394604
vn 0.919309 -0.240883 -0.311136
vn 0.903653 -0.22071 -0.366955
vn 0.765923 0.603015 -0.222877
vn 0.683309 0.673238 -0.282449
vn 0.673574 0.68215 -0.284433
vn 0.246467 0.296548 0.922636
vn 0.25425 0.261788 0.931028
vn 0.195257 0.198126 0.960509
vn 0.29308265 0.20491372 0.93116546
vn 0.543016 0.166997 0.822932
vn 0.1622785 0.5047876 0.7973763
vn 0.530839 -0.023377 0.847133
vn 0.77106994 -0.18696871 0.6057981
vn 0.565996 -0.144658 0.811609
vn 0.525163 -0.109867 0.843837
vn 0.789453 -0.500687 0.354991
vn 0.806879 -0.464644 0.364727
vn -0.387005 -0.845882 -0.366924
vn -0.36552 -0.918058 -0.153386
vn -0.378704 -0.922575 -0.073519
vn 0.262673 -0.888455 -0.376293
vn 0.085574 -0.245216 0.957213
vn 0.302957 0.045839 0.951872
vn 0.4088297 -0.10120513 0.8303628
vn -0.472701 -0.145543 -0.869106
vn -0.414502 0.024903 -0.909696
vn 0.086489 0.994629 0.056337
vn 0.216285 0.952971 0.212226
vn 0.06299 0.950743 0.303415
vn -0.8357361 -0.37357542 -0.3862551
vn -0.987976 -0.09534 -0.121586
vn 0.408795 0.703269 -0.581591
vn 0.232795 0.747276 -0.622364
vn 0.413404 0.74929 -0.517319
vn 0.396771 0.742698 -0.539354
vn 0.254799 0.843867 -0.472152
vn 0.785241 -0.213202 0.581286
vn 0.795465 -0.238227 0.557176
vn 0.790582 -0.234931 0.565447
vn -0.81753 -0.374859 0.437117
vn -0.739067 -0.572008 0.355724
vn -0.77102 -0.385662 0.506729
vn 0.625843 -0.50029 -0.598315
vn 0.899197 -0.317301 -0.301218
vn 0.40928835 -0.07732049 -0.8567025
vn -0.203864 0.970122 -0.131443
vn -0.37315 0.925718 -0.061098
vn -0.214637 0.951781 -0.219031
vn 0.786676 -0.250038 0.564409
vn 0.784631 -0.252358 0.56624
vn -0.134861 -0.47261 -0.870876
vn 0.036317 -0.491958 -0.869839
vn 0.553117 0.56444 0.61272
vn 0.433027 0.477126 0.764733
vn 0.060838502 -0.82019997 0.5624715
vn 0.301553 -0.873501 0.382153
vn -0.095828 -0.89761 0.430189
vn -0.808588 0.335337 0.483383
vn -0.71749 0.251534 0.649525
vn -0.760704 0.270913 0.589801
vn -0.352214 -0.587909 0.728172
vn -0.47032052 -0.652791 0.570162
vn -0.635395 -0.391156 0.665731
vn -0.864589 0.19837 0.461592
vn -0.860378 0.242531 0.448195
vn -0.89645267 0.05876322 0.430623
vn -0.753441 -0.643757 -0.133671
vn -0.710471 -0.6863 -0.1554
vn -0.881954 -0.457106 -0.11475
vn -0.725455 0.68041 0.103366
vn -0.75309026 0.606525 0.23456499
vn -0.753044 0.654347 0.068606
vn -0.573046 0.126774 0.809626
vn -0.705313 0.13715 0.695486
vn -0.586993 0.103275 0.802942
vn 0.164037 0.958983 -0.231147
vn 0.133732 0.919675 -0.369121
vn -0.003906 0.840022 -0.542497
vn 0.058778375 0.81506896 -0.5273447
vn -0.058168 0.916349 -0.3961
vn -0.196265 0.974456 -0.108982
vn 0.3160835 -0.49941033 -0.6916426
vn 0.33032155 0.0083043575 -0.92891395
vn 0.241798 0.552385 -0.797723
vn -0.53972 0.81341 -0.216865
vn -0.680502 0.65154 -0.335185
vn -0.738578 0.637287 -0.219855
vn -0.546739 0.194464 -0.814356
vn -0.48849863 0.025646877 -0.86895
vn 0.927244 -0.221351 0.301981
vn 0.87588096 -0.2265695 0.42202502
vn 0.886837 -0.185369 0.4232
vn 0.588172 -0.13516639 -0.76631975
vn 0.754295 -0.449171 -0.478805
vn 0.629749 -0.332682 -0.701926
vn -0.84994 0.227851 -0.475021
vn -0.822626 0.345653 -0.451369
vn -0.766106 0.243568 -0.594714
vn 0.715598 -0.360179 -0.598437
vn 0.60353804 -0.34098712 -0.7133014
vn 0.732322 -0.354564 -0.581347
vn 0.46058834 0.5032054 0.7106104
vn 0.313517 0.220099 0.923704
vn 0.43761975 0.5516048 0.6756353
vn 0.383007 0.310892 -0.869839
vn 0.50444 0.444899 -0.739982
vn -0.892819 0.448469 0.041414
vn -0.877735 0.47353297 0.04451125
vn -0.864284 0.455885 0.212439
vn 0.906369 0.380505 0.183538
vn 0.925565 0.353893 0.134404
vn 0.892911 0.372204 0.253182
vn 0.473952 -0.712973 0.516709
vn 0.541826 -0.67748 0.497391
vn 0.576037 -0.580767 0.575213
vn 0.995788 -0.02884 -0.086886
vn 0.9253502 0.25061378 0.1781946
vn 0.998016 0.039552 0.048463
vn 0.854152 0.065798 -0.515824
vn 0.8357185 0.056078 -0.540117
vn 0.923917 0.204657 -0.323191
vn 0.694479 0.010865 -0.719413
vn 0.698508 0.063082 -0.71276
vn 0.740104 0.262276 -0.61919
vn 0.298776 -0.208472 -0.931242
vn 0.3883785 -0.3330335 -0.8556015
vn 0.151067 -0.229774 -0.961425
vn -0.668722 0.647633 0.365184
vn -0.53944504 0.6605197 0.5190972
vn -0.57600653 0.50853 0.633702
vn -0.1932735 0.900235 -0.3024845
vn -0.027284 0.980438 -0.19483
vn 0.020173 0.985809 -0.16657
vn -0.748436 -0.243324 0.616901
vn -0.793847 -0.407361 0.45146
vn -0.681143 -0.395734 0.615925
vn -0.861599 0.417615 -0.288461
vn -0.809534 0.367626 -0.457656
vn -0.81753 0.470779 -0.331645
vn 0.627674 -0.611957 0.481124
vn 0.63271 -0.487472 0.601672
vn 0.48017848 -0.6542405 0.5689565
vn -0.528459 0.608661 0.591784
vn -0.492996 0.513199 0.702536
vn -0.542528 0.633686 0.551408
vn 0.68991697 0.2106235 0.68857396
vn 0.4487285 0.14915949 0.8745535
vn -0.2216998 -0.9622315 -0.1469945
vn -0.255531 -0.939238 -0.229072
vn -0.285073 -0.942289 -0.175451
vn 0.180334 -0.943297 -0.278603
vn 0.035363127 -0.9907335 -0.02072975
vn 0.262673 -0.888455 -0.376293
vn -0.85049 0.443129 0.283242
vn -0.632893 0.593097 0.497604
vn -0.700903 0.4657275 0.46133298
vn 0.561846 0.74749 0.35432
vn 0.45885155 0.8130512 0.34983933
vn 0.07927357 -0.027603935 0.9908081
vn -0.11475 0.018036 0.993225
vn -0.053163 -0.074099 0.995819
vn 0.15186 -0.986999 0.052095
vn 0.124775 -0.9897 0.0685905
vn 0.218726 -0.975677 0.012604
vn -0.72226226 0.6351379 -0.05654395
vn -0.850978 0.480056 -0.212928
vn -0.864711 0.435682 -0.249825
vn -0.567309 -0.629414 0.530992
vn -0.506424 -0.730216 0.458541
vn -0.92217773 -0.1820505 0.21957299
vn 0.787225 -0.510117 0.346477
vn 0.799585 -0.454848 0.392071
vn 0.811274 -0.50618 0.292489
vn 0.794549 -0.411481 -0.446455
vn 0.772149 -0.298196 -0.561083
vn 0.822321 -0.348186 -0.450026
vn 0.192999 -0.968688 0.156041
vn 0.21366 -0.971862 0.099094
vn 0.28386816 -0.9254472 0.20493391
vn 0.379406 -0.478286 -0.791986
vn 0.529801 -0.368908 -0.763634
vn 0.5015453 -0.253697 -0.8192244
vn -0.380474 0.842586 0.381115
vn -0.440321 0.853969 0.277139
vn -0.427686 0.851558 0.30311
vn 0.236244 -0.813501 0.531358
vn 0.200018 -0.894894 0.398877
vn 0.069491 -0.904752 0.420179
vn -0.322489 0.267312 -0.908017
vn -0.294015 0.142827 -0.945036
vn -0.36100352 0.224601 -0.904843
vn 0.001343 -0.999786 0.020173
vn -0.45853287 0.86922836 -0.09662925
vn -0.11475 0.921476 -0.371014
vn -0.091433 0.95703 -0.275155
vn -0.15319899 -0.6614525 0.6427477
vn -0.4783315 -0.53531003 0.695433
vn -0.551805 -0.468581 0.68984
vn 0.284494 0.636433 0.71691
vn 0.248878 0.588092 0.769494
vn 0.655141 -0.688223 0.311594
vn 0.689871 -0.636982 0.343913
vn 0.573046 -0.790857 0.214759
vn -0.004028 -0.999939 0.008148
vn 0.016175 -0.999054 -0.039888
vn 0.00531 -0.999847 -0.015656
vn -0.5606899 -0.66614664 0.47546285
vn -0.394452 -0.62447 0.6643115
vn -0.50206 -0.777581 0.37846
vn 0.1583 0.553056 0.817927
vn 0.196478 0.737449 0.646168
vn 0.157353 0.557756 0.814905
vn 0.566576 -0.55565 -0.608417
vn 0.600452 -0.524857 -0.60329
vn -0.938688 -0.135014 0.317179
vn -0.9644615 -0.1807765 0.190054
vn -0.921232 -0.174047 0.34785
vn 0.01413 -0.030824 -0.99942
vn 0.05652 -0.04474 -0.997375
vn 0.0707265 0.068453 -0.9942015
vn 0.345073 -0.602649 -0.719504
vn 0.275124 -0.543413 -0.793085
vn 0.321238 -0.594562 -0.737083
vn -0.204016 0.978271 -0.036439
vn -0.22542475 0.9699962 -0.07234025
vn -0.231758 0.965545 -0.118137
vn 0.269539 0.402448 0.874844
vn 0.22764157 0.22921126 0.9323518
vn 0.2312085 0.239845 0.937132
vn 0.572985 0.809015 -0.130955
vn 0.5318979 0.66981983 -0.50566685
vn 0.546587 0.806452 -0.225471
vn 0.44480336 -0.87212586 -0.15413375
vn 0.029298 -0.999512 0.009217
vn 0.19367 -0.973022 -0.12534
vn 0.43404937 -0.23131138 -0.8653523
vn 0.222175 -0.01352 -0.974883
vn 0.358043 -0.039949 -0.932829
vn -0.588977 -0.663778 -0.460891
vn -0.512009 -0.839137 -0.183386
vn -0.52768004 -0.71044 -0.439299
vn 0.850337 -0.381909 -0.36195
vn 0.913724 -0.341075 -0.22074
vn 0.8830073 -0.43437377 -0.00946825
vn -0.576922 0.577502 -0.577593
vn -0.5772885 0.5478228 -0.60161126
vn -0.541032 0.459944 -0.704062
vn -0.91757 -0.218055 0.332377
vn -0.680532 -0.653768 0.33079
vn -0.869655 -0.469863 0.15128
vn -0.413038 -0.863918 -0.288095
vn -0.202551 -0.931028 -0.303476
vn -0.18388544 -0.9619317 -0.01895025
vn -0.20010625 -0.97273564 -0.07345075
vn -0.256722 -0.928953 -0.266671
vn -0.179907 -0.903287 -0.389447
vn 0.270302 -0.959929 -0.073672
vn 0.18800578 -0.98057866 -0.05375594
vn 0.227149 -0.972777 -0.045442
vn -0.250374 0.438826 0.862941
vn -0.363445 0.529801 0.766259
vn -0.253304 0.482009 0.83871
vn -0.13892 0.452437 0.880886
vn -0.39220077 0.38682973 0.830424
vn -0.52780247 0.49974048 0.68259203
vn 0.236305 0.016511 0.971526
vn -0.100681 0.017426 0.994751
vn 0.014832 0.055788 0.998321
vn 0.068239 -0.91934 -0.387463
vn 0.232551 -0.942839 -0.238624
vn 0.040223 -0.900784 -0.432325
vn 0.169469 -0.838099 0.518479
vn 0.1841795 -0.5189675 0.830607
vn 0.210608 -0.672109 0.70983
vn 0.24508473 0.14592806 -0.93079364
vn 0.412366 0.74218 -0.528275
vn 0.10348516 0.19973007 -0.96464145
vn 0.005097 0.206488 -0.978423
vn -0.12852901 0.086840495 -0.986175
vn 0.007385 0.111332 -0.993744
vn 0.464217 0.79577 -0.36381102
vn 0.756615 0.533128 -0.378521
vn 0.29452932 0.50144446 -0.78827876
vn -0.989654 0.129032 0.062288
vn -0.986297 0.066164 -0.151036
vn -0.9794915 0.13397649 0.126896
vn -0.9236976 -0.27676034 -0.23744988
vn -0.93964225 -0.176862 -0.2801825
vn -0.72250366 -0.22266862 -0.6419868
vn 0.112461 -0.992737 -0.042116
vn 0.35309952 0.6459545 -0.67661047
vn 0.17243 0.659047 -0.732017
vn 0.346294 0.598163 -0.722648
vn 0.303476 0.940458 0.15305
vn 0.349803 0.930357 0.109561
vn 0.285714 0.881558 0.375713
vn 0.475875 0.879421 0.012207
vn 0.349803 0.930357 0.109561
vn -0.109134 0.755516 -0.645955
vn -0.156346 0.691061 -0.705649
vn -0.01706 0.731468 -0.681631
vn 0.925657 0.35432 0.132511
vn 0.803003 0.482162 0.35023
vn 0.9176 0.359691 0.169073
vn -0.200354 -0.953978 0.222968
vn -0.331706 -0.918882 0.213538
vn -0.1713005 -0.9741585 0.142964
vn -0.124516 0.97351 -0.191595
vn -0.169805 0.982116 -0.081118
vn -0.263985 0.956175 -0.12653
vn -0.7463 -0.654866 0.118931
vn -0.736503 -0.643361 0.208777
vn -0.719138 -0.622822 0.308054
vn -0.538865 0.682852 0.493271
vn -0.442213 0.647389 0.620716
vn 0.039766 -0.265847 -0.963164
vn 0.208289 -0.382641 -0.900082
vn 0.096957 -0.292642 -0.951262
vn 0.682699 0.251442 -0.686056
vn 0.64139247 0.07405325 -0.761559
vn 0.5649465 0.63064337 -0.44959953
vn -0.05086554 0.37776488 0.8937349
vn 0.361278 0.362529 0.859066
vn 0.488144 -0.0459 0.871517
vn -0.407697 -0.530747 -0.743004
vn -0.503708 -0.244209 -0.828608
vn -0.451155 -0.207221 -0.868038
vn -0.552538 0.313639 0.772179
vn -0.431562 0.313761 0.845729
vn -0.472091 0.310312 0.825098
vn -0.320963 -0.853267 0.410932
vn -0.36100352 -0.891171 0.2726675
vn -0.350108 -0.826655 0.440474
vn -0.149998 0.154515 -0.976531
vn -0.12160125 0.157178 -0.97782075
vn -0.169927 0.22898 -0.958464
vn 0.405072 -0.372021 0.835139
vn 0.29927227 -0.2480315 0.91549426
vn 0.228767 -0.13712 0.963744
vn 0.477187 -0.460616 -0.748375
vn 0.42436 -0.406781 -0.808954
vn 0.40623224 -0.356628 -0.8368859
vn -0.960692 -0.247627 0.125248
vn -0.973693 -0.22776 -0.001801
vn -0.6033986 0.26829723 0.7106042
vn -0.715964 0.468001 0.517991
vn -0.6386 0.22663 0.735374
vn -0.1393325 0.40176076 -0.895581
vn -0.069521 0.702567 -0.708182
vn -0.231269 0.664602 -0.710471
vn -0.21235919 0.9612472 -0.14431469
vn -0.293954 0.856105 -0.42497
vn -0.305887 0.84994 -0.428938
vn -0.80224 -0.053774 0.594562
vn -0.75795746 0.082888 0.64561903
vn -0.828608 0.069552 0.555467
vn -0.430769 -0.665914 0.609027
vn -0.42795324 -0.79609823 0.40463
vn 0.444594 0.02356 0.895413
vn 0.44765323 0.08378075 0.8847695
vn 0.504593 0.045625 0.862117
vn -0.489944 0.790643 -0.367168
vn -0.52208 0.533647 -0.665273
vn -0.457717 0.788965 -0.409864
vn 0.50029 -0.636372 -0.587085
vn 0.467422 -0.710776 -0.52562
vn 0.38679174 -0.77438426 -0.4954605
vn 0.109653 -0.97586 -0.188818
vn 0.124393 -0.972472 -0.196936
vn 0.549974 -0.750175 -0.366985
vn 0.912168 -0.1785485 0.3613695
vn 0.895657 -0.139073 0.422376
vn 0.93467546 -0.120822996 0.3338575
vn -0.398129 -0.2045045 0.89312434
vn -0.541276 0.015442 0.840693
vn -0.539415 -0.158025 0.827052
vn 0.783807 -0.343028 -0.517594
vn 0.844142 -0.31785 -0.431684
vn 0.772149 -0.298196 -0.561083
vn 0.613788 -0.501816 -0.609424
vn 0.5521865 -0.510941 -0.6541795
vn 0.621876 -0.477309 -0.620808
vn -0.377697 -0.891049 -0.251686
vn -0.440413 -0.855525 -0.272164
vn -0.357433 -0.869167 -0.341655
vn 0.100772 0.994385 0.032044
vn 0.059053 0.9695425 0.22948399
vn 0.168676 0.967772 0.186834
vn 0.465865 -0.045076 -0.883694
vn 0.42024 -0.192389 -0.886746
vn 0.17719 0.680563 0.710898
vn -0.0386515 0.47930852 0.873577
vn 0.059603 0.551347 0.832118
vn 0.66914904 -0.21649553 -0.65300536
vn 0.6919081 -0.27068377 -0.65736866
vn 0.895016 -0.24131 -0.375072
vn 0.063997 -0.049989 -0.996673
vn -0.07317258 -0.23478061 -0.7846186
vn -0.021027 -0.144658 -0.989257
vn -0.506241 -0.657857 -0.557573
vn -0.44908 -0.691153 -0.56621
vn -0.543382 -0.607166 -0.579699
vn 0.49144 0.150578 0.857784
vn 0.258675 0.2129735 0.938902
vn 0.4862515 -0.041215003 0.863262
vn 0.110782 0.772362 0.625416
vn 0.199438 0.663259 0.721274
vn -0.096713 0.841334 0.531785
vn -0.599322 0.763909 0.239143
vn -0.714103 0.569597 0.406903
vn -0.69219 0.687704 0.218909
vn 0.126164 0.752129 -0.646779
vn 0.253792 0.763726 -0.593524
vn 0.170934 0.703513 -0.689779
vn 0.734581 0.614154 0.288308
vn 0.726035 0.637867 0.256813
vn 0.782708 0.593249 0.188086
vn -0.742058 0.235237 -0.627674
vn -0.695822 0.318522 -0.643666
vn -0.616321 0.174505 -0.767876
vn 0.224433 -0.198828 -0.953978
vn 0.0491845 -0.082186244 -0.98458064
vn 0.088168 -0.036409 -0.995422
vn -0.608631 -0.776269 -0.164006
vn -0.562487 -0.728721 -0.390576
vn -0.494522 -0.768548 -0.405896
vn 0.07023062 0.337096 0.935133
vn -0.041719 0.317606 0.947295
vn -0.072604 0.257637 0.9635
vn 0.883969 -0.095431 0.457656
vn 0.830103 -0.088015 0.550584
vn 0.839961 -0.013855 0.542405
vn -0.1050709 -0.95831513 -0.086550094
vn -0.03 -0.992676 -0.116947
vn -0.003845 -0.999969 -0.005829
vn -0.994354 0.101352 -0.03058
vn -0.9395427 -0.165609 -0.27843523
vn -0.075014 0.829554 0.553331
vn 0.039796 0.800134 0.598468
vn -0.126316 0.867916 0.480331
vn 0.15027325 -0.5331508 -0.7579386
vn -0.161657 -0.275796 -0.947508
vn -0.434645 -0.140599 -0.889523
vn -0.295511 0.438459 0.84875
vn -0.132481 0.33256 0.933714
vn -0.223945 0.337046 0.914457
vn 0.341075 0.940001 0.005036
vn 0.402783 0.896786 0.182989
vn 0.34996325 0.83302546 0.4060105
vn -0.495956 0.867946 0.024995
vn -0.494797 0.868587 -0.02588
vn -0.29136 0.945158 0.147435
vn -0.448042 0.140477 -0.88287
vn -0.446516 0.141362 -0.883511
vn -0.48319355 0.0046797357 -0.84910583
vn -0.571856 0.114078 -0.812372
vn -0.653493 0.099734 -0.750298
vn -0.59358525 0.04498425 -0.80256796
vn -0.107242 -0.970153 -0.217353
vn -0.077334 -0.993454 -0.0569475
vn 0.312357 0.875393 0.368908
vn 0.16224413 0.9084786 0.37548035
vn 0.196295 0.885739 0.420606
vn 0.753655 -0.024751 -0.656758
vn 0.7367625 0.118839 -0.6506165
vn 0.787164 0.166784 -0.593707
vn -0.003235 -0.992828 0.119297
vn -0.057497 -0.997894 -0.029145
vn 0.106723 0.48851 0.865993
vn 0.31605 0.497696 0.807672
vn 0.210059 0.381146 0.900327
vn 0.2195655 0.28988 0.9288615
vn 0.185858 0.437544 0.879757
vn 0.838588 -0.425733 -0.339793
vn 0.8629381 -0.28011903 -0.40591323
vn 0.774224 -0.395825 -0.493789
vn -0.612842 0.186407 0.767876
vn -0.508225 0.114566 0.853542
vn -0.056948 -0.980193 -0.189611
vn 0.007416 -0.999908 0.009064
vn -0.057497 -0.997894 -0.029145
vn 0.92591625 -0.3549225 -0.10827175
vn 0.977264 -0.185888 -0.101688
vn 0.9669635 0.010345995 -0.017197002
vn -0.864437 0.180731 -0.469069
vn -0.725883 0.228614 -0.648671
vn -0.873836 0.066378 -0.481613
vn 0.02945 0.620167 0.783898
vn 0.013703 0.765709 0.643025
vn 0.38929155 0.8240502 0.12803072
vn -0.308267 0.135899 -0.941527
vn -0.521271 -0.1853005 -0.8319345
vn -0.204627 -0.017914 -0.978668
vn 0.7179785 0.316294 -0.60818803
vn 0.764382 0.298944 -0.5693835
vn 0.769005 0.258187 -0.584765
vn -0.055422 0.293008 0.954466
vn 0.016846 0.262093 0.964873
vn -0.808496 0.464095 -0.361797
vn -0.782342 0.468703 -0.410138
vn -0.816187 0.47972 -0.32197
vn -0.46168402 0.043980997 0.84927285
vn -0.041658 0.686697 0.72573
vn -0.43857378 0.6831645 0.5496383
vn -0.141209 0.47676 0.86758
vn -0.041658 0.686697 0.72573
vn 0.565355 -0.218635 0.795312
vn 0.564714 -0.379955 0.732566
vn 0.399304 0.684164 0.610248
vn 0.375896 0.683584 0.625599
vn 0.45100614 0.586785 0.63969445
vn 0.016297 0.105258 0.994293
vn 0.1169925 0.2471085 0.959029
vn 0.9512768 0.260636 0.159185
vn 0.973357 0.176672 0.14597
vn 0.9956665 0.080523 -0.0281535
vn -0.416547 -0.675008 0.608936
vn -0.520646 -0.491501 0.69808
vn -0.05680547 0.37374127 -0.9233726
vn 0.065859 0.313334 -0.947325
vn -0.38689852 0.90940595 -0.1524705
vn -0.375988 0.922544 0.086612
vn -0.407178 0.902371 -0.141087
vn -0.04471 -0.96054 0.274483
vn -0.049104 -0.996368 0.06946
vn -0.013306 -0.966124 0.257698
vn -0.9096496 0.036202375 -0.39945263
vn -0.910672 0.252571 -0.326884
vn -0.884793 0.327982 -0.330973
vn 0.126377 -0.972533 0.195318
vn 0.118641 -0.941496 0.283746
vn -0.174963 -0.959685 -0.219947
vn -0.145421 -0.974822 -0.16892
vn 0.023347 -0.99881 0.042451
vn -0.655782 -0.754173 0.033845
vn -0.689016 -0.68685 -0.231178
vn -0.6001984 -0.79320484 -0.027361875
vn -0.936796 0.325755 -0.127415
vn -0.949431 0.180548 -0.256783
vn 0.182989 0.377392 0.907773
vn -0.053171 0.4037295 0.902928
vn 0.293497 0.326975 0.898282
vn -0.129185 0.990966 0.035707
vn -0.150761 0.988098 -0.030183
vn -0.095798 0.994995 0.028108
vn -0.356304 0.715049 0.601428
vn -0.5011923 0.7929336 0.31926173
vn -0.011471125 0.044205874 -0.99751276
vn -0.163396 -0.04297 -0.985595
vn 0.007019 0.028962 -0.999542
vn 0.18836 0.1742 -0.966491
vn 0.104968496 0.0319835 -0.987152
vn 0.3369855 0.14448999 -0.914716
vn -0.479873 0.64214 0.597766
vn -0.572466 0.620808 0.535569
vn -0.634022 0.468429 0.615253
vn -0.910367 0.387707 -0.144536
vn -0.912717 0.38786 0.1283
vn -0.77889085 -0.52686214 -0.15539104
vn 0.236213 -0.069704 -0.969176
vn 0.308969 -0.082003 -0.947508
vn 0.32078 -0.942808 -0.090426
vn 0.076662 -0.99704 0.0
vn 0.42809463 -0.8683131 -0.23030025
vn -0.70336 0.523209 0.481124
vn -0.791009 0.381634 0.478133
vn -0.72393 0.566729 0.393262
vn -0.523759 -0.804651 -0.27958
vn -0.340144 -0.867367 -0.2886895
vn -0.26030937 -0.55505145 -0.761679
vn 0.644948 0.499405 0.578417
vn 0.6151291 0.5456941 0.5210692
vn 0.71331406 0.6003974 0.29407024
vn 0.298532 0.037019 -0.953673
vn 0.259529 0.318278 -0.911771
vn 0.157048 0.068972 -0.985168
vn 0.278207 -0.18012 0.943449
vn 0.382 -0.372845 0.845607
vn 0.2944274 -0.10438475 0.91931677
vn 0.577685 -0.211585 -0.788324
vn 0.748802 -0.202521 -0.631062
vn 0.543321 -0.196509 -0.816157
vn 0.600665 0.779473 0.17774
vn 0.43197742 0.88236225 0.14493419
vn 0.589984 0.805933 0.048616
vn -0.879147 -0.352916 0.3202
vn -0.822748 -0.408856 0.394818
vn -0.867397 -0.276254 0.4138
vn 0.863124 -0.34022 0.373089
vn 0.831538 -0.303049 0.465438
vn 0.807245 -0.233161 0.542161
vn 0.863124 -0.34022 0.373089
vn 0.831538 -0.303049 0.465438
vn -0.0944395 -0.2703025 0.952025
vn 0.09802151 -0.44970575 0.8787861
vn -0.131413 -0.192175 0.972503
vn -0.347606 0.309519 0.885067
vn -0.357799 0.27015725 0.8924452
vn 0.376812 0.79751 -0.471114
vn 0.28367 0.746635 -0.601672
vn 0.23207799 0.793916 -0.5597095
vn 0.490524 0.673849 -0.552477
vn 0.377667 0.802057 -0.462661
vn 0.32252 0.581256 -0.747063
vn 0.011261 -0.999908 -0.002747
vn 0.037629 -0.994415 -0.098453
vn 0.79998624 0.4128786 -0.41942477
vn 0.905942 0.421979 -0.033784
vn 0.842219 0.50911 -0.177343
vn 0.887478 0.247475 0.388714
vn 0.851711 0.295511 0.432661
vn 0.791345 0.334697 0.511582
vn 0.892056 -0.068087 -0.44676
vn 0.9583115 -0.1280555 -0.2220525
vn 0.915128 -0.085788 -0.393902
vn 0.53382206 -0.016041217 0.83877647
vn 0.412122 0.077761 0.907773
vn 0.780053 0.566546 -0.265481
vn 0.7991575 0.355457 -0.47365674
vn 0.782891 0.399335 -0.477035
vn -0.413213 0.16761526 -0.8942305
vn -0.531693 0.146611 -0.834132
vn 0.07069202 0.80064535 -0.3372752
vn -0.414533 0.706412 0.573687
vn -0.396313 0.712027 0.579577
vn 0.762322 -0.426008 -0.487167
vn 0.7951755 -0.40846 -0.443007
vn 0.831965 -0.454085 -0.318766
vn 0.557955 0.3415785 -0.7239905
vn 0.58413947 0.6257515 -0.514405
vn 0.5411733 0.63381976 -0.5369388
vn -0.43468818 0.8467853 0.022353128
vn -0.387982 0.683432 0.618336
vn -0.42054498 0.7688375 0.341548
vn -0.001923 0.683157 0.730247
vn 0.20246 0.833735 0.513657
vn 0.122349 0.784082 0.608448
vn 0.11580625 -0.5678729 -0.81337905
vn 0.237556 -0.481582 -0.843562
vn 0.13099274 -0.46208102 -0.87671304
vn 0.0776125 0.47977275 0.86446524
vn -0.013764 0.453322 0.891232
vn -0.113712 0.538682 0.834773
vn -0.349742 -0.831202 0.432112
vn -0.34357703 -0.8509325 0.3921325
vn -0.577166 0.814081 -0.064028
vn -0.41690028 0.9046867 -0.011976406
vn -0.452559 0.877041 -0.161046
vn -0.114475 0.880062 0.460799
vn -0.108097 0.959349 0.260628
vn -0.021149 0.957854 0.286416
vn 0.424543 0.354411 0.833125
vn 0.6037935 0.3115025 0.711829
vn 0.749077 0.172918 0.639485
vn 0.604663 0.678701 0.416761
vn 0.5698577 0.77632624 0.20656237
vn 0.563784 0.7871945 0.2357555
vn -0.35300732 0.92921436 -0.08180306
vn -0.306986 0.951628 -0.011322
vn -0.308908 0.95056 -0.031343
vn -0.215339 0.119968 -0.969115
vn -0.4331035 0.25144202 -0.85631895
vn -0.471297 0.140233 -0.870724
vn 0.312601 -0.07889 0.946593
vn 0.355754 0.161748 0.920469
vn 0.346294 0.137913 0.927915
vn -0.8209152 0.4960688 -0.053416617
vn -0.563952 0.447249 -0.694174
vn -0.758354 0.290841 -0.5833
vn -0.570727 0.392376 0.721274
vn -0.629444 0.518662 0.57857
vn -0.583209 0.591174 0.557085
vn 0.6586585 0.16641 -0.72691274
vn 0.759423 0.092593 -0.64391
vn 0.831698 0.15033424 -0.52373576
vn -0.238319 0.381115 0.893246
vn -0.30584103 0.6063265 0.6647545
vn -0.35256138 0.34780788 0.862659
vn 0.586535 -0.15247 0.795404
vn 0.445723 0.267495 0.854244
vn 0.752647 -0.02768 0.657796
vn -0.345195 0.063509 0.936369
vn 0.17185 -0.972808 0.155126
vn 0.208319 -0.977935 -0.015198
vn 0.218848 -0.975738 5.49E-4
vn -0.484451 0.236946 -0.842097
vn -0.490005 0.225745 -0.841945
vn -0.484451 0.236946 -0.842097
vn -0.555834 0.144414 -0.818628
vn -0.47261 0.16242 -0.866146
vn 0.58564603 -0.29905277 -0.7430091
vn 0.539293 -0.313761 -0.781457
vn 0.353893 -0.206397 -0.912198
vn 0.3057985 0.5034963 0.79877925
vn 0.52324 0.761956 0.381573
vn 0.462752 0.724479 0.510819
vn -0.578082 0.793573 0.189795
vn -0.59508 0.798517 0.090518
vn -0.697439 0.711936 0.081729
vn 0.086947 0.858455 0.505417
vn 0.0575425 0.9574725 0.2757195
vn 0.11536 0.905271 0.408795
vn 0.041932 0.825159 -0.56328
vn -0.116245 0.666707 -0.736167
vn -0.191351 0.66567 -0.721274
vn 0.360807 -0.10428369 0.9239193
vn 0.195166 0.060213 0.978912
vn 0.136082 -0.101657 0.985443
vn 0.799341 -0.371197 -0.472457
vn 0.882992 -0.468062 -0.034608
vn 0.497024 -0.728324 -0.471694
vn 0.59371394 -0.43704933 -0.6698072
vn 0.550279 -0.374096 -0.746452
vn 0.568529 -0.429304 -0.701712
vn 0.49382 0.621662 -0.60799
vn -0.085044116 0.6863555 -0.6105854
vn -0.651143 0.695425 0.303873
vn -0.706412 0.68984 0.1583
vn -0.838557 0.415509 0.352306
vn -0.651143 0.695425 0.303873
vn -0.7225524 0.598754 -0.062597625
vn -0.7550278 0.6448252 0.106196746
vn 0.13250148 0.54810226 0.7811888
vn 0.345958 0.512223 0.786065
vn 0.547777 0.373516 0.748589
vn 0.09297451 0.498367 -0.8594395
vn 0.085452 0.650166 -0.754936
vn 0.211737 0.593768 -0.776238
vn -0.254067 -0.564837 0.785089
vn -0.332987 -0.395215 0.856075
vn -0.354442 -0.522111 0.775719
vn -0.056368 0.714042 -0.697775
vn -0.205756 0.509323 -0.835597
vn -0.329905 0.594287 -0.733421
vn 0.565876 0.5400914 -0.58082086
vn 0.019868 0.595386 -0.803156
vn 0.044832 0.372967 -0.926725
vn -0.7326521 0.33274496 0.58775246
vn -0.620228 0.171361 0.765435
vn -0.631092 0.346294 0.694082
vn -0.004059 -0.999481 -0.031831
vn 0.013428 -0.997223 0.073122
vn 0.009308 -0.999023 -0.042512
vn 0.024345942 -0.3038665 -0.9303004
vn 0.279885 -0.306497 -0.909757
vn 0.438337 -0.312326 -0.842769
vn -0.703269 0.387982 -0.59566
vn -0.6338545 0.32519 -0.69833946
vn -0.731773 0.445723 -0.515549
vn -0.797754 -0.178564 -0.575884
vn -0.9534135 -0.178411 -0.24300352
vn -0.745811 0.252113 0.616565
vn -0.742088 0.271126 0.612964
vn -0.681509 0.244697 0.689657
vn 0.402966 -0.850612 0.337657
vn 0.433699 -0.875881 0.211402
vn 0.517319 -0.786828 0.336497
vn -0.025636 -0.188757 -0.981658
vn -0.099521 -0.108921 -0.989044
vn 0.581713 0.784448 0.214911
vn 0.549486 0.818873 0.165654
vn 0.708518 -0.342418 -0.617023
vn 0.5815 -0.39259 -0.712516
vn 0.62447 -0.438795 -0.646107
vn 0.644078 -0.5130615 -0.56714827
vn 0.577685 -0.500748 -0.644581
vn 0.633595 -0.480209 -0.606555
vn -0.983459 0.17716 0.037568
vn -0.990936 0.133885 -0.008515
vn -0.999207 0.010376 0.038392
vn -0.983459 0.17716 0.037568
vn -0.960234 0.24723 -0.129643
vn -0.990936 0.133885 -0.008515
vn -0.158391 -0.983215 0.090457
vn -0.235267 -0.951872 0.196356
vn -0.945952 0.262734 -0.190069
vn -0.954558 0.297891 0.00473
vn -0.888974 0.440626 -0.124516
vn -0.20111337 -0.81686234 0.417127
vn -0.4453565 -0.68132603 0.565264
vn -0.237465 -0.557848 0.795221
vn 0.01471 -0.742424 0.669729
vn -0.004395 -0.632557 0.774468
vn 0.091403 -0.80105 0.59151
vn -0.622211 0.644765 0.443953
vn -0.59950554 0.730735 0.32576948
vn -0.63213 0.677664 0.375713
vt 0.0 0.0
vt 1.0 0.0
vt 0.5 0.25
vt 0.875 0.75
vt 1.0 0.5
vt 1.0 1.0
vt 0.0 0.0
vt 0.25 0.125
vt 0.6640625 0.1015625
vt 0.59375 0.0625
vt 0.5 0.0
vt 0.671875 0.359375
vt 0.0 0.0
vt 0.5 0.25
vt 0.75 0.25
vt 0.625 0.5
vt 0.75 0.25
vt 0.75 0.25
vt 0.5 0.25
vt 1.0 0.0
vt 0.75 0.25
vt 0.0 0.0
vt 1.0 0.0
vt 0.8359375 0.5078125
vt 0.8125 0.0625
vt 1.0 0.0
vt 1.0 1.0
vt 0.0 0.0
vt 0.5 0.0
vt 0.75 0.5
vt 0.5 0.0
vt 0.5 0.0
vt 0.75 0.5
vt 0.5 0.5
vt 1.0 0.0
vt 0.9375 0.5625
vt 0.0 0.0
vt 0.5234375 0.3203125
vt 0.875 0.75
vt 0.875 0.25
vt 0.75 0.5
vt 0.5 0.5
vt 0.890625 0.515625
vt 0.25 0.125
vt 0.5 0.25
vt 0.0 0.0
vt 0.5 0.25
vt 0.875 0.125
vt 0.25 0.0
vt 1.0 0.0
vt 1.0 1.0
vt 0.875 0.75
vt 0.875 0.75
vt 1.0 1.0
vt 0.8125 0.71875
vt 1.0 0.0
vt 0.8964844 0.47265625
vt 0.6875 0.375
vt 0.5 0.0
vt 1.0 1.0
vt 0.34375 0.3125
vt 1.0 0.0
vt 0.75 0.5
vt 0.5 0.0
vt 1.0 0.0
vt 1.0 1.0
vt 0.796875 0.71875
vt 0.25 0.0
vt 0.5 0.5
vt 0.5 0.0
vt 0.7890625 0.203125
vt 0.5 0.5
vt 0.875 0.25
vt 1.0 0.0
vt 0.9375 0.3125
vt 0.0 0.0
vt 0.46875 0.3125
vt 1.0 1.0
vt 0.0 0.0
vt 1.0 0.0
vt 0.5 0.5
vt 0.0 0.0
vt 1.0 0.0
vt 1.0 1.0
vt 0.75 0.5
vt 0.8125 0.75
vt 0.828125 0.3125
vt 0.5 0.0
vt 1.0 0.5
vt 0.734375 0.65625
vt 0.0 0.0
vt 1.0 0.0
vt 0.75 0.25
vt 0.6875 0.625
vt 1.0 0.0
vt 0.9375 0.8125
vt 0.5 0.0
vt 1.0 0.5
vt 0.90625 0.75
vt 0.59375 0.3125
vt 0.5 0.25
vt 0.5 0.5
vt 0.375 0.25
vt 0.875 0.25
vt 1.0 1.0
vt 0.9375 0.875
vt 0.5 0.0
vt 0.75 0.25
vt 0.5859375 0.3125
vt 1.0 0.0
vt 1.0 1.0
vt 0.375 0.125
vt 0.5 0.0
vt 0.5 0.5
vt 0.75 0.0
vt 0.984375 0.28125
vt 0.625 0.25
vt 0.0 0.0
vt 1.0 0.0
vt 0.5 0.5
vt 0.5 0.5
vt 0.75 0.5
vt 0.7265625 0.515625
vt 0.75 0.5
vt 0.5 0.0
vt 0.5 0.5
vt 0.5 0.0
vt 1.0 0.5
vt 0.75 0.625
vt 0.5 0.0
vt 1.0 0.0
vt 0.5 0.5
vt 0.62109375 0.5234375
vt 0.5 0.25
vt 1.0 0.5
vt 0.0 0.0
vt 0.5 0.125
vt 0.34375 0.3125
vt 0.0 0.0
vt 0.5 0.25
vt 1.0 1.0
vt 0.875 0.75
vt 0.91796875 0.2578125
vt 0.5 0.5
vt 0.0 0.0
vt 0.96875 0.8125
vt 0.5 0.5
vt 0.5 0.0
vt 1.0 1.0
vt 0.5 0.0
vt 0.75 0.5
vt 0.49023438 0.33007812
vt 0.875 0.75
vt 0.5 0.25
vt 0.625 0.125
vt 0.5 0.0
vt 1.0 0.0
vt 1.0 0.25
vt 0.75 0.25
vt 1.0 0.0
vt 1.0 0.5
vt 0.25 0.0
vt 0.875 0.6875
vt 0.75 0.125
vt 0.75 0.25
vt 1.0 0.0
vt 1.0 1.0
vt 0.5 0.0
vt 0.5 0.0625
vt 0.875 0.25
vt 0.859375 0.5625
vt 0.5 0.0
vt 1.0 1.0
vt 0.5 0.375
vt 1.0 0.0
vt 0.9824219 0.14257812
vt 0.5625 0.3125
vt 0.75 0.25
vt 0.875 0.375
vt 0.0 0.0
vt 0.75 0.625
vt 0.875 0.25
vt 0.0 0.0
vt 0.5 0.25
vt 1.0 1.0
vt 0.375 0.25
vt 1.0 0.0
vt 1.0 1.0
vt 0.875 0.25
vt 1.0 0.625
vt 0.5 0.3125
vt 0.59375 0.15625
vt 1.0 0.0
vt 0.5 0.25
vt 0.0 0.0
vt 0.375 0.25
vt 0.75 0.125
vt 0.0 0.0
vt 0.6875 0.625
vt 0.8125 0.25
vt 0.0 0.0
vt 1.0 0.0
vt 0.75 0.25
vt 0.734375 0.65625
vt 0.5 0.0
vt 0.875 0.75
vt 0.0 0.0
vt 1.0 0.0
vt 0.5 0.5
vt 0.8125 0.125
vt 0.796875 0.03125
vt 1.0 1.0
vt 0.0 0.0
vt 0.75 0.125
vt 1.0 1.0
vt 0.875 0.125
vt 0.4609375 0.20703125
vt 0.75 0.5
vt 0.8125 0.625
vt 1.0 0.0
vt 1.0 0.25
vt 0.75 0.5
vt 0.5 0.0
vt 0.5 0.375
vt 0.3125 0.25
vt 1.0 0.0
vt 0.30859375 0.16796875
vt 0.75 0.5
vt 1.0 0.0
vt 0.5 0.25
vt 0.9375 0.625
vt 0.984375 0.6484375
vt 1.0 1.0
vt 0.5 0.0
vt 1.0 0.0
vt 0.25 0.125
vt 0.9140625 0.640625
vt 0.46875 0.265625
vt 1.0 0.5
vt 0.5 0.0
vt 0.625 0.375
vt 0.5 0.25
vt 0.5 0.25
vt 0.234375 0.1875
vt 0.5 0.5
vt 0.5 0.0
vt 1.0 0.0
vt 1.0 0.5
vt 0.75 0.5
vt 1.0 0.0
vt 0.921875 0.796875
vt 0.8125 0.625
vt 0.75 0.5
vt 1.0 1.0
vt 0.0 0.0
vt 1.0 0.0
vt 0.99121094 0.9238281
vt 0.0 0.0
vt 1.0 0.5
vt 0.5 0.5
vt 0.5 0.5
vt 0.8300781 0.53125
vt 0.75 0.25
vt 0.0 0.0
vt 1.0 0.0
vt 1.0 1.0
vt 0.87109375 0.5859375
vt 1.0 0.0
vt 0.5 0.5
vt 0.9375 0.6875
vt 1.0 0.0
vt 0.5 0.5
vt 0.734375 0.515625
vt 0.5 0.0
vt 0.5625 0.1875
vt 0.625 0.25
vt 0.5 0.0
vt 0.53125 0.375
vt 0.59375 0.578125
vt 0.25 0.0
vt 1.0 1.0
vt 0.0 0.0
vt 1.0 0.0
vt 1.0 1.0
vt 0.75 0.625
vt 0.9375 0.875
vt 1.0 1.0
vt 0.421875 0.28125
vt 0.875 0.125
vt 0.5 0.5
vt 0.75 0.5
vt 0.703125 0.65625
vt 1.0 0.5
vt 0.0 0.0
vt 0.859375 0.0625
vt 0.5 0.5
vt 0.0 0.0
vt 0.75 0.5
vt 0.5 0.5
vt 0.875 0.75
vt 0.5 0.0
vt 1.0 1.0
vt 0.0 0.0
vt 1.0 0.0
vt 0.75 0.25
vt 0.0 0.0
vt 0.96875 0.75
vt 1.0 0.5
vt 0.0 0.0
vt 1.0 0.5
vt 1.0 1.0
vt 0.0 0.0
vt 0.875 0.6875
vt 1.0 0.5
vt 0.0 0.0
vt 1.0 0.5
vt 0.375 0.125
vt 0.5 0.0
vt 0.9921875 0.578125
vt 0.75 0.75
vt 0.6875 0.125
vt 0.75 0.5
vt 0.5 0.5
vt 0.875 0.625
vt 0.75 0.5
vt 1.0 0.75
vt 0.0 0.0
vt 0.5 0.0
vt 0.75 0.125
vt 0.5 0.0
vt 1.0 0.0
vt 1.0 0.5
vt 0.0 0.0
vt 1.0 0.5
vt 1.0 1.0
vt 0.0 0.0
vt 0.625 0.1875
vt 0.8417969 0.703125
vt 0.875 0.25
vt 1.0 0.0
vt 1.0 1.0
vt 0.0 0.0
vt 0.5 0.0
vt 0.875 0.375
vt 0.75 0.75
vt 0.375 0.25
vt 0.5 0.5
vt 0.0 0.0
vt 0.75 0.0
vt 0.5 0.5
vt 0.6875 0.5
vt 1.0 0.5
vt 1.0 0.5
vt 0.96875 0.8125
vt 0.5 0.0
vt 0.8671875 0.5234375
vt 0.9375 0.625
vt 1.0 0.0
vt 1.0 1.0
vt 0.75 0.5
vt 1.0 0.0
vt 1.0 1.0
vt 0.5 0.0
vt 0.5 0.0
vt 0.75 0.25
vt 0.5 0.0
vt 1.0 0.5
vt 0.5 0.375
vt 0.375 0.25
vt 1.0 0.75
vt 0.8515625 0.37890625
vt 0.0 0.0
vt 1.0 0.0
vt 0.0 0.0
vt 0.75 0.25
vt 1.0 1.0
vt 0.75 0.5
vt 1.0 0.0
vt 0.875 0.75
vt 0.0 0.0
vt 1.0 0.0
vt 1.0 1.0
vt 0.0 0.0
vt 0.9921875 0.765625
vt 0.671875 0.59375
vt 0.5 0.0
vt 0.25 0.125
vt 1.0 1.0
vt 0.4375 0.171875
vt 1.0 0.0
vt 1.0 1.0
vt 0.0 0.0
vt 0.25 0.0
vt 1.0 1.0
vt 0.5 0.0
vt 1.0 0.0
vt 0.5 0.5
vt 0.0 0.0
vt 0.875 0.75
vt 0.625 0.5
vt 0.5 0.5
vt 0.625 0.5
vt 0.75 0.625
vt 0.0 0.0
vt 0.625 0.5
vt 0.859375 0.40625
vt 0.0 0.0
vt 0.75 0.5
vt 0.5 0.25
vt 0.5 0.0
vt 0.9375 0.125
vt 1.0 0.5
vt 0.0 0.0
vt 0.203125 0.171875
vt 0.875 0.375
vt 0.75 0.5
vt 0.5 0.0
vt 1.0 1.0
vt 0.0 0.0
vt 1.0 0.0
vt 0.1875 0.15625
vt 0.8125 0.75
vt 1.0 0.0
vt 1.0 1.0
vt 0.625 0.0
vt 0.4296875 0.2578125
vt 0.75 0.25
vt 0.0 0.0
vt 0.5 0.0
vt 1.0 1.0
vt 0.0 0.0
vt 0.9375 0.875
vt 0.8125 0.25
vt 0.4375 0.375
vt 0.6875 0.25
vt 0.25 0.25
vt 0.75 0.5
vt 1.0 0.0
vt 1.0 0.5
vt 0.5 0.0
vt 1.0 0.0
vt 0.5 0.0
vt 1.0 0.0
vt 0.8671875 0.328125
vt 1.0 0.0
vt 0.5 0.5
vt 0.0 0.0
vt 0.28125 0.09375
vt 0.5 0.25
vt 0.0 0.0
vt 0.625 0.0625
vt 0.5 0.5
vt 0.5 0.0
vt 0.5 0.25
vt 0.5 0.0
vt 0.75 0.25
vt 0.71875 0.53125
vt 0.375 0.25
vt 0.5 0.25
vt 0.5 0.5
vt 0.875 0.75
vt 0.25 0.0
vt 1.0 1.0
vt 0.5 0.5
vt 0.5 0.25
vt 0.4375 0.3125
vt 0.6875 0.125
vt 0.46875 0.28125
vt 0.75 0.25
vt 0.5 0.5
vt 1.0 0.0
vt 1.0 0.5
vt 0.0 0.0
vt 1.0 0.0
vt 0.5 0.5
vt 0.75 0.5
vt 0.9375 0.7402344
vt 0.5 0.5
vt 0.0 0.0
vt 0.5 0.0
vt 0.5 0.5
vt 0.0 0.0
vt 1.0 0.0
vt 0.75 0.75
vt 0.96875 0.8125
vt 0.75 0.0
vt 0.6875 0.25
vt 0.5 0.0
vt 1.0 0.75
vt 0.5 0.5
vt 0.34375 0.15625
vt 0.84375 0.34375
vt 0.75 0.625
vt 0.875 0.125
vt 0.625 0.5
vt 1.0 1.0
vt 0.0 0.0
vt 1.0 0.0
vt 0.75 0.5
vt 0.0 0.0
vt 0.875 0.375
vt 1.0 1.0
vt 0.75 0.0
vt 1.0 0.75
vt 0.484375 0.015625
vt 0.6875 0.625
vt 0.5 0.0
vt 0.5 0.5
vt 0.0 0.0
vt 1.0 0.0
vt 1.0 1.0
vt 0.875 0.125
vt 0.5 0.25
vt 1.0 0.5
vt 0.5 0.5
vt 1.0 0.0
vt 1.0 0.5
vt 0.0 0.0
vt 1.0 0.0
vt 1.0 1.0
vt 0.0 0.0
vt 0.421875 0.28125
vt 1.0 1.0
vt 0.0 0.0
vt 0.25 0.0
vt 0.5 0.5
vt 0.0 0.0
vt 0.9375 0.875
vt 0.5 0.5
vt 0.0 0.0
vt 1.0 0.0
vt 1.0 1.0
vt 0.0 0.0
vt 1.0 0.0
vt 0.34375 0.03125
vt 0.75 0.5
vt 1.0 0.0
vt 1.0 1.0
vt 0.875 0.375
vt 0.25 0.0
vt 0.5 0.5
vt 0.5 0.5
vt 1.0 0.0
vt 1.0 1.0
vt 0.0 0.0
vt 1.0 0.0
vt 0.38671875 0.3203125
vt 0.875 0.75
vt 1.0 0.0
vt 1.0 1.0
vt 0.671875 0.53125
vt 0.5 0.0
vt 0.6875 0.5
vt 0.921875 0.625
vt 0.921875 0.375
vt 0.9375 0.375
vt 0.0 0.0
vt 0.375 0.25
vt 0.953125 0.53125
vt 0.0 0.0
vt 0.5 0.25
vt 1.0 1.0
vt 0.0 0.0
vt 1.0 0.0
vt 0.5 0.5
vt 0.0 0.0
vt 1.0 0.0
vt 1.0 1.0
vt 0.0 0.0
vt 1.0 0.0
vt 0.96875 0.65625
vt 0.625 0.375
vt 0.5 0.25
vt 1.0 1.0
vt 0.0 0.0
vt 1.0 0.5
vt 0.5 0.5
vt 0.5 0.5
vt 1.0 0.0
vt 0.59375 0.28125
vt 0.5 0.0
vt 0.375 0.125
vt 0.375 0.3125
vt 0.875 0.125
vt 0.5 0.0
vt 1.0 0.5
vt 1.0 0.0
vt 1.0 1.0
vt 0.0 0.0
vt 0.75 0.5
vt 1.0 1.0
vt 0.46875 0.4375
vt 0.6875 0.625
vt 0.75 0.25
vt 0.59375 0.53125
vt 1.0 0.0
vt 1.0 0.5
vt 0.5 0.5
vt 0.87109375 0.5859375
vt 1.0 1.0
vt 0.5 0.5
vt 1.0 0.0
vt 1.0 1.0
vt 0.8671875 0.828125
vt 0.84375 0.0625
vt 1.0 1.0
vt 0.875 0.75
vt 1.0 0.5
vt 0.5 0.5
vt 0.5 0.5
vt 1.0 0.0
vt 0.75 0.25
vt 0.75 0.25
vt 0.53125 0.203125
vt 0.96875 0.03125
vt 0.0 0.0
vt 1.0 0.0
vt 1.0 1.0
vt 0.9375 0.625
vt 1.0 0.0
vt 1.0 1.0
vt 0.0 0.0
vt 1.0 0.5
vt 1.0 0.5
vt 0.828125 0.453125
vt 0.8125 0.6875
vt 0.5625 0.1875
vt 0.0 0.0
vt 1.0 0.0
vt 0.75 0.125
vt 0.75 0.25
vt 0.5 0.0
vt 1.0 1.0
vt 0.0 0.0
vt 1.0 0.0
vt 1.0 0.5
vt 0.8125 0.6875
vt 1.0 0.0
vt 0.75 0.25
vt 0.5 0.0
vt 0.6171875 0.55078125
vt 0.7626953 0.43603516
vt 0.859375 0.34375
vt 0.8984375 0.296875
vt 1.0 1.0
vt 0.1875 0.125
vt 1.0 0.0
vt 0.625 0.125
vt 0.875 0.5
vt 1.0 0.0
vt 1.0 1.0
vt 0.71875 0.3125
vt 1.0 0.0
vt 1.0 1.0
vt 0.5 0.5
vt 0.5 0.25
vt 0.875 0.625
vt 0.5 0.0
vt 1.0 0.75
vt 0.3125 0.3125
vt 1.0 0.0
vt 0.375 0.25
vt 0.5 0.5
vt 1.0 0.5
vt 0.875 0.375
vt 0.75 0.5
vt 0.4375 0.375
vt 0.5 0.5
vt 0.875 0.125
vt 1.0 0.0
vt 1.0 1.0
vt 0.47265625 0.29296875
vt 1.0 0.0
vt 0.25 0.25
vt 0.5 0.5
vt 0.375 0.15625
vt 0.5625 0.3125
vt 0.75 0.5
vt 0.8125 0.03125
vt 0.71875 0.25
vt 0.8125 0.28125
vt 1.0 0.0
vt 0.5 0.5
vt 0.875 0.625
vt 0.625 0.25
vt 0.25 0.25
vt 0.5 0.0
vt 0.375 0.3125
vt 0.625 0.1875
vt 0.875 0.75
vt 0.5 0.0
vt 1.0 1.0
vt 0.375 0.25
vt 1.0 0.5
vt 1.0 0.5
vt 0.875 0.5
vt 0.5 0.0
vt 0.9375 0.5625
vt 0.875 0.75
vt 1.0 0.0
vt 1.0 1.0
vt 0.0 0.0
vt 1.0 0.0
vt 0.5 0.5
vt 0.0 0.0
vt 1.0 0.5
vt 0.5 0.5
vt 0.0 0.0
vt 1.0 0.0
vt 1.0 1.0
vt 0.0 0.0
vt 1.0 0.0
vt 1.0 1.0
vt 0.75 0.5
vt 0.5 0.3125
vt 0.75 0.25
vt 0.0 0.0
vt 1.0 0.0
vt 0.25 0.25
vt 0.5 0.0
vt 1.0 0.75
vt 0.25 0.25
vt 0.9375 0.125
vt 0.75 0.0
vt 0.75 0.25
vt 0.9375 0.875
vt 1.0 0.0
vt 1.0 1.0
vt 0.0 0.0
vt 0.8125 0.25
vt 0.96875 0.53125
vt 0.0 0.0
vt 0.5 0.25
vt 0.5 0.25
vt 0.0 0.0
vt 1.0 0.0
vt 0.5 0.5
vt 0.75 0.5
vt 1.0 0.0
vt 1.0 1.0
vt 0.9375 0.625
vt 0.5 0.25
vt 1.0 1.0
vt 0.671875 0.53125
vt 0.875 0.34375
vt 1.0 0.875
vt 0.4375 0.375
vt 0.9375 0.125
vt 0.296875 0.265625
vt 0.5 0.0
vt 0.75 0.5
vt 1.0 1.0
vt 0.59375 0.2890625
vt 0.96875 0.3125
vt 1.0 1.0
vt 0.5 0.0
vt 1.0 0.0
vt 0.375 0.3125
vt 0.375 0.25
vt 0.75 0.5
vt 1.0 1.0
vt 1.0 0.5
vt 1.0 1.0
vt 0.0 0.0
vt 1.0 0.0
vt 0.5 0.5
vt 0.0 0.0
vt 0.8671875 0.6328125
vt 0.3125 0.15625
vt 0.4375 0.375
vt 1.0 0.0
vt 0.25 0.25
vt 0.0 0.0
vt 1.0 0.0
vt 1.0 1.0
vt 0.0 0.0
vt 1.0 0.0
vt 1.0 1.0
vt 0.0 0.0
vt 0.4296875 0.296875
vt 1.0 1.0
vt 0.0 0.0
vt 0.25 0.0
vt 1.0 1.0
vt 0.75 0.5
vt 1.0 0.0
vt 0.75 0.5
vt 0.5 0.0
vt 0.96875 0.4375
vt 0.6875 0.625
vt 0.0 0.0
vt 1.0 0.0
vt 0.625 0.0625
vt 0.75 0.0
vt 0.5 0.0
vt 1.0 1.0
vt 0.8125 0.625
vt 0.90625 0.8125
vt 0.71875 0.15625
vt 0.75 0.75
vt 1.0 0.5
vt 0.859375 0.578125
vt 0.5 0.0
vt 1.0 0.0
vt 0.15625 0.125
vt 0.46875 0.0625
vt 0.75 0.5
vt 1.0 0.5
vt 0.0 0.0
vt 1.0 0.0
vt 0.75 0.25
vt 0.9375 0.625
vt 0.75 0.5
vt 0.75 0.25
vt 0.0 0.0
vt 0.5 0.125
vt 1.0 0.5
vt 0.75 0.25
vt 1.0 0.0
vt 1.0 1.0
vt 0.25 0.0
vt 0.375 0.3125
vt 0.5 0.5
vt 0.0 0.0
vt 1.0 0.0
vt 1.0 1.0
vt 0.0 0.0
vt 1.0 0.0
vt 1.0 1.0
vt 0.0 0.0
vt 0.5 0.0
vt 1.0 1.0
vt 0.9375 0.59375
vt 0.875 0.75
vt 1.0 1.0
vt 0.0 0.0
vt 1.0 0.0
vt 1.0 0.75
vt 0.75 0.75
vt 0.75 0.5
vt 1.0 1.0
vt 0.5 0.5
vt 1.0 1.0
vt 0.0 0.0
vt 1.0 0.0
vt 0.375 0.125
vt 0.84375 0.5625
vt 0.5 0.0
vt 0.75 0.125
vt 0.5 0.5
vt 0.71875 0.3125
vt 1.0 1.0
vt 0.0 0.0
vt 1.0 0.0
vt 1.0 1.0
vt 0.875 0.75
vt 0.5 0.5
vt 0.5 0.5
vt 0.5 0.0
vt 0.5 0.5
vt 0.0 0.0
vt 0.6875 0.25
vt 0.5 0.25
vt 0.0 0.0
vt 1.0 0.0
vt 1.0 1.0
vt 0.94921875 0.87890625
vt 1.0 0.0
vt 1.0 1.0
vt 0.875 0.25
vt 0.25 0.0
vt 0.875 0.25
vt 0.5 0.0
vt 0.5 0.0
vt 0.5 0.5
vt 0.625 0.5
vt 0.9375 0.75
vt 0.5 0.5
vt 0.75 0.5
vt 0.9375 0.5625
vt 0.0 0.0
vt 0.75 0.0
vt 0.5 0.5
vt 0.5 0.25
vt 0.5 0.09375
vt 0.875 0.125
vt 0.0 0.0
vt 0.25 0.0
vt 0.25 0.25
vt 0.65625 0.0625
vt 1.0 0.5
vt 0.75 0.25
vt 0.8125 0.5625
vt 0.25 0.125
vt 1.0 1.0
vt 0.0 0.0
vt 0.4375 0.125
vt 1.0 1.0
vt 0.890625 0.515625
vt 0.25 0.0
vt 0.5 0.5
vt 0.0 0.0
vt 0.875 0.625
vt 1.0 1.0
vt 0.5 0.0
vt 1.0 0.0
vt 1.0 1.0
vt 0.0 0.0
vt 0.5625 0.4375
vt 1.0 1.0
vt 0.0 0.0
vt 0.875 0.25
vt 0.75 0.375
vt 0.3125 0.25
vt 0.25 0.0
vt 1.0 1.0
vt 0.25 0.125
vt 1.0 0.0
vt 1.0 1.0
vt 0.0 0.0
vt 0.75 0.25
vt 1.0 1.0
vt 0.0 0.0
vt 0.5 0.0
vt 0.5 0.5
vt 0.5625 0.28125
vt 1.0 0.0
vt 1.0 1.0
vt 0.0 0.0
vt 0.25 0.0625
vt 1.0 1.0
vt 0.875 0.125
vt 0.875 0.5
vt 0.5 0.5
vt 0.75 0.25
vt 1.0 0.0
vt 1.0 1.0
vt 0.71875 0.4375
vt 0.5 0.0
vt 1.0 1.0
vt 0.5 0.0
vt 0.5625 0.0625
vt 0.859375 0.640625
vt 0.5 0.0
vt 1.0 0.0
vt 0.4375 0.0625
vt 0.0 0.0
vt 0.25 0.0
vt 0.9609375 0.328125
vt 0.875 0.25
vt 1.0 0.0
vt 1.0 1.0
vt 0.59375 0.28125
vt 0.875 0.125
vt 1.0 1.0
vt 0.0 0.0
vt 1.0 0.0
vt 0.96875 0.78125
vt 0.5 0.0
vt 0.69921875 0.3671875
vt 0.875 0.375
vt 0.875 0.625
vt 0.5 0.0
vt 0.5 0.5
vt 0.0 0.0
vt 1.0 0.0
vt 0.5 0.5
vt 0.0 0.0
vt 1.0 0.0
vt 0.5 0.5
vt 0.92578125 0.328125
vt 1.0 0.5
vt 1.0 1.0
vt 0.6484375 0.6015625
vt 0.25 0.125
vt 1.0 1.0
vt 0.0 0.0
vt 1.0 0.0
vt 0.8125 0.25
vt 0.75 0.125
vt 0.5 0.25
vt 0.75 0.25
vt 0.9375 0.0625
vt 1.0 0.0
vt 0.875 0.125
vt 0.4375 0.28125
vt 0.75 0.25
vt 1.0 1.0
vt 0.8359375 0.703125
vt 1.0 0.0
vt 0.5 0.25
vt 0.8203125 0.484375
vt 0.5 0.0
vt 1.0 0.5
vt 0.5 0.375
vt 1.0 0.5
vt 1.0 1.0
vt 0.0 0.0
vt 1.0 0.0
vt 0.25 0.125
vt 0.9375 0.375
vt 1.0 0.25
vt 1.0 0.5
vt 0.0 0.0
vt 0.9375 0.375
vt 1.0 0.5
vt 0.5 0.5
vt 0.75 0.5
vt 0.5 0.5
vt 0.875 0.5
vt 0.25 0.0
vt 0.375 0.125
vt 0.0 0.0
vt 1.0 0.0
vt 1.0 1.0
vt 0.75 0.5
vt 0.5 0.0
vt 1.0 1.0
vt 0.875 0.25
vt 0.75 0.5
vt 0.875 0.375
vt 0.75 0.25
vt 0.671875 0.15625
vt 1.0 1.0
vt 0.75 0.0
vt 0.5 0.0
vt 1.0 0.5
vt 0.75 0.75
vt 1.0 0.0
vt 0.96875 0.8125
vt 0.9609375 0.140625
vt 1.0 0.0
vt 0.25 0.125
vt 0.75 0.75
vt 0.65625 0.40625
vt 1.0 1.0
vt 0.0 0.0
vt 1.0 0.0
vt 0.5 0.5
vt 0.0 0.0
vt 0.75 0.25
vt 1.0 1.0
vt 0.75 0.5
vt 0.93359375 0.53515625
vt 0.5 0.5
vt 0.0 0.0
vt 0.859375 0.015625
vt 0.25 0.25
vt 0.5 0.25
vt 1.0 0.0
vt 0.859375 0.078125
vt 0.0 0.0
vt 0.75 0.5
vt 1.0 0.5
vt 0.0 0.0
vt 1.0 0.0
vt 0.9375 0.8125
vt 0.984375 0.390625
vt 1.0 0.5
vt 0.453125 0.3125
vt 0.0 0.0
vt 1.0 0.0
vt 1.0 1.0
vt 0.5 0.5
vt 0.9375 0.625
vt 0.5 0.5
vt 0.5 0.0
vt 1.0 0.5
vt 0.5 0.5
vt 0.0 0.0
vt 0.8125 0.125
vt 1.0 1.0
vt 0.75 0.5
vt 1.0 0.0
vt 1.0 1.0
vt 0.6796875 0.5703125
vt 0.2265625 0.125
vt 1.0 1.0
vt 0.0 0.0
vt 0.75 0.5
vt 1.0 1.0
vt 0.0 0.0
vt 0.625 0.125
vt 0.25 0.25
vt 0.0 0.0
vt 1.0 0.0
vt 1.0 1.0
vt 0.875 0.75
vt 0.7421875 0.203125
vt 1.0 1.0
vt 0.5 0.0
vt 1.0 0.0
vt 0.71875 0.4375
vt 0.875 0.75
vt 1.0 0.0
vt 1.0 1.0
vt 0.375 0.125
vt 1.0 0.0
vt 0.4765625 0.21875
vt 0.0 0.0
vt 1.0 0.5
vt 0.4375 0.3125
vt 0.875 0.75
vt 0.5 0.0
vt 0.5 0.5
vt 0.0 0.0
vt 1.0 0.0
vt 0.5625 0.125
vt 0.0 0.0
vt 1.0 0.5
vt 0.625 0.125
vt 0.4375 0.125
vt 1.0 0.0
vt 0.8125 0.375
vt 0.0 0.0
vt 1.0 0.0
vt 1.0 1.0
vt 0.0 0.0
vt 1.0 0.0
vt 1.0 1.0
vt 0.0 0.0
vt 0.5 0.0
vt 1.0 1.0
vt 0.0 0.0
vt 1.0 1.0
vt 0.0 0.0
vt 0.5 0.0
vt 1.0 1.0
vt 0.9375 0.625
vt 1.0 0.75
vt 0.984375 0.40625
vt 0.9375 0.625
vt 1.0 0.0
vt 0.9375 0.375
vt 0.75 0.25
vt 0.5 0.0
vt 0.5 0.125
vt 0.75390625 0.2734375
vt 1.0 0.0
vt 0.96875 0.78125
vt 0.75 0.0
vt 1.0 0.0
vt 1.0 1.0
vt 0.0 0.0
vt 0.75 0.5
vt 1.0 1.0
vt 0.0 0.0
vt 0.5 0.0
vt 1.0 1.0
vt 0.0 0.0
vt 0.484375 0.265625
vt 0.5 0.25
vt 0.5 0.5
vt 0.5 0.0
vt 1.0 1.0
vt 0.75 0.5
vt 0.25 0.0
vt 0.96875 0.40625
vt 0.0 0.0
vt 1.0 0.0
vt 0.625 0.5625
vt 1.0 0.0
vt 1.0 1.0
vt 0.0 0.0
vt 1.0 0.5
vt 0.75 0.25
vt 0.5 0.5
vt 1.0 0.0
vt 1.0 1.0
vt 0.0 0.0
vt 1.0 0.0
vt 1.0 1.0
vt 0.75 0.5
vt 1.0 0.0
vt 1.0 1.0
vt 0.0 0.0
vt 0.5 0.0
vt 1.0 1.0
vt 0.0 0.0
vt 1.0 0.0
vt 0.5 0.5
vt 0.0 0.0
vt 0.5 0.0
vt 1.0 1.0
vt 0.0 0.0
vt 1.0 0.0
vt 0.5 0.5
vt 0.0 0.0
vt 1.0 0.0
vt 1.0 1.0
vt 0.7421875 0.109375
vt 1.0 0.5
vt 1.0 0.5
vt 0.0 0.0
vt 0.6171875 0.5390625
vt 0.6171875 0.359375
vt 0.75 0.25
vt 1.0 0.0
vt 0.8125 0.5625
vt 0.0 0.0
vt 1.0 0.0
vt 0.75 0.625
vt 0.0 0.0
vt 1.0 0.5
vt 0.5 0.5
vt 0.703125 0.359375
vt 1.0 0.0
vt 1.0 1.0
vt 0.8125 0.0625
vt 1.0 1.0
vt 0.5 0.5
vt 1.0 0.5
vt 0.7265625 0.171875
vt 0.953125 0.234375
vt 0.6875 0.53125
vt 0.0 0.0
vt 0.921875 0.65625
vt 1.0 1.0
vt 0.0 0.0
vt 0.875 0.125
vt 1.0 1.0
vt 1.0 0.0
vt 1.0 1.0
vt 0.0 0.0
vt 1.0 1.0
vt 0.375 0.25
vt 1.0 0.0
vt 1.0 1.0
vt 0.0 0.0
vt 0.5 0.0
vt 0.9921875 0.3515625
vt 0.0 0.0
vt 0.75 0.5
vt 0.5 0.5
vt 0.5 0.5
vt 0.5 0.0
vt 0.25 0.25
vt 0.0 0.0
vt 0.734375 0.46875
vt 1.0 0.5
vt 0.0 0.0
vt 1.0 0.0
vt 1.0 1.0
vt 0.75 0.0
vt 1.0 0.0
vt 0.5 0.5
vt 0.875 0.75
vt 1.0 0.0
vt 0.9375 0.0625
vt 0.5 0.5
vt 1.0 0.5
vt 1.0 1.0
vt 0.0 0.0
vt 1.0 0.0
vt 1.0 1.0
vt 0.875 0.125
vt 1.0 0.0
vt 0.921875 0.375
vt 0.0 0.0
vt 1.0 0.0
vt 0.9921875 0.921875
vt 0.0 0.0
vt 0.875 0.75
vt 0.5 0.25
vt 0.0 0.0
vt 0.96875 0.6875
vt 0.25 0.25
vt 0.75 0.5
vt 0.5546875 0.390625
vt 0.5 0.5
vt 0.0 0.0
vt 0.5 0.0
vt 1.0 1.0
vt 0.75 0.0
vt 0.5 0.0
vt 0.93359375 0.1015625
vt 0.0 0.0
vt 0.5 0.0
vt 0.5 0.5
vt 0.0 0.0
vt 1.0 0.0
vt 0.75 0.25
vt 0.0 0.0
vt 0.75 0.5
vt 1.0 0.25
vt 0.0 0.0
vt 0.5 0.0
vt 0.75 0.25
vt 1.0 0.0
vt 1.0 1.0
vt 0.75 0.0
vt 1.0 1.0
vt 1.0 0.0
vt 0.5 0.25
vt 0.75 0.5
vt 1.0 0.0
vt 0.5 0.375
vt 0.5 0.5
vt 1.0 0.5
vt 0.75 0.25
vt 0.8544922 0.50097656
vt 0.5 0.0
vt 0.5 0.5
vt 0.0 0.0
vt 1.0 0.25
vt 0.5 0.5
vt 0.0 0.0
vt 1.0 0.5
vt 1.0 1.0
vt 0.6875 0.5625
vt 0.875 0.75
vt 1.0 1.0
vt 0.75 0.625
vt 1.0 0.0
vt 0.5 0.5
vt 0.0 0.0
vt 1.0 0.5
vt 1.0 1.0
vt 0.0 0.0
vt 0.5 0.0
vt 0.5 0.5
vt 0.75 0.5
vt 0.875 0.75
vt 1.0 1.0
vt 0.75 0.5
vt 0.5 0.0
vt 0.328125 0.109375
vt 0.8457031 0.087890625
vt 0.5 0.25
vt 1.0 0.5
vt 0.0 0.0
vt 1.0 0.0
vt 1.0 1.0
vt 0.96875 0.4375
vt 1.0 0.0
vt 1.0 1.0
vt 0.0 0.0
vt 1.0 0.0
vt 0.5 0.5
vt 0.75 0.0
vt 0.71875 0.03125
vt 0.8125 0.1875
vt 0.875 0.25
vt 1.0 0.0
vt 1.0 1.0
vt 0.0 0.0
vt 1.0 0.0
vt 1.0 1.0
vt 0.75 0.5
vt 0.6875 0.625
vt 1.0 1.0
vt 0.0 0.0
vt 1.0 0.0
vt 0.5 0.5
vt 0.875 0.25
vt 1.0 0.0
vt 0.5 0.5
vt 0.0 0.0
vt 0.5 0.0
vt 1.0 1.0
vt 0.796875 0.515625
vt 1.0 1.0
vt 0.0 0.0
vt 1.0 0.0
vt 0.375 0.3125
vt 0.9375 0.625
vt 1.0 0.0
vt 1.0 1.0
vt 0.0 0.0
vt 0.8984375 0.2265625
vt 1.0 1.0
vt 0.0 0.0
vt 1.0 0.0
vt 0.5 0.5
vt 0.0 0.0
vt 0.71875 0.546875
vt 1.0 1.0
vt 0.296875 0.15625
vt 0.5 0.0
vt 1.0 1.0
vt 0.9375 0.875
vt 0.5 0.0
vt 0.75 0.25
vt 0.0 0.0
vt 0.5 0.0
vt 0.25 0.25
vt 0.75 0.5
vt 1.0 0.0
vt 1.0 1.0
vt 0.0 0.0
vt 1.0 0.25
vt 1.0 1.0
vt 0.5 0.5
vt 0.828125 0.703125
vt 1.0 1.0
vt 0.5 0.0
vt 0.94921875 0.44140625
vt 0.0 0.0
vt 1.0 0.0
vt 0.890625 0.1328125
vt 0.0 0.0
vt 1.0 0.0
vt 0.5 0.5
vt 0.75 0.25
vt 1.0 0.5
vt 1.0 1.0
vt 0.625 0.125
vt 0.5 0.0
vt 1.0 1.0
vt 0.9375 0.375
vt 1.0 0.0
vt 0.5 0.5
vt 0.75 0.25
vt 1.0 0.5
vt 1.0 1.0
vt 0.59375 0.53125
vt 1.0 0.0
vt 1.0 1.0
vt 0.0 0.0
vt 1.0 0.0
vt 0.71875 0.53125
vt 0.5 0.25
vt 1.0 0.0
vt 0.5 0.5
vt 0.484375 0.40625
vt 0.5625 0.375
vt 1.0 1.0
vt 0.0 0.0
vt 0.5 0.0
vt 1.0 1.0
vt 0.6875 0.3125
vt 0.84375 0.25
vt 1.0 1.0
vt 0.5 0.0
vt 0.5 0.5
vt 0.9375 0.125
vt 0.9375 0.125
vt 0.5 0.5
vt 0.5 0.5
vt 1.0 0.0
vt 0.625 0.25
vt 0.4375 0.15625
vt 1.0 0.0
vt 1.0 1.0
vt 0.25 0.25
vt 1.0 0.0
vt 0.0 0.0
vt 0.5 0.0
vt 0.75 0.125
vt 0.9375 0.375
vt 0.5 0.0
vt 1.0 1.0
vt 0.0 0.0
vt 1.0 0.0
vt 1.0 1.0
vt 0.5625 0.3125
vt 0.5 0.375
vt 0.625 0.125
vt 0.75 0.5
vt 1.0 0.5
vt 0.5 0.5
vt 0.5 0.0
vt 0.5 0.25
vt 0.5 0.5
vt 0.0 0.0
vt 1.0 0.0
vt 0.5 0.25
vt 0.8125 0.78125
vt 1.0 0.0
vt 0.8671875 0.0703125
vt 0.5 0.46875
vt 0.5625 0.28125
vt 1.0 1.0
vt 0.0 0.0
vt 0.75 0.25
vt 1.0 1.0
vt 0.0 0.0
vt 0.640625 0.46875
vt 0.82421875 0.76171875
vt 0.5 0.5
vt 0.5 0.0
vt 0.75 0.25
vt 1.0 0.0
vt 1.0 1.0
vt 0.0 0.0
vt 1.0 0.0
vt 0.25 0.125
vt 0.0 0.0
vt 0.40234375 0.125
vt 0.25 0.25
vt 0.0 0.0
vt 1.0 0.5
vt 1.0 1.0
vt 0.0 0.0
vt 0.4921875 0.3828125
vt 0.75 0.25
vt 0.0 0.0
vt 0.25 0.0
vt 0.5 0.5
vt 0.5 0.5
vt 1.0 0.25
vt 0.5 0.5
vt 0.8125 0.3125
vt 0.6875 0.3125
vt 0.5 0.5
vt 0.0 0.0
vt 1.0 0.5
vt 0.0 0.0
vt 0.5 0.0
vt 0.5 0.5
vt 0.0 0.0
vt 0.375 0.125
vt 1.0 1.0
vt 0.75 0.25
vt 1.0 0.5
vt 1.0 1.0
vt 0.5 0.5
vt 0.96875 0.6875
vt 1.0 0.75
vt 0.9296875 0.578125
vt 1.0 0.0
vt 0.5 0.5
vt 0.0 0.0
vt 1.0 0.0
vt 1.0 1.0
vt 0.875 0.5
vt 1.0 0.0
vt 0.5 0.25
vt 0.75 0.5
vt 0.5 0.0
vt 0.75 0.25
vt 0.0 0.0
vt 0.375 0.0
vt 0.5 0.5
vt 0.0 0.0
vt 1.0 0.0
vt 0.484375 0.34375
vt 0.0 0.0
vt 1.0 0.0
vt 1.0 1.0
vt 0.75 0.5
vt 1.0 0.0
vt 0.73046875 0.2890625
vt 0.5 0.5
vt 0.5 0.0
vt 0.0 0.0
vt 1.0 0.0
vt 0.25 0.25
vt 0.0 0.0
vt 1.0 0.0
vt 0.75 0.25
vt 0.0 0.0
vt 1.0 0.0
vt 1.0 1.0
vt 0.0 0.0
vt 1.0 0.0
vt 0.5 0.5
vt 0.5 0.5
vt 0.875 0.75
vt 1.0 1.0
vt 0.0 0.0
vt 1.0 0.0
vt 0.0 0.0
vt 1.0 0.5
vt 1.0 1.0
vt 0.4375 0.125
vt 1.0 0.0
vt 0.5 0.25
vt 0.0 0.0
vt 0.5 0.0
vt 1.0 0.25
vt 0.0 0.0
vt 1.0 0.0
vt 0.25 0.25
vt 0.0 0.0
vt 1.0 0.0
vt 1.0 1.0
vt 0.71875 0.625
vt 0.5 0.0
vt 0.625 0.5
vt 0.6875 0.0625
vt 1.0 0.0
vt 1.0 1.0
vt 0.5 0.5
vt 0.375 0.25
vt 0.78125 0.125
vt 0.375 0.125
vt 1.0 0.0
vt 0.9375 0.625
vt 0.5 0.5
vt 0.8125 0.5
vt 1.0 1.0
vt 0.0 0.0
vt 1.0 0.0
vt 1.0 1.0
vt 0.0 0.0
vt 1.0 0.0
vt 1.0 1.0
vt 0.5 0.0
vt 1.0 0.0
vt 0.71875 0.15625
vt 0.75 0.75
vt 1.0 0.0
vt 1.0 0.5
vt 0.875 0.125
vt 1.0 0.0
vt 1.0 1.0
vt 1.0 0.0
vt 1.0 1.0
vt 0.8984375 0.3203125
vt 1.0 0.0
vt 0.5 0.25
vt 0.0 0.0
vt 1.0 0.5
vt 1.0 1.0
vt 0.5 0.5
vt 1.0 0.0
vt 1.0 1.0
vt 0.875 0.75
vt 0.5 0.0
vt 1.0 1.0
vt 0.5 0.5
vt 0.5 0.0
vt 0.5 0.25
vt 0.0 0.0
vt 1.0 0.0
vt 0.890625 0.6875
vt 0.0 0.0
vt 1.0 0.0
vt 0.75 0.5
vt 0.0 0.0
vt 0.75 0.5
vt 1.0 1.0
vt 0.6875 0.375
vt 0.75 0.5
vt 1.0 1.0
vt 0.9140625 0.765625
vt 0.25 0.125
vt 1.0 0.5
vt 0.0 0.0
vt 1.0 0.75
vt 1.0 1.0
vt 0.0 0.0
vt 1.0 0.5
vt 1.0 1.0
vt 0.0 0.0
vt 1.0 0.0
vt 0.5 0.25
vt 0.0 0.0
vt 1.0 1.0
vt 0.5 0.5
vt 1.0 0.0
vt 0.97265625 0.7832031
vt 0.0 0.0
vt 0.5 0.0
vt 1.0 1.0
vt 0.5625 0.1875
vt 0.6875 0.625
vt 1.0 1.0
vt 0.75 0.625
vt 1.0 0.5
vt 1.0 1.0
vt 0.5 0.25
vt 0.46875 0.28125
vt 0.875 0.625
vt 0.75 0.25
vt 0.96875 0.28125
vt 1.0 0.0
vt 1.0 1.0
vt 0.0 0.0
vt 0.625 0.25
vt 0.5 0.5
vt 0.75 0.25
vt 1.0 0.0
vt 1.0 1.0
vt 0.0 0.0
vt 1.0 0.0
vt 0.75 0.5
vt 0.0 0.0
vt 0.5 0.0
vt 0.5 0.25
vt 0.5 0.5
vt 0.75 0.5
vt 1.0 1.0
vt 0.91796875 0.421875
vt 0.625 0.25
vt 1.0 1.0
vt 0.0 0.0
vt 0.71875 0.640625
vt 0.75 0.25
vt 0.7265625 0.578125
vt 0.5 0.0
vt 1.0 1.0
vt 0.9375 0.3125
vt 1.0 0.0
vt 1.0 1.0
vt 0.0 0.0
vt 0.84375 0.1875
vt 1.0 1.0
vt 0.0 0.0
vt 1.0 0.0
vt 1.0 1.0
vt 0.0 0.0
vt 1.0 0.0
vt 1.0 1.0
vt 0.0 0.0
vt 1.0 0.0
vt 0.5 0.5
vt 0.0 0.0
vt 0.5 0.0
vt 0.5 0.25
vt 0.0 0.0
vt 0.75 0.5
vt 0.5449219 0.29296875
vt 0.0 0.0
vt 1.0 0.0
vt 0.9375 0.1875
vt 0.875 0.25
vt 0.5 0.0
vt 0.5 0.5
vt 0.875 0.125
vt 1.0 0.0
vt 0.875 0.75
vt 0.703125 0.140625
vt 0.5 0.25
vt 1.0 1.0
vt 0.9375 0.0625
vt 1.0 0.0
vt 1.0 1.0
vt 0.25 0.25
vt 0.375 0.25
vt 0.9375 0.875
vt 0.0 0.0
vt 1.0 0.0
vt 0.90625 0.625
vt 0.0 0.0
vt 0.90625 0.8125
vt 1.0 1.0
vt 0.0 0.0
vt 1.0 0.0
vt 0.859375 0.59375
vt 0.0 0.0
vt 1.0 0.0
vt 0.5 0.5
vt 0.5 0.0
vt 0.859375 0.65625
vt 0.9375 0.3125
vt 0.0 0.0
vt 1.0 0.0
vt 1.0 1.0
vt 0.0 0.0
vt 0.6875 0.125
vt 1.0 1.0
vt 0.0 0.0
vt 0.5 0.0
vt 1.0 1.0
vt 0.75 0.5
vt 0.75 0.3125
vt 0.625 0.5625
vt 0.5 0.0
vt 0.5 0.5
vt 0.859375 0.78125
vt 0.75 0.5
vt 0.9121094 0.5986328
vt 0.625 0.5
vt 0.75 0.25
vt 0.375 0.125
vt 0.0 0.0
vt 0.5 0.0
vt 1.0 1.0
vt 0.0 0.0
vt 1.0 0.0
vt 0.6875 0.0625
vt 0.75 0.125
vt 1.0 1.0
vt 0.5 0.0
vt 0.5 0.25
vt 0.0 0.0
vt 1.0 0.0
vt 0.90625 0.40625
vt 0.75 0.5625
vt 1.0 0.25
vt 1.0 1.0
vt 0.875 0.375
vt 0.75 0.5
vt 1.0 1.0
vt 0.875 0.25
vt 1.0 0.0
vt 1.0 1.0
vt 0.5 0.5
vt 0.5 0.0
vt 1.0 1.0
vt 0.5 0.5
vt 0.5 0.5
vt 0.0 0.0
vt 0.625 0.5
vt 0.5 0.5
vt 0.96875 0.1875
vt 0.828125 0.3125
vt 0.5 0.5
vt 0.0 0.0
vt 0.5 0.0
vt 1.0 1.0
vt 0.0 0.0
vt 1.0 0.0
vt 1.0 1.0
vt 0.0 0.0
vt 0.5 0.0
vt 0.5 0.3125
vt 0.0 0.0
vt 1.0 0.5
vt 1.0 1.0
vt 0.0 0.0
vt 1.0 0.0
vt 1.0 0.5
vt 0.78125 0.578125
vt 1.0 0.0
vt 0.875 0.5
vt 0.875 0.75
vt 1.0 1.0
vt 0.75 0.5
vt 1.0 1.0
vt 0.0 0.0
vt 1.0 0.0
vt 1.0 1.0
vt 0.74609375 0.09765625
vt 1.0 0.5
vt 0.5 0.5
vt 0.0 0.0
vt 1.0 0.0
vt 1.0 1.0
vt 0.0 0.0
vt 1.0 0.0
vt 1.0 1.0
vt 0.5 0.0
vt 1.0 0.5
vt 0.5 0.5
vt 0.8125 0.15625
vt 0.0 0.0
vt 0.484375 0.265625
vt 0.375 0.25
vt 1.0 0.0
vt 1.0 1.0
vt 0.0 0.0
vt 1.0 0.5
vt 0.54296875 0.45703125
vt 0.9609375 0.2890625
vt 1.0 0.0
vt 1.0 1.0
vt 0.75 0.75
vt 0.5 0.0
vt 0.75 0.5
vt 0.5 0.0
vt 0.5 0.0
vt 1.0 1.0
vt 0.5 0.0
vt 1.0 0.0
vt 1.0 1.0
vt 0.71875 0.6875
vt 1.0 0.5
vt 1.0 1.0
vt 0.0 0.0
vt 0.5 0.0
vt 0.0 0.0
vt 1.0 0.0
vt 0.875 0.125
vt 0.75 0.25
vt 1.0 0.5
vt 1.0 1.0
vt 0.875 0.25
vt 1.0 0.0
vt 1.0 1.0
vt 0.96875 0.8125
vt 0.5 0.0
vt 1.0 1.0
vt 0.6875 0.65625
vt 0.0 0.0
vt 0.375 0.25
vt 1.0 1.0
vt 0.6875 0.625
vt 1.0 1.0
vt 0.84375 0.65625
vt 1.0 0.0
vt 1.0 1.0
vt 0.0 0.0
vt 0.5 0.0
vt 0.875 0.625
vt 0.0 0.0
vt 1.0 0.0
vt 0.5 0.5
vt 0.0 0.0
vt 1.0 0.0
vt 0.5 0.5
vt 0.0 0.0
vt 1.0 0.0
vt 1.0 1.0
vt 0.0 0.0
vt 0.5 0.0
vt 1.0 1.0
vt 0.0 0.0
vt 0.875 0.5
vt 1.0 1.0
vt 0.0 0.0
vt 1.0 0.0
vt 1.0 1.0
vt 0.75 0.5
vt 1.0 0.0
vt 0.0 0.0
vt 1.0 0.0
vt 1.0 1.0
vt 0.875 0.75
vt 0.5 0.0
vt 1.0 1.0
vt 0.0 0.0
vt 0.625 0.5
vt 0.5 0.5
vt 0.0 0.0
vt 0.75 0.5
vt 1.0 1.0
vt 0.25 0.25
vt 1.0 0.0
vt 1.0 1.0
vt 0.9375 0.25
vt 1.0 0.0
vt 0.4375 0.40625
vt 0.25 0.0
vt 1.0 0.0
vt 0.5 0.5
vt 1.0 0.5
vt 0.0 0.0
vt 0.25 0.125
vt 1.0 1.0
vt 0.75 0.125
vt 1.0 0.0
vt 1.0 1.0
vt 0.75 0.625
vt 1.0 0.0
vt 1.0 1.0
vt 0.0 0.0
vt 1.0 0.0
vt 0.96875 0.5625
vt 0.875 0.75
vt 1.0 0.0
vt 0.5 0.5
vt 0.0 0.0
vt 1.0 0.0
vt 1.0 1.0
vt 0.5 0.0
vt 1.0 0.0
vt 0.5 0.5
vt 0.0 0.0
vt 1.0 0.0
vt 0.21875 0.15625
vt 0.0 0.0
vt 1.0 0.0
vt 1.0 1.0
vt 0.0 0.0
vt 0.5 0.0
vt 1.0 1.0
vt 0.0 0.0
vt 1.0 1.0
vt 0.96875 0.3125
vt 1.0 0.0
vt 1.0 1.0
vt 0.5 0.0
vt 1.0 0.0
vt 1.0 1.0
vt 0.859375 0.21875
vt 0.75 0.5
vt 0.25 0.125
vt 0.0 0.0
vt 0.25 0.0
vt 1.0 1.0
vt 0.0 0.0
vt 1.0 0.0
vt 1.0 1.0
vt 0.0 0.0
vt 0.5 0.125
vt 1.0 1.0
vt 0.5 0.5
vt 0.6875 0.0625
vt 1.0 0.0
vt 0.84375 0.5625
vt 0.75 0.5
vt 1.0 0.0
vt 1.0 1.0
vt 0.5 0.25
vt 0.875 0.25
vt 1.0 1.0
vt 0.5 0.5
vt 0.75 0.5
vt 1.0 0.5
vt 0.625 0.296875
vt 1.0 0.0
vt 1.0 1.0
vt 0.0 0.0
vt 1.0 0.0
vt 0.5 0.375
vt 0.0 0.0
vt 0.8125 0.5
vt 1.0 1.0
vt 0.0 0.0
vt 1.0 0.0
vt 1.0 0.5
vt 0.25 0.25
vt 1.0 0.0
vt 1.0 1.0
vt 0.0 0.0
vt 0.5 0.0
vt 0.75 0.5
vt 0.0 0.0
vt 1.0 0.0
vt 0.75 0.625
vt 0.8125 0.25
vt 1.0 0.0
vt 1.0 1.0
vt 0.0 0.0
vt 0.5 0.0
vt 1.0 1.0
vt 0.96875 0.59375
vt 1.0 1.0
vt 0.25 0.0
vt 0.875 0.5
vt 1.0 0.5
vt 0.84375 0.5
vt 0.75 0.25
vt 1.0 1.0
vt 0.0 0.0
vt 0.875 0.75
vt 1.0 1.0
vt 0.0 0.0
vt 1.0 0.0
vt 1.0 1.0
vt 0.0 0.0
vt 0.75 0.125
vt 1.0 1.0
vt 0.875 0.375
vt 1.0 0.0
vt 0.8125 0.59375
vt 0.75 0.5
vt 1.0 0.0
vt 0.0 0.0
vt 0.4765625 0.1484375
vt 1.0 0.5
vt 0.0 0.0
vt 0.75 0.5
vt 1.0 1.0
vt 0.875 0.8125
vt 0.5 0.0
vt 0.75 0.25
vt 0.5 0.5
vt 1.0 0.0
vt 1.0 1.0
vt 0.0 0.0
vt 1.0 0.0
vt 1.0 1.0
vt 0.8046875 0.140625
vt 1.0 0.0
vt 1.0 1.0
vt 0.0 0.0
vt 1.0 0.0
vt 0.75 0.625
vt 0.0 0.0
vt 1.0 0.0
vt 0.5 0.5
vt 0.0 0.0
vt 1.0 0.0
vt 1.0 1.0
vt 0.0 0.0
vt 0.375 0.25
vt 0.0 0.0
vt 0.625 0.5625
vt 1.0 1.0
vt 0.96875 0.5625
vt 1.0 0.0
vt 1.0 1.0
vt 0.71875 0.625
vt 0.5 0.25
vt 0.875 0.75
vt 1.0 1.0
vt 0.0 0.0
vt 1.0 0.0
vt 0.625 0.625
vt 0.5 0.0
vt 0.375 0.125
vt 1.0 1.0
vt 0.2421875 0.1953125
vt 0.75 0.25
vt 1.0 1.0
vt 0.0 0.0
vt 0.5 0.25
vt 0.0 0.0
vt 1.0 0.0
vt 0.6875 0.1875
vt 0.5 0.5
vt 1.0 0.0
vt 1.0 1.0
vt 0.0 0.0
vt 1.0 0.0
vt 1.0 1.0
vt 0.0 0.0
vt 0.5 0.0
vt 0.75 0.25
vt 0.75 0.5
vt 1.0 0.0
vt 0.984375 0.78125
vt 0.0 0.0
vt 1.0 0.0
vt 1.0 1.0
vt 0.9375 0.0625
vt 1.0 0.0
vt 1.0 1.0
vt 0.0 0.0
vt 1.0 0.0
vt 1.0 1.0
vt 0.0 0.0
vt 0.875 0.25
vt 0.7421875 0.5390625
vt 0.0 0.0
vt 0.75 0.25
vt 0.375 0.1875
vt 0.75 0.5
vt 1.0 0.0
vt 1.0 1.0
vt 0.390625 0.3203125
vt 1.0 0.5
vt 0.75 0.25
vt 0.71875 0.625
vt 1.0 0.0
vt 1.0 1.0
vt 0.0 0.0
vt 1.0 0.0
vt 0.84375 0.375
vt 0.75 0.5
vt 1.0 1.0
vt 0.0 0.0
vt 0.3046875 0.0234375
vt 1.0 1.0
vt 0.0 0.0
vt 1.0 0.0
vt 0.625 0.5625
vt 0.0 0.0
vt 0.875 0.25
vt 0.9609375 0.2578125
vt 0.0 0.0
vt 1.0 0.0
vt 0.5 0.5
vt 0.5 0.5
vt 1.0 0.0
vt 1.0 1.0
vt 0.703125 0.171875
vt 0.75 0.5
vt 0.5 0.5
vt 0.75 0.5
vt 1.0 0.0
vt 0.9375 0.875
vt 0.0 0.0
vt 0.5 0.0
vt 1.0 1.0
vt 0.0 0.0
vt 1.0 0.0
vt 1.0 1.0
vt 0.0 0.0
vt 1.0 0.0
vt 0.625 0.5625
vt 0.9375 0.625
vt 0.5 0.0
vt 1.0 1.0
vt 0.875 0.625
vt 1.0 0.5
vt 1.0 1.0
vt 0.90625 0.625
vt 1.0 0.0
vt 1.0 1.0
vt 0.49023438 0.18359375
vt 1.0 0.0
vt 1.0 1.0
vt 0.625 0.125
vt 1.0 0.0
vt 1.0 1.0
vt 0.875 0.5
vt 1.0 0.0
vt 1.0 1.0
vt 0.3671875 0.328125
vt 1.0 0.0
vt 1.0 1.0
vt 0.0 0.0
vt 1.0 0.0
vt 1.0 1.0
vt 0.0 0.0
vt 0.96875 0.6875
vt 0.5 0.5
vt 0.4375 0.0625
vt 1.0 0.0
vt 1.0 1.0
vt 0.0 0.0
vt 1.0 0.0
vt 0.9296875 0.6640625
vt 1.0 0.0
vt 1.0 1.0
vt 0.0 0.0
vt 0.859375 0.78125
vt 1.0 0.5
vt 0.70703125 0.04296875
vt 0.5 0.0
vt 0.875 0.125
vt 0.0 0.0
vt 1.0 0.0
vt 0.25 0.25
vt 0.0 0.0
vt 1.0 0.5
vt 0.5 0.5
vt 1.0 1.0
vt 0.0 0.0
vt 1.0 0.0
vt 0.7265625 0.40625
vt 0.0 0.0
vt 1.0 0.0
vt 0.5 0.5
vt 0.0 0.0
vt 1.0 0.0
vt 0.625 0.125
vt 0.0 0.0
vt 1.0 0.0
vt 0.75 0.5
vt 0.0 0.0
vt 0.5 0.0
vt 1.0 1.0
vt 0.0 0.0
vt 0.75 0.5
vt 1.0 1.0
vt 0.875 0.5
vt 1.0 0.0
vt 1.0 1.0
vt 0.0 0.0
vt 0.5 0.0
vt 1.0 1.0
vt 0.0 0.0
vt 1.0 0.0
vt 1.0 1.0
vt 0.78125 0.1875
vt 1.0 0.0
vt 0.5 0.125
vt 0.0 0.0
vt 1.0 0.0
vt 1.0 1.0
vt 0.0 0.0
vt 1.0 0.0
vt 1.0 1.0
vt 0.0 0.0
vt 1.0 0.75
vt 1.0 1.0
vt 0.0 0.0
vt 1.0 0.0
vt 1.0 1.0
vt 0.625 0.5
vt 0.625 0.3125
vt 1.0 1.0
vt 0.875 0.625
vt 1.0 0.0
vt 1.0 1.0
vt 0.0 0.0
vt 1.0 0.0
vt 1.0 1.0
vt 0.6875 0.5625
vt 0.375 0.0625
vt 1.0 1.0
vt 1.0 0.0
vt 0.5 0.5
vt 0.421875 0.296875
vt 1.0 0.0
vt 0.5625 0.3125
vt 0.5 0.5
vt 1.0 0.0
vt 1.0 1.0
vt 0.0 0.0
vt 0.9433594 0.23046875
vt 0.90625 0.625
vt 1.0 0.0
vt 1.0 1.0
vt 0.5 0.0
vt 1.0 0.0
vt 1.0 1.0
vt 0.5 0.5
vt 0.5 0.375
vt 1.0 1.0
vt 0.875 0.75
vt 1.0 0.0
vt 1.0 1.0
vt 0.0 0.0
vt 0.75 0.5
vt 1.0 1.0
vt 0.875 0.25
vt 1.0 0.0
vt 0.5 0.5
vt 0.0 0.0
vt 1.0 0.0
vt 1.0 1.0
vt 0.0 0.0
vt 1.0 1.0
vt 0.96875 0.15625
vt 0.5 0.25
vt 0.0 0.0
vt 0.9375 0.625
vt 0.9375 0.625
vt 1.0 0.0
vt 0.5 0.0
vt 1.0 0.0
vt 1.0 1.0
vt 0.0 0.0
vt 1.0 0.0
vt 0.75 0.1875
vt 0.0 0.0
vt 1.0 0.0
vt 1.0 1.0
vt 0.0 0.0
vt 1.0 0.0
vt 0.5 0.25
vt 0.0 0.0
vt 0.375 0.125
vt 1.0 1.0
vt 0.4921875 0.296875
vt 1.0 0.0
vt 1.0 1.0
vt 0.0 0.0
vt 1.0 0.0
vt 1.0 1.0
vt 0.0 0.0
vt 0.6875 0.5625
vt 0.875 0.75
vt 0.859375 0.578125
vt 0.6875 0.1875
vt 1.0 1.0
vt 0.0 0.0
vt 1.0 0.0
vt 1.0 1.0
vt 0.0 0.0
vt 1.0 0.0
vt 1.0 1.0
vt 0.0 0.0
vt 1.0 0.0
vt 0.703125 0.515625
vt 0.0 0.0
vt 0.5 0.0
vt 1.0 1.0
vt 0.625 0.15625
vt 0.75 0.5
vt 1.0 1.0
vt 0.0 0.0
vt 1.0 0.5
vt 1.0 1.0
vt 0.75 0.75
vt 1.0 0.0
vt 0.6875 0.03125
vt 0.3671875 0.3203125
vt 0.9375 0.8125
vt 1.0 1.0
vt 0.0 0.0
vt 0.875 0.25
vt 0.5 0.5
vt 1.0 0.0
vt 1.0 1.0
vt 0.703125 0.5703125
vt 1.0 0.0
vt 1.0 1.0
vt 0.0 0.0
vt 0.25 0.0
vt 1.0 1.0
vt 0.0 0.0
vt 1.0 0.0
vt 1.0 1.0
vt 0.6875 0.625
vt 1.0 0.0
vt 1.0 1.0
vt 0.84375 0.8125
vt 1.0 0.0
vt 1.0 1.0
vt 0.25 0.125
vt 0.875 0.75
vt 1.0 0.5
vt 0.0 0.0
vt 0.5 0.0
vt 0.75 0.5
vt 0.953125 0.125
vt 1.0 0.0
vt 1.0 1.0
vt 0.0 0.0
vt 0.9765625 0.0625
vt 1.0 1.0
vt 0.6875 0.3125
vt 1.0 0.0
vt 1.0 1.0
vt 0.75 0.5
vt 1.0 0.0
vt 1.0 1.0
vt 0.0 0.0
vt 0.5 0.0
vt 1.0 1.0
vt 0.0 0.0
vt 1.0 0.0
vt 1.0 1.0
vt 0.390625 0.03125
vt 0.5 0.0
vt 1.0 1.0
vt 0.5 0.5
vt 1.0 0.5
vt 1.0 1.0
vt 0.4375 0.1875
vt 0.5 0.0
vt 0.5 0.5
vt 0.921875 0.265625
vt 0.9980469 0.43359375
vt 1.0 1.0
vt 0.0 0.0
vt 1.0 0.0
vt 1.0 0.5
vt 0.75 0.25
vt 1.0 0.0
vt 1.0 1.0
vt 0.0 0.0
vt 1.0 0.0
vt 0.0 0.0
vt 1.0 0.0
vt 1.0 1.0
vt 0.0 0.0
vt 1.0 0.0
vt 0.375 0.125
vt 0.9609375 0.5078125
vt 0.5 0.0
vt 0.5 0.5
vt 0.5 0.25
vt 1.0 0.0
vt 0.5 0.25
vt 0.75 0.5
vt 1.0 0.0
vt 0.5 0.25
vt 0.0 0.0
vt 0.5 0.0
vt 0.9375 0.125
vt 0.0 0.0
vt 1.0 0.0
vt 0.5 0.5
vt 0.4921875 0.1484375
vt 1.0 0.0
vt 0.37109375 0.22265625
vt 0.0 0.0
vt 1.0 0.0
vt 0.74609375 0.2421875
vt 0.875 0.375
vt 1.0 0.0
vt 0.6875 0.3125
vt 0.0 0.0
vt 0.5 0.0
vt 1.0 0.75
vt 0.0 0.0
vt 0.8125 0.5
vt 0.71875 0.53125
vt 0.5 0.5
vt 0.75 0.375
vt 1.0 1.0
vt 1.0 0.0
vt 0.375 0.25
vt 0.875 0.5
vt 1.0 0.5
vt 0.2241211 0.15673828
vt 1.0 0.0
vt 1.0 1.0
vt 1.0 0.0
vt 1.0 1.0
vt 0.875 0.25
vt 1.0 0.0
vt 0.59375 0.59375
vt 0.625 0.21875
vt 1.0 0.0
vt 1.0 0.5
vt 0.0 0.0
vt 1.0 1.0
vt 0.0 0.0
vt 1.0 0.0
vt 1.0 1.0
vt 0.0 0.0
vt 0.625 0.5
vt 0.875 0.125
vt 0.0 0.0
vt 1.0 0.0
vt 0.9609375 0.765625
vt 0.921875 0.71875
vt 0.5 0.5
vt 0.0 0.0
vt 1.0 0.0
vt 0.25 0.25
vt 0.0 0.0
vt 1.0 0.0
vt 0.5 0.5
vt 0.0 0.0
vt 1.0 0.0
vt 1.0 1.0
vt 0.5 0.5
vt 1.0 0.0
vt 0.7421875 0.265625
vt 0.0 0.0
vt 0.5 0.0
vt 1.0 1.0
vt 0.0 0.0
vt 0.65625 0.34375
vt 0.5 0.5
vt 1.0 0.0
vt 1.0 1.0
vt 0.5 0.0
vt 1.0 0.0
vt 1.0 1.0
vt 1.0 0.0
vt 1.0 0.5
vt 0.0 0.0
vt 1.0 0.0
vt 0.5 0.5
vt 0.5 0.5
vt 0.5 0.0
vt 1.0 1.0
vt 0.125 0.0625
vt 1.0 0.0
vt 0.421875 0.328125
vt 0.0 0.0
vt 0.90625 0.375
vt 1.0 0.75
vt 1.0 0.0
vt 1.0 1.0
vt 0.875 0.1875
vt 1.0 0.0
vt 1.0 1.0
vt 0.578125 0.25
vt 1.0 0.0
vt 1.0 1.0
vt 0.0 0.0
vt 1.0 0.0
vt 0.5 0.5
vt 0.0 0.0
vt 0.84375 0.5625
vt 0.75 0.25
vt 0.0 0.0
vt 1.0 0.0
vt 1.0 1.0
vt 0.5 0.5
vt 0.96875 0.28125
vt 1.0 1.0
vt 0.0 0.0
vt 1.0 0.0
vt 1.0 1.0
vt 0.0 0.0
vt 1.0 0.0
vt 0.875 0.375
vt 0.0 0.0
vt 1.0 0.0
vt 0.734375 0.390625
vt 0.4375 0.375
vt 0.48046875 0.1796875
vt 1.0 1.0
vt 0.5 0.0
vt 1.0 0.0
vt 0.4375 0.375
vt 0.46875 0.1875
vt 1.0 0.0
vt 1.0 1.0
vt 0.625 0.125
vt 1.0 0.0
vt 0.875 0.5
vt 0.5 0.0
vt 0.484375 0.265625
vt 0.0 0.0
vt 0.5 0.25
vt 1.0 1.0
vt 0.75 0.5
vt 1.0 0.5
vt 1.0 1.0
vt 1.0 0.0
vt 1.0 1.0
vt 0.4375 0.125
vt 0.609375 0.515625
vt 1.0 1.0
vt 0.0 0.0
vt 1.0 0.0
vt 1.0 1.0
vt 0.875 0.125
vt 0.875 0.59375
vt 1.0 0.5
vt 0.0 0.0
vt 1.0 0.0
vt 1.0 1.0
vt 0.5 0.5
vt 1.0 0.0
vt 1.0 1.0
vt 1.0 0.0
vt 1.0 1.0
vt 0.0 0.0
vt 1.0 0.0
vt 0.625 0.125
vt 1.0 0.5
vt 1.0 1.0
vt 0.75 0.0
vt 1.0 0.5
vt 0.75 0.25
vt 0.0 0.0
vt 1.0 0.0
vt 1.0 1.0
vt 0.71875 0.28125
vt 0.6875 0.25
vt 0.0 0.0
vt 1.0 0.0
vt 1.0 1.0
vt 0.0 0.0
vt 1.0 0.0
vt 1.0 1.0
vt 1.0 0.0
vt 0.5 0.5
vt 0.0 0.0
vt 1.0 0.0
vt 1.0 1.0
vt 0.875 0.75
vt 1.0 0.0
vt 1.0 1.0
vt 0.375 0.125
vt 0.875 0.25
vt 1.0 1.0
vt 0.0 0.0
vt 1.0 0.0
vt 1.0 1.0
vt 0.875 0.125
vt 1.0 0.0
vt 0.98046875 0.25390625
vt 0.0 0.0
vt 0.5 0.0
vt 0.5 0.5
vt 0.0 0.0
vt 0.3984375 0.046875
vt 1.0 1.0
vt 0.5 0.0
vt 1.0 1.0
vt 0.0 0.0
vt 1.0 0.0
vt 1.0 1.0
vt 0.5 0.125
vt 1.0 0.0
vt 1.0 1.0
vt 0.0 0.0
vt 1.0 0.0
vt 1.0 1.0
vt 0.875 0.75
vt 1.0 0.0
vt 1.0 1.0
vt 0.0 0.0
vt 0.73828125 0.1640625
vt 1.0 1.0
vt 0.875 0.625
vt 0.46875 0.25
vt 1.0 1.0
vt 0.0 0.0
vt 1.0 0.0
vt 1.0 1.0
vt 0.0 0.0
vt 0.625 0.125
vt 1.0 1.0
vt 0.0 0.0
vt 1.0 0.0
vt 1.0 1.0
vt 0.875 0.75
vt 1.0 0.0
vt 1.0 1.0
vt 0.59375 0.3125
vt 0.5 0.0
vt 1.0 1.0
vt 0.875 0.625
vt 1.0 0.0
vt 1.0 1.0
vt 0.8515625 0.34375
vt 1.0 0.0
vt 0.5 0.5
vt 0.0 0.0
vt 1.0 1.0
vt 0.0 0.0
vt 1.0 0.0
vt 1.0 1.0
vt 0.0 0.0
vt 1.0 0.0
vt 1.0 1.0
vt 0.984375 0.40625
vt 0.75 0.5
vt 0.9375 0.375
vt 0.5 0.0
vt 0.5 0.5
vt 0.60546875 0.3046875
vt 1.0 0.0
vt 1.0 1.0
vt 0.0 0.0
vt 1.0 0.0
vt 1.0 1.0
vt 0.0 0.0
vt 0.5 0.125
vt 1.0 1.0
vt 0.75 0.5
vt 1.0 0.0
vt 1.0 1.0
vt 0.625 0.125
vt 1.0 0.0
vt 1.0 1.0
vt 0.5 0.25
vt 1.0 0.0
vt 1.0 1.0
vt 0.0 0.0
vt 1.0 0.0
vt 1.0 0.5
vt 0.0 0.0
vt 0.9375 0.1875
vt 0.5 0.5
vt 1.0 0.0
vt 1.0 1.0
vt 0.90625 0.03125
vt 1.0 0.0
vt 1.0 1.0
vt 0.875 0.75
vt 1.0 0.0
vt 1.0 1.0
vt 0.0 0.0
vt 1.0 0.0
vt 1.0 0.5
vt 0.0 0.0
vt 0.5 0.25
vt 1.0 1.0
vt 0.0 0.0
vt 0.3125 0.109375
vt 0.5 0.5
vt 0.4375 0.125
vt 1.0 0.5
vt 1.0 1.0
vt 0.5 0.5
vt 0.75 0.5
vt 0.5 0.5
vt 0.0 0.0
vt 1.0 0.0
vt 1.0 1.0
vt 0.0 0.0
vt 0.75 0.5
vt 1.0 1.0
vt 0.5 0.0
vt 1.0 0.0
vt 1.0 1.0
vt 0.0 0.0
vt 0.4375 0.375
vt 1.0 1.0
vt 0.0 0.0
vt 0.9375 0.5625
vt 1.0 1.0
vt 0.0 0.0
vt 0.46875 0.4375
vt 1.0 1.0
vt 0.0 0.0
vt 0.5625 0.03125
vt 1.0 1.0
vt 0.0 0.0
vt 1.0 0.0
vt 1.0 1.0
vt 0.0 0.0
vt 0.9375 0.890625
vt 1.0 1.0
vt 1.0 0.0
vt 1.0 1.0
vt 1.0 0.0
vt 1.0 1.0
vt 0.0 0.0
vt 1.0 0.0
vt 0.375 0.125
vt 0.96875 0.8125
vt 1.0 0.0
vt 1.0 1.0
vt 0.0 0.0
vt 0.84375 0.640625
vt 1.0 1.0
vt 0.0 0.0
vt 1.0 0.0
vt 0.0 0.0
vt 0.75 0.625
vt 1.0 1.0
vt 0.0 0.0
vt 1.0 0.0
vt 0.0 0.0
vt 1.0 0.0
vt 1.0 1.0
vt 0.80078125 0.4296875
vt 1.0 0.0
vt 0.375 0.25
vt 0.0 0.0
vt 1.0 0.75
vt 0.0 0.0
vt 1.0 0.0
vt 1.0 1.0
vt 0.0 0.0
vt 1.0 0.0
vt 0.5 0.5
vt 0.0 0.0
vt 0.625 0.546875
vt 0.25 0.25
vt 0.75 0.5
vt 0.75 0.5
vt 0.84375 0.21875
vt 0.921875 0.6640625
vt 1.0 1.0
vt 0.9140625 0.3203125
vt 1.0 0.0
vt 0.25 0.125
vt 0.0 0.0
vt 1.0 0.0
vt 1.0 1.0
vt 0.0 0.0
vt 1.0 0.0
vt 0.75 0.5
vt 0.0 0.0
vt 0.25 0.125
vt 1.0 1.0
vt 0.0 0.0
vt 1.0 0.0
vt 0.875 0.25
vt 0.0 0.0
vt 1.0 0.5
vt 0.9375 0.0625
vt 0.375 0.25
vt 1.0 1.0
vt 0.0 0.0
vt 0.625 0.5
vt 0.0 0.0
vt 1.0 0.0
vt 1.0 1.0
vt 0.75 0.25
vt 1.0 0.0
vt 0.4375 0.375
vt 0.0 0.0
vt 1.0 0.0
vt 1.0 1.0
vt 0.890625 0.1875
vt 1.0 0.0
vt 1.0 1.0
vt 0.0 0.0
vt 1.0 0.0
vt 1.0 1.0
vt 0.9375 0.875
vt 1.0 0.0
vt 0.90234375 0.4609375
vt 0.0 0.0
vt 1.0 0.0
vt 1.0 1.0
vt 1.0 0.875
vt 0.5 0.25
vt 0.0 0.0
vt 1.0 0.0
vt 0.5 0.5
vt 0.875 0.46875
vt 0.9375 0.5625
vt 1.0 0.5
vt 0.75 0.5
vt 1.0 0.0
vt 1.0 1.0
vt 0.0 0.0
vt 0.5 0.0
vt 1.0 1.0
vt 0.9375 0.375
vt 0.75 0.125
vt 1.0 1.0
vt 0.25 0.0
vt 0.5 0.0
vt 1.0 1.0
vt 0.75 0.5
vt 1.0 0.0
vt 0.5 0.25
vt 1.0 0.0
vt 1.0 1.0
vt 0.5 0.0
vt 1.0 0.0
vt 1.0 1.0
vt 0.0 0.0
vt 1.0 0.0
vt 0.5 0.5
vt 0.0 0.0
vt 1.0 0.0
vt 0.921875 0.875
vt 0.0 0.0
vt 1.0 0.5
vt 1.0 1.0
vt 0.75 0.5
vt 1.0 0.5
vt 1.0 1.0
vt 0.0 0.0
vt 1.0 0.75
vt 1.0 1.0
vt 1.0 0.0
vt 0.5 0.5
vt 0.0 0.0
vt 1.0 0.0
vt 0.5 0.5
vt 0.0 0.0
vt 1.0 0.0
vt 1.0 1.0
vt 0.5 0.0
vt 1.0 0.0
vt 0.875 0.625
vt 0.0 0.0
vt 1.0 0.0
vt 1.0 1.0
vt 0.0 0.0
vt 1.0 0.0
vt 1.0 1.0
vt 0.0 0.0
vt 0.4375 0.3125
vt 0.796875 0.53125
vt 0.875 0.25
vt 1.0 1.0
vt 0.0 0.0
vt 1.0 0.0
vt 1.0 0.25
vt 0.0 0.0
vt 1.0 0.0
vt 1.0 1.0
vt 0.5 0.0
vt 0.5 0.0
vt 1.0 1.0
vt 0.0 0.0
vt 0.75 0.5
vt 1.0 1.0
vt 0.0 0.0
vt 1.0 0.0
vt 1.0 1.0
vt 0.0 0.0
vt 1.0 0.25
vt 1.0 1.0
vt 0.0 0.0
vt 1.0 0.0
vt 1.0 1.0
vt 0.75 0.5
vt 1.0 0.5
vt 0.5 0.25
vt 0.0 0.0
vt 0.5 0.0
vt 1.0 1.0
vt 0.0 0.0
vt 1.0 0.0
vt 1.0 1.0
vt 0.0 0.0
vt 1.0 0.0
vt 1.0 1.0
vt 0.5 0.0
vt 0.5 0.0
vt 1.0 1.0
vt 0.75 0.25
vt 1.0 0.0
vt 1.0 1.0
vt 1.0 0.0
vt 1.0 1.0
vt 0.0 0.0
vt 1.0 0.0
vt 0.5 0.5
vt 0.5 0.0
vt 1.0 0.0
vt 1.0 1.0
vt 0.0 0.0
vt 1.0 0.0
vt 1.0 1.0
vt 0.6015625 0.3515625
vt 0.5 0.0
vt 0.5 0.5
vt 1.0 0.0
vt 1.0 1.0
vt 0.5 0.5
vt 1.0 0.0
vt 0.5 0.5
vt 0.875 0.5
vt 0.90625 0.78125
vt 1.0 1.0
vt 0.75 0.25
vt 0.5 0.0
vt 1.0 1.0
vt 0.0 0.0
vt 1.0 0.0
vt 1.0 1.0
vt 0.0 0.0
vt 1.0 0.0
vt 0.625 0.625
vt 0.0 0.0
vt 0.5 0.0
vt 1.0 1.0
vt 0.75 0.5
vt 1.0 0.0
vt 0.875 0.75
vt 0.0 0.0
vt 1.0 0.0
vt 1.0 1.0
vt 0.0 0.0
vt 1.0 0.0
vt 1.0 1.0
vt 0.75 0.5
vt 0.25 0.0
vt 0.5 0.5
vt 0.0 0.0
vt 1.0 0.0
vt 1.0 1.0
vt 0.0 0.0
vt 0.875 0.625
vt 1.0 1.0
vt 0.9375 0.625
vt 1.0 0.0
vt 0.375 0.125
vt 0.0 0.0
vt 1.0 0.0
vt 0.796875 0.515625
vt 0.0 0.0
vt 0.5 0.0
vt 1.0 0.75
vt 0.0 0.0
vt 1.0 0.0
vt 1.0 1.0
vt 0.703125 0.6875
vt 1.0 0.0
vt 0.5 0.125
vt 0.25 0.0625
vt 0.77734375 0.10546875
vt 1.0 1.0
vt 0.0 0.0
vt 0.75 0.3125
vt 1.0 1.0
vt 0.375 0.125
vt 0.75 0.5
vt 1.0 1.0
vt 0.375 0.25
vt 1.0 0.5
vt 0.375 0.125
vt 1.0 0.0
vt 1.0 1.0
vt 0.0 0.0
vt 0.8828125 0.3515625
vt 0.734375 0.265625
vt 0.875 0.5
vt 1.0 0.0
vt 0.5 0.5
vt 0.0 0.0
vt 1.0 0.0
vt 1.0 1.0
vt 0.875 0.3125
vt 1.0 0.0
vt 1.0 1.0
vt 0.5 0.25
vt 0.75 0.25
vt 1.0 0.0
vt 0.875 0.375
vt 0.75 0.5
vt 1.0 0.0
vt 1.0 1.0
vt 0.0 0.0
vt 1.0 0.0
vt 1.0 1.0
vt 0.25 0.0
vt 1.0 0.0
vt 1.0 1.0
vt 0.4375 0.25
vt 1.0 0.0
vt 0.96875 0.15625
vt 0.83984375 0.1875
vt 0.5 0.25
vt 1.0 1.0
vt 0.640625 0.1953125
vt 1.0 0.0
vt 1.0 1.0
vt 0.0 0.0
vt 1.0 0.0
vt 1.0 1.0
vt 0.0 0.0
vt 0.9375 0.375
vt 0.46875 0.28125
vt 0.5 0.0
vt 1.0 1.0
vt 0.6875 0.1875
vt 1.0 0.0
vt 1.0 1.0
vt 0.0 0.0
vt 1.0 0.0
vt 1.0 1.0
vt 0.0 0.0
vt 0.8828125 0.25
vt 1.0 1.0
vt 0.703125 0.5078125
vt 1.0 0.0
vt 0.70703125 0.6425781
vt 0.0 0.0
vt 1.0 0.0
vt 0.5 0.5
vt 0.0 0.0
vt 1.0 0.0
vt 0.5 0.25
vt 0.0 0.0
vt 0.75 0.5
vt 1.0 0.5
vt 1.0 0.0
vt 1.0 1.0
vt 0.0 0.0
vt 0.8125 0.625
vt 0.75 0.5
vt 0.0 0.0
vt 1.0 0.0
vt 0.75 0.5
vt 0.5 0.5
vt 1.0 0.0
vt 1.0 0.5
vt 0.0 0.0
vt 0.75 0.25
vt 1.0 1.0
vt 0.0 0.0
vt 1.0 0.0
vt 1.0 1.0
vt 1.0 0.0
vt 1.0 1.0
vt 0.0 0.0
vt 0.75 0.25
vt 1.0 1.0
vt 1.0 0.0
vt 1.0 1.0
vt 0.0 0.0
vt 0.5 0.25
vt 1.0 1.0
vt 0.0 0.0
vt 1.0 0.0
vt 1.0 1.0
vt 0.0 0.0
vt 1.0 0.0
vt 0.75 0.25
vt 0.0 0.0
vt 0.5 0.0
vt 1.0 1.0
vt 0.9375 0.5625
vt 0.625 0.0625
vt 1.0 1.0
vt 0.5 0.5
vt 0.4375 0.0625
vt 1.0 1.0
vt 0.0 0.0
vt 1.0 0.0
vt 1.0 1.0
vt 0.0 0.0
vt 1.0 0.0
vt 1.0 1.0
vt 0.9609375 0.390625
vt 1.0 0.0
vt 1.0 1.0
vt 0.0 0.0
vt 0.75 0.5
vt 1.0 1.0
vt 1.0 0.0
vt 0.375 0.25
vt 0.625 0.25
vt 1.0 0.0
vt 1.0 1.0
vt 0.75 0.5
vt 1.0 0.0
vt 1.0 1.0
vt 0.9375 0.375
vt 1.0 0.0
vt 0.71875 0.3125
vt 0.625 0.0625
vt 1.0 0.0
vt 0.5 0.25
vt 0.0 0.0
vt 1.0 0.0
vt 1.0 1.0
vt 0.0 0.0
vt 1.0 0.5
vt 1.0 1.0
vt 0.0 0.0
vt 0.5 0.0
vt 1.0 1.0
vt 0.0 0.0
vt 1.0 1.0
vt 1.0 0.0
vt 1.0 0.5
vt 0.9375 0.375
vt 1.0 0.0
vt 1.0 1.0
vt 1.0 0.0
vt 1.0 1.0
vt 1.0 0.0
vt 0.625 0.5625
vt 0.0 0.0
vt 0.5 0.125
vt 1.0 1.0
vt 0.0 0.0
vt 1.0 0.0
vt 0.734375 0.65625
vt 0.0 0.0
vt 0.375 0.125
vt 1.0 1.0
vt 1.0 0.0
vt 1.0 1.0
vt 0.0 0.0
vt 1.0 0.0
vt 1.0 1.0
vt 0.0 0.0
vt 1.0 0.0
vt 0.5 0.5
vt 0.0 0.0
vt 1.0 0.0
vt 0.5 0.5
vt 0.5 0.0
vt 0.5 0.0
vt 1.0 1.0
vt 0.84375 0.78125
vt 0.875 0.625
vt 1.0 1.0
vt 0.8125 0.03125
vt 1.0 1.0
vt 0.0 0.0
vt 0.5 0.1875
vt 1.0 1.0
vt 0.90625 0.59375
vt 1.0 0.0
vt 1.0 1.0
vt 0.0 0.0
vt 1.0 0.0
vt 0.78125 0.1875
vt 0.9375 0.3125
vt 1.0 0.5
vt 0.5 0.5
vt 0.0 0.0
vt 1.0 0.0
vt 1.0 1.0
vt 1.0 0.0
vt 1.0 1.0
vt 0.0 0.0
vt 1.0 0.0
vt 1.0 1.0
vt 0.0 0.0
vt 1.0 0.5
vt 1.0 1.0
vt 1.0 0.0
vt 1.0 1.0
vt 0.0 0.0
vt 1.0 0.0
vt 0.5 0.5
vt 0.0 0.0
vt 1.0 0.0
vt 0.5 0.5
vt 0.0 0.0
vt 1.0 0.0
vt 1.0 1.0
vt 0.9375 0.375
vt 1.0 1.0
vt 0.75 0.625
vt 1.0 0.0
vt 1.0 1.0
vt 0.0 0.0
vt 0.5 0.375
vt 1.0 1.0
vt 0.0 0.0
vt 1.0 0.5
vt 0.5 0.25
vt 0.9375 0.375
vt 1.0 0.0
vt 1.0 0.5
vt 0.0 0.0
vt 1.0 1.0
vt 0.0 0.0
vt 1.0 0.0
vt 1.0 1.0
vt 0.0 0.0
vt 0.9921875 0.203125
vt 1.0 1.0
vt 0.5 0.0
vt 1.0 0.0
vt 1.0 1.0
vt 0.53125 0.515625
vt 1.0 0.0
vt 1.0 1.0
vt 0.0 0.0
vt 1.0 0.0
vt 0.25 0.25
vt 0.0 0.0
vt 1.0 0.0
vt 0.5 0.5
vt 0.0 0.0
vt 1.0 0.0
vt 1.0 1.0
vt 0.5 0.5
vt 0.8125 0.21875
vt 0.875 0.625
vt 0.5 0.5
vt 1.0 0.0
vt 0.859375 0.203125
vt 0.0 0.0
vt 1.0 0.5
vt 1.0 1.0
vt 0.875 0.625
vt 0.6796875 0.203125
vt 1.0 1.0
vt 0.0 0.0
vt 1.0 0.0
vt 0.5 0.5
vt 0.75 0.5
vt 1.0 0.0
vt 1.0 1.0
vt 0.0 0.0
vt 0.5 0.0
vt 1.0 1.0
vt 0.75 0.5
vt 1.0 0.0
vt 1.0 1.0
vt 0.0 0.0
vt 1.0 1.0
vt 0.5 0.5
vt 1.0 0.0
vt 1.0 1.0
vt 0.0 0.0
vt 0.65625 0.140625
vt 1.0 1.0
vt 0.0 0.0
vt 1.0 0.0
vt 1.0 0.75
vt 0.0 0.0
vt 1.0 1.0
vt 0.0 0.0
vt 1.0 0.0
vt 1.0 0.5
vt 0.5 0.5
vt 1.0 0.0
vt 1.0 1.0
vt 0.0 0.0
vt 1.0 0.0
vt 0.625 0.125
vt 0.0 0.0
vt 1.0 0.0
vt 1.0 1.0
vt 0.625 0.125
vt 1.0 0.0
vt 1.0 1.0
vt 0.0 0.0
vt 0.875 0.5
vt 1.0 1.0
vt 0.0 0.0
vt 0.875 0.375
vt 1.0 1.0
vt 0.0 0.0
vt 0.5 0.0
vt 1.0 1.0
vt 0.0 0.0
vt 1.0 1.0
vt 0.0 0.0
vt 0.5 0.0
vt 0.75 0.625
vt 0.0 0.0
vt 1.0 0.0
vt 1.0 1.0
vt 0.875 0.25
vt 0.5 0.0
vt 1.0 1.0
vt 0.0 0.0
vt 0.91796875 0.16015625
vt 1.0 1.0
vt 0.875 0.625
vt 1.0 0.0
vt 0.5 0.5
vt 0.625 0.125
vt 1.0 0.0
vt 0.375 0.125
vt 0.0 0.0
vt 1.0 1.0
vt 0.0 0.0
vt 0.5 0.0
vt 1.0 1.0
vt 0.5 0.0
vt 1.0 0.0
vt 1.0 1.0
vt 0.0 0.0
vt 0.75 0.5
vt 0.5 0.5
vt 0.75 0.5
vt 1.0 0.0
vt 1.0 1.0
vt 0.0 0.0
vt 1.0 0.0
vt 0.953125 0.5390625
vt 0.0 0.0
vt 1.0 0.0
vt 1.0 1.0
vt 0.0 0.0
vt 1.0 0.0
vt 0.6875 0.125
vt 0.0 0.0
vt 1.0 0.0
vt 1.0 1.0
vt 0.0 0.0
vt 1.0 0.0
vt 1.0 1.0
vt 0.5 0.5
vt 1.0 0.0
vt 1.0 1.0
vt 0.0 0.0
vt 1.0 0.0
vt 0.84375 0.34375
vt 0.96875 0.6875
vt 0.875 0.5625
vt 1.0 1.0
vt 0.75 0.0
vt 1.0 0.0
vt 1.0 1.0
vt 0.6875 0.4375
vt 1.0 0.25
vt 1.0 1.0
vt 0.9375 0.375
vt 1.0 0.0
vt 0.4375 0.125
vt 0.0 0.0
vt 1.0 0.0
vt 0.5 0.25
vt 0.875 0.75
vt 1.0 0.5
vt 1.0 1.0
vt 0.0 0.0
vt 0.5 0.0
vt 1.0 1.0
vt 0.0 0.0
vt 0.25 0.0
vt 1.0 1.0
vt 0.875 0.5
vt 1.0 0.0
vt 0.984375 0.40625
vt 0.5 0.0
vt 1.0 0.0
vt 1.0 1.0
vt 0.0 0.0
vt 1.0 0.0
vt 1.0 1.0
vt 0.0 0.0
vt 1.0 0.0
vt 0.9375 0.625
vt 0.0 0.0
vt 1.0 0.0
vt 0.0 0.0
vt 1.0 0.0
vt 1.0 1.0
vt 0.0 0.0
vt 1.0 0.0
vt 1.0 1.0
vt 0.375 0.125
vt 0.40625 0.21875
vt 1.0 1.0
vt 0.421875 0.328125
vt 1.0 0.0
vt 0.25 0.25
vt 0.0 0.0
vt 1.0 0.0
vt 0.75 0.25
vt 0.0 0.0
vt 0.75 0.5
vt 0.125 0.0625
vt 0.0 0.0
vt 0.625 0.078125
vt 0.75 0.25
vt 0.921875 0.015625
vt 0.875 0.125
vt 1.0 1.0
vt 0.5 0.5
vt 0.5 0.0
vt 1.0 1.0
vt 0.5 0.0
vt 1.0 0.0
vt 0.8125 0.0625
vt 0.0 0.0
vt 1.0 0.0
vt 1.0 1.0
vt 0.0 0.0
vt 1.0 1.0
vt 0.625 0.5
vt 1.0 0.0
vt 1.0 1.0
vt 0.5625 0.1875
vt 0.5 0.25
vt 1.0 1.0
vt 0.6875 0.3125
vt 1.0 0.0
vt 1.0 1.0
vt 0.0 0.0
vt 1.0 0.0
vt 0.75 0.25
vt 0.75 0.0
vt 1.0 0.0
vt 1.0 1.0
vt 0.0 0.0
vt 1.0 0.0
vt 1.0 1.0
vt 0.75 0.375
vt 0.984375 0.140625
vt 1.0 1.0
vt 0.6015625 0.1953125
vt 1.0 0.0
vt 1.0 1.0
vt 0.0 0.0
vt 1.0 0.0
vt 1.0 1.0
vt 0.0 0.0
vt 0.75 0.1875
vt 0.5 0.5
vt 0.40625 0.26953125
vt 1.0 0.0
vt 0.5 0.375
vt 0.75 0.5
vt 1.0 0.0
vt 1.0 1.0
vt 0.9375 0.75
vt 0.9375 0.375
vt 1.0 1.0
vt 0.0 0.0
vt 1.0 0.0
vt 1.0 1.0
vt 0.0 0.0
vt 1.0 0.0
vt 1.0 1.0
vt 0.5 0.0
vt 0.46875 0.3671875
vt 1.0 1.0
vt 0.375 0.3125
vt 1.0 0.0
vt 1.0 1.0
vt 0.0 0.0
vt 0.9375 0.875
vt 1.0 1.0
vt 0.0 0.0
vt 1.0 0.0
vt 1.0 1.0
vt 0.875 0.25
vt 1.0 0.0
vt 1.0 1.0
vt 0.8671875 0.671875
vt 1.0 0.0
vt 1.0 1.0
vt 0.0 0.0
vt 1.0 0.5
vt 0.8671875 0.328125
vt 0.0 0.0
vt 1.0 0.0
vt 1.0 0.5
vt 0.0 0.0
vt 1.0 0.0
vt 1.0 1.0
vt 0.0 0.0
vt 1.0 0.0
vt 1.0 1.0
vt 0.0 0.0
vt 1.0 0.0
vt 0.9375 0.4375
vt 0.0 0.0
vt 0.875 0.25
vt 0.59375 0.15625
vt 0.9902344 0.5175781
vt 1.0 0.0
vt 1.0 0.5
vt 0.5 0.0
vt 1.0 1.0
vt 0.0 0.0
vt 1.0 0.0
vt 0.5 0.5
vt 0.0 0.0
vt 1.0 0.0
vt 1.0 1.0
vt 0.75 0.4375
vt 0.75 0.625
vt 0.234375 0.15625
vt 1.0 0.0
vt 1.0 1.0
vt 0.0 0.0
vt 1.0 0.0
vt 0.6875 0.375
vt 0.0 0.0
vt 1.0 0.0
vt 1.0 1.0
vt 0.0 0.0
vt 1.0 1.0
vt 0.0 0.0
vt 1.0 0.0
vt 1.0 1.0
vt 0.0 0.0
vt 0.9375 0.0625
vt 1.0 1.0
vt 0.0 0.0
vt 1.0 0.0
vt 1.0 1.0
vt 0.9355469 0.5097656
vt 1.0 0.0
vt 1.0 1.0
vt 0.0 0.0
vt 1.0 0.0
vt 1.0 1.0
vt 0.75 0.5
vt 0.9375 0.5625
vt 0.875 0.75
vt 0.0 0.0
vt 1.0 0.0
vt 1.0 1.0
vt 0.0 0.0
vt 1.0 0.0
vt 1.0 1.0
vt 0.0 0.0
vt 0.9375 0.5625
vt 1.0 1.0
vt 0.1875 0.0625
vt 1.0 0.5
vt 1.0 1.0
vt 0.6875 0.3125
vt 1.0 0.0
vt 1.0 1.0
vt 0.0 0.0
vt 1.0 1.0
vt 0.0 0.0
vt 1.0 0.0
vt 1.0 1.0
vt 0.0 0.0
vt 1.0 0.0
vt 1.0 1.0
vt 0.90625 0.375
vt 1.0 0.0
vt 1.0 1.0
vt 0.0 0.0
vt 0.75 0.125
vt 1.0 1.0
vt 0.0 0.0
vt 0.71875 0.421875
vt 0.0 0.0
vt 1.0 0.5
vt 0.0 0.0
vt 0.703125 0.34375
vt 1.0 1.0
vt 0.0 0.0
vt 0.875 0.625
vt 0.5703125 0.40625
vt 0.875 0.625
vt 1.0 1.0
vt 0.75 0.5
vt 1.0 0.0
vt 1.0 1.0
vt 1.0 1.0
vt 0.71875 0.5625
vt 1.0 0.0
vt 0.5 0.25
vt 0.5 0.5
vt 1.0 0.0
vt 1.0 1.0
vt 0.0 0.0
vt 1.0 0.0
vt 1.0 1.0
vt 0.984375 0.59375
vt 1.0 0.0
vt 1.0 1.0
vt 0.0 0.0
vt 1.0 0.0
vt 0.5 0.5
vt 0.0 0.0
vt 1.0 1.0
vt 0.0 0.0
vt 1.0 0.0
vt 1.0 1.0
vt 0.0 0.0
vt 0.5 0.0
vt 1.0 1.0
vt 0.0 0.0
vt 1.0 0.0
vt 1.0 1.0
vt 0.375 0.125
vt 1.0 0.0
vt 0.6796875 0.140625
vt 0.5 0.0
vt 0.25 0.0
vt 1.0 1.0
vt 0.0 0.0
vt 1.0 0.0
vt 1.0 0.5
vt 0.0 0.0
vt 1.0 0.75
vt 1.0 1.0
vt 0.0 0.0
vt 1.0 0.5
vt 0.96875 0.53125
vt 1.0 0.0
vt 1.0 1.0
vt 0.75 0.0
vt 1.0 0.0
vt 1.0 1.0
vt 0.0 0.0
vt 1.0 0.0
vt 0.5 0.5
vt 0.0 0.0
vt 0.5 0.25
vt 1.0 1.0
vt 0.5 0.0
vt 0.859375 0.8359375
vt 1.0 1.0
vt 0.0 0.0
vt 1.0 0.0
vt 0.875 0.625
vt 0.0 0.0
vt 1.0 0.0
vt 1.0 1.0
vt 0.0 0.0
vt 1.0 0.0
vt 1.0 1.0
vt 0.96875 0.8125
vt 0.75 0.25
vt 1.0 1.0
vt 0.875 0.125
vt 0.5 0.25
vt 1.0 1.0
vt 0.5 0.0
vt 1.0 0.0
vt 1.0 1.0
vt 0.875 0.75
vt 1.0 0.0
vt 1.0 1.0
vt 1.0 0.0
vt 1.0 1.0
vt 0.5625 0.5
vt 0.5 0.0
vt 1.0 1.0
vt 0.8691406 0.23046875
vt 1.0 0.0
vt 0.734375 0.078125
vt 0.0 0.0
vt 1.0 0.0
vt 0.0 0.0
vt 1.0 0.0
vt 1.0 1.0
vt 0.0 0.0
vt 1.0 1.0
vt 0.0 0.0
vt 1.0 0.0
vt 1.0 1.0
vt 0.625 0.125
vt 1.0 0.0
vt 1.0 1.0
vt 0.0 0.0
vt 1.0 0.0
vt 1.0 1.0
vt 0.0 0.0
vt 0.75 0.5
vt 1.0 1.0
vt 0.0 0.0
vt 1.0 0.0
vt 0.5 0.5
vt 0.5 0.0
vt 1.0 1.0
vt 0.0 0.0
vt 1.0 0.5
vt 1.0 1.0
vt 0.0 0.0
vt 1.0 0.0
vt 0.0 0.0
vt 1.0 0.0
vt 1.0 1.0
vt 1.0 0.0
vt 1.0 1.0
vt 0.0 0.0
vt 1.0 0.5
vt 1.0 1.0
vt 0.0 0.0
vt 0.34375 0.15625
vt 1.0 1.0
vt 0.0 0.0
vt 1.0 0.0
vt 0.75 0.125
vt 0.0 0.0
vt 1.0 0.0
vt 1.0 0.5
vt 0.0 0.0
vt 0.6875 0.3125
vt 0.375 0.3125
vt 0.0 0.0
vt 1.0 0.75
vt 1.0 1.0
vt 0.0 0.0
vt 1.0 0.5
vt 1.0 1.0
vt 0.0 0.0
vt 1.0 0.5
vt 1.0 1.0
vt 0.0 0.0
vt 1.0 0.0
vt 0.5 0.5
vt 0.0 0.0
vt 0.5 0.0
vt 1.0 1.0
vt 1.0 0.0
vt 1.0 1.0
vt 0.0 0.0
vt 1.0 0.0
vt 0.5 0.0
vt 1.0 0.0
vt 1.0 1.0
vt 0.0 0.0
vt 0.671875 0.0703125
vt 1.0 1.0
vt 0.0 0.0
vt 0.9375 0.375
vt 1.0 1.0
vt 0.0 0.0
vt 1.0 0.5
vt 0.5 0.5
vt 0.0 0.0
vt 1.0 0.0
vt 0.5 0.5
vt 0.0 0.0
vt 1.0 0.0
vt 1.0 1.0
vt 0.0 0.0
vt 0.875 0.25
vt 0.75 0.25
vt 0.0 0.0
vt 1.0 0.0
vt 1.0 1.0
vt 0.0 0.0
vt 0.5 0.0
vt 0.6875 0.15625
vt 0.0 0.0
vt 0.9375 0.75
vt 0.75 0.0
vt 1.0 0.0
vt 0.5 0.5
vt 0.75 0.5
vt 1.0 0.0
vt 1.0 1.0
vt 0.75 0.125
vt 0.5 0.0
vt 1.0 1.0
vt 1.0 0.0
vt 1.0 1.0
vt 0.5 0.0
vt 1.0 0.0
vt 1.0 1.0
vt 0.0 0.0
vt 1.0 0.5
vt 1.0 1.0
vt 0.0 0.0
vt 1.0 0.0
vt 1.0 1.0
vt 0.0 0.0
vt 0.5 0.25
vt 0.375 0.125
vt 0.0 0.0
vt 1.0 0.0
vt 1.0 1.0
vt 0.0 0.0
vt 1.0 0.0
vt 0.0 0.0
vt 0.984375 0.21875
vt 1.0 1.0
vt 0.0 0.0
vt 1.0 0.0
vt 1.0 1.0
vt 1.0 0.0
vt 1.0 1.0
vt 0.0 0.0
vt 0.5 0.0
vt 1.0 1.0
vt 0.84375 0.65625
vt 1.0 0.0
vt 1.0 1.0
vt 0.875 0.125
vt 0.75 0.5
vt 1.0 1.0
vt 0.0 0.0
vt 1.0 0.0
vt 1.0 1.0
vt 0.0 0.0
vt 1.0 0.0
vt 1.0 1.0
vt 0.0 0.0
vt 0.375 0.0625
vt 1.0 1.0
vt 0.0 0.0
vt 0.71875 0.34375
vt 1.0 1.0
vt 0.0 0.0
vt 0.84375 0.6875
vt 1.0 1.0
vt 0.4375 0.0625
vt 1.0 0.0
vt 1.0 0.5
vt 0.0 0.0
vt 0.71875 0.4375
vt 0.5 0.5
vt 0.359375 0.09375
vt 0.875 0.75
vt 1.0 1.0
vt 0.0 0.0
vt 1.0 0.0
vt 1.0 1.0
vt 0.0 0.0
vt 1.0 0.0
vt 1.0 1.0
vt 0.0 0.0
vt 0.5 0.25
vt 1.0 1.0
vt 0.9375 0.75
vt 1.0 0.0
vt 1.0 1.0
vt 0.0 0.0
vt 1.0 0.0
vt 1.0 1.0
vt 0.96875 0.1875
vt 0.375 0.3125
vt 1.0 1.0
vt 0.0 0.0
vt 1.0 0.0
vt 1.0 1.0
vt 0.0 0.0
vt 0.5 0.0
vt 1.0 1.0
vt 0.0 0.0
vt 0.375 0.0625
vt 1.0 1.0
vt 0.6953125 0.28125
vt 0.734375 0.15625
vt 1.0 1.0
vt 1.0 0.0
vt 1.0 1.0
vt 0.0 0.0
vt 1.0 0.0
vt 1.0 1.0
vt 0.9375 0.25
vt 1.0 0.0
vt 1.0 1.0
vt 0.875 0.25
vt 1.0 0.0
vt 1.0 1.0
vt 0.5 0.5
vt 1.0 0.0
vt 0.0 0.0
vt 0.875 0.75
vt 1.0 1.0
vt 0.0 0.0
vt 0.75 0.5
vt 0.921875 0.265625
vt 1.0 0.0
vt 1.0 1.0
vt 0.0 0.0
vt 1.0 0.0
vt 1.0 1.0
vt 0.71875 0.5625
vt 0.68359375 0.0234375
vt 1.0 1.0
vt 0.5 0.5
vt 1.0 0.0
vt 1.0 1.0
vt 0.0 0.0
vt 0.9375 0.46875
vt 1.0 1.0
vt 1.0 0.0
vt 1.0 1.0
vt 0.9375 0.0625
vt 1.0 0.0
vt 0.875 0.4375
vt 0.0 0.0
vt 1.0 0.5
vt 1.0 1.0
vt 1.0 0.0
vt 1.0 1.0
vt 0.6875 0.40625
vt 1.0 0.0
vt 1.0 1.0
vt 0.0 0.0
vt 1.0 0.0
vt 1.0 1.0
vt 0.0 0.0
vt 1.0 0.0
vt 0.75 0.25
vt 0.5 0.5
vt 1.0 0.0
vt 1.0 1.0
vt 0.9375 0.375
vt 1.0 0.0
vt 0.0 0.0
vt 1.0 1.0
vt 0.0 0.0
vt 0.875 0.75
vt 1.0 0.25
vt 0.0 0.0
vt 1.0 0.0
vt 1.0 1.0
vt 0.0 0.0
vt 1.0 0.0
vt 1.0 0.5
vt 0.75 0.25
vt 1.0 0.0
vt 1.0 1.0
vt 0.0 0.0
vt 1.0 0.0
vt 0.5 0.5
vt 0.0 0.0
vt 1.0 1.0
vt 0.0 0.0
vt 1.0 0.0
vt 1.0 1.0
vt 0.6201172 0.29882812
vt 1.0 0.0
vt 1.0 0.5
vt 0.0 0.0
vt 0.5 0.0
vt 0.0 0.0
vt 1.0 0.5
vt 0.984375 0.59375
vt 1.0 0.0
vt 1.0 1.0
vt 0.0 0.0
vt 1.0 0.0
vt 0.75 0.125
vt 0.0 0.0
vt 0.5 0.0
vt 1.0 1.0
vt 0.0 0.0
vt 1.0 0.0
vt 1.0 1.0
vt 0.0 0.0
vt 1.0 0.0
vt 0.5 0.5
vt 0.75 0.25
vt 0.5 0.25
vt 1.0 1.0
vt 0.0 0.0
vt 1.0 0.0
vt 0.796875 0.515625
vt 0.375 0.375
vt 0.9375 0.125
vt 1.0 1.0
vt 0.0 0.0
vt 1.0 0.0
vt 0.5 0.25
vt 1.0 0.5
vt 0.625 0.5
vt 0.0 0.0
vt 1.0 0.0
vt 1.0 1.0
vt 0.46875 0.3125
vt 1.0 0.0
vt 1.0 1.0
vt 0.9375 0.25
vt 1.0 0.0
vt 1.0 1.0
vt 0.0 0.0
vt 1.0 0.0
vt 1.0 1.0
vt 0.0 0.0
vt 1.0 0.0
vt 1.0 1.0
vt 0.75 0.625
vt 1.0 0.0
vt 1.0 1.0
vt 0.75 0.5
vt 1.0 0.25
vt 1.0 1.0
vt 0.71875 0.6875
vt 1.0 0.0
vt 1.0 1.0
vt 0.90625 0.09375
vt 1.0 0.0
vt 1.0 1.0
vt 0.0 0.0
vt 0.953125 0.296875
vt 1.0 1.0
vt 0.0 0.0
vt 0.6875 0.5
vt 0.4375 0.375
vt 0.625 0.25
vt 1.0 1.0
vt 0.0 0.0
vt 0.5 0.0
vt 1.0 1.0
vt 0.0 0.0
vt 1.0 0.0
vt 1.0 1.0
vt 0.0 0.0
vt 1.0 0.0
vt 0.5 0.25
vt 0.0 0.0
vt 0.5303955 0.1104126
vt 1.0 1.0
vt 0.359375 0.34375
vt 1.0 0.0
vt 1.0 1.0
vt 0.0 0.0
vt 0.75 0.25
vt 1.0 1.0
vt 0.8125 0.5625
vt 0.8125 0.03125
vt 1.0 1.0
vt 0.8125 0.75
vt 1.0 0.0
vt 1.0 1.0
vt 0.0 0.0
vt 0.71875 0.515625
vt 1.0 1.0
vt 0.5 0.0
vt 1.0 0.75
vt 1.0 1.0
vt 0.0 0.0
vt 1.0 0.0
vt 0.8125 0.25
vt 0.75 0.125
vt 0.5625 0.5
vt 0.875 0.25
vt 0.0 0.0
vt 1.0 0.5
vt 1.0 1.0
vt 0.0 0.0
vt 0.9375 0.75
vt 1.0 1.0
vt 0.9921875 0.4453125
vt 1.0 1.0
vt 1.0 0.0
vt 1.0 1.0
vt 0.0 0.0
vt 1.0 0.0
vt 1.0 1.0
vt 0.5390625 0.390625
vt 1.0 0.0
vt 0.0 0.0
vt 0.875 0.25
vt 1.0 1.0
vt 0.0 0.0
vt 0.5 0.25
vt 1.0 1.0
vt 0.0 0.0
vt 0.875 0.25
vt 1.0 1.0
vt 0.0 0.0
vt 1.0 0.0
vt 1.0 1.0
vt 0.84375 0.53125
vt 1.0 0.0
vt 1.0 1.0
vt 1.0 0.0
vt 1.0 1.0
vt 0.0 0.0
vt 1.0 0.0
vt 1.0 1.0
vt 0.0 0.0
vt 1.0 0.0
vt 1.0 1.0
vt 0.6875 0.1875
vt 0.390625 0.0859375
vt 1.0 1.0
vt 0.0 0.0
vt 1.0 0.0
vt 1.0 1.0
vt 0.0 0.0
vt 1.0 0.0
vt 1.0 1.0
vt 0.0 0.0
vt 1.0 0.0
vt 1.0 1.0
vt 0.0 0.0
vt 1.0 0.0
vt 1.0 1.0
vt 0.96875 0.78125
vt 1.0 0.0
vt 0.5 0.25
vt 1.0 0.0
vt 0.75 0.5
vt 0.6875 0.5
vt 1.0 0.0
vt 1.0 1.0
vt 0.0 0.0
vt 0.5 0.0
vt 1.0 1.0
vt 0.0 0.0
vt 1.0 0.0
vt 0.0 0.0
vt 1.0 0.0
vt 0.875 0.75
vt 0.6875 0.625
vt 1.0 0.0
vt 1.0 1.0
vt 0.0 0.0
vt 1.0 0.0
vt 1.0 1.0
vt 1.0 0.0
vt 0.25 0.25
vt 0.625 0.5
vt 1.0 0.0
vt 1.0 1.0
vt 0.0 0.0
vt 0.84375 0.71875
vt 1.0 1.0
vt 0.0 0.0
vt 1.0 0.0
vt 0.83203125 0.6171875
vt 0.0 0.0
vt 1.0 0.0
vt 0.8125 0.5625
vt 1.0 0.0
vt 1.0 1.0
vt 1.0 1.0
vt 0.0 0.0
vt 0.875 0.5
vt 1.0 1.0
vt 0.375 0.125
vt 1.0 0.0
vt 1.0 1.0
vt 1.0 0.0
vt 1.0 1.0
vt 0.0 0.0
vt 1.0 0.0
vt 1.0 1.0
vt 0.0 0.0
vt 1.0 0.0
vt 1.0 1.0
vt 0.75 0.5
vt 1.0 0.0
vt 0.5 0.25
vt 0.0 0.0
vt 1.0 0.0
vt 0.3125 0.03125
vt 0.0 0.0
vt 0.5 0.0
vt 1.0 1.0
vt 0.0 0.0
vt 1.0 0.0
vt 0.5 0.5
vt 0.0 0.0
vt 1.0 0.0
vt 1.0 1.0
vt 1.0 0.0
vt 1.0 1.0
vt 0.0 0.0
vt 1.0 0.0
vt 1.0 1.0
vt 0.0 0.0
vt 1.0 0.5
vt 1.0 1.0
vt 0.0 0.0
vt 1.0 0.0
vt 1.0 1.0
vt 0.0 0.0
vt 0.9375 0.625
vt 0.9375 0.125
vt 0.8125 0.75
vt 1.0 0.0
vt 1.0 1.0
vt 0.0 0.0
vt 0.609375 0.28125
vt 1.0 1.0
vt 1.0 0.0
vt 0.9609375 0.2265625
vt 1.0 0.0
vt 1.0 1.0
vt 0.625 0.53125
vt 1.0 0.0
vt 1.0 0.5
vt 0.0 0.0
vt 1.0 0.0
vt 1.0 1.0
vt 0.875 0.75
vt 0.9375 0.625
vt 0.5 0.25
vt 0.0 0.0
vt 1.0 0.0
vt 1.0 1.0
vt 0.0 0.0
vt 0.9980469 0.8300781
vt 1.0 1.0
vt 0.0 0.0
vt 0.5 0.5
vt 0.0 0.0
vt 0.5 0.0
vt 1.0 1.0
vt 0.0 0.0
vt 1.0 0.0
vt 0.5 0.5
vt 0.0 0.0
vt 1.0 0.0
vt 1.0 1.0
vt 0.75 0.5
vt 1.0 0.0
vt 1.0 1.0
vt 0.0 0.0
vt 1.0 0.0
vt 0.5 0.25
vt 0.0 0.0
vt 1.0 0.0
vt 1.0 1.0
vt 0.0 0.0
vt 1.0 0.0
vt 1.0 1.0
vt 0.25 0.25
vt 1.0 0.0
vt 1.0 1.0
vt 0.0 0.0
vt 0.5 0.25
vt 1.0 1.0
vt 0.0 0.0
vt 1.0 0.0
vt 0.625 0.5625
vt 0.5 0.5
vt 0.84375 0.5625
vt 1.0 1.0
vt 0.875 0.125
vt 1.0 0.0
vt 0.9375 0.0625
vt 0.75 0.25
vt 0.75 0.125
vt 1.0 1.0
vt 0.0 0.0
vt 1.0 0.0
vt 1.0 1.0
vt 0.0 0.0
vt 1.0 0.0
vt 1.0 1.0
vt 0.875 0.75
vt 1.0 0.0
vt 1.0 1.0
vt 0.0 0.0
vt 1.0 0.0
vt 1.0 1.0
vt 0.109375 0.09375
vt 1.0 1.0
vt 0.0 0.0
vt 1.0 0.0
vt 0.0 0.0
vt 1.0 0.0
vt 1.0 1.0
vt 0.0 0.0
vt 1.0 1.0
vt 0.0 0.0
vt 1.0 0.0
vt 1.0 1.0
vt 0.4609375 0.3203125
vt 1.0 0.0
vt 1.0 1.0
vt 0.0 0.0
vt 1.0 0.0
vt 0.75 0.125
vt 0.5 0.5
vt 1.0 0.0
vt 1.0 1.0
vt 0.0 0.0
vt 1.0 0.0
vt 0.98535156 0.3642578
vt 0.0 0.0
vt 1.0 0.0
vt 1.0 1.0
vt 0.625 0.5
vt 1.0 0.0
vt 1.0 1.0
vt 0.0 0.0
vt 1.0 0.0
vt 1.0 1.0
vt 0.0 0.0
vt 1.0 0.0
vt 1.0 1.0
vt 0.0 0.0
vt 0.4375 0.125
vt 1.0 1.0
vt 0.0 0.0
vt 1.0 0.0
vt 0.75 0.25
vt 0.0 0.0
vt 0.25 0.125
vt 1.0 1.0
vt 0.0 0.0
vt 1.0 0.5
vt 0.5 0.5
vt 0.5 0.5
vt 1.0 0.5
vt 1.0 1.0
vt 0.5 0.0
vt 1.0 0.5
vt 1.0 0.5
vt 0.0 0.0
vt 1.0 0.5
vt 0.0 0.0
vt 1.0 0.0
vt 1.0 1.0
vt 0.875 0.75
vt 0.5 0.0
vt 0.0 0.0
vt 0.75 0.625
vt 0.0 0.0
vt 1.0 0.0
vt 1.0 1.0
vt 0.0 0.0
vt 0.75 0.125
vt 1.0 1.0
vt 0.5 0.5
vt 1.0 0.0
vt 1.0 1.0
vt 0.0 0.0
vt 0.90625 0.8125
vt 1.0 1.0
vt 0.5 0.5
vt 1.0 0.0
vt 1.0 1.0
vt 0.0 0.0
vt 0.875 0.75
vt 1.0 1.0
vt 0.0 0.0
vt 1.0 0.0
vt 1.0 1.0
vt 0.75 0.25
vt 1.0 0.0
vt 0.5 0.25
vt 0.0 0.0
vt 0.75 0.25
vt 1.0 1.0
vt 0.75 0.25
vt 0.25 0.0
vt 1.0 1.0
vt 0.0 0.0
vt 1.0 0.0
vt 1.0 1.0
vt 0.0 0.0
vt 1.0 0.0
vt 1.0 0.5
vt 0.0 0.0
vt 1.0 0.0
vt 1.0 1.0
vt 0.0 0.0
vt 1.0 0.0
vt 1.0 0.5
vt 0.0 0.0
vt 1.0 0.0
vt 1.0 1.0
vt 0.625 0.25
vt 1.0 0.0
vt 1.0 1.0
vt 0.0 0.0
vt 1.0 0.0
vt 1.0 1.0
vt 0.0 0.0
vt 1.0 0.0
vt 0.25 0.25
vt 0.0 0.0
vt 1.0 0.0
vt 1.0 1.0
vt 0.0 0.0
vt 1.0 0.0
vt 1.0 1.0
vt 0.5 0.0
vt 1.0 0.0
vt 0.671875 0.1640625
vt 0.0 0.0
vt 1.0 0.0
vt 1.0 1.0
vt 0.0 0.0
vt 1.0 0.0
vt 1.0 1.0
vt 0.6875 0.25
vt 1.0 0.0
vt 1.0 1.0
vt 0.0 0.0
vt 1.0 0.0
vt 1.0 1.0
vt 0.0 0.0
vt 0.6875 0.5625
vt 1.0 1.0
vt 0.0 0.0
vt 1.0 0.0
vt 1.0 1.0
vt 0.0 0.0
vt 1.0 0.0
vt 1.0 1.0
vt 0.0 0.0
vt 1.0 0.0
vt 1.0 1.0
vt 0.0 0.0
vt 1.0 0.0
vt 0.0 0.0
vt 1.0 1.0
vt 0.0 0.0
vt 0.875 0.25
vt 1.0 1.0
vt 0.0 0.0
vt 1.0 0.0
vt 1.0 1.0
vt 0.5 0.5
vt 1.0 0.0
vt 1.0 1.0
vt 0.6875 0.5625
vt 0.5 0.125
vt 1.0 1.0
vt 0.0 0.0
vt 1.0 1.0
vt 0.0 0.0
vt 1.0 0.0
vt 1.0 1.0
vt 0.0 0.0
vt 1.0 0.0
vt 1.0 1.0
vt 0.0 0.0
vt 1.0 0.0
vt 1.0 1.0
vt 0.0 0.0
vt 0.375 0.3125
vt 0.0 0.0
vt 1.0 1.0
vt 0.0 0.0
vt 1.0 0.0
vt 1.0 1.0
vt 0.0 0.0
vt 1.0 0.0
vt 1.0 1.0
vt 0.0 0.0
vt 1.0 0.0
vt 1.0 1.0
vt 0.0 0.0
vt 1.0 0.0
vt 0.0 0.0
vt 0.5 0.0
vt 1.0 1.0
vt 0.96875 0.09375
vt 1.0 0.0
vt 0.4375 0.375
vt 0.0 0.0
vt 1.0 0.0
vt 1.0 1.0
vt 0.0 0.0
vt 0.5 0.0
vt 1.0 1.0
vt 0.0 0.0
vt 1.0 0.0
vt 1.0 1.0
vt 0.0 0.0
vt 1.0 0.0
vt 1.0 1.0
vt 0.0 0.0
vt 1.0 0.0
vt 1.0 1.0
vt 0.875 0.25
vt 1.0 1.0
vt 0.0 0.0
vt 1.0 0.0
vt 1.0 1.0
vt 0.0 0.0
vt 1.0 0.0
vt 1.0 1.0
vt 0.0 0.0
vt 1.0 0.0
vt 1.0 1.0
vt 0.0 0.0
vt 1.0 0.0
vt 1.0 1.0
vt 0.625 0.5
vt 1.0 0.0
vt 1.0 0.5
vt 1.0 0.0
vt 1.0 1.0
vt 0.5 0.5
vt 1.0 0.0
vt 1.0 1.0
vt 0.0 0.0
vt 1.0 1.0
vt 0.0 0.0
vt 1.0 0.75
vt 1.0 1.0
vt 0.0 0.0
vt 0.5 0.25
vt 1.0 1.0
vt 0.5 0.0
vt 0.5 0.25
vt 1.0 1.0
vt 0.0 0.0
vt 0.71875 0.6875
vt 1.0 1.0
vt 0.484375 0.140625
vt 0.75 0.1875
vt 1.0 1.0
vt 0.0 0.0
vt 0.75 0.375
vt 0.875 0.625
vt 0.0 0.0
vt 1.0 0.0
vt 1.0 1.0
vt 0.875 0.375
vt 1.0 0.0
vt 1.0 1.0
vt 0.875 0.25
vt 1.0 1.0
vt 0.75 0.53125
vt 1.0 0.0
vt 1.0 1.0
vt 0.9375 0.375
vt 0.1875 0.0625
vt 1.0 1.0
vt 0.0 0.0
vt 1.0 0.0
vt 1.0 1.0
vt 0.0 0.0
vt 1.0 0.0
vt 0.5 0.25
vt 0.0 0.0
vt 0.375 0.25
vt 1.0 1.0
vt 0.875 0.75
vt 0.5 0.25
vt 1.0 1.0
vt 0.0 0.0
vt 1.0 0.0
vt 0.5 0.5
vt 0.0 0.0
vt 1.0 0.0
vt 1.0 0.5
vt 0.0 0.0
vt 1.0 0.0
vt 0.5 0.5
vt 0.0 0.0
vt 0.4140625 0.2265625
vt 1.0 1.0
vt 0.5 0.25
vt 0.71875 0.46875
vt 0.75 0.5
vt 0.0 0.0
vt 1.0 0.0
vt 1.0 1.0
vt 0.0 0.0
vt 0.75 0.5
vt 1.0 1.0
vt 0.0 0.0
vt 1.0 0.0
vt 0.75 0.125
vt 0.4375 0.375
vt 1.0 0.0
vt 1.0 1.0
vt 0.0 0.0
vt 0.625 0.4375
vt 0.5 0.25
vt 0.0 0.0
vt 1.0 0.0
vt 0.875 0.125
vt 0.0 0.0
vt 1.0 0.0
vt 1.0 1.0
vt 0.0 0.0
vt 1.0 0.0
vt 1.0 1.0
vt 0.84375 0.5625
vt 1.0 0.0
vt 1.0 1.0
vt 0.0 0.0
vt 1.0 0.0
vt 1.0 1.0
vt 0.0 0.0
vt 0.75 0.5
vt 1.0 1.0
vt 1.0 0.0
vt 0.65625 0.625
vt 0.0 0.0
vt 1.0 0.0
vt 1.0 1.0
vt 1.0 0.0
vt 1.0 1.0
vt 0.75 0.25
vt 1.0 1.0
vt 0.5 0.5
vt 0.75 0.25
vt 1.0 1.0
vt 0.0 0.0
vt 1.0 0.0
vt 1.0 1.0
vt 0.85546875 0.3515625
vt 1.0 0.0
vt 0.5 0.5
vt 0.7807617 0.013671875
vt 1.0 0.0
vt 1.0 0.5
vt 0.0 0.0
vt 1.0 0.0
vt 0.4375 0.3125
vt 0.0 0.0
vt 1.0 0.0
vt 1.0 1.0
vt 0.5 0.5
vt 1.0 0.0
vt 0.875 0.375
vt 0.0 0.0
vt 0.5 0.0
vt 0.25 0.25
vt 0.6875 0.625
vt 0.5 0.0
vt 1.0 1.0
vt 0.3125 0.25
vt 1.0 1.0
vt 0.90625 0.375
vt 1.0 0.0
vt 1.0 1.0
vt 0.0 0.0
vt 0.5 0.0
vt 1.0 1.0
vt 0.875 0.78125
vt 1.0 0.0
vt 1.0 1.0
vt 0.5 0.5
vt 1.0 0.0
vt 1.0 1.0
vt 0.0 0.0
vt 1.0 0.0
vt 1.0 1.0
vt 1.0 0.0
vt 1.0 1.0
vt 0.6875 0.625
vt 1.0 0.0
vt 1.0 1.0
vt 0.5 0.5
vt 0.75 0.5
vt 0.625 0.0625
vt 0.9609375 0.390625
vt 1.0 1.0
vt 0.75 0.25
vt 1.0 1.0
vt 0.0 0.0
vt 1.0 0.0
vt 0.75 0.25
vt 0.46875 0.4375
vt 1.0 0.0
vt 1.0 1.0
vt 0.5 0.5
vt 1.0 0.375
vt 1.0 1.0
vt 0.34375 0.078125
vt 1.0 0.5
vt 1.0 1.0
vt 0.0 0.0
vt 1.0 0.0
vt 1.0 1.0
vt 0.0 0.0
vt 0.375 0.125
vt 1.0 1.0
vt 0.0 0.0
vt 0.609375 0.53125
vt 1.0 1.0
vt 0.0 0.0
vt 1.0 0.0
vt 0.0 0.0
vt 1.0 1.0
vt 0.625 0.125
vt 0.5 0.0
vt 1.0 1.0
vt 0.0 0.0
vt 1.0 0.0
vt 1.0 1.0
vt 0.0 0.0
vt 1.0 0.5
vt 1.0 1.0
vt 0.75 0.75
vt 1.0 0.0
vt 0.625 0.5625
vt 0.0 0.0
vt 0.71875 0.53125
vt 0.859375 0.46875
vt 0.0 0.0
vt 1.0 1.0
vt 0.0 0.0
vt 1.0 0.0
vt 0.6152344 0.29296875
vt 0.5 0.0
vt 1.0 0.0
vt 1.0 1.0
vt 0.0 0.0
vt 0.78125 0.15625
vt 1.0 1.0
vt 0.0 0.0
vt 1.0 0.0
vt 1.0 1.0
vt 0.71875 0.5625
vt 0.5 0.25
vt 1.0 1.0
vt 0.0 0.0
vt 1.0 0.0
vt 0.4375 0.0625
vt 0.0 0.0
vt 1.0 0.0
vt 1.0 1.0
vt 0.5 0.5
vt 1.0 0.0
vt 1.0 1.0
vt 0.5 0.25
vt 1.0 0.0
vt 1.0 1.0
vt 0.75 0.5
vt 1.0 0.0
vt 1.0 1.0
vt 0.0 0.0
vt 1.0 0.0
vt 1.0 1.0
vt 0.85839844 0.06738281
vt 1.0 0.5
vt 0.9921875 0.640625
vt 0.78125 0.46875
vt 1.0 1.0
vt 0.0 0.0
vt 1.0 0.0
vt 1.0 1.0
vt 0.34375 0.25
vt 1.0 0.0
vt 1.0 1.0
vt 0.0 0.0
vt 0.875 0.375
vt 0.3125 0.15625
vt 0.0 0.0
vt 0.5 0.0
vt 1.0 1.0
vt 0.75 0.25
vt 0.984375 0.34375
vt 0.0 0.0
vt 1.0 0.0
vt 1.0 1.0
vt 0.0 0.0
vt 0.75 0.25
vt 0.0 0.0
vt 1.0 0.0
vt 0.5 0.5
vt 0.0 0.0
vt 0.75 0.25
vt 1.0 1.0
vt 0.0 0.0
vt 0.75 0.5
vt 0.0 0.0
vt 0.5 0.0
vt 0.75 0.25
vt 1.0 0.0
vt 0.5 0.25
vt 0.0 0.0
vt 1.0 0.0
vt 1.0 1.0
vt 0.0 0.0
vt 1.0 0.0
vt 1.0 1.0
vt 1.0 0.0
vt 1.0 1.0
vt 0.0 0.0
vt 1.0 0.0
vt 1.0 1.0
vt 0.25 0.0
vt 1.0 1.0
vt 0.0 0.0
vt 1.0 0.0
vt 1.0 1.0
vt 0.0 0.0
vt 0.25 0.0
vt 1.0 1.0
vt 0.0 0.0
vt 0.75 0.5
vt 1.0 1.0
vt 1.0 0.0
vt 1.0 1.0
vt 0.0 0.0
vt 1.0 0.0
vt 1.0 1.0
vt 0.0 0.0
vt 1.0 0.0
vt 1.0 1.0
vt 1.0 0.0
vt 1.0 1.0
vt 0.953125 0.3828125
vt 0.71875 0.6875
vt 1.0 1.0
vt 0.6875 0.125
vt 1.0 0.0
vt 1.0 1.0
vt 0.90625 0.15625
vt 1.0 0.0
vt 0.9375 0.5
vt 0.0 0.0
vt 1.0 0.0
vt 0.6171875 0.515625
vt 0.0 0.0
vt 1.0 0.0
vt 1.0 1.0
vt 0.0 0.0
vt 1.0 0.0
vt 1.0 1.0
vt 0.25 0.125
vt 1.0 0.0
vt 1.0 1.0
vt 0.0 0.0
vt 1.0 0.0
vt 1.0 1.0
vt 0.0 0.0
vt 1.0 1.0
vt 0.0 0.0
vt 1.0 0.0
vt 0.5 0.5
vt 0.0 0.0
vt 1.0 0.0
vt 1.0 1.0
vt 0.0 0.0
vt 1.0 0.0
vt 0.5 0.5
vt 0.0 0.0
vt 1.0 0.0
vt 0.0 0.0
vt 1.0 0.0
vt 1.0 1.0
vt 0.0 0.0
vt 1.0 0.0
vt 1.0 1.0
vt 0.0 0.0
vt 0.5 0.0
vt 1.0 1.0
vt 0.96875 0.1875
vt 1.0 0.0
vt 1.0 1.0
vt 1.0 0.0
vt 1.0 1.0
vt 0.6621094 0.6015625
vt 0.65625 0.5625
vt 1.0 1.0
vt 0.75 0.0
vt 1.0 0.0
vt 0.875 0.5
vt 0.0 0.0
vt 0.8125 0.375
vt 0.734375 0.09375
vt 1.0 0.0
vt 1.0 1.0
vt 1.0 0.0
vt 1.0 1.0
vt 0.0 0.0
vt 1.0 0.0
vt 0.5 0.25
vt 1.0 0.0
vt 1.0 1.0
vt 0.0 0.0
vt 1.0 0.0
vt 1.0 1.0
vt 0.0 0.0
vt 1.0 0.0
vt 0.3671875 0.046875
vt 1.0 0.0
vt 1.0 1.0
vt 0.0 0.0
vt 1.0 0.0
vt 1.0 1.0
vt 0.671875 0.03125
vt 0.84375 0.5625
vt 1.0 1.0
vt 0.0 0.0
vt 0.5 0.0
vt 1.0 1.0
vt 0.75 0.5
vt 1.0 0.0
vt 1.0 1.0
vt 0.0 0.0
vt 0.4375 0.25
vt 1.0 1.0
vt 0.0 0.0
vt 0.84375 0.75
vt 1.0 1.0
vt 0.0 0.0
vt 0.83984375 0.5703125
vt 1.0 1.0
vt 0.0 0.0
vt 0.5 0.25
vt 1.0 1.0
vt 0.0 0.0
vt 0.296875 0.1640625
vt 1.0 1.0
vt 0.59375 0.15625
vt 1.0 0.75
vt 1.0 1.0
vt 0.0 0.0
vt 0.8125 0.375
vt 1.0 1.0
vt 0.0 0.0
vt 1.0 0.0
vt 0.46875 0.15625
vt 0.75 0.25
vt 0.75 0.5
vt 0.5 0.5
vt 1.0 0.0
vt 1.0 0.5
vt 0.5 0.5
vt 0.4272461 0.34033203
vt 1.0 1.0
vt 0.0 0.0
vt 0.5 0.0
vt 0.5 0.5
vt 0.5 0.0
vt 1.0 0.0
vt 0.9375 0.625
vt 0.375 0.125
vt 1.0 0.0
vt 0.5 0.25
vt 0.5 0.0
vt 1.0 0.0
vt 1.0 1.0
vt 0.0 0.0
vt 1.0 0.0
vt 0.4375 0.25
vt 0.375 0.25
vt 1.0 0.0
vt 0.875 0.5
vt 0.75 0.5
vt 0.59375 0.015625
vt 1.0 1.0
vt 0.0 0.0
vt 1.0 1.0
vt 0.0 0.0
vt 0.8125 0.5
vt 1.0 1.0
vt 0.0 0.0
vt 0.5 0.0
vt 1.0 1.0
vt 0.75 0.5
vt 1.0 0.0
vt 0.6875 0.3125
vt 0.0 0.0
vt 1.0 0.0
vt 0.5625 0.03125
vt 1.0 0.0
vt 1.0 1.0
vt 0.0 0.0
vt 1.0 0.0
vt 0.625 0.53125
vt 0.0 0.0
vt 1.0 0.0
vt 1.0 1.0
vt 0.75 0.5
vt 1.0 0.0
vt 1.0 1.0
vt 0.0 0.0
vt 1.0 0.5
vt 1.0 1.0
vt 0.75 0.5
vt 0.875 0.125
vt 1.0 1.0
vt 0.0 0.0
vt 1.0 0.0
vt 1.0 1.0
vt 0.0 0.0
vt 1.0 0.5
vt 1.0 1.0
vt 0.75 0.0
vt 0.96875 0.6875
vt 1.0 1.0
vt 0.75 0.25
vt 1.0 0.0
vt 1.0 1.0
vt 0.0 0.0
vt 1.0 0.0
vt 1.0 1.0
vt 0.0 0.0
vt 0.4609375 0.390625
vt 0.875 0.375
vt 0.84375 0.5625
vt 1.0 0.0
vt 1.0 1.0
vt 0.0 0.0
vt 1.0 0.0
vt 0.0 0.0
vt 0.375 0.125
vt 1.0 1.0
vt 0.375 0.25
vt 0.75 0.5
vt 1.0 1.0
vt 0.0 0.0
vt 1.0 0.0
vt 0.875 0.75
vt 1.0 0.0
vt 1.0 1.0
vt 0.0 0.0
vt 1.0 0.0
vt 1.0 1.0
vt 0.625 0.5
vt 1.0 0.0
vt 1.0 1.0
vt 0.0 0.0
vt 1.0 0.0
vt 1.0 1.0
vt 0.5 0.0
vt 0.5 0.0
vt 1.0 1.0
vt 0.65625 0.625
vt 1.0 0.0
vt 1.0 1.0
vt 0.0 0.0
vt 1.0 0.0
vt 1.0 1.0
vt 0.0 0.0
vt 0.40625 0.09375
vt 1.0 0.5
vt 1.0 0.0
vt 0.5 0.5
vt 0.953125 0.65625
vt 0.75 0.5
vt 1.0 1.0
vt 1.0 1.0
vt 0.75 0.625
vt 1.0 0.0
vt 1.0 1.0
vt 0.5 0.5
vt 0.5 0.0
vt 1.0 1.0
vt 1.0 0.0
vt 1.0 1.0
vt 0.25 0.25
vt 1.0 0.0
vt 1.0 1.0
vt 0.96875 0.8125
vt 0.5 0.5
vt 0.0 0.0
vt 1.0 0.0
vt 1.0 0.5
vt 0.25 0.0
vt 1.0 0.0
vt 1.0 1.0
vt 0.0 0.0
vt 1.0 0.0
vt 1.0 1.0
vt 0.0 0.0
vt 1.0 0.0
vt 0.8574219 0.69140625
vt 0.0 0.0
vt 1.0 0.0
vt 1.0 1.0
vt 0.5625 0.5
vt 1.0 0.0
vt 1.0 1.0
vt 0.0 0.0
vt 1.0 0.0
vt 0.375 0.25
vt 0.75 0.25
vt 1.0 0.0
vt 1.0 1.0
vt 0.5 0.5
vt 1.0 0.0
vt 1.0 1.0
vt 0.0 0.0
vt 0.9375 0.25
vt 0.75 0.375
vt 0.0 0.0
vt 1.0 0.0
vt 1.0 1.0
vt 0.0 0.0
vt 1.0 0.5
vt 1.0 1.0
vt 0.0 0.0
vt 1.0 0.0
vt 1.0 1.0
vt 0.0 0.0
vt 1.0 0.0
vt 0.75 0.625
vt 0.9375 0.5625
vt 1.0 0.0
vt 0.875 0.3125
vt 0.0 0.0
vt 0.890625 0.734375
vt 1.0 1.0
vt 0.0 0.0
vt 1.0 0.0
vt 1.0 1.0
vt 0.953125 0.8125
vt 1.0 0.0
vt 0.75 0.625
vt 1.0 0.0
vt 1.0 1.0
vt 0.0 0.0
vt 1.0 0.0
vt 1.0 1.0
vt 0.0 0.0
vt 1.0 0.0
vt 1.0 1.0
vt 0.0 0.0
vt 1.0 0.0
vt 1.0 1.0
vt 0.5 0.5
vt 1.0 0.0
vt 1.0 1.0
vt 0.9375 0.3125
vt 1.0 0.0
vt 0.75 0.375
vt 0.5 0.0
vt 1.0 0.0
vt 1.0 1.0
vt 0.0 0.0
vt 0.75 0.25
vt 0.5 0.5
vt 0.0 0.0
vt 1.0 0.0
vt 1.0 1.0
vt 0.0 0.0
vt 1.0 0.0
vt 1.0 0.5
vt 0.625 0.375
vt 0.75 0.5
vt 1.0 1.0
vt 0.0 0.0
vt 1.0 0.0
vt 1.0 1.0
vt 0.75 0.75
vt 1.0 0.5
vt 1.0 1.0
vt 0.0 0.0
vt 1.0 0.0
vt 1.0 1.0
vt 0.0 0.0
vt 1.0 0.0
vt 1.0 1.0
vt 0.0 0.0
vt 1.0 0.0
vt 1.0 1.0
vt 0.87109375 0.46875
vt 1.0 0.0
vt 1.0 1.0
vt 0.6875 0.3125
vt 1.0 0.0
vt 1.0 1.0
vt 1.0 0.5
vt 1.0 1.0
vt 0.4921875 0.109375
vt 1.0 0.0
vt 1.0 1.0
vt 0.0 0.0
vt 1.0 0.0
vt 0.375 0.125
vt 1.0 0.0
vt 0.25 0.25
vt 0.0 0.0
vt 1.0 0.0
vt 1.0 1.0
vt 0.0 0.0
vt 1.0 0.0
vt 0.0 0.0
vt 1.0 0.0
vt 0.875 0.75
vt 0.0 0.0
vt 1.0 0.5
vt 1.0 1.0
vt 0.0 0.0
vt 1.0 0.0
vt 0.44140625 0.30273438
vt 0.0 0.0
vt 0.6875 0.0625
vt 0.5 0.5
vt 0.0 0.0
vt 1.0 0.0
vt 1.0 1.0
vt 0.0 0.0
vt 0.5 0.0
vt 1.0 1.0
vt 0.0 0.0
vt 1.0 0.0
vt 1.0 1.0
vt 0.0 0.0
vt 1.0 0.0
vt 1.0 1.0
vt 0.9375 0.625
vt 1.0 0.0
vt 1.0 1.0
vt 0.5 0.0
vt 1.0 0.0
vt 1.0 1.0
vt 0.0 0.0
vt 1.0 0.0
vt 1.0 1.0
vt 0.0 0.0
vt 1.0 0.5
vt 1.0 1.0
vt 0.0 0.0
vt 0.375 0.25
vt 1.0 1.0
vt 0.0 0.0
vt 0.75 0.5
vt 1.0 1.0
vt 0.0 0.0
vt 1.0 0.0
vt 1.0 0.5
vt 0.0 0.0
vt 1.0 0.0
vt 0.0 0.0
vt 1.0 0.0
vt 0.875 0.75
vt 0.0 0.0
vt 0.875 0.625
vt 1.0 1.0
vt 0.0 0.0
vt 0.75 0.5
vt 1.0 1.0
vt 0.71875 0.4375
vt 0.9375 0.375
vt 1.0 1.0
vt 1.0 0.0
vt 1.0 1.0
vt 0.0 0.0
vt 1.0 0.0
vt 0.0 0.0
vt 1.0 0.0
vt 1.0 1.0
vt 0.75 0.0
vt 1.0 0.0
vt 1.0 1.0
vt 0.5 0.5
vt 1.0 0.0
vt 1.0 1.0
vt 0.0 0.0
vt 0.984375 0.390625
vt 1.0 1.0
vt 0.5 0.5
vt 1.0 0.0
vt 1.0 1.0
vt 0.0 0.0
vt 1.0 0.0
vt 1.0 1.0
vt 0.9375 0.125
vt 1.0 0.0
vt 1.0 1.0
vt 0.0 0.0
vt 1.0 0.0
vt 0.5 0.5
vt 0.0 0.0
vt 1.0 0.0
vt 0.75 0.5
vt 0.0 0.0
vt 0.5 0.0
vt 0.9375 0.1875
vt 0.0 0.0
vt 1.0 0.0
vt 1.0 1.0
vt 0.0 0.0
vt 0.875 0.25
vt 1.0 1.0
vt 0.0 0.0
vt 1.0 0.0
vt 1.0 1.0
vt 0.0 0.0
vt 1.0 0.0
vt 0.8125 0.625
vt 0.0 0.0
vt 1.0 0.0
vt 1.0 1.0
vt 0.0 0.0
vt 1.0 0.0
vt 1.0 1.0
vt 0.0 0.0
vt 1.0 0.0
vt 1.0 1.0
vt 0.0 0.0
vt 1.0 0.0
vt 0.5 0.5
vt 0.84375 0.0625
vt 1.0 0.0
vt 1.0 1.0
vt 0.78125 0.1875
vt 0.703125 0.515625
vt 1.0 1.0
vt 0.0 0.0
vt 0.9375 0.875
vt 1.0 1.0
vt 0.0 0.0
vt 1.0 0.0
vt 1.0 1.0
vt 0.0 0.0
vt 0.375 0.125
vt 1.0 1.0
vt 0.0 0.0
vt 1.0 0.0
vt 1.0 1.0
vt 0.0 0.0
vt 1.0 0.0
vt 0.75 0.125
vt 0.0 0.0
vt 1.0 0.0
vt 1.0 1.0
vt 0.0 0.0
vt 1.0 1.0
vt 0.0 0.0
vt 1.0 0.0
vt 0.75 0.25
vt 0.0 0.0
vt 1.0 0.0
vt 1.0 1.0
vt 0.0 0.0
vt 1.0 0.0
vt 1.0 1.0
vt 0.0 0.0
vt 1.0 0.0
vt 1.0 1.0
vt 0.0 0.0
vt 1.0 0.0
vt 1.0 1.0
vt 0.0 0.0
vt 1.0 0.0
vt 1.0 1.0
vt 0.0 0.0
vt 1.0 0.0
vt 0.5 0.3125
vt 0.5 0.0
vt 1.0 0.0
vt 1.0 1.0
vt 0.0 0.0
vt 0.5 0.25
vt 1.0 1.0
vt 0.78125 0.21875
vt 1.0 0.0
vt 1.0 1.0
vt 0.6953125 0.546875
vt 1.0 0.5
vt 1.0 1.0
vt 0.859375 0.328125
vt 1.0 0.0
vt 1.0 1.0
vt 0.0 0.0
vt 1.0 0.0
vt 1.0 1.0
vt 0.0 0.0
vt 1.0 0.0
vt 1.0 1.0
vt 0.0 0.0
vt 1.0 0.0
vt 1.0 1.0
vt 0.875 0.125
vt 1.0 0.0
vt 1.0 1.0
vt 0.421875 0.015625
vt 0.75 0.5
vt 1.0 1.0
vt 0.8125 0.5
vt 1.0 0.0
vt 0.6875 0.125
vt 0.6875 0.625
vt 1.0 1.0
vt 0.0 0.0
vt 1.0 1.0
vt 0.5 0.5
vt 1.0 0.0
vt 1.0 1.0
vt 0.75 0.5
vt 1.0 0.0
vt 0.75 0.25
vt 0.0 0.0
vt 1.0 0.5
vt 1.0 1.0
vt 0.0 0.0
vt 1.0 0.5
vt 1.0 1.0
vt 0.5 0.5
vt 1.0 0.0
vt 1.0 1.0
vt 0.71875 0.15625
vt 0.8125 0.71875
vt 0.875 0.375
vt 0.0 0.0
vt 0.75 0.625
vt 1.0 1.0
vt 0.0 0.0
vt 0.75 0.25
vt 1.0 1.0
vt 0.0 0.0
vt 1.0 0.0
vt 1.0 1.0
vt 0.0 0.0
vt 1.0 0.0
vt 1.0 1.0
vt 0.0 0.0
vt 0.6875 0.375
vt 0.875 0.375
vt 0.0 0.0
vt 1.0 0.0
vt 0.0 0.0
vt 0.75 0.625
vt 1.0 1.0
vt 0.75 0.5
vt 1.0 0.0
vt 1.0 1.0
vt 0.625 0.5
vt 1.0 0.5
vt 1.0 1.0
vt 0.5 0.0
vt 1.0 1.0
vt 0.0 0.0
vt 0.5 0.25
vt 0.9375 0.375
vt 0.5 0.0
vt 0.6875 0.625
vt 1.0 1.0
vt 1.0 0.0
vt 1.0 1.0
vt 0.0 0.0
vt 0.625 0.5625
vt 1.0 1.0
vt 0.734375 0.265625
vt 1.0 0.0
vt 1.0 1.0
vt 0.0 0.0
vt 1.0 0.0
vt 1.0 1.0
vt 0.0 0.0
vt 1.0 0.0
vt 1.0 1.0
vt 0.0 0.0
vt 1.0 0.0
vt 1.0 1.0
vt 0.0 0.0
vt 1.0 0.0
vt 1.0 0.25
vt 0.0 0.0
vt 1.0 0.0
vt 1.0 1.0
vt 0.3125 0.125
vt 1.0 0.0
vt 1.0 1.0
vt 0.0 0.0
vt 1.0 0.0
vt 0.75 0.5
vt 0.0 0.0
vt 1.0 1.0
vt 0.6875 0.625
vt 1.0 0.0
vt 1.0 1.0
vt 0.0 0.0
vt 1.0 0.0
vt 1.0 1.0
vt 0.0 0.0
vt 1.0 0.0
vt 1.0 1.0
vt 0.0 0.0
vt 1.0 0.0
vt 0.0 0.0
vt 0.75 0.5
vt 1.0 1.0
vt 0.0 0.0
vt 1.0 0.0
vt 0.6875 0.5
vt 0.0 0.0
vt 0.5 0.0
vt 1.0 1.0
vt 0.96875 0.1875
vt 0.5 0.0
vt 1.0 1.0
vt 0.0 0.0
vt 1.0 0.0
vt 1.0 1.0
vt 1.0 0.0
vt 0.5 0.25
vt 0.0 0.0
vt 1.0 0.0
vt 0.0 0.0
vt 1.0 0.0
vt 1.0 1.0
vt 0.0 0.0
vt 1.0 0.0
vt 1.0 1.0
vt 0.0 0.0
vt 1.0 0.0
vt 1.0 0.5
vt 0.734375 0.265625
vt 1.0 0.0
vt 1.0 1.0
vt 0.5 0.5
vt 1.0 0.0
vt 0.875 0.125
vt 0.671875 0.375
vt 1.0 0.0
vt 0.375 0.25
vt 0.5 0.0
vt 1.0 0.0
vt 1.0 1.0
vt 0.0 0.0
vt 1.0 0.0
vt 1.0 1.0
vt 0.0 0.0
vt 0.875 0.125
vt 1.0 1.0
vt 0.0 0.0
vt 1.0 1.0
vt 0.0 0.0
vt 1.0 0.0
vt 1.0 1.0
vt 0.75 0.75
vt 1.0 0.0
vt 1.0 1.0
vt 0.0 0.0
vt 1.0 0.0
vt 1.0 1.0
vt 0.0 0.0
vt 1.0 0.25
vt 1.0 1.0
vt 0.375 0.1875
vt 1.0 0.0
vt 1.0 1.0
vt 0.4375 0.1875
vt 1.0 0.0
vt 0.375 0.125
vt 0.0 0.0
vt 1.0 0.0
vt 1.0 1.0
vt 0.0 0.0
vt 1.0 1.0
vt 0.0 0.0
vt 1.0 0.0
vt 0.75 0.25
vt 1.0 0.0
vt 1.0 1.0
vt 0.8125 0.0625
vt 1.0 0.0
vt 1.0 1.0
vt 0.0 0.0
vt 1.0 0.0
vt 1.0 1.0
vt 0.6875 0.5625
vt 1.0 0.0
vt 0.625 0.125
vt 0.5 0.5
vt 1.0 0.0
vt 1.0 1.0
vt 0.9707031 0.86035156
vt 0.75 0.5
vt 1.0 1.0
vt 0.875 0.625
vt 1.0 0.0
vt 1.0 1.0
vt 0.75 0.25
vt 0.5 0.0
vt 1.0 1.0
vt 0.875 0.75
vt 1.0 0.0
vt 1.0 1.0
vt 0.6875 0.625
vt 0.5 0.0
vt 1.0 1.0
vt 0.0 0.0
vt 1.0 0.0
vt 1.0 1.0
vt 0.0 0.0
vt 1.0 0.5
vt 1.0 1.0
vt 0.0 0.0
vt 1.0 0.0
vt 0.25 0.125
vt 0.625 0.125
vt 1.0 1.0
vt 0.0 0.0
vt 0.734375 0.265625
vt 1.0 1.0
vt 0.0 0.0
vt 0.5 0.125
vt 0.875 0.375
vt 0.0 0.0
vt 1.0 0.0
vt 1.0 0.5
vt 0.9375 0.625
vt 1.0 0.0
vt 1.0 1.0
vt 0.25 0.25
vt 0.5 0.3125
vt 1.0 1.0
vt 0.0 0.0
vt 1.0 0.0
vt 1.0 1.0
vt 0.0 0.0
vt 0.8125 0.125
vt 1.0 1.0
vt 0.0 0.0
vt 1.0 0.5
vt 1.0 1.0
vt 0.5 0.5
vt 1.0 0.0
vt 1.0 1.0
vt 0.0 0.0
vt 1.0 0.0
vt 1.0 1.0
vt 0.0 0.0
vt 1.0 0.0
vt 1.0 1.0
vt 0.5 0.5
vt 0.90625 0.65625
vt 1.0 1.0
vt 0.0 0.0
vt 1.0 0.0
vt 1.0 1.0
vt 0.0 0.0
vt 1.0 0.0
vt 1.0 1.0
vt 0.0 0.0
vt 1.0 0.0
vt 1.0 1.0
vt 0.75 0.5
vt 1.0 0.0
vt 1.0 1.0
vt 0.9375 0.375
vt 1.0 0.0
vt 0.5 0.25
vt 0.0 0.0
vt 1.0 0.0
vt 1.0 1.0
vt 0.0 0.0
vt 1.0 0.0
vt 1.0 1.0
vt 0.4375 0.375
vt 1.0 0.0
vt 1.0 1.0
vt 0.5 0.25
vt 1.0 0.0
vt 0.5 0.5
vt 0.0 0.0
vt 0.9375 0.625
vt 0.5 0.5
vt 1.0 0.0
vt 1.0 1.0
vt 0.0 0.0
vt 1.0 0.0
vt 1.0 1.0
vt 0.0 0.0
vt 1.0 0.0
vt 0.25 0.25
vt 0.0 0.0
vt 1.0 0.0
vt 1.0 1.0
vt 0.0 0.0
vt 0.75 0.5
vt 0.46875 0.3125
vt 1.0 1.0
vt 0.0 0.0
vt 0.25 0.0625
vt 0.5625 0.5
vt 0.0 0.0
vt 0.375 0.25
vt 1.0 1.0
vt 0.734375 0.265625
vt 1.0 0.0
vt 1.0 1.0
vt 0.625 0.0625
vt 1.0 0.0
vt 1.0 1.0
vt 0.90625 0.125
vt 1.0 0.0
vt 0.5 0.5
vt 1.0 0.0
vt 1.0 1.0
vt 0.7402344 0.44140625
vt 0.25 0.125
vt 1.0 1.0
vt 0.0 0.0
vt 0.859375 0.6953125
vt 1.0 1.0
vt 0.0 0.0
vt 1.0 0.0
vt 1.0 1.0
vt 0.0 0.0
vt 1.0 0.0
vt 1.0 1.0
vt 0.0 0.0
vt 1.0 0.0
vt 1.0 1.0
vt 0.0 0.0
vt 1.0 0.0
vt 0.90625 0.140625
vt 1.0 1.0
vt 0.0 0.0
vt 1.0 0.5
vt 1.0 1.0
vt 0.5 0.5
vt 0.8125 0.5625
vt 1.0 1.0
vt 1.0 0.0
vt 0.5 0.25
vt 1.0 0.0
vt 1.0 1.0
vt 0.8125 0.5
vt 1.0 0.0
vt 1.0 1.0
vt 0.0 0.0
vt 0.75 0.375
vt 1.0 1.0
vt 0.0 0.0
vt 1.0 0.0
vt 1.0 1.0
vt 0.0 0.0
vt 0.5 0.0
vt 1.0 1.0
vt 0.0 0.0
vt 1.0 0.0
vt 1.0 1.0
vt 0.75 0.5
vt 1.0 0.0
vt 1.0 1.0
vt 0.0 0.0
vt 0.84375 0.203125
vt 1.0 1.0
vt 0.0 0.0
vt 1.0 0.0
vt 0.921875 0.515625
vt 0.375 0.3125
vt 1.0 0.0
vt 1.0 0.5
vt 0.0 0.0
vt 0.5 0.25
vt 0.0 0.0
vt 0.78125 0.328125
vt 1.0 1.0
vt 0.0 0.0
vt 1.0 0.0
vt 0.5 0.125
vt 1.0 0.0
vt 0.8671875 0.5390625
vt 1.0 0.0
vt 1.0 1.0
vt 0.0 0.0
vt 1.0 0.0
vt 1.0 1.0
vt 1.0 0.0
vt 1.0 1.0
vt 0.0 0.0
vt 1.0 0.0
vt 1.0 1.0
vt 0.875 0.625
vt 1.0 0.0
vt 1.0 1.0
vt 0.0 0.0
vt 1.0 0.0
vt 1.0 1.0
vt 0.0 0.0
vt 1.0 0.75
vt 1.0 1.0
vt 0.0 0.0
vt 1.0 0.0
vt 1.0 1.0
vt 0.0 0.0
vt 1.0 0.0
vt 0.828125 0.234375
vt 0.0 0.0
vt 1.0 0.0
vt 1.0 1.0
vt 0.0 0.0
vt 1.0 0.0
vt 1.0 1.0
vt 0.0 0.0
vt 0.5 0.0
vt 1.0 1.0
vt 1.0 0.0
vt 1.0 1.0
vt 0.90625 0.53125
vt 1.0 0.0
vt 1.0 1.0
vt 0.0 0.0
vt 1.0 0.0
vt 1.0 1.0
vt 0.0 0.0
vt 1.0 0.0
vt 0.0 0.0
vt 1.0 0.0
vt 1.0 1.0
vt 0.0 0.0
vt 0.5 0.0
vt 1.0 1.0
vt 0.75 0.25
vt 1.0 0.0
vt 1.0 1.0
vt 0.0 0.0
vt 1.0 0.0
vt 1.0 1.0
vt 0.0 0.0
vt 0.25 0.0
vt 1.0 1.0
vt 0.6875 0.5625
vt 1.0 0.0
vt 0.625 0.5
vt 0.0 0.0
vt 1.0 0.0
vt 1.0 1.0
vt 0.1875 0.125
vt 1.0 0.0
vt 1.0 1.0
vt 0.0 0.0
vt 0.9609375 0.0625
vt 1.0 1.0
vt 0.0 0.0
vt 1.0 0.0
vt 1.0 1.0
vt 0.875 0.25
vt 1.0 0.0
vt 1.0 1.0
vt 0.0 0.0
vt 0.5 0.0
vt 0.75 0.75
vt 0.0 0.0
vt 1.0 0.0
vt 1.0 0.25
vt 0.0 0.0
vt 1.0 1.0
vt 0.0 0.0
vt 0.75 0.5
vt 1.0 1.0
vt 0.6875 0.0625
vt 1.0 0.0
vt 1.0 1.0
vt 0.0 0.0
vt 1.0 0.5
vt 1.0 1.0
vt 0.0 0.0
vt 1.0 0.0
vt 0.9375 0.375
vt 0.75 0.25
vt 0.859375 0.453125
vt 1.0 1.0
vt 0.0 0.0
vt 0.75 0.25
vt 0.0 0.0
vt 1.0 0.0
vt 1.0 1.0
vt 1.0 0.5
vt 1.0 1.0
vt 0.0 0.0
vt 0.0 0.0
vt 1.0 0.0
vt 1.0 1.0
vt 0.984375 0.46875
vt 1.0 1.0
vt 0.0 0.0
vt 0.875 0.171875
vt 1.0 1.0
vt 0.0 0.0
vt 0.75 0.4375
vt 1.0 1.0
vt 0.0 0.0
vt 0.5 0.0
vt 1.0 1.0
vt 0.0 0.0
vt 1.0 0.0
vt 0.9375 0.625
vt 0.0 0.0
vt 0.25 0.0
vt 1.0 1.0
vt 0.0 0.0
vt 1.0 0.0
vt 1.0 1.0
vt 0.9375 0.125
vt 1.0 0.0
vt 1.0 1.0
vt 1.0 0.0
vt 1.0 1.0
vt 0.0 0.0
vt 1.0 0.0
vt 1.0 1.0
vt 0.0 0.0
vt 1.0 0.0
vt 1.0 1.0
vt 0.98046875 0.1015625
vt 1.0 0.0
vt 1.0 1.0
vt 0.0 0.0
vt 1.0 0.5
vt 1.0 1.0
vt 1.0 0.0
vt 1.0 1.0
vt 0.5 0.0
vt 1.0 0.0
vt 0.75 0.25
vt 0.0 0.0
vt 0.75 0.5
vt 0.5 0.25
vt 0.62109375 0.3515625
vt 1.0 0.0
vt 1.0 1.0
vt 0.0 0.0
vt 1.0 0.0
vt 1.0 1.0
vt 0.0 0.0
vt 1.0 0.5
vt 1.0 1.0
vt 0.0 0.0
vt 0.25 0.125
vt 0.25 0.25
vt 0.0 0.0
vt 1.0 0.0
vt 1.0 1.0
vt 0.0 0.0
vt 1.0 0.0
vt 0.75 0.25
vt 0.0 0.0
vt 1.0 0.5
vt 1.0 1.0
vt 0.0 0.0
vt 1.0 0.0
vt 1.0 1.0
vt 0.0 0.0
vt 1.0 0.0
vt 1.0 1.0
vt 0.0 0.0
vt 1.0 0.0
vt 1.0 1.0
vt 0.96875 0.875
vt 0.0 0.0
vt 0.25 0.125
vt 1.0 1.0
vt 0.734375 0.578125
vt 1.0 0.0
vt 1.0 1.0
vt 1.0 0.0
vt 1.0 1.0
vt 0.0 0.0
vt 1.0 0.0
vt 1.0 1.0
vt 1.0 1.0
vt 0.5 0.5
vt 1.0 0.0
vt 0.875 0.75
vt 0.0 0.0
vt 1.0 0.0
vt 0.0 0.0
vt 1.0 0.0
vt 1.0 1.0
vt 0.609375 0.28125
vt 1.0 1.0
vt 0.0 0.0
vt 1.0 0.0
vt 0.0 0.0
vt 1.0 0.0
vt 1.0 1.0
vt 0.0 0.0
vt 1.0 0.0
vt 1.0 1.0
vt 0.0 0.0
vt 1.0 0.0
vt 1.0 1.0
vt 0.0 0.0
vt 1.0 0.0
vt 0.9375 0.578125
vt 0.0 0.0
vt 1.0 0.0
vt 1.0 1.0
vt 0.0 0.0
vt 1.0 0.0
vt 0.0 0.0
vt 1.0 0.0
vt 1.0 0.0
vt 1.0 1.0
vt 0.5 0.0
vt 1.0 0.0
vt 1.0 1.0
vt 0.0 0.0
vt 1.0 0.0
vt 1.0 1.0
vt 0.0 0.0
vt 1.0 0.5
vt 1.0 1.0
vt 0.0 0.0
vt 1.0 0.0
vt 0.9902344 0.12890625
vt 0.0 0.0
vt 1.0 0.0
vt 1.0 1.0
vt 0.0 0.0
vt 0.75 0.5
vt 1.0 1.0
vt 0.0 0.0
vt 1.0 0.0
vt 1.0 1.0
vt 0.0 0.0
vt 1.0 0.0
vt 1.0 1.0
vt 0.75 0.625
vt 1.0 0.0
vt 1.0 1.0
vt 0.42138672 0.19970703
vt 0.984375 0.6484375
vt 1.0 1.0
vt 0.0 0.0
vt 1.0 0.0
vt 1.0 1.0
vt 1.0 0.0
vt 0.875 0.125
vt 0.0 0.0
vt 1.0 0.5
vt 1.0 1.0
vt 0.5 0.125
vt 1.0 0.0
vt 1.0 1.0
vt 0.0 0.0
vt 1.0 0.0
vt 1.0 1.0
vt 0.0 0.0
vt 0.875 0.25
vt 1.0 1.0
vt 0.734375 0.21875
vt 1.0 0.0
vt 0.7441406 0.4296875
vt 1.0 0.0
vt 1.0 1.0
vt 0.0 0.0
vt 0.5 0.25
vt 1.0 1.0
vt 0.0 0.0
vt 1.0 0.0
vt 1.0 1.0
vt 0.0 0.0
vt 1.0 0.0
vt 1.0 1.0
vt 0.0 0.0
vt 0.375 0.1484375
vt 1.0 1.0
vt 0.0 0.0
vt 1.0 0.5
vt 1.0 1.0
vt 0.0 0.0
vt 1.0 0.0
vt 1.0 1.0
vt 0.0 0.0
vt 1.0 0.5
vt 1.0 1.0
vt 0.0 0.0
vt 0.75 0.5
vt 1.0 0.5
vt 0.5 0.5
vt 1.0 0.0
vt 1.0 1.0
vt 0.0 0.0
vt 1.0 0.0
vt 1.0 1.0
vt 0.0 0.0
vt 1.0 0.0
vt 1.0 1.0
vt 0.0 0.0
vt 1.0 0.0
vt 1.0 0.5
vt 0.0 0.0
vt 1.0 0.0
vt 1.0 1.0
vt 0.5 0.0
vt 1.0 0.5
vt 0.5625 0.1875
vt 1.0 0.0
vt 1.0 1.0
vt 0.0 0.0
vt 0.75 0.625
vt 1.0 1.0
vt 0.0 0.0
vt 1.0 0.0
vt 1.0 0.5
vt 0.0 0.0
vt 0.75 0.3125
vt 0.4375 0.375
vt 1.0 0.0
vt 1.0 1.0
vt 0.0 0.0
vt 0.5 0.0
vt 1.0 1.0
vt 0.421875 0.28125
vt 1.0 0.0
vt 1.0 1.0
vt 0.0 0.0
vt 1.0 0.0
vt 0.75 0.25
vt 0.0 0.0
vt 1.0 0.0
vt 1.0 1.0
vt 0.0 0.0
vt 1.0 0.0
vt 1.0 1.0
vt 0.0 0.0
vt 1.0 0.0
vt 0.96875 0.4375
vt 0.0 0.0
vt 1.0 0.0
vt 0.40625 0.328125
vt 0.0 0.0
vt 1.0 0.0
vt 1.0 1.0
vt 0.0 0.0
vt 1.0 0.0
vt 1.0 1.0
vt 0.0 0.0
vt 1.0 0.0
vt 0.5 0.5
vt 1.0 1.0
vt 0.75 0.375
vt 1.0 0.0
vt 1.0 1.0
vt 0.84375 0.5625
vt 0.75 0.5
vt 1.0 1.0
vt 1.0 0.0
vt 1.0 1.0
vt 0.0 0.0
vt 1.0 0.0
vt 1.0 1.0
vt 0.0 0.0
vt 1.0 0.0
vt 1.0 1.0
vt 0.9375 0.125
vt 0.5 0.0
vt 1.0 1.0
vt 0.0 0.0
vt 1.0 0.0
vt 1.0 1.0
vt 0.0 0.0
vt 1.0 0.0
vt 0.0 0.0
vt 1.0 0.5
vt 1.0 1.0
vt 0.0 0.0
vt 1.0 0.0
vt 1.0 0.5
vt 0.0 0.0
vt 1.0 0.0
vt 1.0 1.0
vt 0.0 0.0
vt 0.875 0.25
vt 1.0 1.0
vt 0.0 0.0
vt 0.625 0.0625
vt 1.0 0.5
vt 0.0 0.0
vt 0.4375 0.375
vt 1.0 1.0
vt 0.6875 0.0625
vt 1.0 0.0
vt 1.0 1.0
vt 0.875 0.75
vt 1.0 0.0
vt 1.0 1.0
vt 0.0 0.0
vt 1.0 0.0
vt 0.5 0.5
vt 0.0 0.0
vt 1.0 0.0
vt 0.625 0.375
vt 0.0 0.0
vt 1.0 0.25
vt 1.0 1.0
vt 0.0 0.0
vt 1.0 0.0
vt 1.0 1.0
vt 0.0 0.0
vt 1.0 0.0
vt 0.375 0.0625
vt 0.625 0.375
vt 1.0 0.0
vt 1.0 1.0
vt 0.0 0.0
vt 0.71875 0.5625
vt 1.0 1.0
vt 0.0 0.0
vt 1.0 0.0
vt 1.0 1.0
vt 0.0 0.0
vt 0.75 0.5
vt 1.0 0.5
vt 0.0 0.0
vt 1.0 0.0
vt 1.0 1.0
vt 0.0 0.0
vt 1.0 0.0
vt 1.0 1.0
vt 0.0 0.0
vt 0.5 0.0
vt 1.0 1.0
vt 0.3125 0.25
vt 1.0 0.0
vt 0.984375 0.890625
vt 0.0 0.0
vt 1.0 0.5
vt 1.0 1.0
vt 0.5 0.5
vt 1.0 0.0
vt 0.92578125 0.359375
vt 0.0 0.0
vt 1.0 0.0
vt 1.0 0.5
vt 0.484375 0.40625
vt 0.5 0.25
vt 0.24804688 0.07421875
vt 1.0 1.0
vt 0.5 0.0
vt 1.0 0.0
vt 1.0 1.0
vt 0.0 0.0
vt 1.0 0.0
vt 1.0 1.0
vt 1.0 0.0
vt 1.0 1.0
vt 0.0 0.0
vt 1.0 0.0
vt 1.0 1.0
vt 0.0 0.0
vt 1.0 0.0
vt 1.0 1.0
vt 0.0 0.0
vt 1.0 0.0
vt 0.75 0.25
vt 0.0 0.0
vt 1.0 0.0
vt 1.0 1.0
vt 0.0 0.0
vt 1.0 0.0
vt 1.0 1.0
vt 0.0 0.0
vt 1.0 0.0
vt 0.0 0.0
vt 1.0 0.0
vt 1.0 1.0
vt 0.0 0.0
vt 0.5 0.25
vt 0.921875 0.390625
vt 0.234375 0.09375
vt 1.0 0.0
vt 1.0 1.0
vt 0.0 0.0
vt 1.0 0.0
vt 1.0 1.0
vt 0.0 0.0
vt 1.0 0.0
vt 1.0 1.0
vt 0.0 0.0
vt 0.5 0.0
vt 1.0 1.0
vt 0.0 0.0
vt 0.5 0.25
vt 1.0 1.0
vt 0.0 0.0
vt 0.75 0.5
vt 1.0 1.0
vt 0.0 0.0
vt 1.0 0.0
vt 0.875 0.375
vt 0.0 0.0
vt 1.0 0.0
vt 0.796875 0.703125
vt 1.0 0.0
vt 1.0 1.0
vt 0.75 0.25
vt 1.0 0.0
vt 1.0 1.0
vt 0.8125 0.75
vt 1.0 0.0
vt 1.0 1.0
vt 0.0 0.0
vt 1.0 0.5
vt 1.0 1.0
vt 1.0 0.0
vt 1.0 0.25
vt 0.0 0.0
vt 0.75 0.25
vt 1.0 1.0
vt 0.0 0.0
vt 1.0 0.0
vt 1.0 1.0
vt 0.0 0.0
vt 1.0 0.0
vt 0.5 0.25
vt 0.0 0.0
vt 1.0 0.0
vt 1.0 1.0
vt 0.5 0.5
vt 1.0 0.0
vt 1.0 0.5
vt 0.875 0.25
vt 1.0 0.0
vt 1.0 1.0
vt 0.0 0.0
vt 1.0 0.0
vt 1.0 1.0
vt 0.0 0.0
vt 0.5 0.0
vt 1.0 1.0
vt 0.0 0.0
vt 1.0 0.0
vt 1.0 1.0
vt 0.0 0.0
vt 0.5 0.0
vt 1.0 1.0
vt 0.0 0.0
vt 1.0 1.0
vt 0.0 0.0
vt 1.0 0.5
vt 1.0 1.0
vt 0.59375 0.28125
vt 1.0 0.375
vt 1.0 1.0
vt 0.0 0.0
vt 0.91796875 0.05859375
vt 1.0 1.0
vt 0.0 0.0
vt 1.0 0.0
vt 1.0 1.0
vt 0.0 0.0
vt 0.5 0.0
vt 0.5 0.5
vt 0.0 0.0
vt 1.0 0.0
vt 1.0 1.0
vt 0.0 0.0
vt 1.0 0.0
vt 1.0 1.0
vt 0.0 0.0
vt 1.0 0.0
vt 1.0 1.0
vt 0.0 0.0
vt 1.0 0.0
vt 1.0 1.0
vt 0.0 0.0
vt 1.0 0.0
vt 1.0 1.0
vt 0.0 0.0
vt 0.625 0.5
vt 1.0 1.0
vt 0.0 0.0
vt 1.0 0.0
vt 1.0 1.0
vt 0.875 0.25
vt 1.0 0.0
vt 1.0 1.0
vt 0.0 0.0
vt 1.0 0.0
vt 1.0 1.0
vt 0.8671875 0.640625
vt 1.0 0.0
vt 1.0 1.0
vt 0.0 0.0
vt 0.5 0.25
vt 0.0 0.0
vt 1.0 0.0
vt 1.0 1.0
vt 0.875 0.625
vt 1.0 0.0
vt 1.0 1.0
vt 0.0 0.0
vt 1.0 0.0
vt 1.0 1.0
vt 0.0 0.0
vt 1.0 0.0
vt 1.0 0.25
vt 0.0 0.0
vt 1.0 0.0
vt 1.0 1.0
vt 0.0 0.0
vt 1.0 0.0
vt 0.8359375 0.4921875
vt 0.0 0.0
vt 1.0 0.0
vt 0.5 0.25
vt 1.0 0.0
vt 0.5 0.5
vt 0.0 0.0
vt 0.375 0.125
vt 1.0 1.0
vt 0.0 0.0
vt 0.75 0.0
vt 1.0 1.0
vt 0.0 0.0
vt 1.0 0.0
vt 0.0 0.0
vt 1.0 0.0
vt 1.0 1.0
vt 0.5 0.0
vt 1.0 0.0
vt 0.0 0.0
vt 0.84375 0.265625
vt 1.0 1.0
vt 0.0 0.0
vt 1.0 1.0
vt 0.0 0.0
vt 1.0 0.0
vt 1.0 1.0
vt 0.5 0.25
vt 1.0 0.0
vt 0.5 0.25
vt 0.0 0.0
vt 1.0 0.0
vt 1.0 1.0
vt 0.0 0.0
vt 1.0 0.0
vt 0.46875 0.1875
vt 0.0 0.0
vt 0.75 0.5
vt 1.0 1.0
vt 0.5 0.0
vt 0.5 0.0
vt 1.0 1.0
vt 1.0 0.0
vt 1.0 1.0
vt 0.0 0.0
vt 1.0 0.0
vt 1.0 1.0
vt 0.75 0.375
vt 1.0 0.0
vt 0.75 0.25
vt 1.0 0.0
vt 1.0 1.0
vt 0.0 0.0
vt 1.0 0.0
vt 0.0 0.0
vt 1.0 0.0
vt 0.6875 0.0625
vt 1.0 0.0
vt 1.0 0.5
vt 0.75 0.5
vt 1.0 0.0
vt 0.5 0.5
vt 0.0 0.0
vt 1.0 0.0
vt 0.625 0.53125
vt 1.0 1.0
vt 0.5 0.0
vt 1.0 0.0
vt 1.0 1.0
vt 0.0 0.0
vt 1.0 0.0
vt 1.0 1.0
vt 0.875 0.0
vt 1.0 0.0
vt 1.0 1.0
vt 1.0 0.0
vt 0.5 0.5
vt 0.0 0.0
vt 1.0 0.0
vt 1.0 1.0
vt 0.0 0.0
vt 1.0 0.0
vt 0.75 0.1875
vt 0.0 0.0
vt 1.0 0.0
vt 0.0 0.0
vt 0.5 0.25
vt 1.0 1.0
vt 0.0 0.0
vt 1.0 0.0
vt 1.0 1.0
vt 0.0 0.0
vt 0.4375 0.0625
vt 0.875 0.75
vt 1.0 0.0
vt 1.0 1.0
vt 0.0 0.0
vt 1.0 0.5
vt 0.5 0.5
vt 0.0 0.0
vt 1.0 0.0
vt 1.0 1.0
vt 0.0 0.0
vt 1.0 0.0
vt 0.875 0.53125
vt 0.0 0.0
vt 1.0 1.0
vt 0.0 0.0
vt 1.0 0.0
vt 0.875 0.25
vt 0.0 0.0
vt 1.0 0.0
vt 1.0 1.0
vt 0.0 0.0
vt 1.0 0.5
vt 0.9375 0.875
vt 0.0 0.0
vt 0.625 0.0625
vt 0.984375 0.65625
vt 0.0 0.0
vt 1.0 0.0
vt 1.0 1.0
vt 0.0 0.0
vt 1.0 0.0
vt 0.75 0.375
vt 0.0 0.0
vt 1.0 0.0
vt 1.0 1.0
vt 0.0 0.0
vt 0.34375 0.1875
vt 1.0 1.0
vt 0.0 0.0
vt 1.0 0.0
vt 1.0 1.0
vt 0.0 0.0
vt 1.0 0.0
vt 1.0 1.0
vt 0.0 0.0
vt 1.0 1.0
vt 0.5 0.0
vt 0.9375 0.75
vt 1.0 1.0
vt 1.0 0.0
vt 0.75 0.25
vt 0.0 0.0
vt 1.0 0.0
vt 0.75 0.5
vt 0.0 0.0
vt 1.0 0.0
vt 1.0 1.0
vt 1.0 0.0
vt 1.0 1.0
vt 0.8671875 0.546875
vt 1.0 0.0
vt 1.0 1.0
vt 0.0 0.0
vt 1.0 0.0
vt 1.0 1.0
vt 0.0 0.0
vt 1.0 0.5
vt 1.0 1.0
vt 0.9375 0.09375
vt 1.0 1.0
vt 0.0 0.0
vt 0.9375 0.1875
vt 1.0 1.0
vt 0.75 0.5
vt 1.0 0.0
vt 0.3359375 0.22265625
vt 1.0 0.0
vt 1.0 1.0
vt 0.0 0.0
vt 1.0 0.5
vt 1.0 1.0
vt 0.5 0.5
vt 1.0 0.5
vt 0.5 0.375
vt 0.8125 0.25
vt 1.0 0.0
vt 1.0 0.5
vt 0.0 0.0
vt 1.0 0.0
vt 1.0 1.0
vt 0.875 0.25
vt 1.0 0.0
vt 0.5 0.25
vt 0.375 0.28125
vt 1.0 0.0
vt 1.0 1.0
vt 0.0 0.0
vt 1.0 0.5
vt 0.0 0.0
vt 0.46875 0.3125
vt 1.0 1.0
vt 0.0 0.0
vt 1.0 0.0
vt 1.0 1.0
vt 0.0 0.0
vt 1.0 0.5
vt 1.0 1.0
vt 0.0 0.0
vt 0.46875 0.1875
vt 1.0 0.5
vt 0.8125 0.625
vt 1.0 0.0
vt 1.0 1.0
vt 0.0 0.0
vt 1.0 0.5
vt 1.0 1.0
vt 0.0 0.0
vt 1.0 0.0
vt 1.0 1.0
vt 0.4375 0.3125
vt 1.0 0.0
vt 1.0 1.0
vt 0.0 0.0
vt 1.0 0.0
vt 1.0 1.0
vt 0.75 0.5
vt 1.0 0.0
vt 1.0 0.25
vt 0.0 0.0
vt 0.5 0.0
vt 0.875 0.375
vt 0.0 0.0
vt 1.0 0.0
vt 1.0 1.0
vt 0.0 0.0
vt 0.0 0.0
vt 1.0 0.0
vt 1.0 1.0
vt 0.0 0.0
vt 1.0 1.0
vt 0.0 0.0
vt 1.0 0.0
vt 1.0 1.0
vt 0.40625 0.375
vt 1.0 0.0
vt 1.0 1.0
vt 0.46875 0.1875
vt 1.0 0.0
vt 1.0 1.0
vt 0.0 0.0
vt 1.0 0.0
vt 1.0 1.0
vt 0.0 0.0
vt 1.0 0.5
vt 1.0 1.0
vt 0.0 0.0
vt 1.0 0.0
vt 1.0 1.0
vt 0.6875 0.4375
vt 1.0 0.0
vt 1.0 1.0
vt 0.0 0.0
vt 1.0 0.0
vt 1.0 1.0
vt 0.921875 0.65625
vt 1.0 0.0
vt 1.0 1.0
vt 0.0 0.0
vt 0.49609375 0.3984375
vt 0.0 0.0
vt 1.0 0.0
vt 1.0 1.0
vt 0.0 0.0
vt 0.5 0.125
vt 0.5 0.25
vt 0.421875 0.015625
vt 1.0 0.0
vt 1.0 1.0
vt 0.75 0.5
vt 1.0 0.0
vt 1.0 1.0
vt 0.0 0.0
vt 1.0 0.0
vt 1.0 1.0
vt 0.0 0.0
vt 1.0 0.0
vt 1.0 1.0
vt 0.6699219 0.546875
vt 1.0 0.0
vt 1.0 1.0
vt 0.4375 0.375
vt 1.0 0.0
vt 1.0 1.0
vt 0.0 0.0
vt 1.0 0.0
vt 1.0 1.0
vt 0.8671875 0.59375
vt 1.0 0.0
vt 1.0 1.0
vt 0.0 0.0
vt 1.0 0.5
vt 1.0 1.0
vt 0.0 0.0
vt 0.5 0.5
vt 0.0 0.0
vt 1.0 0.0
vt 1.0 1.0
vt 0.0 0.0
vt 1.0 0.0
vt 1.0 1.0
vt 1.0 0.0
vt 1.0 1.0
vt 1.0 0.0
vt 1.0 1.0
vt 0.0 0.0
vt 1.0 0.0
vt 1.0 1.0
vt 0.75 0.25
vt 1.0 0.0
vt 1.0 1.0
vt 0.0 0.0
vt 1.0 0.0
vt 1.0 1.0
vt 0.0 0.0
vt 1.0 0.0
vt 1.0 1.0
vt 0.0 0.0
vt 1.0 0.0
vt 0.0 0.0
vt 1.0 0.0
vt 1.0 1.0
vt 0.875 0.5
vt 1.0 0.5
vt 1.0 1.0
vt 0.0 0.0
vt 1.0 0.0
vt 1.0 1.0
vt 0.0 0.0
vt 0.5 0.0
vt 1.0 1.0
f 1/1/1 2/2/2 3/3/3
f 4/4/4 5/5/5 6/6/6
f 7/7/7 8/8/8 9/9/9
f 10/10/10 11/11/11 12/12/12
f 13/13/13 14/14/14 15/15/15
f 16/16/16 17/17/17 18/18/18
f 19/19/19 20/20/20 21/21/21
f 22/22/22 23/23/23 24/24/24
f 25/25/25 26/26/26 27/27/27
f 28/28/28 29/29/29 30/30/30
f 31/31/31 32/32/32 33/33/33
f 34/34/34 35/35/35 36/36/36
f 37/37/37 38/38/38 39/39/39
f 40/40/40 41/41/41 42/42/42
f 43/43/43 44/44/44 45/45/45
f 46/46/46 47/47/47 48/48/48
f 49/49/49 50/50/50 51/51/51
f 52/52/52 53/53/53 54/54/54
f 55/55/55 56/56/56 57/57/57
f 58/58/58 59/59/59 60/60/60
f 61/61/61 62/62/62 63/63/63
f 64/64/64 65/65/65 66/66/66
f 67/67/67 68/68/68 69/69/69
f 70/70/70 71/71/71 72/72/72
f 73/73/73 74/74/74 75/75/75
f 76/76/76 77/77/77 78/78/78
f 79/79/79 80/80/80 81/81/81
f 82/82/82 83/83/83 84/84/84
f 85/85/85 86/86/86 87/87/87
f 88/88/88 89/89/89 90/90/90
f 91/91/91 92/92/92 93/93/93
f 94/94/94 95/95/95 96/96/96
f 97/97/97 98/98/98 99/99/99
f 100/100/100 101/101/101 102/102/102
f 103/103/103 104/104/104 105/105/105
f 106/106/106 107/107/107 108/108/108
f 109/109/109 110/110/110 111/111/111
f 112/112/112 113/113/113 114/114/114
f 115/115/115 116/116/116 117/117/117
f 118/118/118 119/119/119 120/120/120
f 121/121/121 122/122/122 123/123/123
f 124/124/124 125/125/125 126/126/126
f 127/127/127 128/128/128 129/129/129
f 130/130/130 131/131/131 132/132/132
f 133/133/133 134/134/134 135/135/135
f 136/136/136 137/137/137 138/138/138
f 139/139/139 140/140/140 141/141/141
f 142/142/142 143/143/143 144/144/144
f 145/145/145 146/146/146 147/147/147
f 109/109/109 148/148/148 149/149/149
f 150/150/150 151/151/151 152/152/152
f 153/153/153 154/154/154 155/155/155
f 156/156/156 157/157/157 158/158/158
f 159/159/159 160/160/160 161/161/161
f 162/162/162 163/163/163 164/164/164
f 165/165/165 166/166/166 167/167/167
f 168/168/168 169/169/169 170/170/170
f 171/171/171 172/172/172 173/173/173
f 174/174/174 175/175/175 176/176/176
f 177/177/177 178/178/178 179/179/179
f 180/180/180 181/181/181 182/182/182
f 183/183/183 184/184/184 185/185/185
f 186/186/186 187/187/187 188/188/188
f 189/189/189 190/190/190 191/191/191
f 192/192/192 193/193/193 194/194/194
f 195/195/195 196/196/196 197/197/197
f 198/198/198 199/199/199 200/200/200
f 201/201/201 202/202/202 203/203/203
f 204/204/204 205/205/205 206/206/206
f 207/207/207 208/208/208 209/209/209
f 210/210/210 211/211/211 212/212/212
f 213/213/213 214/214/214 215/215/215
f 216/216/216 217/217/217 218/218/218
f 219/219/219 220/220/220 221/221/221
f 222/222/222 223/223/223 224/224/224
f 225/225/225 226/226/226 227/227/227
f 228/228/228 229/229/229 230/230/230
f 231/231/231 232/232/232 233/233/233
f 234/234/234 235/235/235 236/236/236
f 237/237/237 238/238/238 239/239/239
f 240/240/240 241/241/241 242/242/242
f 243/243/243 244/244/244 245/245/245
f 246/246/246 247/247/247 248/248/248
f 249/249/249 250/250/250 251/251/251
f 252/252/252 253/253/253 254/254/254
f 255/255/255 256/256/256 257/257/257
f 258/258/258 259/259/259 260/260/260
f 261/261/261 262/262/262 263/263/263
f 264/264/264 265/265/265 266/266/266
f 267/267/267 268/268/268 269/269/269
f 270/270/270 271/271/271 272/272/272
f 273/273/273 274/274/274 275/275/275
f 276/276/276 277/277/277 278/278/278
f 279/279/279 280/280/280 281/281/281
f 282/282/282 283/283/283 284/284/284
f 285/285/285 286/286/286 287/287/287
f 288/288/288 289/289/289 290/290/290
f 291/291/291 292/292/292 293/293/293
f 294/294/294 295/295/295 296/296/296
f 297/297/297 298/298/298 299/299/299
f 300/300/300 301/301/301 302/302/302
f 303/303/303 304/304/304 305/305/305
f 306/306/306 307/307/307 308/308/308
f 309/309/309 310/310/310 311/311/311
f 312/312/312 313/313/313 314/314/314
f 315/315/315 316/316/316 317/317/317
f 318/318/318 319/319/319 320/320/320
f 321/321/321 322/322/322 323/323/323
f 324/324/324 325/325/325 326/326/326
f 327/327/327 328/328/328 329/329/329
f 330/330/330 331/331/331 332/332/332
f 333/333/333 334/334/334 335/335/335
f 336/336/336 337/337/337 338/338/338
f 339/339/339 340/340/340 341/341/341
f 342/342/342 343/343/343 344/344/344
f 345/345/345 346/346/346 347/347/347
f 348/348/348 349/349/349 350/350/350
f 351/351/351 352/352/352 353/353/353
f 354/354/354 355/355/355 356/356/356
f 357/357/357 358/358/358 359/359/359
f 360/360/360 361/361/361 362/362/362
f 363/363/363 364/364/364 365/365/365
f 366/366/366 367/367/367 368/368/368
f 369/369/369 370/370/370 371/371/371
f 372/372/372 373/373/373 260/260/260
f 374/374/374 375/375/375 376/376/376
f 377/377/377 378/378/378 379/379/379
f 380/380/380 381/381/381 382/382/382
f 383/383/383 384/384/384 385/385/385
f 386/386/386 387/387/387 388/388/388
f 389/389/389 390/390/390 391/391/391
f 392/392/392 393/393/393 394/394/394
f 395/395/395 396/396/396 397/397/397
f 398/398/398 399/399/399 400/400/400
f 401/401/401 402/402/402 403/403/403
f 404/404/404 405/405/405 406/406/406
f 407/407/407 408/408/408 409/409/409
f 410/410/410 411/411/411 412/412/412
f 413/413/413 414/414/414 415/415/415
f 416/416/416 417/417/417 418/418/418
f 419/419/419 420/420/420 421/421/421
f 422/422/422 423/423/423 424/424/424
f 425/425/425 426/426/426 427/427/427
f 428/428/428 429/429/429 430/430/430
f 431/431/431 432/432/432 433/433/433
f 434/434/434 435/435/435 436/436/436
f 437/437/437 438/438/438 439/439/439
f 440/440/440 441/441/441 84/84/84
f 442/442/442 443/443/443 36/36/36
f 444/444/444 445/445/445 446/446/446
f 447/447/447 448/448/448 449/449/449
f 450/450/450 451/451/451 452/452/452
f 201/201/201 453/453/453 454/454/454
f 455/455/455 456/456/456 457/457/457
f 458/458/458 459/459/459 460/460/460
f 461/461/461 462/462/462 463/463/463
f 464/464/464 465/465/465 466/466/466
f 467/467/467 468/468/468 469/469/469
f 470/470/470 471/471/471 472/472/472
f 473/473/473 474/474/474 475/475/475
f 476/476/476 477/477/477 478/478/478
f 479/479/479 480/480/480 481/481/481
f 482/482/482 483/483/483 484/484/484
f 485/485/485 486/486/486 487/487/487
f 488/488/488 489/489/489 490/490/490
f 491/491/491 492/492/492 493/493/493
f 494/494/494 495/495/495 496/496/496
f 497/497/497 498/498/498 499/499/499
f 500/500/500 501/501/501 502/502/502
f 503/503/503 504/504/504 505/505/505
f 506/506/506 507/507/507 508/508/508
f 509/509/509 510/510/510 511/511/511
f 512/512/512 513/513/513 514/514/514
f 515/515/515 516/516/516 517/517/517
f 518/518/518 519/519/519 520/520/520
f 521/521/521 522/522/522 523/523/523
f 524/524/524 525/525/525 526/526/526
f 527/527/527 528/528/528 529/529/529
f 530/530/530 531/531/531 532/532/532
f 533/533/533 534/534/534 535/535/535
f 536/536/536 537/537/537 538/538/538
f 539/539/539 540/540/540 541/541/541
f 542/542/542 543/543/543 544/544/544
f 545/545/545 546/546/546 547/547/547
f 548/548/548 549/549/549 550/550/550
f 551/551/551 552/552/552 553/553/553
f 554/554/554 555/555/555 556/556/556
f 557/557/557 558/558/558 559/559/559
f 560/560/560 561/561/561 562/562/562
f 563/563/563 564/564/564 565/565/565
f 566/566/566 567/567/567 568/568/568
f 569/569/569 570/570/570 571/571/571
f 572/572/572 573/573/573 574/574/574
f 575/575/575 576/576/576 577/577/577
f 578/578/578 579/579/579 580/580/580
f 581/581/581 582/582/582 583/583/583
f 584/584/584 585/585/585 586/586/586
f 584/584/584 587/587/587 588/588/588
f 589/589/589 590/590/590 591/591/591
f 592/592/592 593/593/593 594/594/594
f 595/595/595 596/596/596 597/597/597
f 598/598/598 599/599/599 600/600/600
f 601/601/601 602/602/602 603/603/603
f 604/604/604 605/605/605 606/606/606
f 607/607/607 608/608/608 609/609/609
f 610/610/610 611/611/611 612/612/612
f 613/613/613 614/614/614 615/615/615
f 616/616/616 617/617/617 618/618/618
f 619/619/619 620/620/620 621/621/621
f 622/622/622 623/623/623 624/624/624
f 625/625/625 626/626/626 627/627/627
f 628/628/628 629/629/629 630/630/630
f 631/631/631 632/632/632 633/633/633
f 634/634/634 635/635/635 636/636/636
f 637/637/637 638/638/638 639/639/639
f 640/640/640 641/641/641 642/642/642
f 643/643/643 644/644/644 645/645/645
f 646/646/646 647/647/647 648/648/648
f 649/649/649 650/650/650 651/651/651
f 652/652/652 653/653/653 654/654/654
f 655/655/655 656/656/656 657/657/657
f 655/655/655 658/658/658 659/659/659
f 660/660/660 661/661/661 662/662/662
f 663/663/663 664/664/664 665/665/665
f 666/666/666 667/667/667 668/668/668
f 669/669/669 670/670/670 671/671/671
f 672/672/672 673/673/673 674/674/674
f 675/675/675 676/676/676 677/677/677
f 678/678/678 679/679/679 680/680/680
f 681/681/681 682/682/682 683/683/683
f 684/684/684 685/685/685 686/686/686
f 687/687/687 688/688/688 689/689/689
f 690/690/690 691/691/691 692/692/692
f 693/693/693 694/694/694 695/695/695
f 696/696/696 697/697/697 698/698/698
f 699/699/699 700/700/700 701/701/701
f 702/702/702 703/703/703 704/704/704
f 705/705/705 706/706/706 707/707/707
f 708/708/708 709/709/709 710/710/710
f 711/711/711 712/712/712 713/713/713
f 714/714/714 715/715/715 716/716/716
f 717/717/717 718/718/718 719/719/719
f 720/720/720 721/721/721 722/722/722
f 723/723/723 724/724/724 725/725/725
f 726/726/726 727/727/727 728/728/728
f 729/729/729 730/730/730 731/731/731
f 732/732/732 733/733/733 734/734/734
f 735/735/735 736/736/736 737/737/737
f 738/738/738 739/739/739 740/740/740
f 741/741/741 742/742/742 743/743/743
f 744/744/744 745/745/745 746/746/746
f 747/747/747 748/748/748 749/749/749
f 750/750/750 751/751/751 752/752/752
f 753/753/753 754/754/754 755/755/755
f 756/756/756 757/757/757 758/758/758
f 759/759/759 760/760/760 761/761/761
f 115/115/115 762/762/762 763/763/763
f 764/764/764 765/765/765 766/766/766
f 767/767/767 768/768/768 769/769/769
f 770/770/770 771/771/771 772/772/772
f 773/773/773 774/774/774 775/775/775
f 776/776/776 777/777/777 778/778/778
f 779/779/779 780/780/780 781/781/781
f 782/782/782 783/783/783 784/784/784
f 785/785/785 786/786/786 787/787/787
f 788/788/788 789/789/789 790/790/790
f 791/791/791 792/792/792 793/793/793
f 794/794/794 795/795/795 796/796/796
f 797/797/797 798/798/798 799/799/799
f 800/800/800 801/801/801 802/802/802
f 803/803/803 804/804/804 805/805/805
f 806/806/806 807/807/807 808/808/808
f 809/809/809 810/810/810 811/811/811
f 812/812/812 813/813/813 814/814/814
f 815/815/815 816/816/816 817/817/817
f 818/818/818 819/819/819 820/820/820
f 821/821/821 822/822/822 823/823/823
f 824/824/824 825/825/825 826/826/826
f 827/827/827 828/828/828 829/829/829
f 830/830/830 831/831/831 832/832/832
f 833/833/833 834/834/834 835/835/835
f 836/836/836 837/837/837 838/838/838
f 839/839/839 840/840/840 841/841/841
f 842/842/842 611/611/611 843/843/843
f 844/844/844 845/845/845 846/846/846
f 847/847/847 848/848/848 849/849/849
f 850/850/850 851/851/851 852/852/852
f 853/853/853 854/854/854 855/855/855
f 853/853/853 856/856/856 857/857/857
f 858/858/858 859/859/859 860/860/860
f 861/861/861 862/862/862 863/863/863
f 864/864/864 865/865/865 866/866/866
f 867/867/867 868/868/868 869/869/869
f 870/870/870 871/871/871 872/872/872
f 873/873/873 874/874/874 875/875/875
f 876/876/876 877/877/877 878/878/878
f 669/669/669 879/879/879 880/880/880
f 881/881/881 882/882/882 883/883/883
f 884/884/884 885/885/885 886/886/886
f 887/887/887 888/888/888 889/889/889
f 890/890/890 891/891/891 892/892/892
f 893/893/893 894/894/894 895/895/895
f 896/896/896 897/897/897 898/898/898
f 899/899/899 900/900/900 901/901/901
f 902/902/902 903/903/903 904/904/904
f 905/905/905 906/906/906 907/907/907
f 908/908/908 909/909/909 910/910/910
f 911/911/911 912/912/912 913/913/913
f 914/914/914 915/915/915 916/916/916
f 917/917/917 918/918/918 919/919/919
f 920/920/920 921/921/921 922/922/922
f 923/923/923 924/924/924 925/925/925
f 926/926/926 927/927/927 928/928/928
f 929/929/929 930/930/930 931/931/931
f 932/932/932 933/933/933 934/934/934
f 935/935/935 936/936/936 937/937/937
f 938/938/938 939/939/939 940/940/940
f 941/941/941 942/942/942 943/943/943
f 944/944/944 945/945/945 946/946/946
f 947/947/947 948/948/948 949/949/949
f 950/950/950 951/951/951 952/952/952
f 953/953/953 954/954/954 955/955/955
f 956/956/956 957/957/957 958/958/958
f 959/959/959 960/960/960 961/961/961
f 962/962/962 963/963/963 964/964/964
f 965/965/965 966/966/966 967/967/967
f 968/968/968 969/969/969 970/970/970
f 971/971/971 972/972/972 973/973/973
f 974/974/974 975/975/975 976/976/976
f 977/977/977 978/978/978 979/979/979
f 980/980/980 981/981/981 982/982/982
f 983/983/983 984/984/984 985/985/985
f 986/986/986 987/987/987 988/988/988
f 989/989/989 990/990/990 991/991/991
f 992/992/992 993/993/993 994/994/994
f 995/995/995 996/996/996 997/997/997
f 998/998/998 999/999/999 1000/1000/1000
f 1001/1001/1001 1002/1002/1002 1003/1003/1003
f 1004/1004/1004 1005/1005/1005 1006/1006/1006
f 1007/1007/1007 1008/1008/1008 1009/1009/1009
f 1010/1010/1010 1011/1011/1011 1012/1012/1012
f 1013/1013/1013 1014/1014/1014 1015/1015/1015
f 1016/1016/1016 1017/1017/1017 1018/1018/1018
f 1019/1019/1019 1020/1020/1020 1021/1021/1021
f 1022/1022/1022 1023/1023/1023 1024/1024/1024
f 1025/1025/1025 1026/1026/1026 1027/1027/1027
f 1028/1028/1028 1029/1029/1029 1030/1030/1030
f 1031/1031/1031 1032/1032/1032 1033/1033/1033
f 1034/1034/1034 1035/1035/1035 1036/1036/1036
f 1037/1037/1037 1038/1038/1038 1039/1039/1039
f 1040/1040/1040 1041/1041/1041 1042/1042/1042
f 1043/1043/1043 1044/1044/1044 1045/1045/1045
f 1046/1046/1046 1047/1047/1047 1048/1048/1048
f 1049/1049/1049 1050/1050/1050 1051/1051/1051
f 1052/1052/1052 1053/1053/1053 1054/1054/1054
f 1055/1055/1055 1056/1056/1056 1057/1057/1057
f 1058/1058/1058 1059/1059/1059 1060/1060/1060
f 1061/1061/1061 1062/1062/1062 1063/1063/1063
f 1064/1064/1064 1065/1065/1065 1066/1066/1066
f 1067/1067/1067 1068/1068/1068 1069/1069/1069
f 1070/1070/1070 1071/1071/1071 1072/1072/1072
f 1073/1073/1073 1074/1074/1074 1075/1075/1075
f 1076/1076/1076 1077/1077/1077 1078/1078/1078
f 1079/1079/1079 1080/1080/1080 1081/1081/1081
f 1082/1082/1082 1083/1083/1083 1084/1084/1084
f 1085/1085/1085 1086/1086/1086 1087/1087/1087
f 1088/1088/1088 1089/1089/1089 1090/1090/1090
f 1091/1091/1091 1092/1092/1092 1093/1093/1093
f 1094/1094/1094 1095/1095/1095 1096/1096/1096
f 1097/1097/1097 1098/1098/1098 1099/1099/1099
f 1100/1100/1100 1101/1101/1101 1102/1102/1102
f 1103/1103/1103 1104/1104/1104 1105/1105/1105
f 1106/1106/1106 1107/1107/1107 1108/1108/1108
f 1109/1109/1109 1110/1110/1110 1111/1111/1111
f 1112/1112/1112 1113/1113/1113 1114/1114/1114
f 1115/1115/1115 1116/1116/1116 1117/1117/1117
f 1118/1118/1118 1119/1119/1119 1120/1120/1120
f 1121/1121/1121 1122/1122/1122 1123/1123/1123
f 1124/1124/1124 77/77/77 1125/1125/1125
f 1126/1126/1126 1127/1127/1127 1128/1128/1128
f 1129/1129/1129 1130/1130/1130 1131/1131/1131
f 1132/1132/1132 1133/1133/1133 1134/1134/1134
f 1135/1135/1135 1136/1136/1136 1137/1137/1137
f 1138/1138/1138 1139/1139/1139 1140/1140/1140
f 1141/1141/1141 1142/1142/1142 1143/1143/1143
f 1144/1144/1144 1145/1145/1145 1146/1146/1146
f 1147/1147/1147 1148/1148/1148 1149/1149/1149
f 1150/1150/1150 1151/1151/1151 1152/1152/1152
f 1153/1153/1153 1154/1154/1154 1155/1155/1155
f 1156/1156/1156 1157/1157/1157 1158/1158/1158
f 1159/1159/1159 1160/1160/1160 36/36/36
f 1161/1161/1161 1162/1162/1162 1163/1163/1163
f 1164/1164/1164 1165/1165/1165 1166/1166/1166
f 1167/1167/1167 1168/1168/1168 1169/1169/1169
f 1170/1170/1170 1171/1171/1171 1172/1172/1172
f 1173/1173/1173 1174/1174/1174 1175/1175/1175
f 1176/1176/1176 1177/1177/1177 1178/1178/1178
f 1179/1179/1179 1180/1180/1180 1181/1181/1181
f 1182/1182/1182 1183/1183/1183 1184/1184/1184
f 1185/1185/1185 1186/1186/1186 1187/1187/1187
f 1188/1188/1188 1189/1189/1189 1190/1190/1190
f 1191/1191/1191 1192/1192/1192 1193/1193/1193
f 1194/1194/1194 1195/1195/1195 1196/1196/1196
f 1197/1197/1197 1198/1198/1198 1199/1199/1199
f 1200/1200/1200 1201/1201/1201 1202/1202/1202
f 1203/1203/1203 1204/1204/1204 1205/1205/1205
f 1206/1206/1206 1207/1207/1207 1208/1208/1208
f 1209/1209/1209 125/125/125 1210/1210/1210
f 1211/1211/1211 642/642/642 1212/1212/1212
f 1213/1213/1213 1214/1214/1214 1215/1215/1215
f 1216/1216/1216 1217/1217/1217 1218/1218/1218
f 1219/1219/1219 1220/1220/1220 1221/1221/1221
f 477/477/477 1222/1222/1222 1223/1223/1223
f 1224/1224/1224 630/630/630 1225/1225/1225
f 1226/1226/1226 1227/1227/1227 1228/1228/1228
f 1229/1229/1229 1230/1230/1230 1231/1231/1231
f 1232/1232/1232 1233/1233/1233 1234/1234/1234
f 1235/1235/1235 1236/1236/1236 1237/1237/1237
f 1238/1238/1238 1239/1239/1239 1240/1240/1240
f 1241/1241/1241 1242/1242/1242 1243/1243/1243
f 1244/1244/1244 1245/1245/1245 1246/1246/1246
f 1247/1247/1247 1248/1248/1248 1249/1249/1249
f 1250/1250/1250 1251/1251/1251 1252/1252/1252
f 1253/1253/1253 1254/1254/1254 1255/1255/1255
f 1256/1256/1256 1257/1257/1257 1258/1258/1258
f 1259/1259/1259 1260/1260/1260 1261/1261/1261
f 1262/1262/1262 1263/1263/1263 1264/1264/1264
f 1265/1265/1265 1266/1266/1266 1267/1267/1267
f 1268/1268/1268 1269/1269/1269 1270/1270/1270
f 1271/1271/1271 1272/1272/1272 1273/1273/1273
f 1274/1274/1274 1275/1275/1275 1276/1276/1276
f 1277/1277/1277 1278/1278/1278 1279/1279/1279
f 1280/1280/1280 1281/1281/1281 1282/1282/1282
f 1283/1283/1283 1284/1284/1284 1285/1285/1285
f 1286/1286/1286 1287/1287/1287 1288/1288/1288
f 371/371/371 1289/1289/1289 1290/1290/1290
f 1291/1291/1291 522/522/522 1292/1292/1292
f 136/136/136 1293/1293/1293 1294/1294/1294
f 1295/1295/1295 1296/1296/1296 1297/1297/1297
f 1298/1298/1298 1299/1299/1299 1300/1300/1300
f 1301/1301/1301 1302/1302/1302 1303/1303/1303
f 1304/1304/1304 1305/1305/1305 1306/1306/1306
f 1307/1307/1307 1308/1308/1308 1309/1309/1309
f 1310/1310/1310 1311/1311/1311 1312/1312/1312
f 1313/1313/1313 1314/1314/1314 1315/1315/1315
f 1316/1316/1316 1317/1317/1317 1318/1318/1318
f 1319/1319/1319 1320/1320/1320 1321/1321/1321
f 1322/1322/1322 1323/1323/1323 1324/1324/1324
f 1325/1325/1325 1326/1326/1326 1327/1327/1327
f 1328/1328/1328 1329/1329/1329 1330/1330/1330
f 1331/1331/1331 1332/1332/1332 1333/1333/1333
f 1334/1334/1334 1335/1335/1335 1336/1336/1336
f 1337/1337/1337 1338/1338/1338 1339/1339/1339
f 1340/1340/1340 1341/1341/1341 1342/1342/1342
f 1343/1343/1343 1344/1344/1344 1345/1345/1345
f 1346/1346/1346 1347/1347/1347 1348/1348/1348
f 1349/1349/1349 1350/1350/1350 1351/1351/1351
f 1352/1352/1352 1353/1353/1353 1354/1354/1354
f 1355/1355/1355 1356/1356/1356 1357/1357/1357
f 1358/1358/1358 1359/1359/1359 1360/1360/1360
f 1138/1138/1138 1361/1361/1361 1362/1362/1362
f 1363/1363/1363 1364/1364/1364 1365/1365/1365
f 1366/1366/1366 1367/1367/1367 1368/1368/1368
f 1369/1369/1369 1370/1370/1370 1371/1371/1371
f 1372/1372/1372 1373/1373/1373 1374/1374/1374
f 1375/1375/1375 1376/1376/1376 1377/1377/1377
f 1378/1378/1378 1379/1379/1379 1380/1380/1380
f 1381/1381/1381 1382/1382/1382 1383/1383/1383
f 1384/1384/1384 1385/1385/1385 1386/1386/1386
f 1387/1387/1387 1388/1388/1388 1389/1389/1389
f 1390/1390/1390 1391/1391/1391 1392/1392/1392
f 1393/1393/1393 1394/1394/1394 1395/1395/1395
f 1023/1023/1023 1396/1396/1396 1397/1397/1397
f 1398/1398/1398 1399/1399/1399 1400/1400/1400
f 1401/1401/1401 1402/1402/1402 1403/1403/1403
f 1404/1404/1404 1405/1405/1405 1406/1406/1406
f 1407/1407/1407 1408/1408/1408 1409/1409/1409
f 1410/1410/1410 1411/1411/1411 1412/1412/1412
f 1413/1413/1413 1414/1414/1414 1415/1415/1415
f 1416/1416/1416 1417/1417/1417 1418/1418/1418
f 1419/1419/1419 1420/1420/1420 1421/1421/1421
f 1422/1422/1422 1423/1423/1423 1424/1424/1424
f 1425/1425/1425 1426/1426/1426 1427/1427/1427
f 1428/1428/1428 1429/1429/1429 1430/1430/1430
f 1431/1431/1431 1432/1432/1432 1433/1433/1433
f 637/637/637 1434/1434/1434 1435/1435/1435
f 1436/1436/1436 1437/1437/1437 1438/1438/1438
f 1439/1439/1439 1440/1440/1440 1441/1441/1441
f 1442/1442/1442 1443/1443/1443 1444/1444/1444
f 1445/1445/1445 1446/1446/1446 529/529/529
f 1447/1447/1447 1448/1448/1448 1449/1449/1449
f 1450/1450/1450 1451/1451/1451 1452/1452/1452
f 1453/1453/1453 1454/1454/1454 1455/1455/1455
f 1456/1456/1456 1457/1457/1457 1458/1458/1458
f 1459/1459/1459 1460/1460/1460 1461/1461/1461
f 1462/1462/1462 1463/1463/1463 1464/1464/1464
f 1465/1465/1465 1466/1466/1466 1467/1467/1467
f 1468/1468/1468 1469/1469/1469 1470/1470/1470
f 1471/1471/1471 1472/1472/1472 1473/1473/1473
f 1474/1474/1474 1475/1475/1475 1476/1476/1476
f 1477/1477/1477 1478/1478/1478 1479/1479/1479
f 1480/1480/1480 1481/1481/1481 1482/1482/1482
f 145/145/145 1483/1483/1483 1484/1484/1484
f 1485/1485/1485 1486/1486/1486 1487/1487/1487
f 1488/1488/1488 1489/1489/1489 1490/1490/1490
f 1491/1491/1491 1492/1492/1492 1493/1493/1493
f 1494/1494/1494 1495/1495/1495 1496/1496/1496
f 1497/1497/1497 1498/1498/1498 1499/1499/1499
f 1500/1500/1500 1501/1501/1501 1502/1502/1502
f 1503/1503/1503 1504/1504/1504 1505/1505/1505
f 1506/1506/1506 1507/1507/1507 551/551/551
f 1508/1508/1508 1509/1509/1509 1510/1510/1510
f 1511/1511/1511 1512/1512/1512 1513/1513/1513
f 1514/1514/1514 1515/1515/1515 1516/1516/1516
f 1517/1517/1517 1518/1518/1518 1519/1519/1519
f 1520/1520/1520 1521/1521/1521 1522/1522/1522
f 1523/1523/1523 1524/1524/1524 1525/1525/1525
f 1526/1526/1526 1527/1527/1527 1528/1528/1528
f 1529/1529/1529 1530/1530/1530 1531/1531/1531
f 1532/1532/1532 1533/1533/1533 1534/1534/1534
f 1535/1535/1535 1536/1536/1536 1537/1537/1537
f 1538/1538/1538 1539/1539/1539 1540/1540/1540
f 1541/1541/1541 1542/1542/1542 1543/1543/1543
f 1544/1544/1544 1545/1545/1545 614/614/614
f 1546/1546/1546 1547/1547/1547 1548/1548/1548
f 1549/1549/1549 1550/1550/1550 1551/1551/1551
f 1552/1552/1552 1553/1553/1553 1554/1554/1554
f 1555/1555/1555 1556/1556/1556 1557/1557/1557
f 1558/1558/1558 1559/1559/1559 1560/1560/1560
f 1561/1561/1561 1562/1562/1562 1321/1321/1321
f 1563/1563/1563 1564/1564/1564 1565/1565/1565
f 1566/1566/1566 1567/1567/1567 1568/1568/1568
f 1569/1569/1569 1570/1570/1570 1571/1571/1571
f 1572/1572/1572 1573/1573/1573 1574/1574/1574
f 1575/1575/1575 1576/1576/1576 1577/1577/1577
f 1578/1578/1578 1579/1579/1579 1580/1580/1580
f 1581/1581/1581 1582/1582/1582 1583/1583/1583
f 1584/1584/1584 1585/1585/1585 1586/1586/1586
f 1587/1587/1587 1588/1588/1588 1589/1589/1589
f 1590/1590/1590 1591/1591/1591 1592/1592/1592
f 1593/1593/1593 1594/1594/1594 1595/1595/1595
f 1596/1596/1596 1597/1597/1597 1598/1598/1598
f 1599/1599/1599 1600/1600/1600 1601/1601/1601
f 1602/1602/1602 1603/1603/1603 1604/1604/1604
f 1605/1605/1605 1606/1606/1606 1607/1607/1607
f 667/667/667 1608/1608/1608 1609/1609/1609
f 1610/1610/1610 1611/1611/1611 1612/1612/1612
f 1613/1613/1613 1614/1614/1614 1615/1615/1615
f 1616/1616/1616 1617/1617/1617 1618/1618/1618
f 1619/1619/1619 1620/1620/1620 1621/1621/1621
f 1622/1622/1622 1623/1623/1623 1624/1624/1624
f 1625/1625/1625 1626/1626/1626 1627/1627/1627
f 1628/1628/1628 1629/1629/1629 1630/1630/1630
f 1631/1631/1631 1632/1632/1632 1633/1633/1633
f 1634/1634/1634 1635/1635/1635 1636/1636/1636
f 1637/1637/1637 1638/1638/1638 1639/1639/1639
f 1640/1640/1640 1641/1641/1641 1642/1642/1642
f 1643/1643/1643 1644/1644/1644 1645/1645/1645
f 1646/1646/1646 1647/1647/1647 1648/1648/1648
f 1649/1649/1649 1133/1133/1133 1650/1650/1650
f 1651/1651/1651 1652/1652/1652 1653/1653/1653
f 1654/1654/1654 1655/1655/1655 1656/1656/1656
f 1657/1657/1657 1658/1658/1658 1659/1659/1659
f 1660/1660/1660 1661/1661/1661 1662/1662/1662
f 276/276/276 1663/1663/1663 1664/1664/1664
f 1665/1665/1665 1666/1666/1666 637/637/637
f 1667/1667/1667 1668/1668/1668 1669/1669/1669
f 1670/1670/1670 1671/1671/1671 1672/1672/1672
f 1673/1673/1673 1674/1674/1674 1675/1675/1675
f 1676/1676/1676 1677/1677/1677 1678/1678/1678
f 1679/1679/1679 1680/1680/1680 1681/1681/1681
f 1682/1682/1682 1683/1683/1683 1684/1684/1684
f 1685/1685/1685 1686/1686/1686 1687/1687/1687
f 1688/1688/1688 1689/1689/1689 1690/1690/1690
f 1691/1691/1691 1692/1692/1692 1693/1693/1693
f 1694/1694/1694 1695/1695/1695 1696/1696/1696
f 1697/1697/1697 1698/1698/1698 1699/1699/1699
f 1700/1700/1700 1701/1701/1701 1702/1702/1702
f 1703/1703/1703 1704/1704/1704 1705/1705/1705
f 1706/1706/1706 1707/1707/1707 1708/1708/1708
f 1709/1709/1709 1710/1710/1710 1711/1711/1711
f 1712/1712/1712 1713/1713/1713 1714/1714/1714
f 1715/1715/1715 1716/1716/1716 1717/1717/1717
f 1718/1718/1718 1719/1719/1719 1720/1720/1720
f 1721/1721/1721 1722/1722/1722 1723/1723/1723
f 1724/1724/1724 1725/1725/1725 1726/1726/1726
f 1727/1727/1727 1728/1728/1728 1729/1729/1729
f 1730/1730/1730 1731/1731/1731 1732/1732/1732
f 1733/1733/1733 1734/1734/1734 1735/1735/1735
f 1736/1736/1736 1737/1737/1737 1738/1738/1738
f 1739/1739/1739 1740/1740/1740 1741/1741/1741
f 1742/1742/1742 1743/1743/1743 1744/1744/1744
f 1745/1745/1745 1746/1746/1746 1747/1747/1747
f 1748/1748/1748 1749/1749/1749 1750/1750/1750
f 1751/1751/1751 1752/1752/1752 1753/1753/1753
f 1754/1754/1754 1755/1755/1755 1756/1756/1756
f 1757/1757/1757 1758/1758/1758 1759/1759/1759
f 264/264/264 1760/1760/1760 1761/1761/1761
f 1762/1762/1762 1763/1763/1763 1764/1764/1764
f 1765/1765/1765 1766/1766/1766 1767/1767/1767
f 1768/1768/1768 1769/1769/1769 1770/1770/1770
f 1771/1771/1771 1772/1772/1772 1773/1773/1773
f 448/448/448 1774/1774/1774 1775/1775/1775
f 1735/1735/1735 1776/1776/1776 1777/1777/1777
f 1778/1778/1778 1779/1779/1779 1780/1780/1780
f 1781/1781/1781 1782/1782/1782 1783/1783/1783
f 1784/1784/1784 1785/1785/1785 1786/1786/1786
f 1787/1787/1787 1788/1788/1788 1789/1789/1789
f 1790/1790/1790 1791/1791/1791 1792/1792/1792
f 1793/1793/1793 1612/1612/1612 1794/1794/1794
f 1795/1795/1795 1796/1796/1796 1797/1797/1797
f 1798/1798/1798 1799/1799/1799 1800/1800/1800
f 1801/1801/1801 1802/1802/1802 1803/1803/1803
f 1804/1804/1804 1805/1805/1805 1806/1806/1806
f 1807/1807/1807 1808/1808/1808 1809/1809/1809
f 1810/1810/1810 1811/1811/1811 1812/1812/1812
f 1813/1813/1813 1814/1814/1814 1815/1815/1815
f 1816/1816/1816 1817/1817/1817 1818/1818/1818
f 1819/1819/1819 554/554/554 1820/1820/1820
f 1821/1821/1821 1033/1033/1033 1822/1822/1822
f 1823/1823/1823 1824/1824/1824 1825/1825/1825
f 1826/1826/1826 1827/1827/1827 1828/1828/1828
f 1829/1829/1829 1830/1830/1830 1831/1831/1831
f 1832/1832/1832 1833/1833/1833 1834/1834/1834
f 1835/1835/1835 1836/1836/1836 1837/1837/1837
f 143/143/143 142/142/142 1838/1838/1838
f 1839/1839/1839 406/406/406 1840/1840/1840
f 1841/1841/1841 1842/1842/1842 1843/1843/1843
f 1844/1844/1844 1845/1845/1845 1846/1846/1846
f 1847/1847/1847 1848/1848/1848 1849/1849/1849
f 1850/1850/1850 1851/1851/1851 1852/1852/1852
f 1853/1853/1853 1854/1854/1854 1855/1855/1855
f 1856/1856/1856 1857/1857/1857 1858/1858/1858
f 1859/1859/1859 1860/1860/1860 1861/1861/1861
f 1862/1862/1862 1863/1863/1863 1206/1206/1206
f 1864/1864/1864 1865/1865/1865 1866/1866/1866
f 1867/1867/1867 1868/1868/1868 1869/1869/1869
f 1870/1870/1870 1871/1871/1871 1872/1872/1872
f 1873/1873/1873 1874/1874/1874 1875/1875/1875
f 1082/1082/1082 1410/1410/1410 1876/1876/1876
f 1877/1877/1877 1878/1878/1878 1879/1879/1879
f 1880/1880/1880 519/519/519 1881/1881/1881
f 1882/1882/1882 1883/1883/1883 1884/1884/1884
f 1885/1885/1885 1886/1886/1886 1887/1887/1887
f 1888/1888/1888 1889/1889/1889 1890/1890/1890
f 1891/1891/1891 1892/1892/1892 1893/1893/1893
f 1894/1894/1894 1895/1895/1895 1896/1896/1896
f 1897/1897/1897 1898/1898/1898 1899/1899/1899
f 1900/1900/1900 1901/1901/1901 1902/1902/1902
f 1903/1903/1903 1904/1904/1904 1905/1905/1905
f 1906/1906/1906 1907/1907/1907 1297/1297/1297
f 1908/1908/1908 1909/1909/1909 1910/1910/1910
f 1911/1911/1911 1912/1912/1912 1913/1913/1913
f 1914/1914/1914 1915/1915/1915 1916/1916/1916
f 1917/1917/1917 1918/1918/1918 1919/1919/1919
f 1920/1920/1920 1921/1921/1921 1922/1922/1922
f 1923/1923/1923 1924/1924/1924 1925/1925/1925
f 1926/1926/1926 1927/1927/1927 1928/1928/1928
f 36/36/36 1160/1160/1160 1929/1929/1929
f 1930/1930/1930 1931/1931/1931 1932/1932/1932
f 1933/1933/1933 1934/1934/1934 1935/1935/1935
f 1936/1936/1936 1937/1937/1937 1938/1938/1938
f 1939/1939/1939 1940/1940/1940 1941/1941/1941
f 1942/1942/1942 1943/1943/1943 1944/1944/1944
f 1945/1945/1945 1946/1946/1946 1947/1947/1947
f 1948/1948/1948 1949/1949/1949 1950/1950/1950
f 1951/1951/1951 1952/1952/1952 1953/1953/1953
f 1954/1954/1954 1955/1955/1955 1956/1956/1956
f 1957/1957/1957 1958/1958/1958 1959/1959/1959
f 1960/1960/1960 456/456/456 1961/1961/1961
f 1962/1962/1962 1963/1963/1963 1964/1964/1964
f 1965/1965/1965 1966/1966/1966 1967/1967/1967
f 1968/1968/1968 1969/1969/1969 1970/1970/1970
f 1971/1971/1971 1972/1972/1972 1973/1973/1973
f 1974/1974/1974 1975/1975/1975 1976/1976/1976
f 1977/1977/1977 1978/1978/1978 1979/1979/1979
f 1980/1980/1980 1851/1851/1851 1981/1981/1981
f 468/468/468 1982/1982/1982 1983/1983/1983
f 1984/1984/1984 1985/1985/1985 1986/1986/1986
f 1987/1987/1987 1988/1988/1988 1989/1989/1989
f 1990/1990/1990 1991/1991/1991 1992/1992/1992
f 1993/1993/1993 1994/1994/1994 1995/1995/1995
f 1996/1996/1996 1997/1997/1997 1998/1998/1998
f 1999/1999/1999 2000/2000/2000 2001/2001/2001
f 2002/2002/2002 2003/2003/2003 2004/2004/2004
f 2005/2005/2005 2006/2006/2006 2007/2007/2007
f 2008/2008/2008 2009/2009/2009 2010/2010/2010
f 2011/2011/2011 2012/2012/2012 2013/2013/2013
f 2014/2014/2014 2015/2015/2015 2016/2016/2016
f 2017/2017/2017 2018/2018/2018 2019/2019/2019
f 2020/2020/2020 608/608/608 2021/2021/2021
f 2022/2022/2022 2023/2023/2023 2024/2024/2024
f 2025/2025/2025 2026/2026/2026 2027/2027/2027
f 2028/2028/2028 2029/2029/2029 2030/2030/2030
f 2031/2031/2031 2032/2032/2032 2033/2033/2033
f 2034/2034/2034 2035/2035/2035 2036/2036/2036
f 2037/2037/2037 2038/2038/2038 2039/2039/2039
f 2040/2040/2040 2041/2041/2041 2039/2039/2039
f 2042/2042/2042 2043/2043/2043 2044/2044/2044
f 2045/2045/2045 2046/2046/2046 2047/2047/2047
f 2048/2048/2048 2049/2049/2049 2050/2050/2050
f 2051/2051/2051 2052/2052/2052 2053/2053/2053
f 2054/2054/2054 2055/2055/2055 2056/2056/2056
f 2057/2057/2057 2058/2058/2058 2059/2059/2059
f 2060/2060/2060 2061/2061/2061 2062/2062/2062
f 2063/2063/2063 2064/2064/2064 2065/2065/2065
f 2066/2066/2066 2067/2067/2067 2068/2068/2068
f 2069/2069/2069 1239/1239/1239 2070/2070/2070
f 2071/2071/2071 2072/2072/2072 2073/2073/2073
f 2074/2074/2074 2075/2075/2075 2076/2076/2076
f 2074/2074/2074 2077/2077/2077 2078/2078/2078
f 121/121/121 2079/2079/2079 2080/2080/2080
f 2081/2081/2081 2082/2082/2082 2083/2083/2083
f 2084/2084/2084 2085/2085/2085 2086/2086/2086
f 2087/2087/2087 2088/2088/2088 2089/2089/2089
f 2090/2090/2090 1010/1010/1010 2091/2091/2091
f 2092/2092/2092 2093/2093/2093 2094/2094/2094
f 2095/2095/2095 2096/2096/2096 2097/2097/2097
f 2098/2098/2098 2099/2099/2099 2100/2100/2100
f 2101/2101/2101 2102/2102/2102 2103/2103/2103
f 2104/2104/2104 2105/2105/2105 2106/2106/2106
f 2107/2107/2107 2108/2108/2108 2109/2109/2109
f 2110/2110/2110 2111/2111/2111 2112/2112/2112
f 2113/2113/2113 2114/2114/2114 2115/2115/2115
f 2116/2116/2116 2117/2117/2117 2118/2118/2118
f 2119/2119/2119 2120/2120/2120 2121/2121/2121
f 2122/2122/2122 2123/2123/2123 2124/2124/2124
f 2125/2125/2125 2126/2126/2126 2127/2127/2127
f 2128/2128/2128 2129/2129/2129 2130/2130/2130
f 2131/2131/2131 2132/2132/2132 2133/2133/2133
f 2134/2134/2134 35/35/35 2135/2135/2135
f 2136/2136/2136 2137/2137/2137 2138/2138/2138
f 2139/2139/2139 2140/2140/2140 2141/2141/2141
f 2142/2142/2142 2143/2143/2143 2144/2144/2144
f 2145/2145/2145 2146/2146/2146 2147/2147/2147
f 2148/2148/2148 2149/2149/2149 2150/2150/2150
f 2151/2151/2151 2152/2152/2152 2153/2153/2153
f 2154/2154/2154 2155/2155/2155 2156/2156/2156
f 2157/2157/2157 2158/2158/2158 2159/2159/2159
f 2160/2160/2160 2161/2161/2161 2162/2162/2162
f 2163/2163/2163 2164/2164/2164 2165/2165/2165
f 2166/2166/2166 2167/2167/2167 2168/2168/2168
f 2169/2169/2169 2170/2170/2170 2171/2171/2171
f 2172/2172/2172 2173/2173/2173 2174/2174/2174
f 2175/2175/2175 2176/2176/2176 2177/2177/2177
f 2178/2178/2178 2179/2179/2179 2180/2180/2180
f 2181/2181/2181 2182/2182/2182 2183/2183/2183
f 2184/2184/2184 2185/2185/2185 2186/2186/2186
f 2187/2187/2187 2188/2188/2188 2189/2189/2189
f 2190/2190/2190 2191/2191/2191 2192/2192/2192
f 2193/2193/2193 2194/2194/2194 2195/2195/2195
f 2196/2196/2196 2197/2197/2197 2198/2198/2198
f 2196/2196/2196 2199/2199/2199 2200/2200/2200
f 2201/2201/2201 2202/2202/2202 2203/2203/2203
f 2204/2204/2204 2205/2205/2205 2206/2206/2206
f 2207/2207/2207 2208/2208/2208 2209/2209/2209
f 2210/2210/2210 2211/2211/2211 409/409/409
f 2212/2212/2212 94/94/94 2213/2213/2213
f 2214/2214/2214 2215/2215/2215 2216/2216/2216
f 2217/2217/2217 2218/2218/2218 2219/2219/2219
f 2220/2220/2220 2221/2221/2221 2222/2222/2222
f 2223/2223/2223 2224/2224/2224 2225/2225/2225
f 2226/2226/2226 2227/2227/2227 2228/2228/2228
f 2229/2229/2229 2230/2230/2230 2231/2231/2231
f 2232/2232/2232 2233/2233/2233 2234/2234/2234
f 2235/2235/2235 2236/2236/2236 2237/2237/2237
f 2238/2238/2238 2239/2239/2239 2240/2240/2240
f 2241/2241/2241 2242/2242/2242 2243/2243/2243
f 2244/2244/2244 2245/2245/2245 2246/2246/2246
f 2247/2247/2247 2248/2248/2248 2249/2249/2249
f 2250/2250/2250 2251/2251/2251 2252/2252/2252
f 2253/2253/2253 2254/2254/2254 2255/2255/2255
f 2256/2256/2256 2257/2257/2257 2258/2258/2258
f 2259/2259/2259 2260/2260/2260 2261/2261/2261
f 2262/2262/2262 2263/2263/2263 2264/2264/2264
f 2265/2265/2265 2266/2266/2266 2267/2267/2267
f 794/794/794 2268/2268/2268 2269/2269/2269
f 2270/2270/2270 2271/2271/2271 2272/2272/2272
f 2273/2273/2273 2274/2274/2274 2275/2275/2275
f 2276/2276/2276 2232/2232/2232 2277/2277/2277
f 2278/2278/2278 2279/2279/2279 2280/2280/2280
f 2281/2281/2281 2282/2282/2282 2283/2283/2283
f 2284/2284/2284 2285/2285/2285 2286/2286/2286
f 2287/2287/2287 2288/2288/2288 2289/2289/2289
f 2290/2290/2290 2291/2291/2291 2292/2292/2292
f 2293/2293/2293 2294/2294/2294 2295/2295/2295
f 2296/2296/2296 2297/2297/2297 2298/2298/2298
f 2299/2299/2299 974/974/974 2300/2300/2300
f 1533/1533/1533 2301/2301/2301 2302/2302/2302
f 2303/2303/2303 2304/2304/2304 2305/2305/2305
f 2303/2303/2303 2306/2306/2306 2304/2304/2304
f 2307/2307/2307 2308/2308/2308 2309/2309/2309
f 2310/2310/2310 2311/2311/2311 2312/2312/2312
f 2313/2313/2313 2314/2314/2314 2315/2315/2315
f 2316/2316/2316 2317/2317/2317 2318/2318/2318
f 2319/2319/2319 2320/2320/2320 2321/2321/2321
f 2322/2322/2322 2323/2323/2323 2324/2324/2324
f 2325/2325/2325 2326/2326/2326 2327/2327/2327
f 2328/2328/2328 2329/2329/2329 2330/2330/2330
f 2331/2331/2331 2332/2332/2332 2333/2333/2333
f 2334/2334/2334 2335/2335/2335 2336/2336/2336
f 2337/2337/2337 2338/2338/2338 2339/2339/2339
f 2340/2340/2340 2341/2341/2341 2342/2342/2342
f 2343/2343/2343 2344/2344/2344 2345/2345/2345
f 2346/2346/2346 2347/2347/2347 2348/2348/2348
f 2349/2349/2349 2350/2350/2350 2351/2351/2351
f 2352/2352/2352 2353/2353/2353 2354/2354/2354
f 2355/2355/2355 2356/2356/2356 2357/2357/2357
f 2358/2358/2358 2359/2359/2359 55/55/55
f 2360/2360/2360 2361/2361/2361 2362/2362/2362
f 2363/2363/2363 2364/2364/2364 2365/2365/2365
f 2366/2366/2366 2367/2367/2367 2368/2368/2368
f 2369/2369/2369 2370/2370/2370 2371/2371/2371
f 2372/2372/2372 2373/2373/2373 2374/2374/2374
f 2375/2375/2375 2376/2376/2376 2377/2377/2377
f 2378/2378/2378 2379/2379/2379 2380/2380/2380
f 2381/2381/2381 2382/2382/2382 2383/2383/2383
f 2384/2384/2384 2385/2385/2385 2386/2386/2386
f 2387/2387/2387 2388/2388/2388 2389/2389/2389
f 2390/2390/2390 2391/2391/2391 2392/2392/2392
f 2393/2393/2393 2394/2394/2394 2395/2395/2395
f 2396/2396/2396 2397/2397/2397 2398/2398/2398
f 2399/2399/2399 2400/2400/2400 2401/2401/2401
f 2402/2402/2402 2403/2403/2403 2404/2404/2404
f 2405/2405/2405 2406/2406/2406 2407/2407/2407
f 2408/2408/2408 2409/2409/2409 2410/2410/2410
f 2411/2411/2411 2412/2412/2412 2413/2413/2413
f 2414/2414/2414 2415/2415/2415 2416/2416/2416
f 2417/2417/2417 2418/2418/2418 2419/2419/2419
f 2420/2420/2420 2421/2421/2421 1380/1380/1380
f 2422/2422/2422 2423/2423/2423 2424/2424/2424
f 2425/2425/2425 2426/2426/2426 2427/2427/2427
f 2428/2428/2428 2429/2429/2429 2430/2430/2430
f 2431/2431/2431 2432/2432/2432 2433/2433/2433
f 2434/2434/2434 2435/2435/2435 2436/2436/2436
f 2437/2437/2437 2438/2438/2438 2439/2439/2439
f 2440/2440/2440 2441/2441/2441 2442/2442/2442
f 2443/2443/2443 2444/2444/2444 2445/2445/2445
f 2446/2446/2446 2447/2447/2447 2448/2448/2448
f 2449/2449/2449 2450/2450/2450 2451/2451/2451
f 2452/2452/2452 2453/2453/2453 2454/2454/2454
f 2455/2455/2455 2456/2456/2456 2457/2457/2457
f 2458/2458/2458 2459/2459/2459 2460/2460/2460
f 1735/1735/1735 2461/2461/2461 2462/2462/2462
f 2463/2463/2463 2464/2464/2464 2465/2465/2465
f 2037/2037/2037 2466/2466/2466 2467/2467/2467
f 1206/1206/1206 2468/2468/2468 2469/2469/2469
f 2470/2470/2470 2471/2471/2471 2472/2472/2472
f 2473/2473/2473 2474/2474/2474 2475/2475/2475
f 2476/2476/2476 441/441/441 2477/2477/2477
f 2478/2478/2478 2479/2479/2479 2480/2480/2480
f 2481/2481/2481 2482/2482/2482 2483/2483/2483
f 2484/2484/2484 2485/2485/2485 232/232/232
f 2486/2486/2486 2487/2487/2487 2488/2488/2488
f 2489/2489/2489 2490/2490/2490 2491/2491/2491
f 2492/2492/2492 2493/2493/2493 2494/2494/2494
f 2495/2495/2495 2496/2496/2496 2497/2497/2497
f 2498/2498/2498 2499/2499/2499 2500/2500/2500
f 2501/2501/2501 2502/2502/2502 2503/2503/2503
f 2504/2504/2504 2505/2505/2505 627/627/627
f 2506/2506/2506 2507/2507/2507 2508/2508/2508
f 2509/2509/2509 2510/2510/2510 2511/2511/2511
f 1080/1080/1080 2512/2512/2512 2513/2513/2513
f 2514/2514/2514 2515/2515/2515 2516/2516/2516
f 2517/2517/2517 2518/2518/2518 2519/2519/2519
f 2520/2520/2520 2521/2521/2521 2522/2522/2522
f 2523/2523/2523 2524/2524/2524 2525/2525/2525
f 1407/1407/1407 2526/2526/2526 2527/2527/2527
f 2528/2528/2528 2529/2529/2529 2530/2530/2530
f 2531/2531/2531 2532/2532/2532 2533/2533/2533
f 2534/2534/2534 2535/2535/2535 2536/2536/2536
f 2537/2537/2537 2538/2538/2538 2539/2539/2539
f 2540/2540/2540 2541/2541/2541 2542/2542/2542
f 2543/2543/2543 2544/2544/2544 2545/2545/2545
f 2546/2546/2546 2547/2547/2547 2548/2548/2548
f 2549/2549/2549 2550/2550/2550 2551/2551/2551
f 2552/2552/2552 2553/2553/2553 2554/2554/2554
f 2555/2555/2555 2556/2556/2556 2557/2557/2557
f 2558/2558/2558 2559/2559/2559 2560/2560/2560
f 2561/2561/2561 2562/2562/2562 2563/2563/2563
f 2564/2564/2564 2565/2565/2565 808/808/808
f 2566/2566/2566 2567/2567/2567 2568/2568/2568
f 2569/2569/2569 2570/2570/2570 2571/2571/2571
f 2572/2572/2572 2573/2573/2573 2574/2574/2574
f 2206/2206/2206 2575/2575/2575 2576/2576/2576
f 2577/2577/2577 2578/2578/2578 2579/2579/2579
f 2580/2580/2580 2581/2581/2581 2582/2582/2582
f 2583/2583/2583 2584/2584/2584 2585/2585/2585
f 2586/2586/2586 2587/2587/2587 2588/2588/2588
f 2589/2589/2589 2590/2590/2590 2591/2591/2591
f 2589/2589/2589 2592/2592/2592 2593/2593/2593
f 2594/2594/2594 2595/2595/2595 1648/1648/1648
f 2596/2596/2596 2597/2597/2597 2598/2598/2598
f 2599/2599/2599 2600/2600/2600 2601/2601/2601
f 2602/2602/2602 2603/2603/2603 2604/2604/2604
f 2605/2605/2605 2606/2606/2606 2013/2013/2013
f 2607/2607/2607 2608/2608/2608 2609/2609/2609
f 2610/2610/2610 2611/2611/2611 2612/2612/2612
f 1397/1397/1397 2613/2613/2613 2614/2614/2614
f 2615/2615/2615 2616/2616/2616 2617/2617/2617
f 2618/2618/2618 2619/2619/2619 2620/2620/2620
f 2621/2621/2621 2622/2622/2622 2623/2623/2623
f 2624/2624/2624 2625/2625/2625 2626/2626/2626
f 2627/2627/2627 2628/2628/2628 2629/2629/2629
f 2630/2630/2630 2631/2631/2631 2632/2632/2632
f 2633/2633/2633 2634/2634/2634 2635/2635/2635
f 2636/2636/2636 2102/2102/2102 2637/2637/2637
f 2638/2638/2638 2639/2639/2639 2640/2640/2640
f 2641/2641/2641 2642/2642/2642 2643/2643/2643
f 2644/2644/2644 2645/2645/2645 2646/2646/2646
f 2647/2647/2647 2648/2648/2648 2649/2649/2649
f 2650/2650/2650 2651/2651/2651 2652/2652/2652
f 2653/2653/2653 2654/2654/2654 2655/2655/2655
f 2656/2656/2656 2657/2657/2657 2658/2658/2658
f 2659/2659/2659 2660/2660/2660 2661/2661/2661
f 2662/2662/2662 2663/2663/2663 2664/2664/2664
f 2665/2665/2665 2666/2666/2666 2667/2667/2667
f 2668/2668/2668 2669/2669/2669 2670/2670/2670
f 2671/2671/2671 2672/2672/2672 2673/2673/2673
f 2674/2674/2674 2675/2675/2675 2676/2676/2676
f 2677/2677/2677 696/696/696 2678/2678/2678
f 2679/2679/2679 2680/2680/2680 2681/2681/2681
f 2682/2682/2682 2683/2683/2683 2684/2684/2684
f 2685/2685/2685 2686/2686/2686 2687/2687/2687
f 2688/2688/2688 86/86/86 2689/2689/2689
f 2690/2690/2690 2691/2691/2691 2692/2692/2692
f 2693/2693/2693 2694/2694/2694 2695/2695/2695
f 2696/2696/2696 2697/2697/2697 2698/2698/2698
f 2699/2699/2699 2700/2700/2700 2701/2701/2701
f 2702/2702/2702 2703/2703/2703 2704/2704/2704
f 2705/2705/2705 2706/2706/2706 2707/2707/2707
f 2708/2708/2708 2709/2709/2709 2710/2710/2710
f 2711/2711/2711 2712/2712/2712 2713/2713/2713
f 1156/1156/1156 2714/2714/2714 2715/2715/2715
f 2716/2716/2716 2717/2717/2717 2718/2718/2718
f 2719/2719/2719 2720/2720/2720 2721/2721/2721
f 2722/2722/2722 2723/2723/2723 2724/2724/2724
f 2725/2725/2725 2726/2726/2726 2727/2727/2727
f 2728/2728/2728 2729/2729/2729 2730/2730/2730
f 2731/2731/2731 2732/2732/2732 2733/2733/2733
f 2734/2734/2734 2735/2735/2735 2736/2736/2736
f 2737/2737/2737 2738/2738/2738 2739/2739/2739
f 2740/2740/2740 2741/2741/2741 2742/2742/2742
f 2743/2743/2743 2744/2744/2744 2745/2745/2745
f 2746/2746/2746 2747/2747/2747 2748/2748/2748
f 2749/2749/2749 2750/2750/2750 2751/2751/2751
f 2752/2752/2752 2753/2753/2753 2754/2754/2754
f 2755/2755/2755 2756/2756/2756 2757/2757/2757
f 2758/2758/2758 2759/2759/2759 2760/2760/2760
f 2761/2761/2761 2762/2762/2762 2763/2763/2763
f 1301/1301/1301 2764/2764/2764 2765/2765/2765
f 1/1/1 2766/2766/2766 2767/2767/2767
f 2768/2768/2768 2769/2769/2769 2770/2770/2770
f 2771/2771/2771 2772/2772/2772 2773/2773/2773
f 2774/2774/2774 2775/2775/2775 2776/2776/2776
f 2777/2777/2777 2778/2778/2778 133/133/133
f 2779/2779/2779 2780/2780/2780 2781/2781/2781
f 2782/2782/2782 2783/2783/2783 2780/2780/2780
f 2784/2784/2784 2785/2785/2785 2786/2786/2786
f 2787/2787/2787 2788/2788/2788 2789/2789/2789
f 2790/2790/2790 1543/1543/1543 2791/2791/2791
f 2792/2792/2792 2793/2793/2793 2794/2794/2794
f 2795/2795/2795 2796/2796/2796 2797/2797/2797
f 2798/2798/2798 2799/2799/2799 2800/2800/2800
f 2801/2801/2801 2802/2802/2802 2803/2803/2803
f 2804/2804/2804 2270/2270/2270 2805/2805/2805
f 2806/2806/2806 2807/2807/2807 2808/2808/2808
f 2809/2809/2809 2810/2810/2810 2811/2811/2811
f 2812/2812/2812 2813/2813/2813 2814/2814/2814
f 2815/2815/2815 2816/2816/2816 2817/2817/2817
f 2818/2818/2818 2819/2819/2819 2820/2820/2820
f 2821/2821/2821 2570/2570/2570 2822/2822/2822
f 2823/2823/2823 2824/2824/2824 2825/2825/2825
f 2826/2826/2826 2827/2827/2827 1941/1941/1941
f 2828/2828/2828 2829/2829/2829 2830/2830/2830
f 2831/2831/2831 2832/2832/2832 2833/2833/2833
f 2834/2834/2834 2835/2835/2835 2836/2836/2836
f 2837/2837/2837 2838/2838/2838 2839/2839/2839
f 2840/2840/2840 2841/2841/2841 2842/2842/2842
f 2843/2843/2843 2844/2844/2844 2845/2845/2845
f 2846/2846/2846 2847/2847/2847 2848/2848/2848
f 1685/1685/1685 2849/2849/2849 2850/2850/2850
f 2851/2851/2851 2852/2852/2852 2853/2853/2853
f 2854/2854/2854 2855/2855/2855 2856/2856/2856
f 2857/2857/2857 2858/2858/2858 2859/2859/2859
f 2860/2860/2860 2861/2861/2861 2862/2862/2862
f 2863/2863/2863 2864/2864/2864 2865/2865/2865
f 2866/2866/2866 2867/2867/2867 2868/2868/2868
f 2869/2869/2869 2870/2870/2870 2871/2871/2871
f 1475/1475/1475 2872/2872/2872 2873/2873/2873
f 2874/2874/2874 2875/2875/2875 2876/2876/2876
f 2877/2877/2877 2878/2878/2878 2879/2879/2879
f 2880/2880/2880 2881/2881/2881 2882/2882/2882
f 2883/2883/2883 2884/2884/2884 2885/2885/2885
f 2886/2886/2886 2887/2887/2887 2888/2888/2888
f 2889/2889/2889 2890/2890/2890 2891/2891/2891
f 1718/1718/1718 2892/2892/2892 2893/2893/2893
f 2894/2894/2894 2895/2895/2895 2896/2896/2896
f 2897/2897/2897 2898/2898/2898 2899/2899/2899
f 2900/2900/2900 2901/2901/2901 2902/2902/2902
f 2903/2903/2903 2904/2904/2904 2905/2905/2905
f 2906/2906/2906 2907/2907/2907 2908/2908/2908
f 2909/2909/2909 2910/2910/2910 2911/2911/2911
f 2912/2912/2912 2445/2445/2445 2913/2913/2913
f 2914/2914/2914 2915/2915/2915 2916/2916/2916
f 2917/2917/2917 2918/2918/2918 2919/2919/2919
f 2920/2920/2920 2921/2921/2921 2922/2922/2922
f 2923/2923/2923 2924/2924/2924 2925/2925/2925
f 2926/2926/2926 2927/2927/2927 2928/2928/2928
f 2929/2929/2929 2930/2930/2930 2931/2931/2931
f 2932/2932/2932 2933/2933/2933 2934/2934/2934
f 2935/2935/2935 2936/2936/2936 2937/2937/2937
f 2938/2938/2938 2939/2939/2939 2940/2940/2940
f 2941/2941/2941 2942/2942/2942 2943/2943/2943
f 2944/2944/2944 2945/2945/2945 2946/2946/2946
f 2947/2947/2947 2948/2948/2948 2949/2949/2949
f 2950/2950/2950 2951/2951/2951 2952/2952/2952
f 1311/1311/1311 2953/2953/2953 2954/2954/2954
f 2955/2955/2955 2956/2956/2956 2957/2957/2957
f 2958/2958/2958 2959/2959/2959 2960/2960/2960
f 2961/2961/2961 2962/2962/2962 2963/2963/2963
f 2964/2964/2964 2965/2965/2965 2966/2966/2966
f 2964/2964/2964 2967/2967/2967 2968/2968/2968
f 2969/2969/2969 2970/2970/2970 2971/2971/2971
f 2972/2972/2972 2973/2973/2973 2974/2974/2974
f 2975/2975/2975 2976/2976/2976 2977/2977/2977
f 2978/2978/2978 2979/2979/2979 2980/2980/2980
f 2981/2981/2981 2982/2982/2982 2983/2983/2983
f 2984/2984/2984 2985/2985/2985 2986/2986/2986
f 2987/2987/2987 2988/2988/2988 2989/2989/2989
f 2990/2990/2990 2991/2991/2991 2992/2992/2992
f 2993/2993/2993 2994/2994/2994 2995/2995/2995
f 2996/2996/2996 2997/2997/2997 2998/2998/2998
f 2999/2999/2999 3000/3000/3000 3001/3001/3001
f 3002/3002/3002 3003/3003/3003 3004/3004/3004
f 3005/3005/3005 3006/3006/3006 3007/3007/3007
f 3008/3008/3008 3009/3009/3009 3010/3010/3010
f 3011/3011/3011 3012/3012/3012 3013/3013/3013
f 3014/3014/3014 3015/3015/3015 3016/3016/3016
f 3017/3017/3017 3018/3018/3018 3019/3019/3019
f 3020/3020/3020 3021/3021/3021 3022/3022/3022
f 3023/3023/3023 3024/3024/3024 3025/3025/3025
f 3026/3026/3026 3027/3027/3027 3028/3028/3028
f 3029/3029/3029 3030/3030/3030 2780/2780/2780
f 3031/3031/3031 3032/3032/3032 3033/3033/3033
f 3034/3034/3034 3035/3035/3035 3036/3036/3036
f 3037/3037/3037 3038/3038/3038 3039/3039/3039
f 3040/3040/3040 3041/3041/3041 3042/3042/3042
f 3043/3043/3043 3044/3044/3044 3045/3045/3045
f 3043/3043/3043 3046/3046/3046 123/123/123
f 3047/3047/3047 3048/3048/3048 3049/3049/3049
f 3050/3050/3050 3051/3051/3051 3052/3052/3052
f 3053/3053/3053 3054/3054/3054 3055/3055/3055
f 3056/3056/3056 3057/3057/3057 3058/3058/3058
f 3059/3059/3059 3060/3060/3060 3061/3061/3061
f 3062/3062/3062 3063/3063/3063 3064/3064/3064
f 3065/3065/3065 3066/3066/3066 3067/3067/3067
f 3068/3068/3068 3069/3069/3069 3070/3070/3070
f 3071/3071/3071 3072/3072/3072 3073/3073/3073
f 2973/2973/2973 3074/3074/3074 3075/3075/3075
f 3076/3076/3076 3077/3077/3077 3078/3078/3078
f 3079/3079/3079 3080/3080/3080 3081/3081/3081
f 3082/3082/3082 3083/3083/3083 3084/3084/3084
f 3085/3085/3085 3086/3086/3086 3087/3087/3087
f 3088/3088/3088 3089/3089/3089 3090/3090/3090
f 3091/3091/3091 3092/3092/3092 3093/3093/3093
f 3094/3094/3094 3095/3095/3095 3096/3096/3096
f 360/360/360 3097/3097/3097 3098/3098/3098
f 3099/3099/3099 3100/3100/3100 3101/3101/3101
f 3102/3102/3102 3103/3103/3103 3104/3104/3104
f 3105/3105/3105 3106/3106/3106 3107/3107/3107
f 3108/3108/3108 3109/3109/3109 3110/3110/3110
f 3111/3111/3111 3112/3112/3112 3113/3113/3113
f 2834/2834/2834 3114/3114/3114 3115/3115/3115
f 3116/3116/3116 3117/3117/3117 3118/3118/3118
f 1897/1897/1897 3119/3119/3119 3120/3120/3120
f 3121/3121/3121 3122/3122/3122 3123/3123/3123
f 3124/3124/3124 3125/3125/3125 3126/3126/3126
f 3127/3127/3127 3128/3128/3128 3129/3129/3129
f 3130/3130/3130 3131/3131/3131 3132/3132/3132
f 3133/3133/3133 3134/3134/3134 3135/3135/3135
f 3136/3136/3136 3137/3137/3137 3138/3138/3138
f 3139/3139/3139 3140/3140/3140 3141/3141/3141
f 3142/3142/3142 3143/3143/3143 3144/3144/3144
f 3145/3145/3145 3146/3146/3146 3147/3147/3147
f 3148/3148/3148 3149/3149/3149 3150/3150/3150
f 1790/1790/1790 3151/3151/3151 3152/3152/3152
f 3153/3153/3153 3154/3154/3154 3155/3155/3155
f 3156/3156/3156 3157/3157/3157 3158/3158/3158
f 3159/3159/3159 3160/3160/3160 3161/3161/3161
f 3162/3162/3162 3163/3163/3163 3164/3164/3164
f 3165/3165/3165 3166/3166/3166 3167/3167/3167
f 3168/3168/3168 3169/3169/3169 3170/3170/3170
f 3171/3171/3171 3172/3172/3172 3173/3173/3173
f 3174/3174/3174 403/403/403 3175/3175/3175
f 2193/2193/2193 3176/3176/3176 3177/3177/3177
f 3178/3178/3178 3179/3179/3179 3180/3180/3180
f 2989/2989/2989 3181/3181/3181 3182/3182/3182
f 1520/1520/1520 3183/3183/3183 3184/3184/3184
f 3185/3185/3185 3186/3186/3186 3187/3187/3187
f 3188/3188/3188 3189/3189/3189 3190/3190/3190
f 3191/3191/3191 3192/3192/3192 3193/3193/3193
f 637/637/637 3194/3194/3194 3195/3195/3195
f 3196/3196/3196 3197/3197/3197 3198/3198/3198
f 3199/3199/3199 3200/3200/3200 3201/3201/3201
f 3202/3202/3202 3203/3203/3203 3204/3204/3204
f 3205/3205/3205 3206/3206/3206 3207/3207/3207
f 3208/3208/3208 3209/3209/3209 3210/3210/3210
f 3209/3209/3209 3211/3211/3211 3212/3212/3212
f 3213/3213/3213 3214/3214/3214 3215/3215/3215
f 3216/3216/3216 3217/3217/3217 3218/3218/3218
f 3219/3219/3219 3220/3220/3220 3221/3221/3221
f 3222/3222/3222 3223/3223/3223 3224/3224/3224
f 3225/3225/3225 3226/3226/3226 3227/3227/3227
f 601/601/601 3228/3228/3228 3229/3229/3229
f 3230/3230/3230 3231/3231/3231 3232/3232/3232
f 3233/3233/3233 3234/3234/3234 3235/3235/3235
f 25/25/25 3236/3236/3236 3237/3237/3237
f 3238/3238/3238 3239/3239/3239 3240/3240/3240
f 3241/3241/3241 3242/3242/3242 3243/3243/3243
f 3244/3244/3244 3245/3245/3245 3246/3246/3246
f 3247/3247/3247 2427/2427/2427 3248/3248/3248
f 3249/3249/3249 3250/3250/3250 3251/3251/3251
f 3252/3252/3252 3253/3253/3253 3254/3254/3254
f 3255/3255/3255 3256/3256/3256 3257/3257/3257
f 3258/3258/3258 3259/3259/3259 3260/3260/3260
f 3261/3261/3261 331/331/331 3262/3262/3262
f 3263/3263/3263 3264/3264/3264 3265/3265/3265
f 3266/3266/3266 3267/3267/3267 3268/3268/3268
f 3269/3269/3269 3270/3270/3270 3271/3271/3271
f 3272/3272/3272 3273/3273/3273 3274/3274/3274
f 3275/3275/3275 3276/3276/3276 3277/3277/3277
f 3278/3278/3278 3279/3279/3279 3280/3280/3280
f 3281/3281/3281 3282/3282/3282 3283/3283/3283
f 3284/3284/3284 3285/3285/3285 3286/3286/3286
f 3287/3287/3287 3288/3288/3288 3289/3289/3289
f 3290/3290/3290 3291/3291/3291 3292/3292/3292
f 3293/3293/3293 3294/3294/3294 3295/3295/3295
f 3296/3296/3296 3297/3297/3297 3298/3298/3298
f 3299/3299/3299 3300/3300/3300 3301/3301/3301
f 3302/3302/3302 3303/3303/3303 3304/3304/3304
f 3305/3305/3305 3306/3306/3306 3307/3307/3307
f 3308/3308/3308 706/706/706 3309/3309/3309
f 3310/3310/3310 3311/3311/3311 3312/3312/3312
f 3313/3313/3313 3314/3314/3314 3315/3315/3315
f 3316/3316/3316 3317/3317/3317 3318/3318/3318
f 3319/3319/3319 2062/2062/2062 3320/3320/3320
f 3321/3321/3321 3322/3322/3322 3323/3323/3323
f 3324/3324/3324 3325/3325/3325 3326/3326/3326
f 3327/3327/3327 3328/3328/3328 3329/3329/3329
f 3330/3330/3330 3331/3331/3331 3332/3332/3332
f 3333/3333/3333 3334/3334/3334 3335/3335/3335
f 3336/3336/3336 3337/3337/3337 3338/3338/3338
f 3339/3339/3339 3340/3340/3340 3341/3341/3341
f 3342/3342/3342 3343/3343/3343 3344/3344/3344
f 3345/3345/3345 1417/1417/1417 3346/3346/3346
f 3347/3347/3347 3348/3348/3348 3349/3349/3349
f 3350/3350/3350 3351/3351/3351 3352/3352/3352
f 3353/3353/3353 3354/3354/3354 3355/3355/3355
f 3356/3356/3356 3357/3357/3357 3358/3358/3358
f 3359/3359/3359 3360/3360/3360 3361/3361/3361
f 3362/3362/3362 3363/3363/3363 3364/3364/3364
f 3365/3365/3365 555/555/555 3366/3366/3366
f 3367/3367/3367 3368/3368/3368 3369/3369/3369
f 3370/3370/3370 3371/3371/3371 3372/3372/3372
f 3373/3373/3373 3374/3374/3374 3375/3375/3375
f 3376/3376/3376 3377/3377/3377 3378/3378/3378
f 3379/3379/3379 3380/3380/3380 3381/3381/3381
f 3382/3382/3382 3383/3383/3383 3384/3384/3384
f 3385/3385/3385 3386/3386/3386 3387/3387/3387
f 3388/3388/3388 3389/3389/3389 3390/3390/3390
f 3391/3391/3391 3392/3392/3392 3393/3393/3393
f 3394/3394/3394 3395/3395/3395 3396/3396/3396
f 3397/3397/3397 3398/3398/3398 3399/3399/3399
f 3400/3400/3400 3401/3401/3401 3402/3402/3402
f 3403/3403/3403 3404/3404/3404 3405/3405/3405
f 3406/3406/3406 3407/3407/3407 3408/3408/3408
f 3409/3409/3409 3410/3410/3410 3411/3411/3411
f 3412/3412/3412 3413/3413/3413 3414/3414/3414
f 3415/3415/3415 3416/3416/3416 3417/3417/3417
f 3418/3418/3418 3419/3419/3419 3420/3420/3420
f 3421/3421/3421 3422/3422/3422 3423/3423/3423
f 3424/3424/3424 3425/3425/3425 3426/3426/3426
f 3427/3427/3427 3428/3428/3428 3429/3429/3429
f 3430/3430/3430 3431/3431/3431 3432/3432/3432
f 3433/3433/3433 3434/3434/3434 3435/3435/3435
f 3436/3436/3436 3437/3437/3437 1735/1735/1735
f 3438/3438/3438 3439/3439/3439 3440/3440/3440
f 3441/3441/3441 3442/3442/3442 3443/3443/3443
f 3444/3444/3444 3445/3445/3445 3446/3446/3446
f 3447/3447/3447 3448/3448/3448 3449/3449/3449
f 3450/3450/3450 3451/3451/3451 3452/3452/3452
f 3453/3453/3453 3454/3454/3454 3455/3455/3455
f 3456/3456/3456 3457/3457/3457 3458/3458/3458
f 3459/3459/3459 3460/3460/3460 3461/3461/3461
f 3462/3462/3462 3463/3463/3463 3464/3464/3464
f 3465/3465/3465 3466/3466/3466 3467/3467/3467
f 3468/3468/3468 3469/3469/3469 3470/3470/3470
f 3471/3471/3471 62/62/62 3472/3472/3472
f 3473/3473/3473 3474/3474/3474 3475/3475/3475
f 3476/3476/3476 3477/3477/3477 3478/3478/3478
f 3479/3479/3479 3480/3480/3480 3481/3481/3481
f 3482/3482/3482 3483/3483/3483 3484/3484/3484
f 3485/3485/3485 3486/3486/3486 3487/3487/3487
f 3488/3488/3488 3489/3489/3489 3490/3490/3490
f 3491/3491/3491 3492/3492/3492 3493/3493/3493
f 3494/3494/3494 3495/3495/3495 3496/3496/3496
f 3497/3497/3497 3498/3498/3498 3499/3499/3499
f 3500/3500/3500 3501/3501/3501 3502/3502/3502
f 3503/3503/3503 3504/3504/3504 3505/3505/3505
f 3506/3506/3506 3507/3507/3507 3508/3508/3508
f 3509/3509/3509 3510/3510/3510 3511/3511/3511
f 3512/3512/3512 3513/3513/3513 3514/3514/3514
f 3515/3515/3515 3516/3516/3516 3517/3517/3517
f 3518/3518/3518 3519/3519/3519 3520/3520/3520
f 3521/3521/3521 3522/3522/3522 3523/3523/3523
f 3524/3524/3524 3525/3525/3525 3526/3526/3526
f 3527/3527/3527 3528/3528/3528 3529/3529/3529
f 3530/3530/3530 3531/3531/3531 3532/3532/3532
f 3533/3533/3533 3534/3534/3534 3535/3535/3535
f 3536/3536/3536 3537/3537/3537 3538/3538/3538
f 3539/3539/3539 3540/3540/3540 3541/3541/3541
f 3542/3542/3542 3543/3543/3543 3544/3544/3544
f 3545/3545/3545 3546/3546/3546 3547/3547/3547
f 3548/3548/3548 3549/3549/3549 3550/3550/3550
f 3551/3551/3551 3552/3552/3552 3553/3553/3553
f 3554/3554/3554 3555/3555/3555 3556/3556/3556
f 415/415/415 3557/3557/3557 3558/3558/3558
f 3559/3559/3559 3560/3560/3560 3561/3561/3561
f 3562/3562/3562 3563/3563/3563 3564/3564/3564
f 3565/3565/3565 352/352/352 3566/3566/3566
f 3567/3567/3567 3568/3568/3568 3569/3569/3569
f 3570/3570/3570 3571/3571/3571 3572/3572/3572
f 3573/3573/3573 3574/3574/3574 3575/3575/3575
f 3576/3576/3576 3092/3092/3092 3577/3577/3577
f 3578/3578/3578 3579/3579/3579 3580/3580/3580
f 3581/3581/3581 3582/3582/3582 3583/3583/3583
f 3584/3584/3584 3585/3585/3585 3586/3586/3586
f 3587/3587/3587 3588/3588/3588 3589/3589/3589
f 3590/3590/3590 3591/3591/3591 3592/3592/3592
f 3593/3593/3593 3594/3594/3594 3595/3595/3595
f 3596/3596/3596 3597/3597/3597 3598/3598/3598
f 3599/3599/3599 3600/3600/3600 3601/3601/3601
f 3602/3602/3602 3603/3603/3603 3604/3604/3604
f 3605/3605/3605 3606/3606/3606 3607/3607/3607
f 3608/3608/3608 3609/3609/3609 3610/3610/3610
f 3611/3611/3611 321/321/321 3612/3612/3612
f 3613/3613/3613 3614/3614/3614 3615/3615/3615
f 3616/3616/3616 3617/3617/3617 3618/3618/3618
f 3619/3619/3619 3620/3620/3620 3621/3621/3621
f 3622/3622/3622 3623/3623/3623 3624/3624/3624
f 3625/3625/3625 1805/1805/1805 3626/3626/3626
f 3627/3627/3627 3628/3628/3628 3036/3036/3036
f 3629/3629/3629 3630/3630/3630 3631/3631/3631
f 3632/3632/3632 2702/2702/2702 3633/3633/3633
f 3634/3634/3634 3635/3635/3635 3636/3636/3636
f 3637/3637/3637 3638/3638/3638 3639/3639/3639
f 2641/2641/2641 771/771/771 3640/3640/3640
f 3641/3641/3641 3642/3642/3642 3643/3643/3643
f 3644/3644/3644 3645/3645/3645 3646/3646/3646
f 3647/3647/3647 3648/3648/3648 3649/3649/3649
f 3650/3650/3650 3651/3651/3651 3652/3652/3652
f 3653/3653/3653 3654/3654/3654 3655/3655/3655
f 3656/3656/3656 1886/1886/1886 3657/3657/3657
f 3658/3658/3658 3659/3659/3659 3660/3660/3660
f 3661/3661/3661 3662/3662/3662 3663/3663/3663
f 3664/3664/3664 3665/3665/3665 3666/3666/3666
f 3667/3667/3667 3668/3668/3668 3669/3669/3669
f 3670/3670/3670 3671/3671/3671 3672/3672/3672
f 3673/3673/3673 3674/3674/3674 3675/3675/3675
f 3676/3676/3676 3677/3677/3677 3678/3678/3678
f 3679/3679/3679 3680/3680/3680 3681/3681/3681
f 1188/1188/1188 3682/3682/3682 3683/3683/3683
f 3684/3684/3684 3685/3685/3685 3686/3686/3686
f 3687/3687/3687 3688/3688/3688 3689/3689/3689
f 3690/3690/3690 3691/3691/3691 3692/3692/3692
f 3693/3693/3693 3694/3694/3694 3695/3695/3695
f 3696/3696/3696 3697/3697/3697 3698/3698/3698
f 3699/3699/3699 3700/3700/3700 3701/3701/3701
f 3702/3702/3702 3703/3703/3703 3704/3704/3704
f 3705/3705/3705 3706/3706/3706 3707/3707/3707
f 3708/3708/3708 3709/3709/3709 3710/3710/3710
f 3711/3711/3711 3712/3712/3712 3713/3713/3713
f 3714/3714/3714 3715/3715/3715 3716/3716/3716
f 2495/2495/2495 3717/3717/3717 3718/3718/3718
f 3719/3719/3719 3720/3720/3720 3721/3721/3721
f 3722/3722/3722 3723/3723/3723 3724/3724/3724
f 3725/3725/3725 3726/3726/3726 1195/1195/1195
f 3727/3727/3727 3728/3728/3728 3729/3729/3729
f 3730/3730/3730 992/992/992 3731/3731/3731
f 3732/3732/3732 3733/3733/3733 3734/3734/3734
f 3735/3735/3735 3736/3736/3736 3737/3737/3737
f 3738/3738/3738 3739/3739/3739 3740/3740/3740
f 3741/3741/3741 3742/3742/3742 3743/3743/3743
f 3744/3744/3744 3745/3745/3745 3746/3746/3746
f 3747/3747/3747 352/352/352 3748/3748/3748
f 3749/3749/3749 3750/3750/3750 3751/3751/3751
f 3752/3752/3752 3753/3753/3753 2729/2729/2729
f 3754/3754/3754 3755/3755/3755 3756/3756/3756
f 982/982/982 3757/3757/3757 3758/3758/3758
f 3759/3759/3759 3760/3760/3760 3761/3761/3761
f 3762/3762/3762 3763/3763/3763 3764/3764/3764
f 3765/3765/3765 3766/3766/3766 3767/3767/3767
f 3768/3768/3768 3769/3769/3769 3770/3770/3770
f 3771/3771/3771 3772/3772/3772 3773/3773/3773
f 3774/3774/3774 3775/3775/3775 3776/3776/3776
f 3777/3777/3777 3778/3778/3778 3779/3779/3779
f 3780/3780/3780 3781/3781/3781 3782/3782/3782
f 3783/3783/3783 3784/3784/3784 3785/3785/3785
f 3786/3786/3786 3787/3787/3787 3788/3788/3788
f 440/440/440 3789/3789/3789 3790/3790/3790
f 3791/3791/3791 3792/3792/3792 135/135/135
f 3793/3793/3793 3794/3794/3794 3795/3795/3795
f 3796/3796/3796 3797/3797/3797 3798/3798/3798
f 3799/3799/3799 3800/3800/3800 3801/3801/3801
f 3802/3802/3802 3803/3803/3803 3804/3804/3804
f 3805/3805/3805 3806/3806/3806 3807/3807/3807
f 3808/3808/3808 3809/3809/3809 3810/3810/3810
f 3811/3811/3811 3812/3812/3812 3813/3813/3813
f 3814/3814/3814 3815/3815/3815 3816/3816/3816
f 3817/3817/3817 3818/3818/3818 3819/3819/3819
f 3820/3820/3820 3821/3821/3821 38/38/38
f 3822/3822/3822 3823/3823/3823 3824/3824/3824
f 3825/3825/3825 3826/3826/3826 3827/3827/3827
f 3828/3828/3828 3829/3829/3829 3830/3830/3830
f 3435/3435/3435 3831/3831/3831 3832/3832/3832
f 3833/3833/3833 3834/3834/3834 3835/3835/3835
f 3836/3836/3836 3837/3837/3837 3838/3838/3838
f 3839/3839/3839 3840/3840/3840 3841/3841/3841
f 3842/3842/3842 3843/3843/3843 3844/3844/3844
f 3845/3845/3845 3846/3846/3846 3847/3847/3847
f 3848/3848/3848 3849/3849/3849 3035/3035/3035
f 3850/3850/3850 3851/3851/3851 3852/3852/3852
f 3853/3853/3853 3854/3854/3854 3855/3855/3855
f 3065/3065/3065 3856/3856/3856 3857/3857/3857
f 3858/3858/3858 3859/3859/3859 3860/3860/3860
f 3861/3861/3861 3862/3862/3862 3863/3863/3863
f 3864/3864/3864 3865/3865/3865 3866/3866/3866
f 3867/3867/3867 3868/3868/3868 3869/3869/3869
f 3870/3870/3870 3871/3871/3871 3872/3872/3872
f 3873/3873/3873 3874/3874/3874 3875/3875/3875
f 3876/3876/3876 3877/3877/3877 3878/3878/3878
f 3879/3879/3879 3880/3880/3880 3881/3881/3881
f 3882/3882/3882 3883/3883/3883 3884/3884/3884
f 3885/3885/3885 3886/3886/3886 3887/3887/3887
f 3888/3888/3888 3889/3889/3889 3890/3890/3890
f 3891/3891/3891 3892/3892/3892 3893/3893/3893
f 3894/3894/3894 3895/3895/3895 3896/3896/3896
f 3897/3897/3897 3898/3898/3898 3899/3899/3899
f 3900/3900/3900 3901/3901/3901 3902/3902/3902
f 3903/3903/3903 3904/3904/3904 3905/3905/3905
f 3906/3906/3906 3907/3907/3907 3908/3908/3908
f 3909/3909/3909 3910/3910/3910 3911/3911/3911
f 3912/3912/3912 3913/3913/3913 3914/3914/3914
f 3915/3915/3915 3916/3916/3916 3917/3917/3917
f 3918/3918/3918 3919/3919/3919 3920/3920/3920
f 3918/3918/3918 3921/3921/3921 3922/3922/3922
f 3923/3923/3923 3924/3924/3924 3925/3925/3925
f 3926/3926/3926 3927/3927/3927 3928/3928/3928
f 3929/3929/3929 3930/3930/3930 3931/3931/3931
f 3932/3932/3932 3933/3933/3933 1221/1221/1221
f 3934/3934/3934 3935/3935/3935 3936/3936/3936
f 3937/3937/3937 3938/3938/3938 3939/3939/3939
f 450/450/450 3940/3940/3940 3941/3941/3941
f 3942/3942/3942 3943/3943/3943 3944/3944/3944
f 3945/3945/3945 3946/3946/3946 3947/3947/3947
f 3948/3948/3948 3949/3949/3949 3950/3950/3950
f 3951/3951/3951 3952/3952/3952 3953/3953/3953
f 3284/3284/3284 3954/3954/3954 3955/3955/3955
f 3956/3956/3956 3957/3957/3957 3958/3958/3958
f 3959/3959/3959 3960/3960/3960 3961/3961/3961
f 3519/3519/3519 3962/3962/3962 3963/3963/3963
f 3964/3964/3964 3965/3965/3965 3966/3966/3966
f 3967/3967/3967 3968/3968/3968 3969/3969/3969
f 3970/3970/3970 3971/3971/3971 3972/3972/3972
f 3973/3973/3973 3974/3974/3974 3975/3975/3975
f 3976/3976/3976 3977/3977/3977 1431/1431/1431
f 3978/3978/3978 1327/1327/1327 3979/3979/3979
f 3980/3980/3980 3981/3981/3981 3982/3982/3982
f 3983/3983/3983 3984/3984/3984 3985/3985/3985
f 3986/3986/3986 3987/3987/3987 3988/3988/3988
f 3989/3989/3989 3990/3990/3990 3991/3991/3991
f 3992/3992/3992 3993/3993/3993 3994/3994/3994
f 3995/3995/3995 480/480/480 3996/3996/3996
f 3997/3997/3997 3998/3998/3998 3999/3999/3999
f 4000/4000/4000 4001/4001/4001 4002/4002/4002
f 4003/4003/4003 4004/4004/4004 216/216/216
f 4005/4005/4005 4006/4006/4006 2085/2085/2085
f 4007/4007/4007 4008/4008/4008 4009/4009/4009
f 4010/4010/4010 4011/4011/4011 4012/4012/4012
f 4013/4013/4013 4014/4014/4014 4015/4015/4015
f 4016/4016/4016 4017/4017/4017 4018/4018/4018
f 4019/4019/4019 4020/4020/4020 4021/4021/4021
f 4022/4022/4022 4023/4023/4023 4024/4024/4024
f 4025/4025/4025 4026/4026/4026 4027/4027/4027
f 4028/4028/4028 4029/4029/4029 4030/4030/4030
f 4031/4031/4031 4032/4032/4032 4033/4033/4033
f 1496/1496/1496 4034/4034/4034 4035/4035/4035
f 4036/4036/4036 4037/4037/4037 4038/4038/4038
f 4039/4039/4039 4040/4040/4040 4041/4041/4041
f 4042/4042/4042 4043/4043/4043 4044/4044/4044
f 4045/4045/4045 4046/4046/4046 4047/4047/4047
f 4048/4048/4048 4049/4049/4049 4050/4050/4050
f 4051/4051/4051 4052/4052/4052 4053/4053/4053
f 4054/4054/4054 4055/4055/4055 4056/4056/4056
f 4057/4057/4057 4058/4058/4058 4059/4059/4059
f 4060/4060/4060 4061/4061/4061 4062/4062/4062
f 4063/4063/4063 4064/4064/4064 4065/4065/4065
f 4066/4066/4066 2233/2233/2233 4067/4067/4067
f 4068/4068/4068 4069/4069/4069 4070/4070/4070
f 4071/4071/4071 4072/4072/4072 4073/4073/4073
f 4074/4074/4074 4075/4075/4075 4076/4076/4076
f 4077/4077/4077 4078/4078/4078 4079/4079/4079
f 4080/4080/4080 4081/4081/4081 4082/4082/4082
f 4083/4083/4083 4084/4084/4084 4085/4085/4085
f 4086/4086/4086 4087/4087/4087 4088/4088/4088
f 4089/4089/4089 4090/4090/4090 4091/4091/4091
f 4092/4092/4092 4093/4093/4093 4094/4094/4094
f 4095/4095/4095 4096/4096/4096 4097/4097/4097
f 4098/4098/4098 4099/4099/4099 4100/4100/4100
f 4101/4101/4101 4102/4102/4102 4103/4103/4103
f 4104/4104/4104 4105/4105/4105 4106/4106/4106
f 4107/4107/4107 4108/4108/4108 4109/4109/4109
f 4110/4110/4110 4111/4111/4111 4112/4112/4112
f 4113/4113/4113 921/921/921 4114/4114/4114
f 4113/4113/4113 4115/4115/4115 4116/4116/4116
f 4117/4117/4117 4118/4118/4118 4119/4119/4119
f 4120/4120/4120 4121/4121/4121 1161/1161/1161
f 4122/4122/4122 4123/4123/4123 4124/4124/4124
f 4125/4125/4125 4126/4126/4126 4127/4127/4127
f 4128/4128/4128 4129/4129/4129 4130/4130/4130
f 4131/4131/4131 4132/4132/4132 4133/4133/4133
f 4134/4134/4134 4135/4135/4135 4136/4136/4136
f 1563/1563/1563 4137/4137/4137 4138/4138/4138
f 4139/4139/4139 4140/4140/4140 4141/4141/4141
f 4142/4142/4142 4143/4143/4143 4144/4144/4144
f 4145/4145/4145 4146/4146/4146 4147/4147/4147
f 4148/4148/4148 4149/4149/4149 4150/4150/4150
f 4151/4151/4151 4152/4152/4152 4153/4153/4153
f 4154/4154/4154 4155/4155/4155 4156/4156/4156
f 4157/4157/4157 4158/4158/4158 4159/4159/4159
f 4160/4160/4160 4161/4161/4161 4162/4162/4162
f 1053/1053/1053 4163/4163/4163 4164/4164/4164
f 4165/4165/4165 4166/4166/4166 4167/4167/4167
f 4168/4168/4168 4169/4169/4169 4170/4170/4170
f 4171/4171/4171 4172/4172/4172 2024/2024/2024
f 4173/4173/4173 4174/4174/4174 4175/4175/4175
f 4176/4176/4176 4177/4177/4177 4178/4178/4178
f 4179/4179/4179 4180/4180/4180 4181/4181/4181
f 581/581/581 4182/4182/4182 4183/4183/4183
f 4184/4184/4184 4185/4185/4185 4186/4186/4186
f 4187/4187/4187 4188/4188/4188 4189/4189/4189
f 4190/4190/4190 4191/4191/4191 4192/4192/4192
f 4193/4193/4193 4194/4194/4194 4195/4195/4195
f 4083/4083/4083 4196/4196/4196 4197/4197/4197
f 2654/2654/2654 179/179/179 4198/4198/4198
f 4199/4199/4199 4200/4200/4200 4201/4201/4201
f 4202/4202/4202 4203/4203/4203 4204/4204/4204
f 4202/4202/4202 4205/4205/4205 4206/4206/4206
f 4207/4207/4207 4208/4208/4208 4209/4209/4209
f 4210/4210/4210 4211/4211/4211 4212/4212/4212
f 4213/4213/4213 4214/4214/4214 4215/4215/4215
f 4216/4216/4216 4217/4217/4217 4218/4218/4218
f 4219/4219/4219 4220/4220/4220 4221/4221/4221
f 4222/4222/4222 4223/4223/4223 4224/4224/4224
f 4225/4225/4225 4226/4226/4226 4227/4227/4227
f 2690/2690/2690 4228/4228/4228 4229/4229/4229
f 4230/4230/4230 4231/4231/4231 4232/4232/4232
f 4233/4233/4233 4234/4234/4234 4235/4235/4235
f 4236/4236/4236 4237/4237/4237 4238/4238/4238
f 4239/4239/4239 4240/4240/4240 4241/4241/4241
f 4242/4242/4242 4243/4243/4243 4244/4244/4244
f 4245/4245/4245 4246/4246/4246 4247/4247/4247
f 2379/2379/2379 4248/4248/4248 4249/4249/4249
f 1100/1100/1100 4250/4250/4250 4251/4251/4251
f 4252/4252/4252 4253/4253/4253 4254/4254/4254
f 4255/4255/4255 4256/4256/4256 4257/4257/4257
f 4258/4258/4258 4259/4259/4259 4260/4260/4260
f 4261/4261/4261 4262/4262/4262 4263/4263/4263
f 4264/4264/4264 4265/4265/4265 4266/4266/4266
f 4267/4267/4267 1780/1780/1780 4268/4268/4268
f 4269/4269/4269 4270/4270/4270 4271/4271/4271
f 4272/4272/4272 4273/4273/4273 4274/4274/4274
f 4275/4275/4275 4276/4276/4276 4277/4277/4277
f 4278/4278/4278 4279/4279/4279 4280/4280/4280
f 4281/4281/4281 4282/4282/4282 4283/4283/4283
f 4284/4284/4284 4285/4285/4285 4286/4286/4286
f 4287/4287/4287 4288/4288/4288 4289/4289/4289
f 4290/4290/4290 4291/4291/4291 4292/4292/4292
f 4293/4293/4293 4294/4294/4294 4295/4295/4295
f 4296/4296/4296 4297/4297/4297 4298/4298/4298
f 4299/4299/4299 4300/4300/4300 4301/4301/4301
f 4302/4302/4302 4303/4303/4303 4304/4304/4304
f 4305/4305/4305 4306/4306/4306 4307/4307/4307
f 4308/4308/4308 4309/4309/4309 4310/4310/4310
f 4311/4311/4311 4312/4312/4312 4313/4313/4313
f 4314/4314/4314 4315/4315/4315 4316/4316/4316
f 4317/4317/4317 4318/4318/4318 4319/4319/4319
f 4320/4320/4320 599/599/599 4321/4321/4321
f 4322/4322/4322 4323/4323/4323 1767/1767/1767
f 4324/4324/4324 4325/4325/4325 4326/4326/4326
f 4327/4327/4327 2285/2285/2285 4328/4328/4328
f 4329/4329/4329 4330/4330/4330 4331/4331/4331
f 4332/4332/4332 4333/4333/4333 4334/4334/4334
f 4335/4335/4335 4336/4336/4336 4337/4337/4337
f 4338/4338/4338 4339/4339/4339 4340/4340/4340
f 4341/4341/4341 4342/4342/4342 4343/4343/4343
f 4344/4344/4344 4345/4345/4345 4346/4346/4346
f 4347/4347/4347 4348/4348/4348 4349/4349/4349
f 4350/4350/4350 4351/4351/4351 4352/4352/4352
f 4353/4353/4353 4354/4354/4354 4355/4355/4355
f 4356/4356/4356 4357/4357/4357 4358/4358/4358
f 4359/4359/4359 4360/4360/4360 4361/4361/4361
f 4362/4362/4362 4363/4363/4363 4364/4364/4364
f 4365/4365/4365 4366/4366/4366 4367/4367/4367
f 4368/4368/4368 4369/4369/4369 4370/4370/4370
f 4371/4371/4371 4372/4372/4372 4373/4373/4373
f 4374/4374/4374 4375/4375/4375 67/67/67
f 4376/4376/4376 4377/4377/4377 4378/4378/4378
f 4379/4379/4379 4380/4380/4380 1782/1782/1782
f 4381/4381/4381 4382/4382/4382 1601/1601/1601
f 4383/4383/4383 4384/4384/4384 4385/4385/4385
f 4386/4386/4386 4387/4387/4387 4388/4388/4388
f 4389/4389/4389 4390/4390/4390 4391/4391/4391
f 4392/4392/4392 4393/4393/4393 4394/4394/4394
f 4395/4395/4395 4396/4396/4396 4397/4397/4397
f 4398/4398/4398 4399/4399/4399 4400/4400/4400
f 4401/4401/4401 4402/4402/4402 4403/4403/4403
f 4404/4404/4404 4405/4405/4405 4406/4406/4406
f 4407/4407/4407 4408/4408/4408 4409/4409/4409
f 4410/4410/4410 4411/4411/4411 4412/4412/4412
f 4413/4413/4413 4414/4414/4414 4415/4415/4415
f 4416/4416/4416 4417/4417/4417 4418/4418/4418
f 4419/4419/4419 4420/4420/4420 4421/4421/4421
f 4422/4422/4422 4423/4423/4423 4424/4424/4424
f 4425/4425/4425 4426/4426/4426 4427/4427/4427
f 4428/4428/4428 4429/4429/4429 4430/4430/4430
f 4431/4431/4431 4432/4432/4432 4433/4433/4433
f 4434/4434/4434 4435/4435/4435 4436/4436/4436
f 4437/4437/4437 4438/4438/4438 4439/4439/4439
f 4440/4440/4440 4441/4441/4441 4442/4442/4442
f 4443/4443/4443 4444/4444/4444 4445/4445/4445
f 4446/4446/4446 4447/4447/4447 4448/4448/4448
f 4449/4449/4449 4450/4450/4450 4451/4451/4451
f 4452/4452/4452 4453/4453/4453 4454/4454/4454
f 4455/4455/4455 4456/4456/4456 4457/4457/4457
f 4458/4458/4458 4459/4459/4459 4460/4460/4460
f 4461/4461/4461 4462/4462/4462 4463/4463/4463
f 4464/4464/4464 4465/4465/4465 4466/4466/4466
f 4467/4467/4467 4468/4468/4468 4469/4469/4469
f 4470/4470/4470 4471/4471/4471 54/54/54
f 4472/4472/4472 1630/1630/1630 4473/4473/4473
f 4474/4474/4474 4475/4475/4475 4476/4476/4476
f 4477/4477/4477 4478/4478/4478 4479/4479/4479
f 4480/4480/4480 4481/4481/4481 4482/4482/4482
f 4483/4483/4483 4484/4484/4484 4485/4485/4485
f 4486/4486/4486 2152/2152/2152 4487/4487/4487
f 4488/4488/4488 4489/4489/4489 4490/4490/4490
f 4491/4491/4491 4492/4492/4492 4493/4493/4493
f 4494/4494/4494 4495/4495/4495 4496/4496/4496
f 4497/4497/4497 4498/4498/4498 1054/1054/1054
f 4499/4499/4499 2911/2911/2911 4500/4500/4500
f 4501/4501/4501 4502/4502/4502 4503/4503/4503
f 4504/4504/4504 4505/4505/4505 4506/4506/4506
f 4507/4507/4507 4508/4508/4508 4509/4509/4509
f 4510/4510/4510 4511/4511/4511 3492/3492/3492
f 4512/4512/4512 4513/4513/4513 4514/4514/4514
f 4515/4515/4515 4516/4516/4516 4517/4517/4517
f 4518/4518/4518 4519/4519/4519 4520/4520/4520
f 4521/4521/4521 4522/4522/4522 4523/4523/4523
f 4524/4524/4524 4525/4525/4525 4526/4526/4526
f 4527/4527/4527 4528/4528/4528 4529/4529/4529
f 4530/4530/4530 4531/4531/4531 4532/4532/4532
f 4530/4530/4530 4533/4533/4533 4534/4534/4534
f 4535/4535/4535 4536/4536/4536 4537/4537/4537
f 4538/4538/4538 4539/4539/4539 4540/4540/4540
f 4541/4541/4541 4542/4542/4542 4543/4543/4543
f 4544/4544/4544 4545/4545/4545 4546/4546/4546
f 4547/4547/4547 4548/4548/4548 4549/4549/4549
f 3519/3519/3519 4550/4550/4550 4551/4551/4551
f 4552/4552/4552 4553/4553/4553 4554/4554/4554
f 4555/4555/4555 199/199/199 4556/4556/4556
f 4557/4557/4557 4558/4558/4558 4559/4559/4559
f 4560/4560/4560 4561/4561/4561 4562/4562/4562
f 4563/4563/4563 4564/4564/4564 4565/4565/4565
f 4566/4566/4566 4567/4567/4567 4568/4568/4568
f 4569/4569/4569 4570/4570/4570 4571/4571/4571
f 4572/4572/4572 4573/4573/4573 4574/4574/4574
f 4575/4575/4575 4576/4576/4576 4577/4577/4577
f 4578/4578/4578 4579/4579/4579 4580/4580/4580
f 4581/4581/4581 4108/4108/4108 4582/4582/4582
f 4583/4583/4583 4584/4584/4584 4585/4585/4585
f 4586/4586/4586 4587/4587/4587 4588/4588/4588
f 4589/4589/4589 4590/4590/4590 4591/4591/4591
f 4592/4592/4592 4593/4593/4593 4594/4594/4594
f 4595/4595/4595 4596/4596/4596 4597/4597/4597
f 4598/4598/4598 4599/4599/4599 4600/4600/4600
f 4601/4601/4601 4602/4602/4602 4603/4603/4603
f 4604/4604/4604 4605/4605/4605 4606/4606/4606
f 4607/4607/4607 4608/4608/4608 4609/4609/4609
f 4610/4610/4610 4611/4611/4611 4612/4612/4612
f 4613/4613/4613 4614/4614/4614 4615/4615/4615
f 4616/4616/4616 4617/4617/4617 4618/4618/4618
f 4619/4619/4619 4620/4620/4620 4621/4621/4621
f 4622/4622/4622 4623/4623/4623 4624/4624/4624
f 4625/4625/4625 4626/4626/4626 4627/4627/4627
f 4628/4628/4628 4629/4629/4629 4630/4630/4630
f 4631/4631/4631 4632/4632/4632 4633/4633/4633
f 4634/4634/4634 4635/4635/4635 4636/4636/4636
f 4637/4637/4637 4638/4638/4638 4639/4639/4639
f 4640/4640/4640 4641/4641/4641 4642/4642/4642
f 4643/4643/4643 4644/4644/4644 4645/4645/4645
f 4646/4646/4646 4647/4647/4647 4648/4648/4648
f 639/639/639 4649/4649/4649 4650/4650/4650
f 4651/4651/4651 4652/4652/4652 4653/4653/4653
f 82/82/82 4654/4654/4654 4655/4655/4655
f 4656/4656/4656 930/930/930 4657/4657/4657
f 4658/4658/4658 4659/4659/4659 4660/4660/4660
f 4661/4661/4661 4662/4662/4662 4663/4663/4663
f 4664/4664/4664 4665/4665/4665 4666/4666/4666
f 4667/4667/4667 4668/4668/4668 4669/4669/4669
f 4670/4670/4670 4671/4671/4671 4672/4672/4672
f 4673/4673/4673 4674/4674/4674 4675/4675/4675
f 4676/4676/4676 4677/4677/4677 4678/4678/4678
f 4679/4679/4679 4680/4680/4680 4681/4681/4681
f 4682/4682/4682 4683/4683/4683 4684/4684/4684
f 4685/4685/4685 451/451/451 4686/4686/4686
f 4687/4687/4687 4688/4688/4688 4689/4689/4689
f 4690/4690/4690 4691/4691/4691 4692/4692/4692
f 4693/4693/4693 4694/4694/4694 4695/4695/4695
f 4696/4696/4696 4697/4697/4697 4698/4698/4698
f 4699/4699/4699 4700/4700/4700 4701/4701/4701
f 4090/4090/4090 4702/4702/4702 4703/4703/4703
f 4704/4704/4704 4705/4705/4705 4706/4706/4706
f 4707/4707/4707 4708/4708/4708 818/818/818
f 4709/4709/4709 4710/4710/4710 4711/4711/4711
f 4712/4712/4712 638/638/638 4713/4713/4713
f 4714/4714/4714 4715/4715/4715 4716/4716/4716
f 4717/4717/4717 4718/4718/4718 4719/4719/4719
f 4720/4720/4720 4721/4721/4721 4722/4722/4722
f 4723/4723/4723 4724/4724/4724 4725/4725/4725
f 4726/4726/4726 4727/4727/4727 4728/4728/4728
f 4729/4729/4729 4730/4730/4730 4731/4731/4731
f 4732/4732/4732 4733/4733/4733 4734/4734/4734
f 4735/4735/4735 4736/4736/4736 284/284/284
f 4737/4737/4737 89/89/89 4738/4738/4738
f 4739/4739/4739 4740/4740/4740 4741/4741/4741
f 4742/4742/4742 4743/4743/4743 4744/4744/4744
f 4745/4745/4745 4746/4746/4746 4747/4747/4747
f 4748/4748/4748 4749/4749/4749 4750/4750/4750
f 4751/4751/4751 4752/4752/4752 4753/4753/4753
f 4754/4754/4754 429/429/429 4755/4755/4755
f 4756/4756/4756 4757/4757/4757 4758/4758/4758
f 4759/4759/4759 4760/4760/4760 4761/4761/4761
f 4762/4762/4762 4763/4763/4763 4764/4764/4764
f 4765/4765/4765 4766/4766/4766 4767/4767/4767
f 4768/4768/4768 4769/4769/4769 4770/4770/4770
f 4771/4771/4771 4772/4772/4772 4773/4773/4773
f 4774/4774/4774 4775/4775/4775 4776/4776/4776
f 4777/4777/4777 4778/4778/4778 4779/4779/4779
f 4780/4780/4780 4781/4781/4781 4782/4782/4782
f 4783/4783/4783 4784/4784/4784 4785/4785/4785
f 4786/4786/4786 4787/4787/4787 4788/4788/4788
f 4789/4789/4789 4790/4790/4790 4791/4791/4791
f 4789/4789/4789 4792/4792/4792 4793/4793/4793
f 4794/4794/4794 4795/4795/4795 4796/4796/4796
f 4797/4797/4797 4798/4798/4798 4799/4799/4799
f 4800/4800/4800 4801/4801/4801 4802/4802/4802
f 4803/4803/4803 4804/4804/4804 4805/4805/4805
f 4806/4806/4806 1284/1284/1284 4807/4807/4807
f 4808/4808/4808 4809/4809/4809 4810/4810/4810
f 4811/4811/4811 35/35/35 4812/4812/4812
f 4813/4813/4813 4814/4814/4814 4815/4815/4815
f 4816/4816/4816 4817/4817/4817 4818/4818/4818
f 4819/4819/4819 4820/4820/4820 4569/4569/4569
f 4821/4821/4821 4822/4822/4822 2632/2632/2632
f 4823/4823/4823 4824/4824/4824 4825/4825/4825
f 4826/4826/4826 4827/4827/4827 4828/4828/4828
f 4829/4829/4829 4830/4830/4830 4831/4831/4831
f 3476/3476/3476 4832/4832/4832 4833/4833/4833
f 4834/4834/4834 4835/4835/4835 4836/4836/4836
f 4837/4837/4837 61/61/61 4838/4838/4838
f 4839/4839/4839 4840/4840/4840 4841/4841/4841
f 4842/4842/4842 4843/4843/4843 4844/4844/4844
f 4845/4845/4845 4846/4846/4846 4847/4847/4847
f 249/249/249 4848/4848/4848 4849/4849/4849
f 4850/4850/4850 4851/4851/4851 4852/4852/4852
f 4853/4853/4853 4854/4854/4854 4855/4855/4855
f 908/908/908 4856/4856/4856 4857/4857/4857
f 4858/4858/4858 4859/4859/4859 4860/4860/4860
f 4861/4861/4861 4862/4862/4862 4863/4863/4863
f 4864/4864/4864 4865/4865/4865 4866/4866/4866
f 4867/4867/4867 4868/4868/4868 4869/4869/4869
f 4870/4870/4870 4871/4871/4871 4872/4872/4872
f 4873/4873/4873 4874/4874/4874 4875/4875/4875
f 4876/4876/4876 4877/4877/4877 4878/4878/4878
f 4879/4879/4879 4880/4880/4880 4881/4881/4881
f 4882/4882/4882 736/736/736 4883/4883/4883
f 4884/4884/4884 4885/4885/4885 4886/4886/4886
f 4887/4887/4887 4888/4888/4888 4889/4889/4889
f 4890/4890/4890 4891/4891/4891 4892/4892/4892
f 4893/4893/4893 4894/4894/4894 181/181/181
f 4895/4895/4895 4896/4896/4896 4897/4897/4897
f 4898/4898/4898 4899/4899/4899 4900/4900/4900
f 4901/4901/4901 4902/4902/4902 4903/4903/4903
f 4904/4904/4904 4905/4905/4905 4906/4906/4906
f 1826/1826/1826 4907/4907/4907 4908/4908/4908
f 4909/4909/4909 4910/4910/4910 4911/4911/4911
f 4912/4912/4912 4913/4913/4913 4914/4914/4914
f 4915/4915/4915 4916/4916/4916 2412/2412/2412
f 4917/4917/4917 4918/4918/4918 4919/4919/4919
f 4917/4917/4917 4920/4920/4920 4921/4921/4921
f 4922/4922/4922 4923/4923/4923 1726/1726/1726
f 4924/4924/4924 4925/4925/4925 4926/4926/4926
f 4927/4927/4927 4928/4928/4928 4929/4929/4929
f 4930/4930/4930 4931/4931/4931 4932/4932/4932
f 106/106/106 4933/4933/4933 4934/4934/4934
f 4935/4935/4935 4936/4936/4936 4937/4937/4937
f 4938/4938/4938 4939/4939/4939 4940/4940/4940
f 4941/4941/4941 4942/4942/4942 4943/4943/4943
f 4944/4944/4944 4945/4945/4945 4946/4946/4946
f 4947/4947/4947 4948/4948/4948 4949/4949/4949
f 4950/4950/4950 4951/4951/4951 4952/4952/4952
f 4953/4953/4953 4954/4954/4954 4955/4955/4955
f 4956/4956/4956 4957/4957/4957 4958/4958/4958
f 4959/4959/4959 4960/4960/4960 4961/4961/4961
f 4962/4962/4962 4963/4963/4963 4964/4964/4964
f 4965/4965/4965 4966/4966/4966 4967/4967/4967
f 4968/4968/4968 4969/4969/4969 4970/4970/4970
f 4971/4971/4971 4972/4972/4972 4973/4973/4973
f 4971/4971/4971 4974/4974/4974 4975/4975/4975
f 4976/4976/4976 4977/4977/4977 4978/4978/4978
f 4979/4979/4979 4980/4980/4980 4981/4981/4981
f 4982/4982/4982 4983/4983/4983 4984/4984/4984
f 4985/4985/4985 4986/4986/4986 4987/4987/4987
f 4988/4988/4988 4989/4989/4989 4990/4990/4990
f 4991/4991/4991 4992/4992/4992 4993/4993/4993
f 4994/4994/4994 4995/4995/4995 4996/4996/4996
f 4997/4997/4997 4998/4998/4998 4999/4999/4999
f 5000/5000/5000 1278/1278/1278 5001/5001/5001
f 5002/5002/5002 5003/5003/5003 5004/5004/5004
f 5005/5005/5005 5006/5006/5006 5007/5007/5007
f 5008/5008/5008 5009/5009/5009 5010/5010/5010
f 5011/5011/5011 5012/5012/5012 5010/5010/5010
f 5013/5013/5013 5014/5014/5014 5015/5015/5015
f 5016/5016/5016 5017/5017/5017 5018/5018/5018
f 5019/5019/5019 5020/5020/5020 5021/5021/5021
f 5022/5022/5022 5023/5023/5023 5024/5024/5024
f 5025/5025/5025 5026/5026/5026 5027/5027/5027
f 5028/5028/5028 5029/5029/5029 5030/5030/5030
f 5031/5031/5031 5032/5032/5032 5033/5033/5033
f 5034/5034/5034 5035/5035/5035 5036/5036/5036
f 5037/5037/5037 5038/5038/5038 5039/5039/5039
f 5040/5040/5040 5041/5041/5041 5042/5042/5042
f 5043/5043/5043 5044/5044/5044 5045/5045/5045
f 5046/5046/5046 5047/5047/5047 5048/5048/5048
f 5049/5049/5049 5050/5050/5050 5051/5051/5051
f 5052/5052/5052 5053/5053/5053 185/185/185
f 5054/5054/5054 5055/5055/5055 5056/5056/5056
f 5057/5057/5057 5058/5058/5058 5059/5059/5059
f 5060/5060/5060 5061/5061/5061 285/285/285
f 5062/5062/5062 5063/5063/5063 5064/5064/5064
f 5065/5065/5065 5066/5066/5066 5067/5067/5067
f 5068/5068/5068 5069/5069/5069 5070/5070/5070
f 5071/5071/5071 5072/5072/5072 5073/5073/5073
f 5074/5074/5074 5075/5075/5075 5076/5076/5076
f 5077/5077/5077 5078/5078/5078 5079/5079/5079
f 5080/5080/5080 5081/5081/5081 5082/5082/5082
f 5083/5083/5083 5084/5084/5084 5085/5085/5085
f 180/180/180 5086/5086/5086 5087/5087/5087
f 5088/5088/5088 5089/5089/5089 5090/5090/5090
f 5088/5088/5088 4570/4570/4570 5091/5091/5091
f 5092/5092/5092 5093/5093/5093 5094/5094/5094
f 5095/5095/5095 5096/5096/5096 5097/5097/5097
f 2204/2204/2204 5098/5098/5098 5099/5099/5099
f 5100/5100/5100 5101/5101/5101 5102/5102/5102
f 5100/5100/5100 5103/5103/5103 5104/5104/5104
f 5105/5105/5105 5106/5106/5106 5107/5107/5107
f 5108/5108/5108 5109/5109/5109 5110/5110/5110
f 5111/5111/5111 5112/5112/5112 5113/5113/5113
f 5114/5114/5114 5115/5115/5115 5116/5116/5116
f 5117/5117/5117 5118/5118/5118 5119/5119/5119
f 5120/5120/5120 5121/5121/5121 5122/5122/5122
f 5123/5123/5123 5124/5124/5124 5125/5125/5125
f 5126/5126/5126 5127/5127/5127 5128/5128/5128
f 5129/5129/5129 5130/5130/5130 5131/5131/5131
f 5132/5132/5132 5133/5133/5133 5134/5134/5134
f 5135/5135/5135 5136/5136/5136 5137/5137/5137
f 5138/5138/5138 5139/5139/5139 5140/5140/5140
f 5141/5141/5141 5142/5142/5142 5143/5143/5143
f 5144/5144/5144 5145/5145/5145 5146/5146/5146
f 5147/5147/5147 5148/5148/5148 5149/5149/5149
f 5150/5150/5150 5151/5151/5151 5152/5152/5152
f 5153/5153/5153 5154/5154/5154 5155/5155/5155
f 5156/5156/5156 5157/5157/5157 3556/3556/3556
f 5158/5158/5158 5159/5159/5159 5160/5160/5160
f 5161/5161/5161 5162/5162/5162 5163/5163/5163
f 5164/5164/5164 5165/5165/5165 5166/5166/5166
f 5167/5167/5167 5168/5168/5168 5169/5169/5169
f 5170/5170/5170 5171/5171/5171 5172/5172/5172
f 5173/5173/5173 5174/5174/5174 5175/5175/5175
f 5176/5176/5176 5177/5177/5177 5178/5178/5178
f 5179/5179/5179 5180/5180/5180 5181/5181/5181
f 5182/5182/5182 5183/5183/5183 5184/5184/5184
f 5185/5185/5185 5186/5186/5186 5187/5187/5187
f 5188/5188/5188 5189/5189/5189 5190/5190/5190
f 5191/5191/5191 5192/5192/5192 5193/5193/5193
f 5194/5194/5194 5195/5195/5195 5196/5196/5196
f 5197/5197/5197 5198/5198/5198 5199/5199/5199
f 5200/5200/5200 5201/5201/5201 5202/5202/5202
f 5203/5203/5203 5204/5204/5204 5205/5205/5205
f 5206/5206/5206 5207/5207/5207 5208/5208/5208
f 5209/5209/5209 5210/5210/5210 5211/5211/5211
f 5209/5209/5209 5212/5212/5212 5213/5213/5213
f 5214/5214/5214 5215/5215/5215 5216/5216/5216
f 5217/5217/5217 5218/5218/5218 3019/3019/3019
f 5219/5219/5219 5220/5220/5220 5221/5221/5221
f 5222/5222/5222 5223/5223/5223 5224/5224/5224
f 5225/5225/5225 5226/5226/5226 511/511/511
f 5227/5227/5227 5228/5228/5228 5229/5229/5229
f 5230/5230/5230 5231/5231/5231 5232/5232/5232
f 5233/5233/5233 5234/5234/5234 5235/5235/5235
f 5236/5236/5236 5237/5237/5237 5238/5238/5238
f 5239/5239/5239 5240/5240/5240 5241/5241/5241
f 5242/5242/5242 5243/5243/5243 5244/5244/5244
f 5245/5245/5245 5246/5246/5246 5247/5247/5247
f 5248/5248/5248 5249/5249/5249 5250/5250/5250
f 5251/5251/5251 5252/5252/5252 5253/5253/5253
f 5254/5254/5254 5255/5255/5255 5256/5256/5256
f 5257/5257/5257 5258/5258/5258 5259/5259/5259
f 5260/5260/5260 5261/5261/5261 5262/5262/5262
f 5263/5263/5263 5264/5264/5264 5265/5265/5265
f 5266/5266/5266 5267/5267/5267 5268/5268/5268
f 5269/5269/5269 5270/5270/5270 5271/5271/5271
f 5272/5272/5272 5273/5273/5273 1083/1083/1083
f 5274/5274/5274 5275/5275/5275 5276/5276/5276
f 5277/5277/5277 5278/5278/5278 5279/5279/5279
f 5280/5280/5280 5281/5281/5281 5282/5282/5282
f 5283/5283/5283 5284/5284/5284 5285/5285/5285
f 2583/2583/2583 5286/5286/5286 5287/5287/5287
f 5288/5288/5288 5289/5289/5289 2561/2561/2561
f 5290/5290/5290 5291/5291/5291 5292/5292/5292
f 5293/5293/5293 5294/5294/5294 5295/5295/5295
f 5296/5296/5296 5297/5297/5297 5298/5298/5298
f 5299/5299/5299 5300/5300/5300 5301/5301/5301
f 5302/5302/5302 5303/5303/5303 5304/5304/5304
f 5305/5305/5305 5306/5306/5306 5307/5307/5307
f 5308/5308/5308 5309/5309/5309 5310/5310/5310
f 5311/5311/5311 5312/5312/5312 5313/5313/5313
f 5314/5314/5314 5315/5315/5315 5316/5316/5316
f 5317/5317/5317 5318/5318/5318 5319/5319/5319
f 5320/5320/5320 5321/5321/5321 5322/5322/5322
f 5323/5323/5323 5324/5324/5324 5325/5325/5325
f 5326/5326/5326 5327/5327/5327 5328/5328/5328
f 5329/5329/5329 5330/5330/5330 5331/5331/5331
f 5332/5332/5332 5333/5333/5333 5334/5334/5334
f 5335/5335/5335 5336/5336/5336 5337/5337/5337
f 5338/5338/5338 5339/5339/5339 5340/5340/5340
f 5341/5341/5341 5342/5342/5342 5343/5343/5343
f 5344/5344/5344 5345/5345/5345 5346/5346/5346
f 5347/5347/5347 5348/5348/5348 5349/5349/5349
f 5350/5350/5350 5351/5351/5351 5352/5352/5352
f 5353/5353/5353 5354/5354/5354 5355/5355/5355
f 5356/5356/5356 5357/5357/5357 5358/5358/5358
f 5359/5359/5359 5360/5360/5360 5361/5361/5361
f 5362/5362/5362 5363/5363/5363 5364/5364/5364
f 5365/5365/5365 5366/5366/5366 5367/5367/5367
f 5368/5368/5368 2453/2453/2453 5369/5369/5369
f 5370/5370/5370 5371/5371/5371 5372/5372/5372
f 5373/5373/5373 5374/5374/5374 5375/5375/5375
f 5376/5376/5376 5377/5377/5377 5378/5378/5378
f 5379/5379/5379 5380/5380/5380 5381/5381/5381
f 5382/5382/5382 5383/5383/5383 5384/5384/5384
f 5385/5385/5385 5386/5386/5386 5387/5387/5387
f 5388/5388/5388 5389/5389/5389 5390/5390/5390
f 5391/5391/5391 5392/5392/5392 5393/5393/5393
f 5394/5394/5394 5395/5395/5395 5396/5396/5396
f 5397/5397/5397 5398/5398/5398 5399/5399/5399
f 5400/5400/5400 5401/5401/5401 5402/5402/5402
f 5403/5403/5403 5404/5404/5404 5405/5405/5405
f 5406/5406/5406 5407/5407/5407 5408/5408/5408
f 5409/5409/5409 5410/5410/5410 5411/5411/5411
f 5412/5412/5412 5413/5413/5413 5414/5414/5414
f 5415/5415/5415 5416/5416/5416 5417/5417/5417
f 5418/5418/5418 5419/5419/5419 5420/5420/5420
f 5421/5421/5421 5422/5422/5422 5423/5423/5423
f 5424/5424/5424 4910/4910/4910 5425/5425/5425
f 5426/5426/5426 927/927/927 5427/5427/5427
f 5428/5428/5428 5429/5429/5429 5430/5430/5430
f 5431/5431/5431 5432/5432/5432 5433/5433/5433
f 5434/5434/5434 5435/5435/5435 5436/5436/5436
f 5437/5437/5437 5438/5438/5438 5439/5439/5439
f 5440/5440/5440 5441/5441/5441 5442/5442/5442
f 5443/5443/5443 5444/5444/5444 5445/5445/5445
f 5446/5446/5446 5447/5447/5447 5448/5448/5448
f 5449/5449/5449 5450/5450/5450 5451/5451/5451
f 5452/5452/5452 5453/5453/5453 5454/5454/5454
f 5455/5455/5455 5456/5456/5456 5457/5457/5457
f 5458/5458/5458 5459/5459/5459 5460/5460/5460
f 5461/5461/5461 5462/5462/5462 4259/4259/4259
f 5463/5463/5463 5464/5464/5464 5465/5465/5465
f 5466/5466/5466 5467/5467/5467 5468/5468/5468
f 5469/5469/5469 5470/5470/5470 5471/5471/5471
f 1397/1397/1397 5472/5472/5472 5473/5473/5473
f 5474/5474/5474 5475/5475/5475 5476/5476/5476
f 5477/5477/5477 5478/5478/5478 5479/5479/5479
f 5477/5477/5477 5480/5480/5480 5481/5481/5481
f 5482/5482/5482 5483/5483/5483 5484/5484/5484
f 5485/5485/5485 5486/5486/5486 5487/5487/5487
f 5488/5488/5488 5489/5489/5489 5490/5490/5490
f 5491/5491/5491 5492/5492/5492 5493/5493/5493
f 5494/5494/5494 5495/5495/5495 5496/5496/5496
f 5497/5497/5497 5498/5498/5498 5499/5499/5499
f 5500/5500/5500 5501/5501/5501 5502/5502/5502
f 5503/5503/5503 5504/5504/5504 5505/5505/5505
f 5506/5506/5506 5507/5507/5507 5508/5508/5508
f 5509/5509/5509 2441/2441/2441 5510/5510/5510
f 5511/5511/5511 5512/5512/5512 5513/5513/5513
f 5514/5514/5514 5515/5515/5515 5516/5516/5516
f 5517/5517/5517 5518/5518/5518 5519/5519/5519
f 5520/5520/5520 5521/5521/5521 914/914/914
f 5522/5522/5522 5523/5523/5523 5524/5524/5524
f 5525/5525/5525 5526/5526/5526 5527/5527/5527
f 5528/5528/5528 5529/5529/5529 5530/5530/5530
f 5531/5531/5531 5532/5532/5532 5533/5533/5533
f 5534/5534/5534 5535/5535/5535 5536/5536/5536
f 630/630/630 5537/5537/5537 5538/5538/5538
f 5539/5539/5539 5540/5540/5540 141/141/141
f 5541/5541/5541 5542/5542/5542 5543/5543/5543
f 5544/5544/5544 5545/5545/5545 5546/5546/5546
f 5547/5547/5547 5548/5548/5548 5549/5549/5549
f 5550/5550/5550 5551/5551/5551 5552/5552/5552
f 5553/5553/5553 5554/5554/5554 5555/5555/5555
f 5556/5556/5556 5557/5557/5557 5558/5558/5558
f 5559/5559/5559 5560/5560/5560 5561/5561/5561
f 5562/5562/5562 5563/5563/5563 5564/5564/5564
f 5565/5565/5565 5566/5566/5566 5567/5567/5567
f 5568/5568/5568 1968/1968/1968 5569/5569/5569
f 5570/5570/5570 5571/5571/5571 5572/5572/5572
f 5573/5573/5573 5574/5574/5574 5575/5575/5575
f 5576/5576/5576 5577/5577/5577 5578/5578/5578
f 5579/5579/5579 5580/5580/5580 5581/5581/5581
f 5582/5582/5582 5583/5583/5583 5584/5584/5584
f 5585/5585/5585 5586/5586/5586 5587/5587/5587
f 5588/5588/5588 5589/5589/5589 5590/5590/5590
f 5591/5591/5591 80/80/80 5592/5592/5592
f 5593/5593/5593 5594/5594/5594 5595/5595/5595
f 2820/2820/2820 5596/5596/5596 5597/5597/5597
f 5598/5598/5598 5599/5599/5599 5600/5600/5600
f 5601/5601/5601 5602/5602/5602 5603/5603/5603
f 5604/5604/5604 5605/5605/5605 5606/5606/5606
f 5607/5607/5607 5608/5608/5608 5609/5609/5609
f 5610/5610/5610 5611/5611/5611 5612/5612/5612
f 5613/5613/5613 5614/5614/5614 5615/5615/5615
f 5616/5616/5616 5617/5617/5617 5618/5618/5618
f 5619/5619/5619 5620/5620/5620 5621/5621/5621
f 5622/5622/5622 5623/5623/5623 5624/5624/5624
f 5625/5625/5625 5626/5626/5626 5627/5627/5627
f 5628/5628/5628 5629/5629/5629 5630/5630/5630
f 5631/5631/5631 5632/5632/5632 5633/5633/5633
f 5634/5634/5634 1364/1364/1364 5635/5635/5635
f 5636/5636/5636 5637/5637/5637 5638/5638/5638
f 5639/5639/5639 5640/5640/5640 5641/5641/5641
f 5642/5642/5642 5643/5643/5643 5644/5644/5644
f 5645/5645/5645 5646/5646/5646 5647/5647/5647
f 5648/5648/5648 5649/5649/5649 5650/5650/5650
f 5651/5651/5651 5652/5652/5652 5653/5653/5653
f 5654/5654/5654 5655/5655/5655 5656/5656/5656
f 5657/5657/5657 5658/5658/5658 5659/5659/5659
f 5660/5660/5660 5661/5661/5661 5662/5662/5662
f 5663/5663/5663 5664/5664/5664 5665/5665/5665
f 5666/5666/5666 5667/5667/5667 5668/5668/5668
f 5669/5669/5669 5670/5670/5670 5671/5671/5671
f 5672/5672/5672 5673/5673/5673 5674/5674/5674
f 5675/5675/5675 5676/5676/5676 5677/5677/5677
f 5678/5678/5678 5679/5679/5679 5680/5680/5680
f 5681/5681/5681 5682/5682/5682 5683/5683/5683
f 5684/5684/5684 5685/5685/5685 5686/5686/5686
f 5687/5687/5687 5688/5688/5688 5689/5689/5689
f 5690/5690/5690 5691/5691/5691 5692/5692/5692
f 5693/5693/5693 5694/5694/5694 5695/5695/5695
f 5696/5696/5696 5697/5697/5697 5698/5698/5698
f 5699/5699/5699 5700/5700/5700 5701/5701/5701
f 477/477/477 5702/5702/5702 5703/5703/5703
f 5704/5704/5704 5705/5705/5705 5706/5706/5706
f 5707/5707/5707 5708/5708/5708 5709/5709/5709
f 5710/5710/5710 5711/5711/5711 5712/5712/5712
f 5713/5713/5713 5714/5714/5714 2882/2882/2882
f 2950/2950/2950 5715/5715/5715 5716/5716/5716
f 5717/5717/5717 5718/5718/5718 5719/5719/5719
f 5720/5720/5720 5721/5721/5721 5722/5722/5722
f 5723/5723/5723 5724/5724/5724 5725/5725/5725
f 5726/5726/5726 5727/5727/5727 5728/5728/5728
f 5729/5729/5729 5730/5730/5730 5731/5731/5731
f 5729/5729/5729 5732/5732/5732 5733/5733/5733
f 5734/5734/5734 5735/5735/5735 5736/5736/5736
f 5737/5737/5737 5738/5738/5738 5739/5739/5739
f 5740/5740/5740 5741/5741/5741 5742/5742/5742
f 5743/5743/5743 5744/5744/5744 5745/5745/5745
f 5746/5746/5746 5747/5747/5747 5748/5748/5748
f 5749/5749/5749 5750/5750/5750 1973/1973/1973
f 356/356/356 5751/5751/5751 5752/5752/5752
f 5753/5753/5753 5754/5754/5754 5755/5755/5755
f 5756/5756/5756 5757/5757/5757 5758/5758/5758
f 1681/1681/1681 5759/5759/5759 5760/5760/5760
f 1681/1681/1681 5761/5761/5761 5762/5762/5762
f 5763/5763/5763 5764/5764/5764 5765/5765/5765
f 5766/5766/5766 5767/5767/5767 5768/5768/5768
f 5769/5769/5769 5770/5770/5770 5771/5771/5771
f 5772/5772/5772 5773/5773/5773 5774/5774/5774
f 5775/5775/5775 5776/5776/5776 5777/5777/5777
f 5778/5778/5778 5779/5779/5779 5780/5780/5780
f 5781/5781/5781 5782/5782/5782 5783/5783/5783
f 5784/5784/5784 5785/5785/5785 5786/5786/5786
f 5787/5787/5787 5788/5788/5788 5789/5789/5789
f 5790/5790/5790 1183/1183/1183 5791/5791/5791
f 5792/5792/5792 5793/5793/5793 5794/5794/5794
f 5795/5795/5795 5796/5796/5796 5797/5797/5797
f 5013/5013/5013 5798/5798/5798 5799/5799/5799
f 2505/2505/2505 5800/5800/5800 5801/5801/5801
f 5802/5802/5802 5803/5803/5803 5804/5804/5804
f 3853/3853/3853 5805/5805/5805 5806/5806/5806
f 5807/5807/5807 5808/5808/5808 5809/5809/5809
f 5810/5810/5810 5811/5811/5811 5812/5812/5812
f 5813/5813/5813 5814/5814/5814 5815/5815/5815
f 5816/5816/5816 5817/5817/5817 5818/5818/5818
f 5819/5819/5819 5820/5820/5820 5821/5821/5821
f 5822/5822/5822 5823/5823/5823 5824/5824/5824
f 5825/5825/5825 5826/5826/5826 5827/5827/5827
f 5828/5828/5828 5829/5829/5829 5830/5830/5830
f 5831/5831/5831 5832/5832/5832 5833/5833/5833
f 681/681/681 5834/5834/5834 5835/5835/5835
f 5836/5836/5836 5837/5837/5837 5838/5838/5838
f 5839/5839/5839 5840/5840/5840 5841/5841/5841
f 5842/5842/5842 5843/5843/5843 2729/2729/2729
f 5844/5844/5844 5845/5845/5845 5846/5846/5846
f 5847/5847/5847 5848/5848/5848 5849/5849/5849
f 5850/5850/5850 5851/5851/5851 5852/5852/5852
f 5853/5853/5853 5854/5854/5854 5855/5855/5855
f 5856/5856/5856 5857/5857/5857 5858/5858/5858
f 5859/5859/5859 5860/5860/5860 5861/5861/5861
f 5862/5862/5862 5863/5863/5863 5864/5864/5864
f 5865/5865/5865 5866/5866/5866 5867/5867/5867
f 5868/5868/5868 5869/5869/5869 5870/5870/5870
f 5871/5871/5871 5872/5872/5872 5873/5873/5873
f 5874/5874/5874 5875/5875/5875 5876/5876/5876
f 5877/5877/5877 5878/5878/5878 5879/5879/5879
f 5880/5880/5880 5881/5881/5881 5882/5882/5882
f 5883/5883/5883 5069/5069/5069 5884/5884/5884
f 5885/5885/5885 5886/5886/5886 5887/5887/5887
f 5888/5888/5888 5889/5889/5889 5890/5890/5890
f 5891/5891/5891 5892/5892/5892 5893/5893/5893
f 5894/5894/5894 5895/5895/5895 5896/5896/5896
f 5897/5897/5897 5898/5898/5898 5899/5899/5899
f 5900/5900/5900 3/3/3 5901/5901/5901
f 5902/5902/5902 5903/5903/5903 5904/5904/5904
f 989/989/989 5905/5905/5905 5906/5906/5906
f 5907/5907/5907 727/727/727 826/826/826
f 5908/5908/5908 5909/5909/5909 5910/5910/5910
f 330/330/330 5911/5911/5911 5912/5912/5912
f 5913/5913/5913 5914/5914/5914 5915/5915/5915
f 5916/5916/5916 5917/5917/5917 5918/5918/5918
f 5919/5919/5919 5920/5920/5920 5921/5921/5921
f 5922/5922/5922 5923/5923/5923 5924/5924/5924
f 5925/5925/5925 5926/5926/5926 5927/5927/5927
f 5928/5928/5928 5929/5929/5929 5930/5930/5930
f 5931/5931/5931 5932/5932/5932 5933/5933/5933
f 2050/2050/2050 5934/5934/5934 5935/5935/5935
f 5936/5936/5936 5937/5937/5937 5938/5938/5938
f 5939/5939/5939 5940/5940/5940 5941/5941/5941
f 5942/5942/5942 5943/5943/5943 5944/5944/5944
f 5945/5945/5945 5946/5946/5946 5947/5947/5947
f 3095/3095/3095 5948/5948/5948 5949/5949/5949
f 5950/5950/5950 5951/5951/5951 5952/5952/5952
f 5953/5953/5953 5954/5954/5954 5955/5955/5955
f 5956/5956/5956 5957/5957/5957 5958/5958/5958
f 5959/5959/5959 5960/5960/5960 5961/5961/5961
f 5962/5962/5962 5963/5963/5963 5964/5964/5964
f 5965/5965/5965 5966/5966/5966 5967/5967/5967
f 5968/5968/5968 5969/5969/5969 5970/5970/5970
f 5971/5971/5971 5972/5972/5972 5973/5973/5973
f 5974/5974/5974 5975/5975/5975 5976/5976/5976
f 5977/5977/5977 5978/5978/5978 5979/5979/5979
f 5980/5980/5980 5981/5981/5981 5982/5982/5982
f 5983/5983/5983 5984/5984/5984 5985/5985/5985
f 4664/4664/4664 1815/1815/1815 5986/5986/5986
f 5987/5987/5987 5988/5988/5988 5989/5989/5989
f 5990/5990/5990 5991/5991/5991 5992/5992/5992
f 5400/5400/5400 5993/5993/5993 5994/5994/5994
f 5995/5995/5995 5996/5996/5996 5997/5997/5997
f 198/198/198 200/200/200 5998/5998/5998
f 5999/5999/5999 6000/6000/6000 6001/6001/6001
f 6002/6002/6002 6003/6003/6003 4410/4410/4410
f 6004/6004/6004 6005/6005/6005 6006/6006/6006
f 6007/6007/6007 417/417/417 6008/6008/6008
f 6009/6009/6009 6010/6010/6010 446/446/446
f 6011/6011/6011 6012/6012/6012 6013/6013/6013
f 6014/6014/6014 6015/6015/6015 6016/6016/6016
f 6017/6017/6017 6018/6018/6018 6019/6019/6019
f 6020/6020/6020 6021/6021/6021 6022/6022/6022
f 6023/6023/6023 6024/6024/6024 6025/6025/6025
f 6026/6026/6026 6027/6027/6027 1744/1744/1744
f 6028/6028/6028 6029/6029/6029 558/558/558
f 3773/3773/3773 6030/6030/6030 6031/6031/6031
f 6032/6032/6032 6033/6033/6033 6034/6034/6034
f 6035/6035/6035 6036/6036/6036 6037/6037/6037
f 6038/6038/6038 6039/6039/6039 6040/6040/6040
f 6041/6041/6041 6042/6042/6042 6043/6043/6043
f 6044/6044/6044 6045/6045/6045 6046/6046/6046
f 6047/6047/6047 6048/6048/6048 6049/6049/6049
f 6050/6050/6050 6051/6051/6051 6052/6052/6052
f 6053/6053/6053 6054/6054/6054 6055/6055/6055
f 6056/6056/6056 6057/6057/6057 6058/6058/6058
f 6059/6059/6059 6060/6060/6060 6061/6061/6061
f 6062/6062/6062 6063/6063/6063 6064/6064/6064
f 3964/3964/3964 6065/6065/6065 6066/6066/6066
f 6067/6067/6067 6068/6068/6068 6069/6069/6069
f 6070/6070/6070 6071/6071/6071 6072/6072/6072
f 6073/6073/6073 6074/6074/6074 6075/6075/6075
f 6076/6076/6076 6077/6077/6077 6078/6078/6078
f 6079/6079/6079 6080/6080/6080 6081/6081/6081
f 5681/5681/5681 6082/6082/6082 6083/6083/6083
f 6084/6084/6084 6085/6085/6085 6086/6086/6086
f 6087/6087/6087 6088/6088/6088 6089/6089/6089
f 6090/6090/6090 6091/6091/6091 6092/6092/6092
f 6093/6093/6093 6094/6094/6094 6095/6095/6095
f 6096/6096/6096 6097/6097/6097 6098/6098/6098
f 6099/6099/6099 6100/6100/6100 6101/6101/6101
f 6102/6102/6102 6103/6103/6103 6104/6104/6104
f 6105/6105/6105 6106/6106/6106 6107/6107/6107
f 6108/6108/6108 6109/6109/6109 6110/6110/6110
f 6111/6111/6111 6112/6112/6112 6113/6113/6113
f 6114/6114/6114 6115/6115/6115 6116/6116/6116
f 6117/6117/6117 6118/6118/6118 6119/6119/6119
f 6120/6120/6120 6121/6121/6121 6122/6122/6122
f 6123/6123/6123 6124/6124/6124 713/713/713
f 6125/6125/6125 6126/6126/6126 6127/6127/6127
f 6128/6128/6128 6129/6129/6129 6130/6130/6130
f 6131/6131/6131 6132/6132/6132 6133/6133/6133
f 6134/6134/6134 235/235/235 6135/6135/6135
f 6136/6136/6136 6137/6137/6137 6138/6138/6138
f 6139/6139/6139 6140/6140/6140 6141/6141/6141
f 6142/6142/6142 6143/6143/6143 6144/6144/6144
f 6145/6145/6145 6146/6146/6146 6147/6147/6147
f 6148/6148/6148 6149/6149/6149 6150/6150/6150
f 6151/6151/6151 6152/6152/6152 6153/6153/6153
f 6154/6154/6154 6155/6155/6155 6156/6156/6156
f 6157/6157/6157 6158/6158/6158 6159/6159/6159
f 6160/6160/6160 6161/6161/6161 6162/6162/6162
f 6163/6163/6163 6164/6164/6164 6165/6165/6165
f 6166/6166/6166 6167/6167/6167 6168/6168/6168
f 1231/1231/1231 128/128/128 6169/6169/6169
f 6170/6170/6170 6171/6171/6171 6172/6172/6172
f 6173/6173/6173 6174/6174/6174 6175/6175/6175
f 177/177/177 6176/6176/6176 6177/6177/6177
f 6178/6178/6178 6179/6179/6179 6180/6180/6180
f 6181/6181/6181 6182/6182/6182 6183/6183/6183
f 6184/6184/6184 6185/6185/6185 6186/6186/6186
f 6187/6187/6187 6188/6188/6188 6189/6189/6189
f 6190/6190/6190 6191/6191/6191 3224/3224/3224
f 6192/6192/6192 6193/6193/6193 6194/6194/6194
f 6195/6195/6195 6196/6196/6196 6197/6197/6197
f 6198/6198/6198 6199/6199/6199 6200/6200/6200
f 6201/6201/6201 6202/6202/6202 6203/6203/6203
f 6204/6204/6204 6205/6205/6205 6206/6206/6206
f 6207/6207/6207 6208/6208/6208 6209/6209/6209
f 6210/6210/6210 6211/6211/6211 6212/6212/6212
f 6213/6213/6213 6214/6214/6214 6215/6215/6215
f 6216/6216/6216 6217/6217/6217 6218/6218/6218
f 6219/6219/6219 6220/6220/6220 6221/6221/6221
f 6222/6222/6222 6223/6223/6223 6224/6224/6224
f 6225/6225/6225 6226/6226/6226 6227/6227/6227
f 6228/6228/6228 6229/6229/6229 6230/6230/6230
f 6231/6231/6231 6232/6232/6232 6233/6233/6233
f 6234/6234/6234 6235/6235/6235 6236/6236/6236
f 6237/6237/6237 6238/6238/6238 6239/6239/6239
f 6240/6240/6240 6241/6241/6241 6242/6242/6242
f 6243/6243/6243 6244/6244/6244 6245/6245/6245
f 6246/6246/6246 6247/6247/6247 6248/6248/6248
f 6249/6249/6249 6250/6250/6250 6251/6251/6251
f 6252/6252/6252 6253/6253/6253 6254/6254/6254
f 6255/6255/6255 6256/6256/6256 6257/6257/6257
f 6258/6258/6258 6259/6259/6259 6260/6260/6260
f 6261/6261/6261 6262/6262/6262 6263/6263/6263
f 6264/6264/6264 6265/6265/6265 6266/6266/6266
f 1135/1135/1135 1137/1137/1137 6267/6267/6267
f 6268/6268/6268 6269/6269/6269 6270/6270/6270
f 6271/6271/6271 6272/6272/6272 6273/6273/6273
f 73/73/73 6274/6274/6274 6275/6275/6275
f 6276/6276/6276 6277/6277/6277 6278/6278/6278
f 6279/6279/6279 6280/6280/6280 6281/6281/6281
f 6282/6282/6282 6283/6283/6283 6284/6284/6284
f 6285/6285/6285 6286/6286/6286 6287/6287/6287
f 6288/6288/6288 6289/6289/6289 6290/6290/6290
f 6291/6291/6291 6292/6292/6292 659/659/659
f 6293/6293/6293 6294/6294/6294 6295/6295/6295
f 6296/6296/6296 6297/6297/6297 6298/6298/6298
f 6299/6299/6299 6300/6300/6300 6301/6301/6301
f 6302/6302/6302 6303/6303/6303 6304/6304/6304
f 6305/6305/6305 6306/6306/6306 6307/6307/6307
f 6308/6308/6308 6309/6309/6309 6310/6310/6310
f 6311/6311/6311 6312/6312/6312 6313/6313/6313
f 6314/6314/6314 6315/6315/6315 6316/6316/6316
f 6317/6317/6317 6318/6318/6318 6319/6319/6319
f 6320/6320/6320 6321/6321/6321 2513/2513/2513
f 6322/6322/6322 6323/6323/6323 6324/6324/6324
f 6325/6325/6325 6326/6326/6326 6327/6327/6327
f 6328/6328/6328 6329/6329/6329 6330/6330/6330
f 6331/6331/6331 6332/6332/6332 6333/6333/6333
f 3370/3370/3370 6334/6334/6334 6335/6335/6335
f 6336/6336/6336 6337/6337/6337 6338/6338/6338
f 6339/6339/6339 6340/6340/6340 6341/6341/6341
f 6342/6342/6342 6343/6343/6343 6344/6344/6344
f 6345/6345/6345 6346/6346/6346 6347/6347/6347
f 6348/6348/6348 6349/6349/6349 6350/6350/6350
f 6351/6351/6351 6352/6352/6352 6353/6353/6353
f 6354/6354/6354 6355/6355/6355 6356/6356/6356
f 6357/6357/6357 6358/6358/6358 6359/6359/6359
f 6360/6360/6360 6361/6361/6361 6362/6362/6362
f 6363/6363/6363 6364/6364/6364 6365/6365/6365
f 6366/6366/6366 2266/2266/2266 6367/6367/6367
f 6368/6368/6368 6369/6369/6369 6370/6370/6370
f 6371/6371/6371 6372/6372/6372 6373/6373/6373
f 6374/6374/6374 6375/6375/6375 6376/6376/6376
f 6377/6377/6377 6378/6378/6378 6379/6379/6379
f 6380/6380/6380 6381/6381/6381 6382/6382/6382
f 6383/6383/6383 6384/6384/6384 6385/6385/6385
f 6386/6386/6386 6387/6387/6387 6388/6388/6388
f 6389/6389/6389 6390/6390/6390 6391/6391/6391
f 6392/6392/6392 6393/6393/6393 6394/6394/6394
f 6395/6395/6395 6396/6396/6396 6397/6397/6397
f 6398/6398/6398 6399/6399/6399 6400/6400/6400
f 6401/6401/6401 6402/6402/6402 6403/6403/6403
f 6404/6404/6404 6405/6405/6405 6406/6406/6406
f 6407/6407/6407 6408/6408/6408 6409/6409/6409
f 6410/6410/6410 6411/6411/6411 6412/6412/6412
f 6413/6413/6413 6414/6414/6414 5637/5637/5637
f 6415/6415/6415 6416/6416/6416 6417/6417/6417
f 6418/6418/6418 6419/6419/6419 6420/6420/6420
f 6421/6421/6421 6422/6422/6422 6423/6423/6423
f 6424/6424/6424 6425/6425/6425 6426/6426/6426
f 6427/6427/6427 6428/6428/6428 6429/6429/6429
f 6430/6430/6430 6431/6431/6431 6432/6432/6432
f 6433/6433/6433 6434/6434/6434 6435/6435/6435
f 165/165/165 6436/6436/6436 6437/6437/6437
f 6438/6438/6438 6439/6439/6439 6440/6440/6440
f 6441/6441/6441 6442/6442/6442 6443/6443/6443
f 6444/6444/6444 6445/6445/6445 3553/3553/3553
f 6446/6446/6446 6447/6447/6447 6448/6448/6448
f 6449/6449/6449 6450/6450/6450 793/793/793
f 6451/6451/6451 6452/6452/6452 6453/6453/6453
f 6454/6454/6454 2402/2402/2402 6455/6455/6455
f 6456/6456/6456 6457/6457/6457 6458/6458/6458
f 6459/6459/6459 6460/6460/6460 6461/6461/6461
f 6462/6462/6462 6463/6463/6463 6464/6464/6464
f 6465/6465/6465 6466/6466/6466 6467/6467/6467
f 6468/6468/6468 6469/6469/6469 6470/6470/6470
f 6471/6471/6471 6472/6472/6472 6473/6473/6473
f 938/938/938 6474/6474/6474 6475/6475/6475
f 6476/6476/6476 6477/6477/6477 6478/6478/6478
f 6479/6479/6479 6480/6480/6480 6481/6481/6481
f 6479/6479/6479 6482/6482/6482 6483/6483/6483
f 6484/6484/6484 6485/6485/6485 406/406/406
f 6486/6486/6486 6487/6487/6487 1624/1624/1624
f 6488/6488/6488 6489/6489/6489 6490/6490/6490
f 6491/6491/6491 6492/6492/6492 6493/6493/6493
f 6494/6494/6494 6495/6495/6495 1514/1514/1514
f 6496/6496/6496 4994/4994/4994 6497/6497/6497
f 6498/6498/6498 6499/6499/6499 6500/6500/6500
f 6501/6501/6501 6502/6502/6502 6503/6503/6503
f 6504/6504/6504 6505/6505/6505 6506/6506/6506
f 3553/3553/3553 6507/6507/6507 6508/6508/6508
f 6509/6509/6509 6510/6510/6510 6511/6511/6511
f 6512/6512/6512 6513/6513/6513 6514/6514/6514
f 6515/6515/6515 6516/6516/6516 2465/2465/2465
f 6517/6517/6517 6518/6518/6518 6519/6519/6519
f 6520/6520/6520 6521/6521/6521 6522/6522/6522
f 6523/6523/6523 6524/6524/6524 1672/1672/1672
f 6525/6525/6525 6526/6526/6526 6527/6527/6527
f 6528/6528/6528 6529/6529/6529 6530/6530/6530
f 6531/6531/6531 6532/6532/6532 6533/6533/6533
f 6534/6534/6534 6535/6535/6535 6536/6536/6536
f 6537/6537/6537 5924/5924/5924 6538/6538/6538
f 6539/6539/6539 6540/6540/6540 6541/6541/6541
f 6542/6542/6542 6543/6543/6543 6544/6544/6544
f 6545/6545/6545 6546/6546/6546 6547/6547/6547
f 6548/6548/6548 6549/6549/6549 6550/6550/6550
f 6551/6551/6551 6552/6552/6552 6553/6553/6553
f 6554/6554/6554 6555/6555/6555 6556/6556/6556
f 6557/6557/6557 6558/6558/6558 6559/6559/6559
f 6560/6560/6560 6561/6561/6561 6562/6562/6562
f 6563/6563/6563 6564/6564/6564 6565/6565/6565
f 6566/6566/6566 6567/6567/6567 6568/6568/6568
f 6569/6569/6569 1927/1927/1927 6570/6570/6570
f 6571/6571/6571 6572/6572/6572 6573/6573/6573
f 5751/5751/5751 6574/6574/6574 6575/6575/6575
f 6576/6576/6576 6577/6577/6577 6578/6578/6578
f 6579/6579/6579 6580/6580/6580 6581/6581/6581
f 4129/4129/4129 6582/6582/6582 6583/6583/6583
f 6584/6584/6584 6585/6585/6585 6586/6586/6586
f 6587/6587/6587 6588/6588/6588 6589/6589/6589
f 6590/6590/6590 6591/6591/6591 6592/6592/6592
f 6593/6593/6593 2973/2973/2973 6594/6594/6594
f 6595/6595/6595 6596/6596/6596 6597/6597/6597
f 6598/6598/6598 6599/6599/6599 2443/2443/2443
f 6600/6600/6600 6601/6601/6601 6602/6602/6602
f 6603/6603/6603 6604/6604/6604 6605/6605/6605
f 6606/6606/6606 6607/6607/6607 6608/6608/6608
f 6609/6609/6609 6610/6610/6610 6611/6611/6611
f 6612/6612/6612 6613/6613/6613 6614/6614/6614
f 6615/6615/6615 6616/6616/6616 6617/6617/6617
f 6618/6618/6618 6619/6619/6619 6620/6620/6620
f 6621/6621/6621 1481/1481/1481 6622/6622/6622
f 6623/6623/6623 6624/6624/6624 6625/6625/6625
f 6626/6626/6626 6627/6627/6627 6628/6628/6628
f 6629/6629/6629 6630/6630/6630 6631/6631/6631
f 6632/6632/6632 6633/6633/6633 6634/6634/6634
f 6635/6635/6635 6636/6636/6636 6637/6637/6637
f 6638/6638/6638 6639/6639/6639 6640/6640/6640
f 6641/6641/6641 6642/6642/6642 6643/6643/6643
f 6644/6644/6644 6645/6645/6645 6646/6646/6646
f 6647/6647/6647 6648/6648/6648 6649/6649/6649
f 6650/6650/6650 6651/6651/6651 6652/6652/6652
f 6653/6653/6653 6654/6654/6654 6655/6655/6655
f 6656/6656/6656 6657/6657/6657 6658/6658/6658
f 6659/6659/6659 5210/5210/5210 3234/3234/3234
f 6660/6660/6660 6661/6661/6661 6662/6662/6662
f 6663/6663/6663 6598/6598/6598 6664/6664/6664
f 6665/6665/6665 6666/6666/6666 6667/6667/6667
f 6668/6668/6668 6669/6669/6669 6670/6670/6670
f 6671/6671/6671 6672/6672/6672 6673/6673/6673
f 6674/6674/6674 6675/6675/6675 6676/6676/6676
f 6677/6677/6677 6678/6678/6678 6679/6679/6679
f 6680/6680/6680 6681/6681/6681 6682/6682/6682
f 6683/6683/6683 6684/6684/6684 6685/6685/6685
f 6686/6686/6686 6687/6687/6687 6688/6688/6688
f 6689/6689/6689 6690/6690/6690 6691/6691/6691
f 6692/6692/6692 6693/6693/6693 1463/1463/1463
f 6694/6694/6694 6695/6695/6695 6696/6696/6696
f 6697/6697/6697 6698/6698/6698 6699/6699/6699
f 6700/6700/6700 6701/6701/6701 6702/6702/6702
f 6703/6703/6703 6704/6704/6704 6705/6705/6705
f 6706/6706/6706 6707/6707/6707 6708/6708/6708
f 6709/6709/6709 6710/6710/6710 6711/6711/6711
f 6712/6712/6712 6713/6713/6713 6714/6714/6714
f 6715/6715/6715 6716/6716/6716 6717/6717/6717
f 6718/6718/6718 6719/6719/6719 6720/6720/6720
f 6721/6721/6721 6722/6722/6722 6723/6723/6723
f 6724/6724/6724 6725/6725/6725 6726/6726/6726
f 6727/6727/6727 6266/6266/6266 6728/6728/6728
f 6729/6729/6729 6730/6730/6730 6731/6731/6731
f 6732/6732/6732 6733/6733/6733 6734/6734/6734
f 961/961/961 6735/6735/6735 6736/6736/6736
f 4057/4057/4057 6737/6737/6737 6738/6738/6738
f 6739/6739/6739 6740/6740/6740 6741/6741/6741
f 6742/6742/6742 6743/6743/6743 6744/6744/6744
f 6745/6745/6745 6746/6746/6746 6747/6747/6747
f 6748/6748/6748 6749/6749/6749 6750/6750/6750
f 6751/6751/6751 6752/6752/6752 93/93/93
f 6753/6753/6753 6754/6754/6754 6755/6755/6755
f 6756/6756/6756 6757/6757/6757 6758/6758/6758
f 6759/6759/6759 6760/6760/6760 6761/6761/6761
f 6762/6762/6762 6763/6763/6763 6764/6764/6764
