v -0.39001948 -0.5235852 -0.55260795
v -0.33001164 -0.5801277 -0.53151906
v -0.41879684 -0.53832054 -0.4984262
v -0.3498974 -0.54852724 -0.5664793
v -0.34122708 -0.50139976 -0.6112732
v -0.28142413 -0.54239583 -0.596235
v -0.3498974 -0.54852724 -0.5664793
v -0.28142413 -0.54239583 -0.596235
v -0.33001164 -0.5801277 -0.53151906
v -0.25403106 -0.5803745 -0.54951334
v -0.28015554 -0.58988774 -0.5066197
v -0.28142413 -0.54239583 -0.596235
v -0.21593581 -0.5582018 -0.5766566
v -0.24453875 -0.51238203 -0.620152
v -0.21593581 -0.5582018 -0.5766566
v -0.18388496 -0.52613634 -0.59229064
v -0.1723083 -0.57439953 -0.53729147
v -0.12565333 -0.5320238 -0.5332223
v -0.1723083 -0.57439953 -0.53729147
v 0.24317604 -0.57680285 -0.55594903
v 0.21409613 -0.58924294 -0.5001875
v 0.183151 -0.55799365 -0.5622697
v 0.24317604 -0.57680285 -0.55594903
v 0.183151 -0.55799365 -0.5622697
v 0.23525989 -0.53505695 -0.6023199
v 0.27538073 -0.557412 -0.5812627
v 0.24317604 -0.57680285 -0.55594903
v 0.27538073 -0.557412 -0.5812627
v 0.27243423 -0.5907945 -0.4982532
v 0.3169397 -0.5855197 -0.5227151
v 0.27828252 -0.49359798 -0.6326488
v 0.3256213 -0.51426405 -0.6077914
v 0.27538073 -0.557412 -0.5812627
v 0.33145088 -0.5571047 -0.5659301
v 0.3256213 -0.51426405 -0.6077914
v 0.36473528 -0.57210875 -0.52570945
v 0.3641207 -0.51897454 -0.5808995
v 0.39215446 -0.5343436 -0.5400732
v -0.42817843 -0.42884174 -0.53333825
v -0.40892398 -0.47124308 -0.55739975
v -0.425262 -0.48939824 -0.51991284
v -0.4249457 -0.3609113 -0.5333947
v -0.40209824 -0.4204772 -0.5817791
v -0.42079368 -0.3163804 -0.5033953
v -0.39813578 -0.31175402 -0.54798436
v -0.39001948 -0.5235852 -0.55260795
v -0.41879684 -0.53832054 -0.4984262
v -0.38362747 -0.35748225 -0.6004162
v -0.38105303 -0.48833582 -0.58776855
v -0.40892398 -0.47124308 -0.55739975
v -0.38362747 -0.35748225 -0.6004162
v -0.40209824 -0.4204772 -0.5817791
v -0.36360496 -0.41529036 -0.62600553
v -0.40209824 -0.4204772 -0.5817791
v -0.38362747 -0.35748225 -0.6004162
v -0.36483255 -0.2768879 -0.57033885
v -0.35251105 -0.31461117 -0.605059
v -0.39813578 -0.31175402 -0.54798436
v -0.39813578 -0.31175402 -0.54798436
v -0.36483255 -0.2768879 -0.57033885
v -0.39813578 -0.31175402 -0.54798436
v -0.3880297 -0.26050988 -0.52385116
v -0.39301783 -0.1663095 -0.5034087
v -0.36592966 -0.13690862 -0.55539924
v -0.3721571 -0.21875402 -0.5546675
v -0.36483255 -0.2768879 -0.57033885
v -0.3880297 -0.26050988 -0.52385116
v -0.32432264 -0.36472997 -0.64483356
v -0.3815272 -0.10419296 -0.5092419
v -0.35772687 -0.092401125 -0.5556221
v -0.36178777 -0.04553252 -0.52219915
v -0.33900604 -0.2612731 -0.60230637
v -0.36483255 -0.2768879 -0.57033885
v -0.3721571 -0.21875402 -0.5546675
v -0.34096768 -0.15669894 -0.60113376
v -0.33274758 -0.023845125 -0.56339985
v -0.31331292 -0.4573532 -0.64473194
v -0.32815048 -0.19701807 -0.6210736
v -0.3721571 -0.21875402 -0.5546675
v -0.34096768 -0.15669894 -0.60113376
v -0.33504707 -0.10060044 -0.5964239
v -0.3721571 -0.21875402 -0.5546675
v -0.30187646 -0.29702073 -0.6381723
v -0.30815881 -0.044245843 -0.60944796
v -0.33504707 -0.10060044 -0.5964239
v -0.30018502 -0.11440369 -0.6433672
v -0.28614995 -0.24612929 -0.658298
v -0.30815881 -0.044245843 -0.60944796
v -0.33274758 -0.023845125 -0.56339985
v -0.30874664 0.015836984 -0.57483745
v -0.27381036 -0.48264349 -0.6399949
v -0.2685902 -0.42332527 -0.6610376
v -0.2735135 -0.15918376 -0.67599356
v -0.25813276 -0.06241609 -0.6688501
v -0.27980408 -0.0112506645 -0.6257792
v -0.24271621 -0.20289369 -0.6970372
v -0.25987217 -0.36504936 -0.66374904
v -0.24230912 -0.018776327 -0.66460896
v -0.23727429 -0.11195472 -0.69904
v -0.22604603 -0.46084747 -0.6483996
v -0.23713337 -0.3089581 -0.67610866
v -0.2271463 -0.25882745 -0.69583327
v -0.20743006 -0.411245 -0.66250455
v -0.21761428 -0.35829663 -0.6715052
v -0.2086295 -0.13740507 -0.7212231
v -0.20813547 -0.069343515 -0.7093477
v -0.18419017 -0.48207688 -0.62254757
v -0.18857422 -0.30944625 -0.6973497
v -0.2026309 5.571563E-4 -0.68608505
v -0.16763306 -0.21767008 -0.7343565
v -0.1835776 -0.17380238 -0.73397434
v -0.17400917 -0.12030525 -0.7396471
v -0.15810001 -0.01225211 -0.7198451
v -0.16638169 -0.35340014 -0.68473953
v -0.1562866 -0.27994108 -0.71981585
v -0.15317926 -0.08293018 -0.74491143
v -0.13146847 -0.42461765 -0.63080776
v -0.13497639 -0.38596696 -0.66395897
v -0.12531422 -0.49292973 -0.56691194
v -0.12709945 -0.24533461 -0.7399882
v -0.14220029 -0.1511882 -0.75373304
v -0.132678 -0.31632602 -0.710657
v -0.18388496 -0.52613634 -0.59229064
v -0.12531422 -0.49292973 -0.56691194
v -0.12565333 -0.5320238 -0.5332223
v -0.11296825 -0.029119845 -0.74730206
v -0.110900894 -0.35414997 -0.6891936
v -0.09200493 -0.2223518 -0.7583116
v -0.13146847 -0.42461765 -0.63080776
v -0.18419017 -0.48207688 -0.62254757
v -0.09678983 -0.2823311 -0.7317863
v -0.10234559 -0.10795011 -0.7660806
v -0.08601217 -0.1679888 -0.78490263
v -0.077741966 -0.44078922 -0.5764595
v -0.08462775 -0.32523414 -0.71050906
v -0.08182156 -0.38903904 -0.6494023
v -0.110900894 -0.35414997 -0.6891936
v -0.08182156 -0.38903904 -0.6494023
v -0.13497639 -0.38596696 -0.66395897
v -0.08484179 -0.4688968 -0.527656
v -0.05908245 -0.076229244 -0.77981555
v -0.04830681 -0.36485252 -0.67395777
v -0.06284346 -0.12586497 -0.79754674
v -0.04510993 -0.028039806 -0.7647799
v -0.042313155 -0.30367547 -0.7249121
v -0.07027753 -0.21369652 -0.80948764
v -0.09200493 -0.2223518 -0.7583116
v -0.08601217 -0.1679888 -0.78490263
v -0.0989958 0.023302078 -0.7295347
v -0.077741966 -0.44078922 -0.5764595
v -0.042102233 -0.4420995 -0.5343335
v -0.08484179 -0.4688968 -0.527656
v -0.049821116 -0.2532297 -0.77473205
v -0.04830681 -0.36485252 -0.67395777
v -0.044561327 -0.18169539 -0.8407892
v -0.13146847 -0.42461765 -0.63080776
v -0.047857374 -0.40694344 -0.6144473
v -0.044561327 -0.18169539 -0.8407892
v -0.049821116 -0.2532297 -0.77473205
v -0.053161062 -0.26074773 -0.85847217
v -0.044561327 -0.18169539 -0.8407892
v -0.021245804 -0.28155443 -0.8091459
v -0.015486083 -0.11241826 -0.8124629
v -0.01296714 -0.41990724 -0.5818136
v -0.0127113 -0.24562559 -0.9388312
v -0.036027376 -0.2947314 -0.9148506
v -0.0028617328 -0.19645067 -0.87947905
v 0.0067288466 -0.30533653 -0.8661916
v -0.053161062 -0.26074773 -0.85847217
v -0.036027376 -0.2947314 -0.9148506
v -0.006729866 -0.30966735 -0.9526193
v 0.012820348 -0.28123623 -0.9793108
v 0.017809704 -0.32876772 -0.70723677
v -0.053161062 -0.26074773 -0.85847217
v -0.021245804 -0.28155443 -0.8091459
v 0.01438404 -0.038890757 -0.77419394
v 0.0010144685 -0.28711778 -0.7450341
v -0.049821116 -0.2532297 -0.77473205
v 0.017698176 -0.38567162 -0.6445806
v -0.0066829375 -0.35657975 -0.6822268
v -0.0066829375 -0.35657975 -0.6822268
v 0.0010144685 -0.28711778 -0.7450341
v -0.049821116 -0.2532297 -0.77473205
v 0.009162126 -0.15323201 -0.8403524
v -0.0028617328 -0.19645067 -0.87947905
v 0.019307267 -0.4434309 -0.50419396
v 0.0010144685 -0.28711778 -0.7450341
v -0.006729866 -0.30966735 -0.9526193
v -0.036027376 -0.2947314 -0.9148506
v 0.03824634 -0.27442703 -0.82077324
v 0.025615063 -0.26711562 -0.7791717
v 0.012820348 -0.28123623 -0.9793108
v -0.0127113 -0.24562559 -0.9388312
v -0.0127113 -0.24562559 -0.9388312
v 0.041415986 -0.42726517 -0.5758427
v 0.04466246 -0.2300373 -0.8697594
v -0.0028617328 -0.19645067 -0.87947905
v 0.039248362 -0.104389 -0.7994943
v 0.05713498 -0.28439707 -0.7354578
v 0.009162126 -0.15323201 -0.8403524
v 0.0473534 -0.17757154 -0.8333187
v 0.07301996 -0.058780644 -0.76856923
v 0.039405916 -0.27636766 -0.9118064
v 0.04466246 -0.2300373 -0.8697594
v 0.039405916 -0.27636766 -0.9118064
v -0.0127113 -0.24562559 -0.9388312
v 0.0473534 -0.17757154 -0.8333187
v 0.057883695 -0.36984423 -0.67071056
v 0.057883695 -0.36984423 -0.67071056
v -0.0066829375 -0.35657975 -0.6822268
v 0.012820348 -0.28123623 -0.9793108
v 0.05713498 -0.28439707 -0.7354578
v -0.006729866 -0.30966735 -0.9526193
v 0.06451461 -0.23297335 -0.8055806
v 0.03824634 -0.27442703 -0.82077324
v 0.0067288466 -0.30533653 -0.8661916
v 0.07044019 -0.40541935 -0.62467825
v 0.08873495 -0.32582378 -0.7094133
v 0.039248362 -0.104389 -0.7994943
v 0.083863944 -0.16368328 -0.783849
v 0.0473534 -0.17757154 -0.8333187
v 0.05790972 8.0775004E-4 -0.7513685
v 0.06451461 -0.23297335 -0.8055806
v 0.10149531 -0.44988716 -0.58877134
v 0.11162478 -0.21490073 -0.75308913
v 0.05713498 -0.28439707 -0.7354578
v 0.10592416 -0.09983579 -0.7629131
v 0.06343709 -0.4534492 -0.5311946
v 0.12007357 -0.4167936 -0.63360065
v 0.11371735 -0.009788078 -0.7387315
v 0.039248362 -0.104389 -0.7994943
v 0.10592416 -0.09983579 -0.7629131
v 0.12007357 -0.4167936 -0.63360065
v 0.10149531 -0.44988716 -0.58877134
v 0.13944665 -0.3581928 -0.6838845
v 0.057883695 -0.36984423 -0.67071056
v 0.11162478 -0.21490073 -0.75308913
v 0.12124522 -0.26596394 -0.7340038
v 0.13944665 -0.3581928 -0.6838845
v 0.16422242 -0.08710496 -0.73866874
v 0.10149531 -0.44988716 -0.58877134
v 0.114201576 -0.50307286 -0.54292685
v 0.06343709 -0.4534492 -0.5311946
v 0.15732579 -0.29459858 -0.71268594
v 0.083863944 -0.16368328 -0.783849
v 0.13487604 -0.14763227 -0.755389
v 0.1506103 -0.48477697 -0.6015381
v 0.114201576 -0.50307286 -0.54292685
v 0.12007357 -0.4167936 -0.63360065
v 0.17168756 -0.23225033 -0.7284892
v 0.13313338 -0.54448724 -0.5343454
v 0.16643882 -0.41660774 -0.6523487
v 0.19096628 -0.4493202 -0.6446547
v 0.15861574 -0.016346281 -0.7202273
v 0.17907797 -0.18458563 -0.7338706
v 0.18193874 -0.13748619 -0.7350495
v 0.1950028 -0.3164994 -0.69122636
v 0.22061485 -0.3783633 -0.66917634
v 0.21621622 -0.2511251 -0.7027246
v 0.2182019 -0.4941507 -0.62779087
v 0.23041497 -0.12727734 -0.70424443
v 0.20835683 -0.05370544 -0.7032922
v 0.1930754 -0.0024321326 -0.69243073
v 0.23559362 -0.1895594 -0.7015749
v 0.23928858 -0.2890287 -0.6798378
v 0.20835683 -0.05370544 -0.7032922
v 0.1930754 -0.0024321326 -0.69243073
v 0.23234574 -0.026976248 -0.674899
v 0.24514598 -0.33213192 -0.6669496
v 0.25363767 -0.42827228 -0.660889
v 0.24629626 -0.07548728 -0.681673
v 0.26235873 -0.22002332 -0.680288
v 0.24629626 -0.07548728 -0.681673
v 0.20835683 -0.05370544 -0.7032922
v 0.30307192 -0.3799243 -0.6552527
v 0.28639716 -0.053983454 -0.63633454
v 0.2629493 0.006522672 -0.6311452
v 0.28579906 -0.25971916 -0.6544929
v 0.27914014 -0.15017581 -0.66829896
v 0.23559362 -0.1895594 -0.7015749
v 0.23041497 -0.12727734 -0.70424443
v 0.26235873 -0.22002332 -0.680288
v 0.23559362 -0.1895594 -0.7015749
v 0.23041497 -0.12727734 -0.70424443
v 0.29949042 -0.3121326 -0.63946235
v 0.29741442 -0.2040666 -0.65246135
v 0.28579906 -0.25971916 -0.6544929
v 0.26235873 -0.22002332 -0.680288
v 0.30921194 -0.028041562 -0.5971538
v 0.3226493 -0.44138005 -0.6453576
v 0.30755103 -0.112286374 -0.6337681
v 0.31283605 -0.15629828 -0.63553774
v 0.32931453 -0.24840176 -0.612867
v 0.32730633 -0.079674125 -0.5968673
v 0.34974656 -0.35325116 -0.6270758
v 0.29949042 -0.3121326 -0.63946235
v 0.33517033 -0.19390188 -0.609699
v 0.3080351 0.020208366 -0.5696033
v 0.33251894 -0.021976562 -0.559543
v 0.3487649 -0.15632063 -0.5858039
v 0.34919512 -0.3132053 -0.60527533
v 0.3517201 -0.40965515 -0.6349471
v 0.34919512 -0.3132053 -0.60527533
v 0.34858817 -0.110734686 -0.57488465
v 0.3641207 -0.51897454 -0.5808995
v 0.33145088 -0.5571047 -0.5659301
v 0.36490095 -0.22090912 -0.5642658
v 0.37189797 -0.27860197 -0.55642086
v 0.3591414 -0.07480748 -0.5402554
v 0.36005688 -0.020873891 -0.5046191
v 0.37921214 -0.47064686 -0.5968491
v 0.38892233 -0.40043157 -0.597813
v 0.3517201 -0.40965515 -0.6349471
v 0.34974656 -0.35325116 -0.6270758
v 0.37569058 -0.12393598 -0.5271474
v 0.3517201 -0.40965515 -0.6349471
v 0.37921214 -0.47064686 -0.5968491
v 0.3226493 -0.44138005 -0.6453576
v 0.3892464 -0.3381114 -0.5800984
v 0.3641207 -0.51897454 -0.5808995
v 0.3256213 -0.51426405 -0.6077914
v 0.34974656 -0.35325116 -0.6270758
v 0.37894732 -0.18095748 -0.5356442
v 0.3517201 -0.40965515 -0.6349471
v 0.39128768 -0.22970235 -0.5065339
v 0.4099673 -0.32229084 -0.5323661
v 0.4140405 -0.4701111 -0.5447644
v 0.39215446 -0.5343436 -0.5400732
v 0.42029858 -0.42075628 -0.5463742
v 0.42015895 -0.37234366 -0.54395634
v -0.32537836 0.036708172 -0.533993
v -0.30874664 0.015836984 -0.57483745
v -0.27119678 0.05837041 -0.59044564
v -0.30874664 0.015836984 -0.57483745
v -0.30100054 0.089027844 -0.52582145
v -0.27119678 0.05837041 -0.59044564
v -0.29737166 0.123194076 -0.49414963
v -0.24584088 0.121109694 -0.5653714
v -0.30100054 0.089027844 -0.52582145
v -0.23945682 0.022986814 -0.64541155
v -0.22363432 0.069171675 -0.6288668
v -0.2174339 0.15348744 -0.56277555
v -0.24584088 0.121109694 -0.5653714
v -0.24893247 0.17678767 -0.49830082
v -0.18122274 0.110160515 -0.6309279
v -0.18448362 0.06502509 -0.66169333
v -0.18902954 0.1929686 -0.5458685
v -0.2174339 0.15348744 -0.56277555
v -0.16759562 0.15513681 -0.60212827
v -0.16759562 0.15513681 -0.60212827
v -0.15927695 0.044473328 -0.68975675
v -0.13668437 0.11391713 -0.65572524
v -0.16152143 0.24177983 -0.5016322
v -0.1323274 0.19444582 -0.5861014
v -0.16759562 0.15513681 -0.60212827
v -0.11253145 0.24278086 -0.5376712
v -0.10497001 0.16237713 -0.63131875
v -0.1323274 0.19444582 -0.5861014
v -0.10264361 0.07642206 -0.6972608
v -0.08241342 0.12886743 -0.66796684
v -0.08393102 0.21596122 -0.5852041
v -0.055703808 0.2570642 -0.5384397
v -0.10497001 0.16237713 -0.63131875
v -0.09501203 0.26963577 -0.503011
v -0.053569976 0.040136367 -0.7336428
v -0.048007313 0.17360798 -0.63910806
v -0.04824133 0.08803168 -0.7060115
v -0.048007313 0.17360798 -0.63910806
v -0.03496869 0.21955515 -0.5928481
v 0.0043415623 0.02707211 -0.74561715
v -0.018042 0.13599648 -0.6759541
v -0.0048855627 0.18651769 -0.63193935
v 0.019180648 0.09415169 -0.7061882
v 0.0016535155 0.25139746 -0.552976
v -0.018042 0.13599648 -0.6759541
v 0.032703303 0.21189041 -0.6018752
v 0.037874654 0.13622788 -0.67305815
v 0.038991876 0.16957018 -0.6442175
v 0.037874654 0.13622788 -0.67305815
v 0.050540358 0.25676256 -0.5398272
v 0.066275515 0.042497218 -0.7289517
v 0.037874654 0.13622788 -0.67305815
v 0.06860752 0.092306346 -0.69767934
v 0.0857103 0.18463972 -0.6175386
v 0.083273605 0.14441824 -0.65480554
v 0.087668315 0.22305277 -0.5750938
v 0.11341667 0.24188273 -0.5369283
v 0.037874654 0.13622788 -0.67305815
v 0.083273605 0.14441824 -0.65480554
v 0.124936625 0.049573407 -0.7036716
v 0.12961887 0.09538243 -0.67184806
v 0.121112846 0.14845625 -0.6353148
v 0.121112846 0.14845625 -0.6353148
v 0.13601136 0.19286925 -0.584173
v 0.1700615 0.21625921 -0.53137505
v 0.12961887 0.09538243 -0.67184806
v 0.16864942 0.11663859 -0.6332328
v 0.17537972 0.062724 -0.6678447
v 0.16864942 0.11663859 -0.6332328
v 0.2249409 0.15401617 -0.55153143
v 0.16864942 0.11663859 -0.6332328
v 0.20652178 0.10977164 -0.61011106
v 0.17537972 0.062724 -0.6678447
v 0.20652178 0.10977164 -0.61011106
v 0.21533191 0.03742386 -0.6550441
v 0.22706428 0.06840153 -0.6246437
v 0.21533191 0.03742386 -0.6550441
v 0.17537972 0.062724 -0.6678447
v 0.1930754 -0.0024321326 -0.69243073
v 0.2691542 0.043981627 -0.60153747
v 0.255709 0.085457996 -0.58447766
v 0.2249409 0.15401617 -0.55153143
v 0.28695416 0.08047241 -0.5510349
v 0.27060378 0.14201804 -0.5111962
v 0.3360765 0.036749795 -0.510478
v -0.48274294 -0.55125695 -0.22680882
v -0.4863028 -0.5133658 -0.28743184
v -0.47576457 -0.56109965 -0.29690427
v -0.4778453 -0.5247048 -0.34185535
v -0.48886007 -0.50410926 -0.18202446
v -0.47343928 -0.54593873 -0.14637154
v -0.4777213 -0.50201446 -0.12797529
v -0.4422925 -0.59564114 -0.27974635
v -0.44426626 -0.5851908 -0.1652868
v -0.45295846 -0.5792726 -0.35425282
v -0.46202624 -0.54997534 -0.39469445
v -0.4422925 -0.59564114 -0.27974635
v -0.4337216 -0.5983901 -0.20890862
v -0.48274294 -0.55125695 -0.22680882
v -0.44426626 -0.5851908 -0.1652868
v -0.4130314 -0.5868441 -0.13008013
v -0.45295846 -0.5792726 -0.35425282
v -0.46202624 -0.54997534 -0.39469445
v -0.42451116 -0.5882114 -0.3997423
v -0.4130314 -0.5868441 -0.13008013
v -0.4455986 -0.53686166 -0.08394705
v -0.4463827 -0.5397497 -0.4463945
v -0.42451116 -0.5882114 -0.3997423
v -0.40232766 -0.5989655 -0.33336744
v -0.39804772 -0.58697087 -0.4448462
v -0.41879684 -0.53832054 -0.4984262
v -0.39804772 -0.58697087 -0.4448462
v -0.37637404 -0.5848579 -0.4863117
v -0.3752855 -0.5600235 -0.07515219
v -0.4455986 -0.53686166 -0.08394705
v -0.4130314 -0.5868441 -0.13008013
v -0.37775946 -0.60176295 -0.29227424
v -0.37477738 -0.6028315 -0.23567626
v -0.3892087 -0.60208285 -0.18369862
v -0.3752855 -0.5600235 -0.07515219
v -0.40207005 -0.52898085 -0.05314304
v -0.4455986 -0.53686166 -0.08394705
v -0.35715297 -0.59770787 -0.39339963
v -0.3620289 -0.59113395 -0.11994482
v -0.37637404 -0.5848579 -0.4863117
v -0.39804772 -0.58697087 -0.4448462
v -0.35972244 -0.5995662 -0.34737754
v -0.40207005 -0.52898085 -0.05314304
v -0.3752855 -0.5600235 -0.07515219
v -0.33546776 -0.5196197 -0.06498265
v -0.38182056 -0.48247826 -0.046785153
v -0.3384783 -0.60016644 -0.16600677
v -0.31455284 -0.602263 -0.23109406
v -0.30909342 -0.5525434 -0.097118706
v -0.3205773 -0.6020155 -0.30183664
v -0.3620289 -0.59113395 -0.11994482
v -0.30232465 -0.5945537 -0.4570178
v -0.37637404 -0.5848579 -0.4863117
v -0.31186253 -0.59986436 -0.34828907
v -0.2803971 -0.58053035 -0.14590295
v -0.3620289 -0.59113395 -0.11994482
v -0.2803971 -0.58053035 -0.14590295
v -0.2758383 -0.5980436 -0.39386564
v -0.26090097 -0.6008675 -0.3024283
v -0.26063094 -0.6013156 -0.25959593
v -0.26049334 -0.5225647 -0.12711412
v -0.29827052 -0.4700719 -0.08577627
v -0.2566091 -0.599301 -0.3451156
v -0.23832175 -0.59234506 -0.20987104
v -0.25910974 -0.59535146 -0.4363595
v -0.21862191 -0.5909619 -0.48412633
v -0.2304562 -0.54938495 -0.17210352
v -0.23832175 -0.59234506 -0.20987104
v -0.21989325 -0.5965806 -0.38866502
v -0.20217936 -0.5969864 -0.34591192
v -0.19738682 -0.5975435 -0.29835057
v -0.17831084 -0.5908237 -0.45390034
v -0.18478444 -0.5260737 -0.21467716
v -0.16809085 -0.58118105 -0.25738832
v -0.14791556 -0.58235794 -0.3009331
v -0.16809085 -0.58118105 -0.25738832
v -0.11591841 -0.55859905 -0.3901354
v -0.14839706 -0.52745056 -0.2657412
v -0.18478444 -0.5260737 -0.21467716
v -0.16809085 -0.58118105 -0.25738832
v -0.12704703 -0.5643296 -0.48968527
v -0.122134 -0.5612125 -0.3299635
v -0.14791556 -0.58235794 -0.3009331
v -0.16809085 -0.58118105 -0.25738832
v -0.12182093 -0.50856954 -0.3005742
v -0.12704703 -0.5643296 -0.48968527
v -0.1723083 -0.57439953 -0.53729147
v -0.122134 -0.5612125 -0.3299635
v -0.11591841 -0.55859905 -0.3901354
v -0.10951569 -0.5181777 -0.343585
v -0.09655942 -0.50870395 -0.47026482
v 0.083627194 -0.48710138 -0.47280306
v 0.13313338 -0.54448724 -0.5343454
v 0.11898957 -0.5737215 -0.43702522
v 0.106060125 -0.5447593 -0.37710857
v 0.12724456 -0.5799332 -0.3537191
v 0.11154979 -0.5110481 -0.3274731
v 0.13100296 -0.5372857 -0.2938687
v 0.1470497 -0.5811213 -0.28707552
v 0.16172267 -0.5918761 -0.3987944
v 0.12724456 -0.5799332 -0.3537191
v 0.11898957 -0.5737215 -0.43702522
v 0.13313338 -0.54448724 -0.5343454
v 0.15741277 -0.5856075 -0.48850796
v 0.1470497 -0.5811213 -0.28707552
v 0.18620463 -0.59571856 -0.34792066
v 0.17800386 -0.59193516 -0.44138896
v 0.16953696 -0.56425035 -0.243514
v 0.13313338 -0.54448724 -0.5343454
v 0.16953696 -0.56425035 -0.243514
v 0.18947959 -0.59662646 -0.2911796
v 0.20648931 -0.5492182 -0.1955879
v 0.15845515 -0.51257807 -0.24433845
v 0.23265119 -0.593212 -0.21627365
v 0.24017769 -0.59999806 -0.2642413
v 0.23265119 -0.593212 -0.21627365
v 0.23697922 -0.59647775 -0.40684628
v 0.24828443 -0.5996111 -0.3300534
v 0.23293975 -0.5939014 -0.4599145
v 0.26078725 -0.58150315 -0.16216062
v 0.23522702 -0.51711434 -0.1500934
v 0.3108965 -0.602515 -0.2368128
v 0.2856223 -0.59610283 -0.42883313
v 0.26985407 -0.5528913 -0.12885216
v 0.29724276 -0.5987598 -0.37808123
v 0.30433124 -0.6019393 -0.30036545
v 0.3397181 -0.6009042 -0.17511192
v 0.26078725 -0.58150315 -0.16216062
v 0.31449133 -0.57430947 -0.111560926
v 0.28456736 -0.5116514 -0.098703235
v 0.31449133 -0.57430947 -0.111560926
v 0.33857632 -0.5930337 -0.46885332
v 0.31449133 -0.57430947 -0.111560926
v 0.33303863 -0.59963953 -0.35478306
v 0.35707474 -0.5367508 -0.06390251
v 0.28456736 -0.5116514 -0.098703235
v 0.31449133 -0.57430947 -0.111560926
v 0.36244053 -0.6011638 -0.31258214
v 0.350223 -0.602695 -0.267534
v 0.35562882 -0.5968051 -0.4103161
v 0.36532274 -0.6028504 -0.22074075
v 0.3857454 -0.5893252 -0.12134925
v 0.35707474 -0.5367508 -0.06390251
v 0.39644676 -0.59853363 -0.34649307
v 0.39915466 -0.60169196 -0.2731497
v 0.4009174 -0.57042325 -0.4812333
v 0.41110542 -0.6006363 -0.19259737
v 0.40401512 -0.5412594 -0.06154075
v 0.41305643 -0.5863627 -0.42612305
v 0.43652594 -0.58692706 -0.3743807
v 0.4009174 -0.57042325 -0.4812333
v 0.36473528 -0.57210875 -0.52570945
v 0.42891634 -0.50378835 -0.50024676
v 0.43817466 -0.5641192 -0.10948499
v 0.44187146 -0.58500135 -0.16061819
v 0.45646566 -0.587105 -0.27976102
v 0.4382777 -0.54117703 -0.45760423
v 0.41305643 -0.5863627 -0.42612305
v 0.4666509 -0.57578886 -0.22394153
v 0.40401512 -0.5412594 -0.06154075
v 0.43817466 -0.5641192 -0.10948499
v 0.45673352 -0.50529915 -0.08646345
v 0.43652594 -0.58692706 -0.3743807
v 0.46553016 -0.52733094 -0.39732617
v 0.46817553 -0.5581702 -0.33983794
v 0.45646566 -0.587105 -0.27976102
v 0.48088038 -0.52816486 -0.1699149
v 0.43817466 -0.5641192 -0.10948499
v 0.44187146 -0.58500135 -0.16061819
v 0.45673352 -0.50529915 -0.08646345
v 0.4666509 -0.57578886 -0.22394153
v 0.47727957 -0.51459765 -0.34068483
v 0.484981 -0.5215436 -0.27291098
v -0.49095273 -0.45570123 -0.17770657
v -0.49266368 -0.4991051 -0.23045489
v -0.49362773 -0.45397022 -0.2542247
v -0.49418193 -0.41324657 -0.21836136
v -0.46888852 -0.35106954 -0.24714611
v -0.47453988 -0.36759347 -0.17829734
v -0.47899073 -0.4278246 -0.3365775
v -0.48582023 -0.3977331 -0.2828286
v -0.47833574 -0.43410233 -0.12544951
v -0.48465475 -0.47632524 -0.31734475
v -0.47682863 -0.49232808 -0.37134197
v -0.46709198 -0.47593486 -0.09369194
v -0.47045523 -0.44454542 -0.40213406
v -0.45699412 -0.36517775 -0.13386157
v -0.46616626 -0.3508656 -0.29522014
v -0.4618302 -0.3805787 -0.38474965
v -0.46409273 -0.49134678 -0.4334328
v -0.44182843 -0.42836112 -0.062333427
v -0.45955342 -0.35366118 -0.34539357
v -0.45115608 -0.46273112 -0.47097474
v -0.45870155 -0.41123015 -0.43835124
v -0.44243848 -0.47622365 -0.056691423
v -0.44810325 -0.36309612 -0.45312387
v -0.43069208 -0.32310197 -0.20066635
v -0.46888852 -0.35106954 -0.24714611
v -0.47453988 -0.36759347 -0.17829734
v -0.4400612 -0.3102954 -0.2932883
v -0.44302648 -0.40225458 -0.49615186
v -0.42890525 -0.35879326 -0.089436404
v -0.44271424 -0.328044 -0.40375352
v -0.42953908 -0.28545368 -0.33578444
v -0.40955526 -0.39227998 -0.055077452
v -0.45699412 -0.36517775 -0.13386157
v -0.46888852 -0.35106954 -0.24714611
v -0.42950654 -0.3028376 -0.24689159
v -0.4254691 -0.30442515 -0.45714223
v -0.43974802 -0.16214818 -0.1415416
v -0.4365119 -0.19806242 -0.2128156
v -0.43552566 -0.21443537 -0.14594766
v -0.43788433 -0.106832564 -0.16889343
v -0.43928412 -0.117818505 -0.1012585
v -0.4351446 -0.16346951 -0.06868639
v -0.4135939 -0.33029273 -0.15521306
v -0.42256874 -0.27880386 -0.3947757
v -0.42786932 -0.26135254 -0.19192412
v -0.42890784 -0.2155413 -0.08317472
v -0.43276447 -0.17731822 -0.2958818
v -0.43679684 -0.15408452 -0.22767267
v -0.4310247 -0.1002478 -0.25199795
v -0.4363554 -0.08932062 -0.06312329
v -0.42594588 -0.17042956 -0.0018739533
v -0.43239385 -0.043245062 -0.13154125
v -0.43285 -0.045656815 -0.048153624
v -0.4296344 -0.018502906 -0.08752036
v -0.43069208 -0.32310197 -0.20066635
v -0.46888852 -0.35106954 -0.24714611
v -0.42689797 -0.25813776 -0.26253977
v -0.43090194 -0.22134057 -0.29711664
v -0.42693037 -0.21145998 -0.34673858
v -0.42785132 -0.12768407 -0.31530765
v -0.43118143 -0.111308955 0.009781421
v -0.43128452 -0.072475776 -0.21141464
v -0.425986 -0.017546939 0.0068637813
v -0.39365584 -0.3386392 -0.10033895
v -0.42890525 -0.35879326 -0.089436404
v -0.41984963 -0.27770972 -0.14052555
v -0.41287494 -0.2630014 -0.0768745
v -0.4207593 -0.22070779 -0.041486062
v -0.42608398 -0.16830875 -0.359471
v -0.42023334 -0.045585062 -0.2718501
v -0.42047197 -0.018456647 -0.21525198
v -0.4195247 0.018386312 -0.029480033
v -0.44243848 -0.47622365 -0.056691423
v -0.4455986 -0.53686166 -0.08394705
v -0.4158187 -0.167196 -0.4188498
v -0.4175257 -0.12446081 -0.38706303
v -0.41381264 -0.06963596 -0.35398874
v -0.41522452 0.019253515 -0.17538714
v -0.44182843 -0.42836112 -0.062333427
v -0.41495216 -0.23778541 -0.41780722
v -0.40822643 -0.23090091 0.006763688
v -0.40964848 -0.20241416 -0.452479
v -0.4071589 0.010597039 -0.26741892
v -0.3643511 -0.4366988 -0.056023203
v -0.40955526 -0.39227998 -0.055077452
v -0.4135939 -0.33029273 -0.15521306
v -0.4031335 -0.25917563 -0.47396764
v -0.39365584 -0.3386392 -0.10033895
v -0.40308043 -0.08750597 -0.42738783
v -0.40538448 -0.014200844 -0.32941628
v -0.40096247 -0.1281913 -0.46418172
v -0.3928643 -0.27487725 -0.014614312
v -0.40955526 -0.39227998 -0.055077452
v -0.38002002 -0.31259495 -0.048852436
v -0.3961844 -0.21697031 -0.5003272
v -0.39197782 -0.037188 -0.4275747
v -0.39338708 -0.008326375 -0.38882968
v -0.3888397 -0.07383637 -0.46976334
v -0.3688284 0.032565266 -0.4351034
v -0.3778046 -0.027552187 -0.46826404
v -0.39365584 -0.3386392 -0.10033895
v -0.3568053 -0.39307436 -0.06652121
v -0.36374065 -0.30902326 0.0035296255
v -0.33970553 -0.3555822 -0.033250064
v -0.3568053 -0.39307436 -0.06652121
v -0.3568053 -0.39307436 -0.06652121
v -0.29020178 -0.40066078 -0.036200885
v -0.33970553 -0.3555822 -0.033250064
v -0.29020178 -0.40066078 -0.036200885
v -0.23827092 -0.44269618 -0.06675662
v -0.23848939 -0.47072423 -0.121527314
v -0.23827092 -0.44269618 -0.06675662
v -0.22844443 -0.41682604 0.004115102
v -0.29020178 -0.40066078 -0.036200885
v -0.20215067 -0.48977065 -0.16836882
v -0.196964 -0.4622391 -0.11148541
v -0.23848939 -0.47072423 -0.121527314
v -0.20215067 -0.48977065 -0.16836882
v -0.15599993 -0.4614161 -0.058388546
v -0.16161749 -0.44793534 -0.0112412665
v -0.16369855 -0.47199047 -0.14546205
v -0.15595183 -0.48188412 -0.1977844
v -0.18478444 -0.5260737 -0.21467716
v -0.18478444 -0.5260737 -0.21467716
v -0.13659315 -0.48523155 -0.24010824
v -0.15595183 -0.48188412 -0.1977844
v -0.11264711 -0.4711051 -0.080565564
v -0.12103754 -0.47644594 -0.1441555
v -0.13659315 -0.48523155 -0.24010824
v -0.13659315 -0.48523155 -0.24010824
v -0.111682184 -0.4808166 -0.20389962
v -0.09052298 -0.44704828 0.024409655
v -0.054073364 -0.4637077 -0.010696496
v -0.08907988 -0.48551363 -0.36275536
v -0.066176616 -0.47955573 -0.25291562
v -0.07119599 -0.48010883 -0.13961452
v -0.12182093 -0.50856954 -0.3005742
v -0.09054884 -0.4962969 -0.4128163
v -0.06190886 -0.45953652 -0.48426992
v -0.05390572 -0.46080458 -0.44018996
v -0.050050247 -0.4826638 -0.20375094
v -0.049156502 -0.47689107 -0.077798314
v -0.08907988 -0.48551363 -0.36275536
v -0.05725925 -0.46993524 -0.32746285
v -0.05390572 -0.46080458 -0.44018996
v -0.038991857 -0.46071813 -0.38899958
v -0.06190886 -0.45953652 -0.48426992
v -0.013093859 -0.4689127 -0.32699522
v -0.013710508 -0.48079967 -0.10201129
v -0.0156485 -0.4448603 -0.48372594
v -0.0151797505 -0.4781675 -0.26315308
v -0.003140625 -0.48365587 -0.17465237
v 0.020429727 -0.45389217 -0.4338677
v 0.011390461 -0.47508478 -0.051341664
v 0.004236453 -0.4602544 -0.37963587
v 0.0309635 -0.48251608 -0.20605934
v 0.05665895 -0.48005432 -0.1254483
v 0.03590175 -0.46410006 -0.006056969
v 0.039711032 -0.4727547 -0.30545482
v 0.066093124 -0.48028284 -0.24362494
v 0.05055707 -0.46463126 -0.3766368
v 0.08093415 -0.48143852 -0.17555141
v 0.085337535 -0.46498176 -0.02670129
v 0.074479185 -0.4744943 -0.07467644
v 0.08092609 -0.47438663 -0.330662
v 0.083627194 -0.48710138 -0.47280306
v 0.11679113 -0.48480913 -0.2709468
v 0.09053056 -0.49828947 -0.3946516
v 0.13742378 -0.48249757 -0.2054832
v 0.11928074 -0.4699377 -0.08128033
v 0.09053056 -0.49828947 -0.3946516
v 0.09053056 -0.49828947 -0.3946516
v 0.08092609 -0.47438663 -0.330662
v 0.06343709 -0.4534492 -0.5311946
v 0.114201576 -0.50307286 -0.54292685
v 0.13806057 -0.47475374 -0.14831446
v 0.11679113 -0.48480913 -0.2709468
v 0.13296638 -0.45300877 -0.008172718
v 0.1854446 -0.4649145 -0.11681933
v 0.13742378 -0.48249757 -0.2054832
v 0.11679113 -0.48480913 -0.2709468
v 0.17403415 -0.45743138 -0.06136567
v 0.2030608 -0.49193645 -0.16905315
v 0.2030608 -0.49193645 -0.16905315
v 0.13742378 -0.48249757 -0.2054832
v 0.23974559 -0.44409186 -0.07507261
v 0.2318688 -0.46615005 -0.12038374
v 0.2382825 -0.42104495 -0.017198421
v 0.2318688 -0.46615005 -0.12038374
v 0.28989047 -0.45691854 -0.083472714
v 0.28989047 -0.45691854 -0.083472714
v 0.28989047 -0.45691854 -0.083472714
v 0.32661462 -0.37503666 -0.04296931
v 0.35707474 -0.5367508 -0.06390251
v 0.28989047 -0.45691854 -0.083472714
v 0.28989047 -0.45691854 -0.083472714
v 0.3561488 -0.42627728 -0.059835665
v 0.32661462 -0.37503666 -0.04296931
v 0.35350224 -0.47092408 -0.05169794
v 0.35707474 -0.5367508 -0.06390251
v 0.361924 -0.31642154 -0.014039906
v 0.32661462 -0.37503666 -0.04296931
v 0.36754435 -0.3381933 -0.055419758
v 0.36754435 -0.3381933 -0.055419758
v 0.32661462 -0.37503666 -0.04296931
v 0.3970418 -0.485587 -0.044240993
v 0.3768823 -0.06819363 -0.49520594
v 0.3826666 -0.026591655 -0.44406724
v 0.3632607 0.016799062 -0.46542025
v 0.39424735 -0.29687768 -0.07234619
v 0.40052235 -0.33827823 -0.11471109
v 0.41366076 -0.38262343 -0.057558633
v 0.40298742 -0.2548952 -0.024696954
v 0.39387053 -0.12537873 -0.4793415
v 0.4034599 -0.108903766 -0.43302304
v 0.40267348 -0.28650123 -0.50108695
v 0.40177065 -0.17972872 -0.4719312
v 0.39913815 -0.057678342 -0.4082238
v 0.3792532 0.019620398 -0.40484923
v 0.39919177 -0.008740703 -0.34609622
v 0.41366076 -0.38262343 -0.057558633
v 0.40052235 -0.33827823 -0.11471109
v 0.36754435 -0.3381933 -0.055419758
v 0.4037897 -0.2496329 -0.46180624
v 0.4242078 -0.43559676 -0.048242413
v 0.41035923 -0.28485662 -0.1137883
v 0.41062748 -0.03177481 -0.30962703
v 0.4025405 0.010709993 -0.28754205
v 0.41616324 -0.16723944 -0.4078387
v 0.41194606 -0.065613285 -0.3483213
v 0.41631588 -0.29661235 -0.16848856
v 0.4242563 -0.22665766 -0.084625795
v 0.4192444 -0.28962624 -0.43634218
v 0.4140612 -0.21636777 -0.4182799
v 0.42357585 -0.19162291 -0.030680528
v 0.41122472 -0.21285048 0.040906116
v 0.41717583 -0.11669156 -0.3705848
v 0.41715264 -0.037738323 -0.26671103
v 0.41366076 -0.38262343 -0.057558633
v 0.45775643 -0.38498533 -0.103661284
v 0.44157788 -0.33918956 -0.19281948
v 0.42731002 -0.24202983 -0.13618092
v 0.41899568 -0.25384662 -0.36597025
v 0.4079421 0.015568313 -0.23353639
v 0.42323452 -0.03223587 -0.19532558
v 0.4383683 -0.34506977 -0.47183746
v 0.42433462 -0.27216685 -0.23027742
v 0.43226135 -0.30551893 -0.37510678
v 0.42301753 -0.20298418 -0.3683024
v 0.42529964 -0.087970436 -0.27588695
v 0.4413363 -0.31964558 -0.25925136
v 0.42433035 -0.26974666 -0.3133151
v 0.42917815 -0.24442446 -0.18560353
v 0.4275809 -0.21086013 -0.3224663
v 0.42501152 -0.15544513 -0.34501657
v 0.4249896 -0.11571784 -0.3139041
v 0.43027046 -0.08723838 -0.21859816
v 0.45775643 -0.38498533 -0.103661284
v 0.4300552 -0.22069517 -0.27433157
v 0.4315576 -0.17611931 -0.28162497
v 0.4320925 -0.12999056 -0.25051355
v 0.43316153 -0.058729123 -0.11520051
v 0.42175543 -0.0040837186 -0.14725372
v 0.42907512 -0.066262156 0.017548312
v 0.43057752 -0.047511905 -0.045729533
v 0.41946277 0.008490187 -0.020303342
v 0.4215287 0.0087872185 -0.08792164
v 0.4422324 -0.44457293 -0.49362218
v 0.44157788 -0.33918956 -0.19281948
v 0.434713 -0.1827483 -0.22040918
v 0.4364304 -0.18880334 -0.14252043
v 0.4310751 -0.12524079 -0.022900002
v 0.43617916 -0.09873562 -0.14889076
v 0.44060823 -0.3975761 -0.49614376
v 0.4499467 -0.33821946 -0.35080644
v 0.4368363 -0.14567725 -0.09586622
v 0.43771636 -0.14066887 -0.16397876
v 0.43514636 -0.086668625 -0.070230246
v 0.45672894 -0.43667504 -0.07926932
v 0.46372056 -0.36353868 -0.14128153
v 0.45594865 -0.3377992 -0.30233026
v 0.4494409 -0.35980543 -0.42204502
v 0.46016923 -0.47433716 -0.4402392
v 0.45673352 -0.50529915 -0.08646345
v 0.45672894 -0.43667504 -0.07926932
v 0.4242078 -0.43559676 -0.048242413
v 0.45340312 -0.39747065 -0.4456638
v 0.46440434 -0.39073032 -0.37346685
v 0.46889633 -0.44588536 -0.39894104
v 0.4802618 -0.37947863 -0.27091587
v 0.4802618 -0.37947863 -0.27091587
v 0.4413363 -0.31964558 -0.25925136
v 0.46982267 -0.37651578 -0.3221305
v 0.48755306 -0.40676904 -0.18065001
v 0.4806373 -0.44723457 -0.13914809
v 0.45672894 -0.43667504 -0.07926932
v 0.45775643 -0.38498533 -0.103661284
v 0.48552582 -0.3786754 -0.21451269
v 0.47640115 -0.4572152 -0.3562122
v 0.48073286 -0.43051773 -0.31786686
v 0.48755306 -0.40676904 -0.18065001
v 0.46372056 -0.36353868 -0.14128153
v 0.48427683 -0.47887325 -0.3043201
v 0.48896715 -0.47470525 -0.17987344
v 0.49173892 -0.45878375 -0.24613081
v 0.4897908 -0.50713253 -0.23233363
v 0.49308926 -0.41549712 -0.23921774
v 0.48552582 -0.3786754 -0.21451269
v -0.41902852 0.026420813 -0.074067935
v -0.4113844 0.045836613 -0.11959801
v -0.40276057 0.0490867 -0.20856573
v -0.39620918 0.08302617 -0.028615832
v -0.39583933 0.032758344 -0.3047788
v -0.3880542 0.074458465 -0.25813732
v -0.3828662 0.10230214 -0.2050833
v -0.390633 0.022006376 -0.35849208
v -0.37980363 0.07063814 -0.325792
v -0.38226718 0.11663001 -0.13858224
v -0.3735631 0.06551899 -0.36958665
v -0.37015662 0.10438953 -0.30071154
v -0.3660515 0.12653658 -0.2537146
v -0.36846957 0.1445465 -0.053677376
v -0.35729522 0.015886892 -0.4874943
v -0.34961325 0.17339596 -0.15516418
v -0.3642279 0.14266661 0.0051669693
v -0.3495828 0.17659515 -0.1098281
v -0.34861428 0.089392506 -0.42378795
v -0.35461614 0.11008281 -0.36644632
v -0.35310462 0.16165909 -0.19638853
v -0.33625603 0.07441499 -0.4759411
v -0.34643337 0.14084569 -0.33025557
v -0.34418952 0.16222373 -0.2693916
v -0.3423965 0.18332681 -0.036687437
v -0.33806103 0.18018863 0.008211219
v -0.3242249 0.19995394 -0.2245787
v -0.31676155 0.21828625 -0.07178452
v -0.31977403 0.1645275 -0.3735994
v -0.31647083 0.18679667 -0.32731152
v -0.31539387 0.19999695 -0.28236175
v -0.32124788 0.2125279 -0.15701929
v -0.30841416 0.15304393 -0.4267516
v -0.29737166 0.123194076 -0.49414963
v -0.29314572 0.24425581 -0.104398
v -0.30445597 0.22616185 -0.026371563
v -0.29002854 0.23787466 -0.22509712
v -0.28190506 0.25323182 -0.15659097
v -0.28446388 0.21347944 -0.35955685
v -0.31539387 0.19999695 -0.28236175
v -0.28446388 0.21347944 -0.35955685
v -0.31647083 0.18679667 -0.32731152
v -0.31539387 0.19999695 -0.28236175
v -0.26254085 0.2501967 -0.30087745
v -0.28446388 0.21347944 -0.35955685
v -0.30841416 0.15304393 -0.4267516
v -0.31977403 0.1645275 -0.3735994
v -0.31539387 0.19999695 -0.28236175
v -0.29002854 0.23787466 -0.22509712
v -0.2509411 0.20957062 -0.44247144
v -0.30841416 0.15304393 -0.4267516
v -0.31676155 0.21828625 -0.07178452
v -0.30445597 0.22616185 -0.026371563
v -0.2535702 0.27367648 -0.05768379
v -0.29314572 0.24425581 -0.104398
v -0.28190506 0.25323182 -0.15659097
v -0.24912493 0.28072488 -0.12856105
v -0.29737166 0.123194076 -0.49414963
v -0.30841416 0.15304393 -0.4267516
v -0.24970326 0.2346481 -0.39031923
v -0.25760373 0.24394299 -0.34370536
v -0.2561351 0.2629847 -0.26040056
v -0.2876159 0.22884922 0.029169047
v -0.24584088 0.121109694 -0.5653714
v -0.29737166 0.123194076 -0.49414963
v -0.22449547 0.29117173 -0.21361989
v -0.220762 0.2431575 -0.42505026
v -0.21525419 0.2822379 -0.3112659
v -0.2157633 0.2852965 0.006942422
v -0.2499536 0.26027155 0.022482622
v -0.20474109 0.22172683 -0.48888564
v -0.20432761 0.26831582 -0.38829708
v -0.20342241 0.2987217 -0.25606894
v -0.20436344 0.30729565 -0.08211334
v -0.21035862 0.29817647 -0.03690731
v -0.19797334 0.31231076 -0.14508212
v -0.18467686 0.25945035 -0.44147795
v -0.17467934 0.32076937 -0.20180738
v -0.15642811 0.2980793 -0.37391898
v -0.1644124 0.3282522 -0.10719992
v -0.16876496 0.3118738 -0.0074934373
v -0.16469829 0.32274526 -0.051574565
v -0.1584882 0.3083124 -0.33007127
v -0.15831155 0.3184898 -0.27924356
v -0.1524464 0.2858402 -0.4177411
v -0.13908678 0.33340406 -0.23313746
v -0.13646144 0.33949775 -0.16837582
v -0.1187392 0.34529936 -0.100028455
v -0.12082815 0.28185472 -0.46125734
v -0.10748629 0.34028322 -0.028610367
v -0.12202894 0.328484 -0.30466202
v -0.102926224 0.32042706 -0.3648179
v -0.10126435 0.34343627 -0.25410685
v -0.081347644 0.35372114 -0.20023921
v -0.09817578 0.3024746 -0.42831504
v -0.086135864 0.3550928 -0.14471838
v -0.066502504 0.3413288 -0.31169525
v -0.05169097 0.35952714 -0.069485486
v -0.051489264 0.2982406 -0.46193135
v -0.04105247 0.3268841 -0.3839081
v -0.051571436 0.35638374 -0.23167692
v -0.0634146 0.34665096 -0.0024343822
v -0.0140200555 0.3541825 -0.26806056
v -0.014177984 0.36155087 -0.2038726
v -0.012545593 0.3645448 -0.14541338
v -0.0014879573 0.35430455 -0.008470301
v -0.0053616567 0.28718266 -0.49297395
v -0.009360094 0.34154552 -0.33407104
v 3.9171893E-5 0.3641233 -0.079966694
v 0.010263249 0.31155872 -0.43615043
v 0.021992968 0.33000356 -0.3782246
v 0.04019554 0.2921366 -0.47905645
v 0.036145553 0.34651107 -0.30484617
v 0.040221006 0.35615557 -0.23983459
v 0.032958828 0.36210197 -0.17963041
v 0.045336843 0.36231023 -0.11826572
v 0.08826204 0.31458527 -0.39624643
v 0.064538926 0.3557837 -0.060579866
v 0.07261118 0.32977203 -0.35770366
v 0.08157788 0.27408847 -0.5001689
v 0.094315305 0.29566747 -0.4464602
v 0.077767685 0.3535661 -0.21101463
v 0.0940389 0.35260528 -0.14228544
v 0.10103485 0.33052963 -0.32185912
v 0.11302828 0.33814892 -0.03050861
v 0.071701996 0.33775467 0.025764095
v 0.10975179 0.338952 -0.26237524
v 0.11913234 0.3427469 -0.20694731
v 0.15199557 0.26541817 -0.46475178
v 0.15305543 0.28202605 -0.42426646
v 0.12670094 0.3405475 -0.07710013
v 0.14048994 0.25077292 -0.5043317
v 0.16267017 0.3285191 -0.12615216
v 0.15587556 0.3246168 -0.23892555
v 0.16687842 0.3247854 -0.18361464
v 0.15637867 0.301476 -0.35800683
v 0.16401258 0.31093228 -0.30161402
v 0.18419147 0.31560197 -0.07706648
v 0.15801233 0.31573004 -0.007780156
v 0.19197223 0.2294208 -0.4884559
v 0.20722607 0.29116368 -0.28247344
v 0.21404888 0.29511443 -0.22605006
v 0.20811206 0.2953388 -0.024949329
v 0.20138526 0.26805145 -0.3912511
v 0.22309078 0.2380293 -0.42848396
v 0.22519879 0.29370457 -0.16785583
v 0.21016589 0.27725887 -0.342436
v 0.23939142 0.20961165 -0.45837465
v 0.24712622 0.17967531 -0.49477005
v 0.25060484 0.27687776 -0.085691646
v 0.24532531 0.25743884 -0.3246839
v 0.24801596 0.26502657 -0.2764939
v 0.25763813 0.23629197 -0.36083448
v 0.24712622 0.17967531 -0.49477005
v 0.2249409 0.15401617 -0.55153143
v 0.2674191 0.21343857 -0.39797926
v 0.2635897 0.26129848 -0.21684106
v 0.26391438 0.25644732 -0.009951531
v 0.28250635 0.23039141 -0.29998296
v 0.27086586 0.26111725 -0.15887281
v 0.29453704 0.23080891 -0.23105735
v 0.23939142 0.20961165 -0.45837465
v 0.2674191 0.21343857 -0.39797926
v 0.28723627 0.1615178 -0.454959
v 0.24712622 0.17967531 -0.49477005
v 0.3036838 0.2319546 -0.103826806
v 0.30440477 0.17224419 -0.3964523
v 0.29738808 0.2356503 -0.055282235
v 0.25763813 0.23629197 -0.36083448
v 0.3074631 0.21106263 0.014792124
v 0.31417114 0.1794131 -0.3494211
v 0.28250635 0.23039141 -0.29998296
v 0.2635897 0.26129848 -0.21684106
v 0.30788854 0.22475828 -0.16478631
v 0.29453704 0.23080891 -0.23105735
v 0.30788854 0.22475828 -0.16478631
v 0.27086586 0.26111725 -0.15887281
v 0.2635897 0.26129848 -0.21684106
v 0.31383413 0.1067701 -0.48029447
v 0.3209263 0.18701375 -0.29593545
v 0.29738808 0.2356503 -0.055282235
v 0.3074631 0.21106263 0.014792124
v 0.33156413 0.19302237 -0.027553229
v 0.32532483 0.12583143 -0.42701688
v 0.33033556 0.18708847 -0.23260215
v 0.29738808 0.2356503 -0.055282235
v 0.3461101 0.17871258 -0.090442024
v 0.3036838 0.2319546 -0.103826806
v 0.3291832 0.20169866 -0.13543546
v 0.3439647 0.13324507 -0.35091245
v 0.35045826 0.1674073 -0.16497129
v 0.35320604 0.066586 -0.43673322
v 0.35288745 0.14191806 -0.27603474
v 0.35091788 0.09670159 -0.398894
v 0.36394626 0.14941269 -0.06264527
v 0.364766 0.10632756 -0.3148871
v 0.37081558 0.06757256 -0.36828285
v 0.3629189 0.13677953 -0.21794644
v 0.38322532 0.105970845 -0.16278328
v 0.37117037 0.1314423 -0.022721048
v 0.34308368 0.16777423 0.019506125
v 0.38445526 0.11031816 -0.11338875
v 0.3875372 0.07212549 -0.25091222
v 0.38704035 0.046583153 -0.32107145
v 0.39326242 0.07076979 -0.20732719
v 0.39872953 0.075255066 -0.047686532
v 0.39625064 0.06788355 0.021701265
v 0.40634698 0.05667366 -0.10786303
v 0.40577054 0.04443439 -0.17450085
v -0.4179495 -0.51878244 0.21133049
v -0.39517337 -0.5210408 0.16344169
v -0.40587875 -0.5593416 0.21842182
v -0.40566653 -0.56979686 0.27944887
v -0.37906837 -0.5941486 0.3332891
v -0.3911866 -0.51623464 0.34664237
v -0.36937168 -0.5975902 0.2500802
v -0.37918192 -0.5620804 0.36974236
v -0.37148046 -0.58491707 0.18528917
v -0.39517337 -0.5210408 0.16344169
v -0.33753723 -0.5640038 0.13251397
v -0.40587875 -0.5593416 0.21842182
v -0.37148046 -0.58491707 0.18528917
v -0.40587875 -0.5593416 0.21842182
v -0.40566653 -0.56979686 0.27944887
v -0.36937168 -0.5975902 0.2500802
v -0.37906837 -0.5941486 0.3332891
v -0.33208114 -0.5976516 0.38808984
v -0.33231473 -0.5999385 0.22157404
v -0.37148046 -0.58491707 0.18528917
v -0.34923917 -0.50351685 0.118494555
v -0.39517337 -0.5210408 0.16344169
v -0.3065058 -0.604326 0.30031747
v -0.34050864 -0.5204049 0.404357
v -0.3294583 -0.5955271 0.17709054
v -0.33753723 -0.5640038 0.13251397
v -0.30911237 -0.6051482 0.34451532
v -0.33208114 -0.5976516 0.38808984
v -0.33208114 -0.5976516 0.38808984
v -0.29602847 -0.5658643 0.4298672
v -0.34050864 -0.5204049 0.404357
v -0.30501172 -0.53760993 0.10760519
v -0.28984767 -0.5874444 0.13657266
v -0.26643363 -0.600203 0.19286127
v -0.28984767 -0.5874444 0.13657266
v -0.27671188 -0.603321 0.26223513
v -0.2968369 -0.50014067 0.41965175
v -0.34050864 -0.5204049 0.404357
v -0.26277524 -0.59996855 0.41347343
v -0.29602847 -0.5658643 0.4298672
v -0.24091268 -0.60425246 0.31259853
v -0.2632287 -0.52167946 0.10276722
v -0.24096502 -0.5380143 0.43687278
v -0.26277524 -0.59996855 0.41347343
v -0.23339744 -0.604824 0.35741937
v -0.22277953 -0.60229087 0.2388107
v -0.23336157 -0.5945754 0.13829139
v -0.22196743 -0.55341685 0.112785116
v -0.23336157 -0.5945754 0.13829139
v -0.20963503 -0.5926982 0.42405218
v -0.20963503 -0.5926982 0.42405218
v -0.18054259 -0.59794647 0.17960444
v -0.18320602 -0.60141724 0.28116444
v -0.18309338 -0.57416815 0.13340712
v -0.23336157 -0.5945754 0.13829139
v -0.179508 -0.60156626 0.33763224
v -0.18554774 -0.6018976 0.38254872
v -0.17635307 -0.5532142 0.42413163
v -0.18114012 -0.59996104 0.2247625
v -0.18309338 -0.57416815 0.13340712
v -0.17727377 -0.5142701 0.12731126
v -0.13549101 -0.5902858 0.21569261
v -0.17635307 -0.5532142 0.42413163
v -0.1418042 -0.5902193 0.3760885
v -0.14490344 -0.5661044 0.1537965
v -0.13467032 -0.5941444 0.29268974
v -0.14490344 -0.5661044 0.1537965
v -0.1302233 -0.54653025 0.3883916
v -0.1418042 -0.5902193 0.3760885
v -0.1418042 -0.5902193 0.3760885
v -0.10957519 -0.5587442 0.3493728
v -0.1302233 -0.54653025 0.3883916
v -0.13549101 -0.5902858 0.21569261
v -0.14490344 -0.5661044 0.1537965
v -0.13157132 -0.51859725 0.1632146
v -0.1090843 -0.5434129 0.2205897
v -0.11377148 -0.49927616 0.3427921
v -0.106576845 -0.56839824 0.25784242
v -0.13467032 -0.5941444 0.29268974
v -0.13467032 -0.5941444 0.29268974
v -0.10472836 -0.5190011 0.30564493
v -0.104205936 -0.50789356 0.2597264
v 0.10259761 -0.5103528 0.26102734
v 0.11261292 -0.579417 0.31708133
v 0.10419372 -0.5049008 0.3124214
v 0.10905819 -0.5740689 0.24601668
v 0.11352643 -0.55117905 0.3616948
v 0.14089116 -0.59691834 0.2841183
v 0.11939761 -0.5259107 0.17964584
v 0.121776246 -0.5031201 0.3638991
v 0.14321658 -0.5945351 0.36524096
v 0.13526699 -0.58183056 0.171189
v 0.17488053 -0.59363675 0.40970546
v 0.17759934 -0.6000354 0.23072146
v 0.14089116 -0.59691834 0.2841183
v 0.10905819 -0.5740689 0.24601668
v 0.13526699 -0.58183056 0.171189
v 0.11939761 -0.5259107 0.17964584
v 0.1592938 -0.54522675 0.13722381
v 0.13526699 -0.58183056 0.171189
v 0.16198099 -0.52123153 0.40974197
v 0.11261292 -0.579417 0.31708133
v 0.18579483 -0.60199267 0.31439912
v 0.14321658 -0.5945351 0.36524096
v 0.18556502 -0.595721 0.16477248
v 0.18556502 -0.595721 0.16477248
v 0.19641356 -0.6029267 0.3623709
v 0.17488053 -0.59363675 0.40970546
v 0.22045717 -0.58428776 0.14368668
v 0.18311545 -0.4912662 0.12104152
v 0.18556502 -0.595721 0.16477248
v 0.16198099 -0.52123153 0.40974197
v 0.17488053 -0.59363675 0.40970546
v 0.22000717 -0.5896499 0.43518728
v 0.25046146 -0.6013671 0.21161115
v 0.23064756 -0.6036827 0.29272187
v 0.24841255 -0.6054479 0.37834412
v 0.22045717 -0.58428776 0.14368668
v 0.22000717 -0.5896499 0.43518728
v 0.25059056 -0.54814726 0.106405765
v 0.29774734 -0.59179634 0.14630604
v 0.28446394 -0.5890337 0.4223633
v 0.25034177 -0.5493901 0.44053
v 0.29774734 -0.59179634 0.14630604
v 0.2734077 -0.6035495 0.26912075
v 0.28571817 -0.6053984 0.3277573
v 0.28446394 -0.5890337 0.4223633
v 0.3101614 -0.53010267 0.42248473
v 0.23929942 -0.48526332 0.4207034
v 0.24962874 -0.49903357 0.10281019
v 0.32979017 -0.5299232 0.11617306
v 0.32454306 -0.6044852 0.35324615
v 0.3398989 -0.6008502 0.24286059
v 0.31494862 -0.60415524 0.2956324
v 0.35601586 -0.5520359 0.38803852
v 0.34739888 -0.57718986 0.16006836
v 0.34739888 -0.57718986 0.16006836
v 0.3604271 -0.601148 0.28045583
v 0.35601586 -0.5520359 0.38803852
v 0.39279357 -0.572844 0.21782005
v 0.3855866 -0.5819427 0.32752725
v 0.40085846 -0.57791495 0.27012634
v 0.3947941 -0.5232213 0.16976659
v 0.34739888 -0.57718986 0.16006836
v 0.32979017 -0.5299232 0.11617306
v 0.39279357 -0.572844 0.21782005
v 0.34739888 -0.57718986 0.16006836
v 0.40085846 -0.57791495 0.27012634
v 0.41234112 -0.5329264 0.29786426
v 0.3855866 -0.5819427 0.32752725
v 0.38990057 -0.4892885 0.33561718
v 0.4181744 -0.51100326 0.24139357
v -0.4311779 -0.13618693 0.09992634
v -0.42879078 -0.19432911 0.1314017
v -0.42658716 -0.1636444 0.16783535
v -0.42902166 -0.092384905 0.13129829
v -0.43096405 -0.096339874 0.060661845
v -0.42841506 -0.04561783 0.044619985
v -0.4153763 -0.19213459 0.20763037
v -0.4236185 -0.17582467 0.062095195
v -0.4204374 -0.21683545 0.09520208
v -0.41489866 -0.1125294 0.19585465
v -0.42212585 -0.032408454 0.107179224
v -0.419289 -0.25619552 0.12083487
v -0.4086849 -0.31249326 0.13021334
v -0.42335522 -0.26074862 0.16895375
v -0.41289625 -0.2658298 0.2181244
v -0.41728064 -0.057340045 0.15895963
v -0.41940486 -0.4855468 0.23919821
v -0.4107381 -0.47353542 0.17758493
v -0.4151996 -0.35270572 0.16353944
v -0.41595608 -0.33285326 0.20398343
v -0.40644068 -0.4847902 0.30313474
v -0.41458312 -0.44220284 0.24170442
v -0.40790918 -0.40415263 0.15774521
v -0.4164039 -0.39682025 0.20205605
v -0.4104547 -0.37687474 0.24134803
v -0.39807716 -0.26941037 0.083959505
v -0.40562546 -0.4113511 0.27004254
v -0.39958143 -0.34594947 0.27037743
v -0.40534616 -0.23379532 0.058718406
v -0.38833776 -0.001745156 0.19070171
v -0.39456552 -0.10313615 0.24178027
v -0.39335704 0.025861735 0.1424131
v -0.38565907 -0.43394172 0.13377258
v -0.3875404 -0.14080712 0.26414722
v -0.39277047 -0.05937013 0.22559614
v -0.37023932 -0.46064338 0.353684
v -0.38440567 -0.48201847 0.14021203
v -0.4107381 -0.47353542 0.17758493
v -0.38565907 -0.43394172 0.13377258
v -0.3878606 -0.42043367 0.31549138
v -0.37088877 -0.38088763 0.330304
v -0.37943155 -0.38455987 0.11601361
v -0.40790918 -0.40415263 0.15774521
v -0.4086849 -0.31249326 0.13021334
v -0.39051262 -0.2874325 0.27959228
v -0.38512933 -0.27117485 0.027461985
v -0.38337937 -0.24104565 0.28511363
v -0.4107381 -0.47353542 0.17758493
v -0.37884474 -0.33030248 0.30660257
v -0.39807716 -0.26941037 0.083959505
v -0.35782164 -0.320804 0.064622775
v -0.4086849 -0.31249326 0.13021334
v -0.37385392 -0.18614975 0.29296744
v -0.3604516 -0.29264525 0.32356167
v -0.37326512 -0.08910166 0.27787447
v -0.35782164 -0.320804 0.064622775
v -0.37535214 -0.015539655 0.2377421
v -0.35363537 -0.15217905 0.31563884
v -0.35696885 -0.24455468 0.32114187
v -0.361054 -0.03964127 0.28498173
v -0.34879375 -0.01626667 0.3599262
v -0.3744495 -0.003935867 0.40105677
v -0.39702356 -0.001558641 0.361444
v -0.34287852 -0.33614063 0.35175222
v -0.34982535 -0.07421096 0.31286848
v -0.37933475 -0.002374373 0.30219895
v -0.33818084 -0.4324658 0.10115369
v -0.3147533 -0.39450133 0.384184
v -0.33147302 -0.21004608 0.34259024
v -0.32880306 -0.36301422 0.07096246
v -0.32101357 -0.12027316 0.3512019
v -0.37933475 -0.002374373 0.30219895
v -0.310254 -0.25962365 0.36509085
v -0.32443392 -0.052710436 0.34800228
v -0.28844672 -0.37015954 0.03078959
v -0.3088995 -0.01604735 0.38676324
v -0.32068717 -0.4609694 0.3965122
v -0.28844672 -0.37015954 0.03078959
v -0.35782164 -0.320804 0.064622775
v -0.28844672 -0.37015954 0.03078959
v -0.32880306 -0.36301422 0.07096246
v -0.34879375 -0.01626667 0.3599262
v -0.29856876 -0.46288237 0.095598035
v -0.3088995 -0.01604735 0.38676324
v -0.2867326 -0.31225228 0.3850501
v -0.30270395 -0.18571469 0.3656627
v -0.2867326 -0.31225228 0.3850501
v -0.32068717 -0.4609694 0.3965122
v -0.27915207 -0.42677847 0.40329278
v -0.3147533 -0.39450133 0.384184
v -0.29012084 -0.40004432 0.075073436
v -0.33970553 -0.3555822 -0.033250064
v -0.2460496 -0.46765834 0.41470203
v -0.2735865 -0.07528917 0.39712876
v -0.28745824 -0.36040562 0.39203215
v -0.2867326 -0.31225228 0.3850501
v -0.2613873 -0.1513691 0.39427537
v -0.28844672 -0.37015954 0.03078959
v -0.29012084 -0.40004432 0.075073436
v -0.25688422 -0.20415035 0.39303267
v -0.30270395 -0.18571469 0.3656627
v -0.310254 -0.25962365 0.36509085
v -0.24251755 -0.019347094 0.43818486
v -0.2613873 -0.1513691 0.39427537
v -0.23133826 -0.39734596 0.4038214
v -0.25714612 -0.25534338 0.39349824
v -0.32101357 -0.12027316 0.3512019
v -0.2735865 -0.07528917 0.39712876
v -0.281086 0.038338274 0.44634625
v -0.23181897 -0.35119852 0.40172574
v -0.2149112 -0.4532746 0.101484135
v -0.24677375 -0.40303007 0.061768785
v -0.28844672 -0.37015954 0.03078959
v -0.24677375 -0.40303007 0.061768785
v -0.2735865 -0.07528917 0.39712876
v -0.23539868 -0.06393962 0.4246145
v -0.24251755 -0.019347094 0.43818486
v -0.22746438 -0.29400137 0.4017345
v -0.219037 -0.11226794 0.4207099
v -0.2735865 -0.07528917 0.39712876
v -0.22156832 -0.49682635 0.108942
v -0.1977885 -0.4923594 0.4166436
v -0.21082032 -0.20830531 0.40844306
v -0.24251755 -0.019347094 0.43818486
v -0.19686542 -0.059816875 0.45025793
v -0.18870977 -0.25132674 0.4072873
v -0.18516327 -0.14558722 0.42586023
v -0.19142234 -0.41843855 0.05679566
v -0.2149112 -0.4532746 0.101484135
v -0.18097018 -0.45479023 0.40058666
v -0.18827626 -0.3223525 0.40053433
v -0.21523866 0.0024303596 0.48265147
v -0.19686542 -0.059816875 0.45025793
v -0.19142234 -0.41843855 0.05679566
v -0.15857717 -0.4323952 0.10636099
v -0.17373088 -0.189189 0.41834676
v -0.16206989 -0.41467333 0.3875394
v -0.17264085 -0.36373252 0.39411968
v -0.17355782 1.6435981E-4 0.5426471
v -0.13898164 -0.46451885 0.14258295
v -0.15232769 -0.28005087 0.40018755
v -0.13141951 -0.110224254 0.4653273
v -0.14480844 -0.4941856 0.3871298
v -0.133629 -0.22732612 0.4123153
v -0.1286611 -0.04732319 0.5299443
v -0.13639806 -0.32292867 0.38190284
v -0.13157132 -0.51859725 0.1632146
v -0.13398203 -0.36883712 0.37004954
v -0.13141951 -0.110224254 0.4653273
v -0.15018709 -0.06355272 0.4852378
v -0.12529238 -0.42940462 0.055455454
v -0.15857717 -0.4323952 0.10636099
v -0.117176525 -0.1598059 0.4404145
v -0.12654017 -0.4577042 0.35767716
v -0.09202538 -0.28270048 0.3779698
v -0.13141951 -0.110224254 0.4653273
v -0.07657574 -0.21697976 0.41597265
v -0.16206989 -0.41467333 0.3875394
v -0.12654017 -0.4577042 0.35767716
v -0.11031377 -0.4238665 0.32470196
v -0.11031377 -0.4238665 0.32470196
v -0.14480844 -0.4941856 0.3871298
v -0.12654017 -0.4577042 0.35767716
v -0.09696678 -0.42211702 0.09069489
v -0.13898164 -0.46451885 0.14258295
v -0.10574754 -0.47084543 0.20549761
v -0.11031377 -0.4238665 0.32470196
v -0.09738073 -0.3535372 0.33954537
v -0.079739235 -0.10055107 0.55467844
v -0.098617375 -0.4416073 0.2618509
v -0.13898164 -0.46451885 0.14258295
v -0.087479725 -0.38413393 0.3006094
v -0.09738073 -0.3535372 0.33954537
v -0.07072955 -0.41046315 0.16898906
v -0.07256928 -0.39529738 0.24127972
v -0.07072955 -0.41046315 0.16898906
v -0.053361155 -0.30034992 0.35230023
v -0.087479725 -0.38413393 0.3006094
v -0.05281984 -0.35694337 0.29124284
v -0.041628186 -0.4255637 0.08120294
v -0.040414844 -0.18929814 0.43499202
v -0.03953001 -0.15761931 0.47054088
v -0.13141951 -0.110224254 0.4653273
v -0.117176525 -0.1598059 0.4404145
v -0.049589373 -0.2622483 0.38290936
v -0.07567167 -0.14341617 0.51806736
v -0.033766374 -0.44458336 0.042419873
v -0.034409247 -0.41108626 0.12168072
v -0.028507616 -0.3834118 0.21532777
v -0.07256928 -0.39529738 0.24127972
v -0.05281984 -0.35694337 0.29124284
v -0.03953001 -0.15761931 0.47054088
v -0.03953001 -0.15761931 0.47054088
v -0.03570145 -0.18297476 0.51087147
v -0.07567167 -0.14341617 0.51806736
v -0.05281984 -0.35694337 0.29124284
v -0.087479725 -0.38413393 0.3006094
v -0.022822281 -0.23477343 0.40177542
v -0.007557344 -0.3335771 0.30830297
v -0.053361155 -0.30034992 0.35230023
v -0.05281984 -0.35694337 0.29124284
v -0.0108040245 -0.39820084 0.16047502
v 0.018742079 -0.36062348 0.27106905
v -0.053361155 -0.30034992 0.35230023
v -0.0026101095 -0.2816732 0.36104274
v 0.0066465605 -0.21852538 0.52127695
v -0.059572052 -0.22142018 0.5304777
v 0.018338999 -0.41739735 0.103808746
v -0.0026101095 -0.2816732 0.36104274
v 0.014175188 -0.44791847 0.03640706
v -0.03953001 -0.15761931 0.47054088
v -0.040414844 -0.18929814 0.43499202
v 0.028963745 -0.16536348 0.46219856
v 0.028963745 -0.16536348 0.46219856
v -0.03570145 -0.18297476 0.51087147
v 0.028963745 -0.16536348 0.46219856
v 0.02606618 -0.39222324 0.18536967
v 0.022929562 -0.37820148 0.22967666
v 0.028963745 -0.16536348 0.46219856
v 0.049570333 -0.23755032 0.400864
v 0.05517165 -0.34140092 0.3155406
v 0.056240514 -0.29768437 0.35532916
v 0.07222158 -0.4431048 0.03769689
v 0.0753369 -0.414571 0.14970568
v 0.056240514 -0.29768437 0.35532916
v 0.06421915 -0.15193751 0.5135558
v 0.028963745 -0.16536348 0.46219856
v 0.086284146 -0.4229145 0.20348829
v 0.066035494 -0.19154069 0.5315527
v 0.06862891 -0.38826236 0.25599933
v 0.08611105 -0.42087936 0.0994657
v 0.096953124 -0.39982685 0.30993187
v 0.08505027 -0.17674538 0.4380328
v 0.08928816 -0.11739981 0.49777514
v 0.06421915 -0.15193751 0.5135558
v 0.056240514 -0.29768437 0.35532916
v 0.05517165 -0.34140092 0.3155406
v 0.09123249 -0.33911934 0.34406862
v 0.096953124 -0.39982685 0.30993187
v 0.09987682 -0.2793622 0.38363448
v 0.097939074 -0.45124042 0.24881981
v 0.06862891 -0.38826236 0.25599933
v 0.086284146 -0.4229145 0.20348829
v 0.096953124 -0.39982685 0.30993187
v 0.09123249 -0.33911934 0.34406862
v 0.05517165 -0.34140092 0.3155406
v 0.08928816 -0.11739981 0.49777514
v 0.028963745 -0.16536348 0.46219856
v 0.06862891 -0.38826236 0.25599933
v 0.16955376 -0.41978052 0.07598249
v 0.09123249 -0.33911934 0.34406862
v 0.10838367 -0.4776042 0.19228354
v 0.086284146 -0.4229145 0.20348829
v 0.122414336 -0.44715726 0.14553927
v 0.122414336 -0.44715726 0.14553927
v 0.12693515 -0.21553719 0.4151954
v 0.11606975 -0.44039363 0.34080267
v 0.122414336 -0.44715726 0.14553927
v 0.15400612 -0.433742 0.027186532
v 0.126082 -0.38218874 0.3624798
v 0.13454556 -0.3332073 0.38007483
v 0.09987682 -0.2793622 0.38363448
v 0.16104236 -0.29668748 0.39743996
v 0.13454556 -0.3332073 0.38007483
v 0.15526712 -0.25027552 0.4065256
v 0.14235914 -0.15795377 0.43370986
v 0.122414336 -0.44715726 0.14553927
v 0.11939761 -0.5259107 0.17964584
v 0.10838367 -0.4776042 0.19228354
v 0.14011376 -0.45923477 0.37572888
v 0.15213278 -0.10485816 0.45418078
v 0.08928816 -0.11739981 0.49777514
v 0.15495595 -0.034668297 0.50970304
v 0.09813762 -0.082893424 0.5361186
v 0.16343102 -0.40943283 0.38917184
v 0.15213278 -0.10485816 0.45418078
v 0.15495595 -0.034668297 0.50970304
v 0.08928816 -0.11739981 0.49777514
v 0.16541934 -0.36485267 0.3911742
v 0.18050644 -0.048295766 0.46803367
v 0.19831541 -0.20191137 0.41096005
v 0.16955376 -0.41978052 0.07598249
v 0.13454556 -0.3332073 0.38007483
v 0.16541934 -0.36485267 0.3911742
v 0.14011376 -0.45923477 0.37572888
v 0.19498043 -0.44096556 0.40328276
v 0.16343102 -0.40943283 0.38917184
v 0.22208357 -0.3320188 0.40177277
v 0.21556252 -0.07018501 0.43270355
v 0.22438657 -0.45362493 0.09742272
v 0.21177575 -0.38859788 0.4029765
v 0.20931426 -0.14659767 0.4167007
v 0.22547483 -0.4084434 0.02993276
v 0.24658751 -0.29606065 0.39736444
v 0.23588842 -0.23766224 0.39892018
v 0.24636382 -0.4198649 0.40676585
v 0.25866064 -0.40697175 0.07421156
v 0.16955376 -0.41978052 0.07598249
v 0.25866064 -0.40697175 0.07421156
v 0.2500085 -0.099980995 0.40697855
v 0.24048647 -0.0015486875 0.45036435
v 0.2726135 -0.14689511 0.38678584
v 0.2785908 -0.37121814 0.3947153
v 0.2684229 -0.053781297 0.40399244
v 0.27894425 -0.37790388 0.027110495
v 0.27486008 -0.44796842 0.090121135
v 0.2775033 0.0017786054 0.4191929
v 0.28985965 -0.4361527 0.40199435
v 0.29720294 -0.200811 0.36760694
v 0.28330094 -0.4868604 0.41770548
v 0.29820645 -0.2669154 0.37312973
v 0.31438398 -0.4091937 0.087688304
v 0.32276243 -0.36458507 0.06852263
v 0.27894425 -0.37790388 0.027110495
v 0.31164783 -0.11682523 0.35900813
v 0.3122742 -0.018465653 0.37647676
v 0.32350254 -0.47753197 0.3996593
v 0.3236512 -0.46444565 0.10277717
v 0.30761412 -0.061216407 0.36532518
v 0.3303051 -0.32602733 0.3590489
v 0.32807386 -0.24413961 0.34729546
v 0.32276243 -0.36458507 0.06852263
v 0.34095502 -0.38341036 0.36221218
v 0.34129608 -0.43064642 0.37159675
v 0.34705347 -0.026999503 0.32355362
v 0.35364965 -0.3113242 0.031885743
v 0.34435308 -0.28461617 0.33820474
v 0.3535093 -0.20682606 0.31751925
v 0.3548501 -0.15831533 0.31260437
v 0.34903634 -0.0783411 0.31103808
v 0.34705347 -0.026999503 0.32355362
v 0.36444676 3.3873925E-4 0.39634192
v 0.3312257 0.015353031 0.42605597
v 0.3122742 -0.018465653 0.37647676
v 0.3578042 -0.4714331 0.37074324
v 0.361924 -0.31642154 -0.014039906
v 0.3732429 -0.4034437 0.11723934
v 0.377568 -0.47524428 0.13489142
v 0.36608195 -0.3154897 0.07621137
v 0.32276243 -0.36458507 0.06852263
v 0.35364965 -0.3113242 0.031885743
v 0.3635995 -0.1194245 0.29626065
v 0.36473426 -0.34507483 0.327022
v 0.34705347 -0.026999503 0.32355362
v 0.36922294 -0.40116376 0.33509865
v 0.36608195 -0.3154897 0.07621137
v 0.38219014 -0.27469683 0.28674877
v 0.37424856 9.096088E-4 0.27921188
v 0.34705347 -0.026999503 0.32355362
v 0.34903634 -0.0783411 0.31103808
v 0.39558947 -0.3338685 0.11921731
v 0.3732429 -0.4034437 0.11723934
v 0.3635995 -0.1194245 0.29626065
v 0.3802921 -0.08275524 0.25818288
v 0.377568 -0.47524428 0.13489142
v 0.32979017 -0.5299232 0.11617306
v 0.3578042 -0.4714331 0.37074324
v 0.34129608 -0.43064642 0.37159675
v 0.36473426 -0.34507483 0.327022
v 0.387112 -0.33831626 0.2910902
v 0.38219014 -0.27469683 0.28674877
v 0.3535093 -0.20682606 0.31751925
v 0.3895902 -0.17293614 0.26203948
v 0.3548501 -0.15831533 0.31260437
v 0.3548501 -0.15831533 0.31260437
v 0.35601586 -0.5520359 0.38803852
v 0.3578042 -0.4714331 0.37074324
v 0.34129608 -0.43064642 0.37159675
v 0.3917083 -0.4341766 0.30796313
v 0.36922294 -0.40116376 0.33509865
v 0.38741398 -0.2660492 0.04287943
v 0.3535093 -0.20682606 0.31751925
v 0.3868106 -0.23275663 0.2748892
v 0.4029102 0.010210248 0.3600773
v 0.37424856 9.096088E-4 0.27921188
v 0.34129608 -0.43064642 0.37159675
v 0.40242556 -0.41141003 0.15150854
v 0.3732429 -0.4034437 0.11723934
v 0.39051822 -0.38639188 0.2973344
v 0.36473426 -0.34507483 0.327022
v 0.39121372 -0.046267003 0.21603352
v 0.35601586 -0.5520359 0.38803852
v 0.40605417 -0.26380572 0.09877604
v 0.4070721 -0.47937232 0.29239064
v 0.41116825 -0.1021059 0.19641906
v 0.41237533 -0.4476015 0.18981208
v 0.4124545 -0.44463226 0.24588238
v 0.4042595 -0.3753625 0.25823513
v 0.40564474 -0.3106389 0.2403293
v 0.40973938 -0.25513127 0.22200212
v 0.4267902 0.01894582 0.31920087
v 0.41400376 -0.35086215 0.1700435
v 0.4151938 -0.21287286 0.20259741
v 0.4146367 -0.15828702 0.2025736
v 0.41332874 -0.38543546 0.20636415
v 0.4245234 -0.20605564 0.12776552
v 0.40039283 -0.020064335 0.16953337
v 0.41558364 -0.2960413 0.19820437
v 0.42122686 -0.2593516 0.14698738
v 0.42470744 -0.06788102 0.12586069
v 0.42658037 -0.16150787 0.09164856
v 0.4278302 -0.12493187 0.1359608
v 0.41724017 -0.025536953 0.11752644
v 0.42112663 -0.01743197 0.056361407
v 0.4003601 0.021681782 0.116700694
v 0.42417133 -0.15410806 0.04241003
v 0.42784846 -0.068703145 0.07946469
v 0.4128776 0.019995032 0.03386259
v 0.42891613 -0.10075025 0.04337225
v -0.5076064 0.2507237 0.14983013
v -0.4890939 0.2831797 0.21162054
v -0.51276994 0.33292675 0.1585746
v -0.5108151 0.2207943 0.18472448
v -0.5084752 0.3848473 0.18349099
v -0.49899185 0.415904 0.15555069
v -0.51276994 0.33292675 0.1585746
v -0.48501483 0.2865907 0.1318036
v -0.5076064 0.2507237 0.14983013
v -0.48027328 0.20226462 0.152801
v -0.5108151 0.2207943 0.18472448
v -0.4861525 0.45166194 0.2060517
v -0.47780135 0.45844477 0.15647715
v -0.49899185 0.415904 0.15555069
v -0.4894355 0.14285606 0.23689312
v -0.49727732 0.17698216 0.21119443
v -0.4770782 0.0972375 0.22925596
v -0.4831975 0.492591 0.1911444
v -0.49727732 0.17698216 0.21119443
v -0.4642706 0.21951348 0.25141618
v -0.47238326 0.34254166 0.22133797
v -0.5084752 0.3848473 0.18349099
v -0.4638289 0.41571045 0.22629505
v -0.4770782 0.0972375 0.22925596
v -0.45904326 0.12650955 0.19104019
v -0.45961982 0.16398096 0.27176887
v -0.44246745 0.18105963 0.16225071
v -0.46437657 0.1042864 0.2806173
v -0.4423507 0.33661336 0.13758573
v -0.45557284 0.058828637 0.25238508
v -0.44290212 0.24412644 0.14440921
v -0.45459294 0.28784627 0.24774484
v -0.44816822 0.48339683 0.24403173
v -0.47780135 0.45844477 0.15647715
v -0.4831975 0.492591 0.1911444
v -0.42073542 0.49928543 0.17154741
v -0.439541 0.3893878 0.13977894
v -0.46280295 0.5264752 0.2196086
v -0.4210581 0.029852744 0.27182364
v -0.43085074 0.059721127 0.33782312
v -0.44296762 0.1382355 0.30179995
v -0.43826413 0.36724755 0.25478184
v -0.43408954 0.4332881 0.14691675
v -0.46280295 0.5264752 0.2196086
v -0.41837925 0.08436674 0.21700214
v -0.4770782 0.0972375 0.22925596
v -0.42288965 0.26160878 0.29720706
v -0.42927396 0.012519353 0.32139176
v -0.45557284 0.058828637 0.25238508
v -0.42860132 0.32768744 0.27419662
v -0.42442253 0.4136188 0.26462746
v -0.41124767 0.1544263 0.18093318
v -0.42798334 0.19660062 0.30720037
v -0.41559294 0.2979297 0.1533905
v -0.4210581 0.029852744 0.27182364
v -0.42798275 0.10705544 0.3315755
v -0.41620094 0.15811987 0.33626613
v -0.40229052 0.44704843 0.2889763
v -0.40119386 0.118131414 0.3675149
v -0.4050554 0.37300542 0.29644418
v -0.40950632 0.03917469 0.021659061
v -0.40263897 0.037537597 0.08284101
v -0.39702356 -0.001558641 0.361444
v -0.38659337 0.21537735 0.17675984
v -0.39933568 0.22404888 0.34320438
v -0.39348605 0.36933655 0.17090987
v -0.439541 0.3893878 0.13977894
v -0.38521352 0.4234394 0.18044809
v -0.439541 0.3893878 0.13977894
v -0.43408954 0.4332881 0.14691675
v -0.40720168 0.50069314 0.28805068
v -0.42927396 0.012519353 0.32139176
v -0.37020743 0.1136853 0.19498941
v -0.37041193 0.26244736 0.18532951
v -0.39337388 0.32648882 0.32649887
v -0.4423507 0.33661336 0.13758573
v -0.439541 0.3893878 0.13977894
v -0.4210581 0.029852744 0.27182364
v -0.3854574 0.052445646 0.3990811
v -0.383393 0.16800115 0.3812554
v -0.3776422 0.41368487 0.323078
v -0.38241166 0.09550991 0.049291663
v -0.37362394 0.045913912 0.22622952
v -0.3580796 0.18036343 0.18428594
v -0.385328 0.2898287 0.3481462
v -0.43408954 0.4332881 0.14691675
v -0.42073542 0.49928543 0.17154741
v -0.41559294 0.2979297 0.1533905
v -0.3744495 -0.003935867 0.40105677
v -0.37933475 -0.002374373 0.30219895
v -0.36885238 0.21920718 0.3890739
v -0.37041193 0.26244736 0.18532951
v -0.3585467 0.32459825 0.20021634
v -0.36318833 0.37211627 0.35609093
v -0.3628851 0.49070144 0.34235543
v -0.36528265 0.07935251 0.1601232
v -0.36396158 0.11295802 0.09037952
v -0.3672109 0.48234728 0.20136014
v -0.36190364 0.13247056 0.415953
v -0.36412713 0.32180676 0.3708619
v -0.37060922 0.5388391 0.20938808
v -0.39448345 0.5417173 0.31271166
v -0.37362394 0.045913912 0.22622952
v -0.34692472 0.07708357 0.43552893
v -0.35230678 0.17771369 0.4197831
v -0.35340285 0.27236825 0.3991848
v -0.3366755 0.022902738 0.43214965
v -0.34908596 0.38813645 0.2150135
v -0.37020743 0.1136853 0.19498941
v -0.33586758 0.44657356 0.23262665
v -0.3366755 0.022902738 0.43214965
v -0.34427923 0.15667072 0.058681592
v -0.31928235 0.24313588 0.17276022
v -0.37041193 0.26244736 0.18532951
v -0.34918845 0.12145823 0.13690242
v -0.3316384 0.16018325 0.12683439
v -0.3459463 0.45130092 0.3642282
v -0.33695814 0.53601223 0.24132489
v -0.3316384 0.16018325 0.12683439
v -0.32307073 0.14530332 0.4558497
v -0.3253014 0.21240854 0.4609934
v -0.3293155 0.32726708 0.42430687
v -0.3245744 0.36939508 0.4162984
v -0.3238368 0.34804505 0.22161564
v -0.33023274 0.4103248 0.39336544
v -0.3366755 0.022902738 0.43214965
v -0.29835594 0.46792394 0.44406745
v -0.33312565 0.51240265 0.3940355
v -0.3045592 0.38986906 0.23993853
v -0.31476104 0.19180606 0.065710925
v -0.32275626 0.26452407 0.47432375
v -0.30645576 0.29589516 0.18681279
v -0.3585467 0.32459825 0.20021634
v -0.3238368 0.34804505 0.22161564
v -0.3316384 0.16018325 0.12683439
v -0.32139793 0.31640506 0.46508482
v -0.30240977 0.5158168 0.2802934
v -0.281086 0.038338274 0.44634625
v -0.2962492 0.5342269 0.41686216
v -0.2828486 0.08986683 0.4904529
v -0.32307073 0.14530332 0.4558497
v -0.34692472 0.07708357 0.43552893
v -0.29792076 0.14663249 0.51076317
v -0.30364048 0.21755436 0.535109
v -0.31273597 0.3124991 0.5137812
v -0.30931944 0.37474567 0.48934639
v -0.30680245 0.40293723 0.44582862
v -0.3017913 0.4413976 0.2676129
v -0.3366755 0.022902738 0.43214965
v -0.281086 0.038338274 0.44634625
v -0.29408497 0.27402318 0.55488497
v -0.28790632 0.22610106 0.1270619
v -0.28790632 0.22610106 0.1270619
v -0.3316384 0.16018325 0.12683439
v -0.2876159 0.22884922 0.029169047
v -0.30445597 0.22616185 -0.026371563
v -0.28257972 0.35073072 0.19687684
v -0.3045592 0.38986906 0.23993853
v -0.28881332 0.4401146 0.49152315
v -0.2828486 0.08986683 0.4904529
v -0.31476104 0.19180606 0.065710925
v -0.26770818 0.2364822 0.07867619
v -0.2786723 0.42309496 0.5517669
v -0.26060218 0.4580686 0.280805
v -0.3017913 0.4413976 0.2676129
v -0.26535988 0.42107752 0.23992953
v -0.29835594 0.46792394 0.44406745
v -0.26306093 0.50826263 0.43333614
v -0.2962492 0.5342269 0.41686216
v -0.25247824 0.50095 0.3350187
v -0.26349026 0.26630992 0.130179
v -0.25953245 0.30773568 0.14923213
v -0.25752267 0.3960242 0.20399436
v -0.28473723 0.55403787 0.3478638
v -0.26060218 0.4580686 0.280805
v -0.26535988 0.42107752 0.23992953
v -0.3017913 0.4413976 0.2676129
v -0.26306093 0.50826263 0.43333614
v -0.29835594 0.46792394 0.44406745
v -0.24137677 0.504916 0.47647527
v -0.281086 0.038338274 0.44634625
v -0.24701515 0.037492327 0.48640925
v -0.26535988 0.42107752 0.23992953
v -0.3045592 0.38986906 0.23993853
v -0.24137677 0.504916 0.47647527
v -0.26770818 0.2364822 0.07867619
v -0.2333523 0.3632764 0.16008008
v -0.22554247 0.4476912 0.22340101
v -0.28790632 0.22610106 0.1270619
v -0.26349026 0.26630992 0.130179
v -0.22754961 0.28585762 0.11018998
v -0.22554247 0.4476912 0.22340101
v -0.21827465 0.2755394 0.06496397
v -0.2133563 0.40995592 0.17666915
v -0.22754961 0.28585762 0.11018998
v -0.2071618 0.49152976 0.26390517
v -0.25247824 0.50095 0.3350187
v -0.26306093 0.50826263 0.43333614
v -0.2062113 0.53508174 0.4260071
v -0.24913667 0.517408 0.3881641
v -0.21499732 0.028604776 0.53145003
v -0.19050103 0.52362967 0.3094954
v -0.21791463 0.5206726 0.3585988
v -0.24137677 0.504916 0.47647527
v -0.22002795 0.49621668 0.5401039
v -0.1941889 0.5343064 0.49143684
v -0.17760661 0.31258035 0.09841539
v -0.17760661 0.31258035 0.09841539
v -0.16571903 0.39973474 0.14189555
v -0.15816098 0.47045124 0.19471432
v -0.22554247 0.4476912 0.22340101
v -0.15816098 0.47045124 0.19471432
v -0.17355782 1.6435981E-4 0.5426471
v -0.21499732 0.028604776 0.53145003
v -0.21523866 0.0024303596 0.48265147
v -0.16542037 0.3032728 0.046806905
v -0.16576543 0.3529778 0.11661318
v -0.15654092 0.5122622 0.24770102
v -0.13673759 0.4318754 0.15158883
v -0.15816098 0.47045124 0.19471432
v -0.11864991 0.33112845 0.08601652
v -0.114629745 0.3239967 0.03884972
v -0.11864991 0.33112845 0.08601652
v -0.09877114 0.37654966 0.105656765
v -0.109508485 0.49079546 0.1929348
v -0.109508485 0.49079546 0.1929348
v -0.15816098 0.47045124 0.19471432
v -0.10381395 0.5325269 0.24541375
v -0.08346869 0.41925254 0.12612721
v -0.0771305 0.46073958 0.15462878
v -0.035024937 0.51922005 0.20752963
v -0.06372531 0.3411275 0.07268222
v -0.06372531 0.3411275 0.07268222
v -0.05716872 0.49368215 0.1802805
v -0.04004068 0.3948744 0.10386762
v -0.0771305 0.46073958 0.15462878
v -0.035786998 0.4430294 0.13404016
v -0.0109482575 0.34880257 0.057914864
v -0.0017674146 0.48179007 0.16488247
v -0.0771305 0.46073958 0.15462878
v -0.0017674146 0.48179007 0.16488247
v -0.0109482575 0.34880257 0.057914864
v 0.01416225 0.4289432 0.12321207
v 0.031103175 0.3423067 0.050647527
v 0.030638516 0.37665662 0.09239203
v 0.02668536 0.52858263 0.2192266
v 0.06239928 0.44950324 0.14292869
v -0.0017674146 0.48179007 0.16488247
v 0.031103175 0.3423067 0.050647527
v 0.05725541 0.40719253 0.11388155
v 0.067680895 0.34392786 0.07689281
v 0.031103175 0.3423067 0.050647527
v 0.06473726 0.48752743 0.17659298
v 0.06239928 0.44950324 0.14292869
v 0.067680895 0.34392786 0.07689281
v 0.072144344 0.5321214 0.23291907
v 0.06239928 0.44950324 0.14292869
v 0.109205656 0.46357954 0.16721001
v 0.104159735 0.36748892 0.10299496
v 0.11493264 0.40421742 0.12658793
v 0.12627341 0.32117462 0.07561158
v 0.109205656 0.46357954 0.16721001
v 0.06239928 0.44950324 0.14292869
v 0.121262245 0.3223566 0.025580939
v 0.067680895 0.34392786 0.07689281
v 0.12627341 0.32117462 0.07561158
v 0.13035822 0.50051045 0.21439913
v 0.15829599 0.3052173 0.04448183
v 0.17450815 0.37617877 0.13325572
v 0.109205656 0.46357954 0.16721001
v 0.16292937 0.41735816 0.15312403
v 0.12627341 0.32117462 0.07561158
v 0.1790323 0.30929935 0.094021544
v 0.16003786 0.46287996 0.1894335
v 0.16292937 0.41735816 0.15312403
v 0.109205656 0.46357954 0.16721001
v 0.1790323 0.30929935 0.094021544
v 0.11594489 0.5362411 0.26097137
v 0.16900563 0.50673664 0.24932288
v 0.16166049 0.53387165 0.29799667
v 0.20255598 0.28524044 0.03851731
v 0.20670426 0.32550395 0.12283995
v 0.21362747 0.47548646 0.24851014
v 0.20153394 0.5060625 0.2861659
v 0.21080303 0.44344437 0.20637384
v 0.16292937 0.41735816 0.15312403
v 0.21745811 0.3873716 0.16502957
v 0.21745811 0.3873716 0.16502957
v 0.24048647 -0.0015486875 0.45036435
v 0.19795917 0.012826828 0.5239359
v 0.18050644 -0.048295766 0.46803367
v 0.19645087 0.529276 0.3439955
v 0.25321057 0.477284 0.29907584
v 0.20670426 0.32550395 0.12283995
v 0.25910842 0.25043654 0.11141297
v 0.2412738 0.26094025 0.040141687
v 0.25426343 0.31209105 0.14911194
v 0.2479669 0.51702917 0.36257312
v 0.24160534 0.03835892 0.494919
v 0.25910842 0.25043654 0.11141297
v 0.20670426 0.32550395 0.12283995
v 0.25426343 0.31209105 0.14911194
v 0.25302798 0.5145319 0.42851806
v 0.18718085 0.5431455 0.39541954
v 0.25321057 0.477284 0.29907584
v 0.2538936 0.43604302 0.2461992
v 0.21362747 0.47548646 0.24851014
v 0.21745811 0.3873716 0.16502957
v 0.26685554 0.35671073 0.18602318
v 0.26279563 0.39854848 0.2148777
v 0.21080303 0.44344437 0.20637384
v 0.21362747 0.47548646 0.24851014
v 0.24160534 0.03835892 0.494919
v 0.26496437 0.07996103 0.5138685
v 0.23827869 0.069345206 0.562345
v 0.28434142 0.22016461 0.06849202
v 0.24048647 -0.0015486875 0.45036435
v 0.2923299 0.049189776 0.4493143
v 0.29379496 0.48888648 0.4431861
v 0.25630158 0.48269528 0.4952063
v 0.2923299 0.049189776 0.4493143
v 0.25321057 0.477284 0.29907584
v 0.29822394 0.43906268 0.26256073
v 0.2945645 0.30371863 0.18187895
v 0.30342364 0.23509355 0.15626425
v 0.27941707 0.54689753 0.3220664
v 0.2953034 0.5252243 0.28823426
v 0.25321057 0.477284 0.29907584
v 0.30413544 0.34216157 0.21501061
v 0.31290525 0.3982492 0.24059482
v 0.29794335 0.11125321 0.47360688
v 0.2919425 0.13501778 0.5121517
v 0.25910842 0.25043654 0.11141297
v 0.30249923 0.19919059 0.121763036
v 0.28434142 0.22016461 0.06849202
v 0.29304838 0.43700612 0.47208923
v 0.29379496 0.48888648 0.4431861
v 0.25630158 0.48269528 0.4952063
v 0.29858822 0.3944614 0.5185703
v 0.2953034 0.5252243 0.28823426
v 0.29432702 0.47790015 0.28160852
v 0.25321057 0.477284 0.29907584
v 0.3312257 0.015353031 0.42605597
v 0.2923299 0.049189776 0.4493143
v 0.309135 0.3890043 0.44776082
v 0.3158188 0.44682586 0.40895957
v 0.29794335 0.11125321 0.47360688
v 0.3337979 0.07104719 0.44365788
v 0.32470462 0.1757842 0.4565202
v 0.3077074 0.20232518 0.5106169
v 0.2775033 0.0017786054 0.4191929
v 0.32736087 0.16330123 0.09962375
v 0.3074631 0.21106263 0.014792124
v 0.3296547 0.2746005 0.19596386
v 0.3140302 0.34716368 0.47444242
v 0.29415557 0.3488683 0.5452739
v 0.29822394 0.43906268 0.26256073
v 0.34720117 0.47268882 0.22010298
v 0.3369422 0.49336696 0.37927493
v 0.29981682 0.54190004 0.40643913
v 0.32663596 0.51846087 0.24770235
v 0.29794335 0.11125321 0.47360688
v 0.33891645 0.122980505 0.43867597
v 0.3157955 0.30253613 0.49449426
v 0.29982656 0.28871474 0.5427004
v 0.33182618 0.1533736 0.1471882
v 0.33360952 0.2127967 0.17834264
v 0.33891645 0.122980505 0.43867597
v 0.32823098 0.22991201 0.44540522
v 0.31606746 0.2592774 0.49456328
v 0.33455792 0.30594993 0.41975623
v 0.3296547 0.2746005 0.19596386
v 0.30413544 0.34216157 0.21501061
v 0.358832 0.3420432 0.19977516
v 0.3308949 0.3503852 0.40695792
v 0.31290525 0.3982492 0.24059482
v 0.34972256 0.41106772 0.36133
v 0.3676588 0.12195575 0.04175739
v 0.36156964 0.14392033 0.18464634
v 0.36080444 0.40995142 0.20237204
v 0.32470462 0.1757842 0.4565202
v 0.36085817 0.18061943 0.40581483
v 0.32823098 0.22991201 0.44540522
v 0.33360952 0.2127967 0.17834264
v 0.3296547 0.2746005 0.19596386
v 0.38791502 0.22281641 0.17386663
v 0.35127702 0.2444625 0.40547085
v 0.35306966 0.10240197 0.15434232
v 0.36085817 0.18061943 0.40581483
v 0.35544205 0.35090894 0.37145206
v 0.37193424 0.08470693 0.4088467
v 0.36935347 0.09355341 0.102960825
v 0.32470462 0.1757842 0.4565202
v 0.36085817 0.18061943 0.40581483
v 0.37824404 0.30988944 0.35047096
v 0.3694672 0.46032694 0.3276306
v 0.36444676 3.3873925E-4 0.39634192
v 0.36156964 0.14392033 0.18464634
v 0.38265923 0.28245965 0.17743094
v 0.37169904 0.05977811 0.16437797
v 0.38820076 0.13453686 0.37926275
v 0.33891645 0.122980505 0.43867597
v 0.38165942 0.2657702 0.35622108
v 0.39131176 0.084356755 0.21784633
v 0.36085817 0.18061943 0.40581483
v 0.3824926 0.21061489 0.36888286
v 0.38923717 0.5076659 0.30770376
v 0.35262537 0.5620503 0.36533022
v 0.38980144 0.34419867 0.3238997
v 0.40589756 0.4518099 0.16417927
v 0.3714472 0.034125853 0.2111997
v 0.38835484 0.3906136 0.31181854
v 0.409477 0.504358 0.17378585
v 0.37697166 0.5435258 0.20754007
v 0.4016804 0.07303372 0.37268078
v 0.36085817 0.18061943 0.40581483
v 0.38820076 0.13453686 0.37926275
v 0.40391612 0.3652708 0.1599352
v 0.4325325 0.1791741 0.1660775
v 0.4007923 0.31894267 0.1621668
v 0.42395413 0.408989 0.14748186
v 0.3694672 0.46032694 0.3276306
v 0.4087857 0.43004227 0.2794455
v 0.38923717 0.5076659 0.30770376
v 0.37193424 0.08470693 0.4088467
v 0.4016804 0.07303372 0.37268078
v 0.42714038 0.28833288 0.2820951
v 0.42654037 0.051715992 0.24606518
v 0.37424856 9.096088E-4 0.27921188
v 0.3714472 0.034125853 0.2111997
v 0.39131176 0.084356755 0.21784633
v 0.43044302 0.09852724 0.20684376
v 0.40488014 0.18093675 0.3439495
v 0.41375768 0.23249725 0.31537747
v 0.38835484 0.3906136 0.31181854
v 0.4029102 0.010210248 0.3600773
v 0.4016804 0.07303372 0.37268078
v 0.43171692 0.13405897 0.18676557
v 0.4234643 0.12790628 0.33001822
v 0.43581977 0.27116477 0.14211483
v 0.43321627 0.36610457 0.2587191
v 0.38835484 0.3906136 0.31181854
v 0.43321627 0.36610457 0.2587191
v 0.41855526 0.49864084 0.27250424
v 0.42654037 0.051715992 0.24606518
v 0.37424856 9.096088E-4 0.27921188
v 0.43440378 0.1666531 0.30343673
v 0.44063765 0.3220707 0.13694645
v 0.41503745 0.56079304 0.28333983
v 0.4029102 0.010210248 0.3600773
v 0.4370507 0.07271283 0.32388997
v 0.45601878 0.23215349 0.25624454
v 0.44391033 0.2245732 0.14671269
v 0.4650194 0.37508792 0.13360353
v 0.44459343 0.4163752 0.24210234
v 0.44829172 0.46247536 0.24002564
v 0.4267902 0.01894582 0.31920087
v 0.45251748 0.10291169 0.2945714
v 0.46530685 0.14484328 0.26657248
v 0.42714038 0.28833288 0.2820951
v 0.46082819 0.3068218 0.23482737
v 0.43321627 0.36610457 0.2587191
v 0.46294665 0.47613126 0.15846157
v 0.45428294 0.5151084 0.2399422
v 0.46071792 0.053143088 0.2768769
v 0.46071792 0.053143088 0.2768769
v 0.4267902 0.01894582 0.31920087
v 0.48051247 0.11506595 0.22830532
v 0.43321627 0.36610457 0.2587191
v 0.4926382 0.42626613 0.16003604
v 0.44414398 0.538359 0.1941874
v 0.47681138 0.18753387 0.24109708
v 0.42714038 0.28833288 0.2820951
v 0.45601878 0.23215349 0.25624454
v 0.4840443 0.34903836 0.20789988
v 0.48051247 0.11506595 0.22830532
v 0.49396405 0.20878416 0.15898454
v 0.48460627 0.26991093 0.13319592
v 0.50211704 0.32475424 0.1407789
v 0.48288575 0.46767688 0.20564032
v 0.4989366 0.23458424 0.20602906
v 0.4808719 0.396644 0.2089535
v 0.48051247 0.11506595 0.22830532
v 0.48051247 0.11506595 0.22830532
v 0.46530685 0.14484328 0.26657248
v 0.45251748 0.10291169 0.2945714
v 0.49357736 0.30727473 0.2023316
v 0.49916327 0.16635251 0.20022136
v 0.47681138 0.18753387 0.24109708
v 0.44414398 0.538359 0.1941874
v 0.45428294 0.5151084 0.2399422
v 0.48288575 0.46767688 0.20564032
v 0.48051247 0.11506595 0.22830532
v 0.46530685 0.14484328 0.26657248
v 0.49916327 0.16635251 0.20022136
v 0.4926382 0.42626613 0.16003604
v 0.46294665 0.47613126 0.15846157
v 0.5088027 0.38746485 0.17517099
v 0.49916327 0.16635251 0.20022136
v 0.5088027 0.38746485 0.17517099
v 0.4926382 0.42626613 0.16003604
v 0.51971304 0.27529216 0.16266167
v 0.51971304 0.27529216 0.16266167
v 0.50211704 0.32475424 0.1407789
v 0.50211704 0.32475424 0.1407789
v 0.49916327 0.16635251 0.20022136
v 0.49396405 0.20878416 0.15898454
v 0.4989366 0.23458424 0.20602906
v 0.49396405 0.20878416 0.15898454
v -0.4306845 0.566369 0.25632083
v -0.4306845 0.566369 0.25632083
v -0.4137253 0.55516315 0.2021762
v -0.46280295 0.5264752 0.2196086
v -0.4137253 0.55516315 0.2021762
v -0.46280295 0.5264752 0.2196086
v -0.4049704 0.5832085 0.30143344
v -0.3660969 0.59157884 0.25473642
v -0.4306845 0.566369 0.25632083
v -0.4049704 0.5832085 0.30143344
v -0.37060922 0.5388391 0.20938808
v -0.3649081 0.54910785 0.35495415
v -0.37060922 0.5388391 0.20938808
v -0.36030534 0.601316 0.31690967
v -0.36030534 0.601316 0.31690967
v -0.3660969 0.59157884 0.25473642
v -0.3649081 0.54910785 0.35495415
v -0.28473723 0.55403787 0.3478638
v -0.36030534 0.601316 0.31690967
v -0.33943337 0.5627698 0.38724422
v -0.33943337 0.5627698 0.38724422
v -0.3649081 0.54910785 0.35495415
v -0.3172598 0.58230126 0.29580444
v -0.3172598 0.58230126 0.29580444
v -0.2962492 0.5342269 0.41686216
v -0.2962492 0.5342269 0.41686216
v -0.24913667 0.517408 0.3881641
v -0.26306093 0.50826263 0.43333614
v -0.17160755 0.5471359 0.35828385
v -0.15867719 0.5574617 0.47543123
v -0.18241747 0.51831734 0.5550115
v -0.14596881 0.5509323 0.53096545
v -0.16389568 0.5578178 0.40784484
v -0.13522747 0.5531322 0.3175106
v -0.12972663 0.57389164 0.43095827
v -0.13004324 0.5697239 0.3810137
v -0.09958373 0.5553773 0.28948128
v -0.10697455 0.58065665 0.47639865
v -0.07131085 0.58646804 0.5143941
v -0.0769732 0.58929086 0.390654
v -0.07445708 0.5787555 0.33988193
v -0.046578027 0.59917146 0.4588786
v -0.060714267 0.54854846 0.25547212
v -0.044098377 0.56808394 0.29071295
v -0.026575578 0.60133445 0.41893497
v -0.011929369 0.5551832 0.26030847
v -0.031023186 0.59429014 0.369649
v -0.021285323 0.5873545 0.53891456
v 0.01690968 0.58267295 0.32807192
v 0.012762836 0.59758055 0.38511783
v 0.032128096 0.6013881 0.44124186
v 0.023323476 0.5989922 0.4912554
v 0.04295434 0.56013906 0.27418125
v 0.05808914 0.59571344 0.4065348
v 0.06891629 0.5830958 0.52663916
v 0.023426142 0.5818652 0.5566316
v 0.082013376 0.5828846 0.3654325
v 0.08227256 0.5691118 0.31420884
v 0.10265234 0.5811701 0.47725525
v 0.10571605 0.58255136 0.4216293
v 0.14485061 0.554187 0.3386901
v 0.12659064 0.5700649 0.37979606
v 0.15335034 0.5619885 0.44387457
v 0.114822015 0.56090915 0.5445032
v 0.15903893 0.5517762 0.49898663
v 0.20402606 0.5332416 0.4598273
v 0.20306084 0.518241 0.5184866
v 0.2479669 0.51702917 0.36257312
v 0.25302798 0.5145319 0.42851806
v 0.29981682 0.54190004 0.40643913
v 0.30236948 0.579874 0.3546326
v 0.2953034 0.5252243 0.28823426
v 0.32113707 0.59061027 0.3143926
v 0.29379496 0.48888648 0.4431861
v 0.29981682 0.54190004 0.40643913
v 0.25302798 0.5145319 0.42851806
v 0.32113707 0.59061027 0.3143926
v 0.33923078 0.5689223 0.2500081
v 0.35262537 0.5620503 0.36533022
v 0.30236948 0.579874 0.3546326
v 0.29981682 0.54190004 0.40643913
v 0.32113707 0.59061027 0.3143926
v 0.37595698 0.60080725 0.29135305
v 0.33923078 0.5689223 0.2500081
v 0.38112035 0.572698 0.33145255
v 0.38437343 0.5945228 0.24443209
v 0.33923078 0.5689223 0.2500081
v 0.38923717 0.5076659 0.30770376
v 0.38112035 0.572698 0.33145255
v 0.37697166 0.5435258 0.20754007
v 0.33923078 0.5689223 0.2500081
v 0.41503745 0.56079304 0.28333983
v 0.38112035 0.572698 0.33145255
v 0.44033903 0.5618632 0.23665692
v 0.41503745 0.56079304 0.28333983
v 0.37595698 0.60080725 0.29135305
v 0.38112035 0.572698 0.33145255
v 0.44414398 0.538359 0.1941874
v 0.44033903 0.5618632 0.23665692
v 0.44033903 0.5618632 0.23665692
v 0.44414398 0.538359 0.1941874
v -0.2802767 -0.030477602 0.7458249
v -0.27429986 -0.04686416 0.8005097
v -0.25378415 0.0041853245 0.79248226
v -0.2726123 0.020028248 0.7422956
v -0.26240265 0.053200677 0.7110981
v -0.26596138 -0.021726057 0.6918809
v -0.25316364 -0.068373755 0.7472857
v -0.23754153 -0.02004128 0.8367511
v -0.23649399 -0.09770503 0.83111966
v -0.26596138 -0.021726057 0.6918809
v -0.25316364 -0.068373755 0.7472857
v -0.2802767 -0.030477602 0.7458249
v -0.24746715 -0.055959508 0.87562215
v -0.23649399 -0.09770503 0.83111966
v -0.22372942 -0.091268465 0.79057384
v -0.2355105 -0.09125308 0.8966663
v -0.20591997 -0.03171413 0.70489967
v -0.23835677 0.010442232 0.650613
v -0.20591997 -0.03171413 0.70489967
v -0.26596138 -0.021726057 0.6918809
v -0.2032662 -0.062904835 0.90975595
v -0.20078301 -0.055978462 0.95584583
v -0.19999856 -0.050533082 0.767398
v -0.21243566 -0.09723769 0.9457423
v -0.2058509 -0.031670757 0.87197113
v -0.23754153 -0.02004128 0.8367511
v -0.24746715 -0.055959508 0.87562215
v -0.21243566 -0.09723769 0.9457423
v -0.2355105 -0.09125308 0.8966663
v -0.2032662 -0.062904835 0.90975595
v -0.24746715 -0.055959508 0.87562215
v -0.2032662 -0.062904835 0.90975595
v -0.19401634 -0.0896716 0.84813905
v -0.20591997 -0.03171413 0.70489967
v -0.20591997 -0.03171413 0.70489967
v -0.25316364 -0.068373755 0.7472857
v -0.25316364 -0.068373755 0.7472857
v -0.19999856 -0.050533082 0.767398
v -0.19401634 -0.0896716 0.84813905
v -0.19592148 -0.030515846 0.81523967
v -0.22068986 0.031926848 0.76052403
v -0.19592148 -0.030515846 0.81523967
v -0.19401634 -0.0896716 0.84813905
v -0.22372942 -0.091268465 0.79057384
v -0.2032662 -0.062904835 0.90975595
v -0.20078301 -0.055978462 0.95584583
v -0.21243566 -0.09723769 0.9457423
v -0.2058509 -0.031670757 0.87197113
v -0.12785593 -0.009826226 0.5821341
v -0.17355782 1.6435981E-4 0.5426471
v -0.08670072 -0.049745232 0.5722398
v -0.12785593 -0.009826226 0.5821341
v -0.12558913 0.0040261415 0.89338267
v -0.10941741 -0.07787309 0.86654484
v -0.113336846 -0.06040353 0.9216692
v -0.1340088 0.04177881 0.8469398
v -0.100022726 -0.03609754 0.8246751
v -0.10623186 -0.11739524 0.9176244
v -0.0943645 -0.19085895 0.8587547
v -0.098540865 -0.17161183 0.9249321
v -0.08670072 -0.049745232 0.5722398
v -0.09394474 -0.25838858 0.8481637
v -0.076940686 -0.2262037 0.93552077
v -0.07202352 -0.13661438 0.8356154
v -0.0943645 -0.19085895 0.8587547
v -0.10941741 -0.07787309 0.86654484
v -0.080127336 -0.05759778 0.97206867
v -0.0972728 0.005121844 0.9590369
v -0.07341231 -0.35458055 0.7584344
v -0.08745515 -0.33020014 0.8066187
v -0.09002353 -0.28396907 0.7610816
v -0.075821504 -0.2588819 0.68839
v -0.07269879 -0.33155143 0.64293253
v -0.09194766 -0.319346 0.7033569
v -0.08939567 -0.30423766 0.85077596
v -0.07439016 -0.28056586 0.90742165
v -0.062206678 -0.21825342 0.79145783
v -0.06685363 -0.16389921 0.9663279
v -0.07372372 -0.08184896 0.8277891
v -0.10941741 -0.07787309 0.86654484
v -0.100022726 -0.03609754 0.8246751
v -0.048771806 -0.3716904 0.7019597
v -0.07757898 -0.24523169 0.6423402
v -0.07581002 -0.27624008 0.57635283
v -0.08558359 -0.231498 0.5761244
v -0.07567167 -0.14341617 0.51806736
v -0.06707065 -0.34239626 0.85859096
v -0.064409226 -0.3197497 0.600731
v -0.062206678 -0.21825342 0.79145783
v -0.0943645 -0.19085895 0.8587547
v -0.0943645 -0.19085895 0.8587547
v -0.068989806 -0.11483434 0.9754481
v -0.05712167 -0.008021203 0.98332715
v -0.0972728 0.005121844 0.9590369
v -0.080127336 -0.05759778 0.97206867
v -0.048771806 -0.3716904 0.7019597
v -0.09194766 -0.319346 0.7033569
v -0.07269879 -0.33155143 0.64293253
v -0.047206774 -0.20448405 0.64230525
v -0.08048636 -0.16774955 0.5640987
v -0.059572052 -0.22142018 0.5304777
v -0.07567167 -0.14341617 0.51806736
v -0.0410858 -0.048378997 0.794384
v -0.03812258 -0.017938394 0.6251855
v -0.12785593 -0.009826226 0.5821341
v -0.08670072 -0.049745232 0.5722398
v -0.06128605 0.003037082 0.6620476
v -0.052974284 -0.13913128 0.590706
v -0.09771994 -0.0067857523 0.79190505
v -0.07341231 -0.35458055 0.7584344
v -0.028654117 -0.37647438 0.8148694
v -0.08745515 -0.33020014 0.8066187
v -0.023429926 -0.3126508 0.9108203
v -0.07581002 -0.27624008 0.57635283
v -0.08558359 -0.231498 0.5761244
v -0.032720983 -0.11747921 0.8205284
v -0.06707065 -0.34239626 0.85859096
v -0.052139 -0.23634838 0.719818
v -0.075821504 -0.2588819 0.68839
v -0.062206678 -0.21825342 0.79145783
v -0.08048636 -0.16774955 0.5640987
v -0.08670072 -0.049745232 0.5722398
v -0.029425506 -0.054358706 0.59579384
v -0.03812258 -0.017938394 0.6251855
v -0.039853096 0.0063954745 0.7300982
v -0.09771994 -0.0067857523 0.79190505
v -0.1046379 0.012992166 0.7505698
v -0.08670072 -0.049745232 0.5722398
v -0.079739235 -0.10055107 0.55467844
v -0.029425506 -0.054358706 0.59579384
v -0.0132589955 -0.1219376 0.9905163
v -0.080127336 -0.05759778 0.97206867
v -0.068989806 -0.11483434 0.9754481
v -0.07439016 -0.28056586 0.90742165
v -0.023429926 -0.3126508 0.9108203
v -0.02713883 -0.24821162 0.95481825
v -0.076940686 -0.2262037 0.93552077
v -0.014657019 -0.21648687 0.7091404
v -0.016383134 -0.20198731 0.9734471
v -0.06685363 -0.16389921 0.9663279
v -0.016438134 -0.32218733 0.5993663
v -0.064409226 -0.3197497 0.600731
v -0.047206774 -0.20448405 0.64230525
v -0.09771994 -0.0067857523 0.79190505
v -0.0410858 -0.048378997 0.794384
v 8.5976906E-4 -0.1556568 0.6214155
v -0.052974284 -0.13913128 0.590706
v 0.013961838 -0.098069906 0.5941514
v -0.014758531 -0.06661646 0.99490327
v -0.013032306 -0.3561163 0.8635342
v -0.016102359 -0.2827142 0.5592936
v -0.023429926 -0.3126508 0.9108203
v -0.064409226 -0.3197497 0.600731
v -0.016438134 -0.32218733 0.5993663
v -0.001815062 -0.012977375 0.993686
v -0.039853096 0.0063954745 0.7300982
v 0.0102672735 -0.030714458 0.77559865
v 0.012110858 -0.077169195 0.8084283
v -0.014860766 -0.16430408 0.80982506
v 0.009741187 -0.35341674 0.64729136
v -0.047206774 -0.20448405 0.64230525
v -0.0054354295 -0.18634178 0.6510445
v 8.5976906E-4 -0.1556568 0.6214155
v 0.0043974607 -0.3827801 0.7574909
v 0.010374625 -0.37084764 0.68688715
v 0.0075646257 -0.16784494 0.98475754
v -0.052974284 -0.13913128 0.590706
v 8.5976906E-4 -0.1556568 0.6214155
v 0.025174063 -0.02037223 0.62649196
v 0.017374814 -0.2758993 0.94114864
v -0.0054354295 -0.18634178 0.6510445
v -0.047206774 -0.20448405 0.64230525
v 0.022093778 -0.20620759 0.77844346
v -0.062206678 -0.21825342 0.79145783
v 0.018539572 -0.13240243 0.81928027
v 0.022093778 -0.20620759 0.77844346
v 0.030024836 -0.22011018 0.7012882
v 0.03788719 -0.17279264 0.8130255
v 0.057744518 -0.36495286 0.8192519
v 0.034255814 -0.22528782 0.9616672
v 0.022093778 -0.20620759 0.77844346
v 0.03678877 -0.06265363 0.99053
v -0.023429926 -0.3126508 0.9108203
v 0.06263166 -0.30993217 0.88595486
v 0.034007844 -0.30690455 0.58183193
v -0.016438134 -0.32218733 0.5993663
v 0.05438544 -0.274314 0.5596849
v 0.04013728 -0.19958831 0.6395294
v -0.0054354295 -0.18634178 0.6510445
v 0.043980815 -0.13351238 0.9828716
v 0.057322178 -0.37298226 0.7247283
v 0.062084556 -0.32674235 0.6165961
v 0.054178655 -0.34532428 0.8634901
v 0.04013728 -0.19958831 0.6395294
v -0.039853096 0.0063954745 0.7300982
v 0.049332615 -0.012076648 0.76220703
v 0.0102672735 -0.030714458 0.77559865
v 0.052787177 -0.37838393 0.7672113
v 0.071590886 -0.3499738 0.66683125
v 0.054178655 -0.34532428 0.8634901
v -0.023429926 -0.3126508 0.9108203
v 0.05718027 -0.18682538 0.9651548
v 0.034007844 -0.30690455 0.58183193
v 0.05522711 -0.17329714 0.60489714
v 0.07338291 -0.051801167 0.81456065
v 0.06606729 -0.24750312 0.7574891
v 0.08149369 -0.11411855 0.8426039
v 0.058019772 0.003109442 0.980298
v 0.064382136 -0.23524153 0.5387716
v 0.068362236 -0.25056088 0.68917024
v 0.04013728 -0.19958831 0.6395294
v 0.080026925 -0.26227343 0.90514123
v 0.07138642 -0.05788923 0.57694095
v 0.049332615 -0.012076648 0.76220703
v 0.07138642 -0.05788923 0.57694095
v 0.074292764 -0.007061922 0.6301689
v 0.025174063 -0.02037223 0.62649196
v 0.07654266 -0.13608712 0.5578508
v 0.07544701 -0.22850306 0.93718135
v 0.068362236 -0.25056088 0.68917024
v 0.081826255 -0.25759 0.6330139
v 0.04013728 -0.19958831 0.6395294
v 0.06649281 -0.2140075 0.8062036
v 0.022093778 -0.20620759 0.77844346
v 0.03788719 -0.17279264 0.8130255
v 0.06649281 -0.2140075 0.8062036
v 0.08121482 -0.21051061 0.58534837
v 0.04013728 -0.19958831 0.6395294
v 0.08121482 -0.21051061 0.58534837
v 0.089395836 -0.06536633 0.96043956
v 0.05438544 -0.274314 0.5596849
v 0.07919671 -0.18159181 0.83491796
v 0.08940984 -0.13152216 0.95380974
v 0.08499269 -0.2690438 0.79191864
v 0.06606729 -0.24750312 0.7574891
v 0.03788719 -0.17279264 0.8130255
v 0.07919671 -0.18159181 0.83491796
v 0.08458668 -0.3405218 0.79017925
v 0.09115648 -0.2393248 0.8427676
v 0.07654266 -0.13608712 0.5578508
v 0.05522711 -0.17329714 0.60489714
v 0.09813762 -0.082893424 0.5361186
v 0.052787177 -0.37838393 0.7672113
v 0.057322178 -0.37298226 0.7247283
v 0.08458668 -0.3405218 0.79017925
v 0.066035494 -0.19154069 0.5315527
v 0.064382136 -0.23524153 0.5387716
v 0.09166208 -0.1808641 0.9302309
v 0.06421915 -0.15193751 0.5135558
v 0.07654266 -0.13608712 0.5578508
v 0.08960106 -0.3187402 0.7424351
v 0.057744518 -0.36495286 0.8192519
v 0.054178655 -0.34532428 0.8634901
v 0.06263166 -0.30993217 0.88595486
v 0.068362236 -0.25056088 0.68917024
v 0.08988908 -0.30226767 0.68851495
v 0.05438544 -0.274314 0.5596849
v 0.1106717 0.007646156 0.79345167
v 0.07338291 -0.051801167 0.81456065
v 0.049332615 -0.012076648 0.76220703
v 0.073165275 0.007772164 0.7305502
v 0.1106717 0.007646156 0.79345167
v 0.071590886 -0.3499738 0.66683125
v 0.07138642 -0.05788923 0.57694095
v 0.11658259 -0.0038923714 0.6050763
v 0.074292764 -0.007061922 0.6301689
v 0.062084556 -0.32674235 0.6165961
v 0.080026925 -0.26227343 0.90514123
v 0.096854866 -0.20004278 0.888508
v 0.07544701 -0.22850306 0.93718135
v 0.09166208 -0.1808641 0.9302309
v 0.08149369 -0.11411855 0.8426039
v 0.102966025 0.013443024 0.9491687
v 0.10179907 -0.15068147 0.8759356
v 0.08149369 -0.11411855 0.8426039
v 0.09813762 -0.082893424 0.5361186
v 0.12682745 -0.024759226 0.5582711
v 0.10712864 -0.11743921 0.90825087
v 0.08940984 -0.13152216 0.95380974
v 0.12682745 -0.024759226 0.5582711
v 0.115129866 -0.055171683 0.9059184
v 0.089395836 -0.06536633 0.96043956
v 0.07338291 -0.051801167 0.81456065
v 0.11593206 -0.02582628 0.85205084
v 0.1106717 0.007646156 0.79345167
v 0.12682745 -0.024759226 0.5582711
v 0.09813762 -0.082893424 0.5361186
v 0.102966025 0.013443024 0.9491687
v 0.12294294 -0.008390418 0.8926517
v 0.15495595 -0.034668297 0.50970304
v 0.12682745 -0.024759226 0.5582711
v 0.12682745 -0.024759226 0.5582711
v 0.18050644 -0.048295766 0.46803367
v 0.1931966 -0.08169496 0.8233918
v 0.21337548 -0.100894526 0.894028
v 0.19466023 -0.05115319 0.897853
v 0.1978592 -0.0684292 0.9533528
v 0.24986565 -0.031506103 0.83235884
v 0.19452092 -0.052322738 0.7889596
v 0.21337548 -0.100894526 0.894028
v 0.1931966 -0.08169496 0.8233918
v 0.23867005 -0.093626514 0.85072696
v 0.22001958 -0.04859827 0.7134365
v 0.19714162 -0.007182238 0.77238333
v 0.17882493 0.0041905493 0.7001977
v 0.18340735 0.003347297 0.6378516
v 0.23573494 0.00985623 0.6419701
v 0.26230192 -0.06523036 0.78323007
v 0.22001958 -0.04859827 0.7134365
v 0.1931966 -0.08169496 0.8233918
v 0.26230192 -0.06523036 0.78323007
v 0.19452092 -0.052322738 0.7889596
v 0.25986814 -0.00953453 0.6760716
v 0.19466023 -0.05115319 0.897853
v 0.1978592 -0.0684292 0.9533528
v 0.21337548 -0.100894526 0.894028
v 0.24986565 -0.031506103 0.83235884
v 0.2692722 -0.038882274 0.71855474
v 0.23867005 -0.093626514 0.85072696
v 0.24986565 -0.031506103 0.83235884
v 0.25986814 -0.00953453 0.6760716
v 0.26230192 -0.06523036 0.78323007
v 0.24986565 -0.031506103 0.83235884
v 0.27307326 -0.019023765 0.78556335
v 0.2692722 -0.038882274 0.71855474
v 0.25986814 -0.00953453 0.6760716
v 0.27496606 0.019199898 0.71133816
v -0.2878932 0.37338346 0.55612147
v -0.28006542 0.1498776 0.5623454
v -0.27399486 0.21139121 0.5952046
v -0.31273597 0.3124991 0.5137812
v -0.27683175 0.33849192 0.6032617
v -0.26520896 0.10187187 0.55226594
v -0.25600588 0.4594225 0.5437266
v -0.25680268 0.39498383 0.60573506
v -0.23835677 0.010442232 0.650613
v -0.26113808 0.06693609 0.65495926
v -0.2618339 0.13759938 0.6088093
v -0.25326818 0.27887785 0.6197605
v -0.2408512 0.06350182 0.550887
v -0.24923381 0.18472897 0.6377289
v -0.22662179 0.09444633 0.70704067
v -0.24692926 0.12510404 0.65247065
v -0.25193226 0.090039276 0.60587883
v -0.23560673 0.32068008 0.6448624
v -0.27683175 0.33849192 0.6032617
v -0.25326818 0.27887785 0.6197605
v -0.23560673 0.32068008 0.6448624
v -0.25378415 0.0041853245 0.79248226
v -0.22068986 0.031926848 0.76052403
v -0.2726123 0.020028248 0.7422956
v -0.26240265 0.053200677 0.7110981
v -0.2726123 0.020028248 0.7422956
v -0.22249915 0.24998613 0.6664796
v -0.2112365 0.46737635 0.5928127
v -0.23385033 0.0508919 0.6061218
v -0.26113808 0.06693609 0.65495926
v -0.22425994 0.17982444 0.6757229
v -0.23385033 0.0508919 0.6061218
v -0.22002795 0.49621668 0.5401039
v -0.24137677 0.504916 0.47647527
v -0.23560673 0.32068008 0.6448624
v -0.19726637 0.13017257 0.7196763
v -0.25680268 0.39498383 0.60573506
v -0.23560673 0.32068008 0.6448624
v -0.21264298 0.39027324 0.64739054
v -0.20069471 0.029214403 0.5897868
v -0.20069471 0.029214403 0.5897868
v -0.23385033 0.0508919 0.6061218
v -0.2408512 0.06350182 0.550887
v -0.22068986 0.031926848 0.76052403
v -0.22662179 0.09444633 0.70704067
v -0.26240265 0.053200677 0.7110981
v -0.20058215 0.20089117 0.70776635
v -0.2004931 0.3417734 0.67138517
v -0.21264298 0.39027324 0.64739054
v -0.18666679 0.44616944 0.63736635
v -0.19592148 -0.030515846 0.81523967
v -0.19972622 0.2762968 0.6919987
v -0.20069471 0.029214403 0.5897868
v -0.2004931 0.3417734 0.67138517
v -0.22068986 0.031926848 0.76052403
v -0.17582956 0.018299626 0.70919675
v -0.18241747 0.51831734 0.5550115
v -0.1759232 0.24233916 0.74384475
v -0.16188075 0.07838407 0.74567103
v -0.17227986 0.1772573 0.76249355
v -0.17582956 0.018299626 0.70919675
v -0.19726637 0.13017257 0.7196763
v -0.17547625 0.30055714 0.7217435
v -0.16739869 0.38222504 0.69192797
v -0.23835677 0.010442232 0.650613
v -0.15308246 0.0091023715 0.64114904
v -0.14536503 0.5027118 0.6182576
v -0.20591997 -0.03171413 0.70489967
v -0.17582956 0.018299626 0.70919675
v -0.15413305 0.2842536 0.777267
v -0.14920405 0.34966254 0.7387172
v -0.14536503 0.5027118 0.6182576
v -0.2112365 0.46737635 0.5928127
v -0.16188075 0.07838407 0.74567103
v -0.15638012 0.1027376 0.78516996
v -0.1572468 0.16322228 0.80549896
v -0.15549284 0.22262415 0.8030131
v -0.124653324 0.4254649 0.7025931
v -0.12856418 0.46785334 0.6678749
v -0.16188075 0.07838407 0.74567103
v -0.17582956 0.018299626 0.70919675
v -0.12895027 0.025041234 0.714142
v -0.12895027 0.025041234 0.714142
v -0.17582956 0.018299626 0.70919675
v -0.13782212 0.04778239 0.76663387
v -0.14418228 0.11761685 0.8507668
v -0.10865685 0.006585734 0.6535469
v -0.12895027 0.025041234 0.714142
v -0.13718185 0.17172572 0.8669609
v -0.120053805 0.3279934 0.8009864
v -0.12185474 0.23071356 0.86616945
v -0.1290672 0.26581085 0.8372269
v -0.13136837 0.11204024 0.89642453
v -0.106727846 0.37796497 0.76613605
v -0.12600668 0.06188705 0.91445494
v -0.1046379 0.012992166 0.7505698
v -0.09771994 -0.0067857523 0.79190505
v -0.09736466 0.18992862 0.9098408
v -0.10107 0.5072439 0.6458343
v -0.14536503 0.5027118 0.6182576
v -0.12856418 0.46785334 0.6678749
v -0.10150178 0.11074357 0.93817985
v -0.09416588 0.060556814 0.9557215
v -0.08976662 0.27496767 0.8689781
v -0.053123392 0.4693236 0.7012815
v -0.12856418 0.46785334 0.6678749
v -0.124653324 0.4254649 0.7025931
v -0.124653324 0.4254649 0.7025931
v -0.106727846 0.37796497 0.76613605
v -0.061444234 0.42533183 0.74227726
v -0.056204025 0.16998535 0.9407407
v -0.09736466 0.18992862 0.9098408
v -0.10150178 0.11074357 0.93817985
v -0.08976662 0.27496767 0.8689781
v -0.054998733 0.3196302 0.8511156
v -0.120053805 0.3279934 0.8009864
v -0.059733845 0.10526055 0.9618082
v -0.10150178 0.11074357 0.93817985
v -0.09416588 0.060556814 0.9557215
v -0.08976662 0.27496767 0.8689781
v -0.12185474 0.23071356 0.86616945
v -0.09736466 0.18992862 0.9098408
v -0.052996647 0.0361444 0.9779233
v -0.09416588 0.060556814 0.9557215
v -0.0972728 0.005121844 0.9590369
v -0.04681117 0.37122172 0.81000745
v -0.120053805 0.3279934 0.8009864
v -0.061444234 0.42533183 0.74227726
v -0.124653324 0.4254649 0.7025931
v -0.10107 0.5072439 0.6458343
v -0.040765952 0.52007174 0.6548221
v -0.053123392 0.4693236 0.7012815
v -0.04681117 0.37122172 0.81000745
v -0.120053805 0.3279934 0.8009864
v -0.03956831 0.25335598 0.9030219
v -0.0972728 0.005121844 0.9590369
v -0.10150178 0.11074357 0.93817985
v 0.0070793484 0.16310628 0.95165056
v -0.023563877 0.41205353 0.7698724
v 0.013541181 0.0088937655 0.6876899
v -0.005414688 0.09897013 0.97459304
v 0.0024441057 0.22246617 0.9250601
v 0.0049758363 0.34159112 0.843911
v -0.04681117 0.37122172 0.81000745
v 0.007909642 0.43556064 0.7432625
v 0.007909642 0.43556064 0.7432625
v -0.061444234 0.42533183 0.74227726
v -0.040765952 0.52007174 0.6548221
v -0.0015031173 0.50069785 0.67917943
v 0.0028704845 0.38311717 0.8057321
v 0.020404298 0.057764314 0.98153096
v 0.039872665 0.29152745 0.8767173
v 0.0028704845 0.38311717 0.8057321
v 0.007909642 0.43556064 0.7432625
v 0.05633769 0.11445097 0.95940506
v 0.055967554 0.24513552 0.90157175
v 0.046439625 0.46866825 0.70421445
v 0.049383856 0.42542964 0.7459718
v 0.06547177 0.32061654 0.8446787
v 0.060288977 0.51085776 0.6587641
v 0.06647842 0.1638104 0.9386258
v 0.051701076 0.3804176 0.7985159
v 0.051701076 0.3804176 0.7985159
v 0.049383856 0.42542964 0.7459718
v 0.0840306 0.06769438 0.95903265
v 0.09548092 0.4711615 0.6831794
v 0.101234645 0.35204273 0.79585254
v 0.09475315 0.39333022 0.7571565
v 0.10715441 0.012624497 0.6865968
v 0.09475315 0.39333022 0.7571565
v 0.11461169 0.11876623 0.9190439
v 0.10245186 0.27303904 0.85993487
v 0.12505776 0.4151383 0.70877707
v 0.13195527 0.04020669 0.75279164
v 0.12473117 0.18001896 0.8813064
v 0.09475315 0.39333022 0.7571565
v 0.12040274 0.046611838 0.91998386
v 0.13259955 0.0081041325 0.6486857
v 0.13081539 0.24612221 0.84272647
v 0.1211585 0.2994991 0.821519
v 0.12823479 0.49492174 0.6407608
v 0.11461169 0.11876623 0.9190439
v 0.13681042 0.116011 0.8733196
v 0.12473117 0.18001896 0.8813064
v 0.1318571 0.05034439 0.8736023
v 0.12040274 0.046611838 0.91998386
v 0.101234645 0.35204273 0.79585254
v 0.13903224 0.36140642 0.74100405
v 0.09475315 0.39333022 0.7571565
v 0.13903224 0.36140642 0.74100405
v 0.11461169 0.11876623 0.9190439
v 0.101234645 0.35204273 0.79585254
v 0.1211585 0.2994991 0.821519
v 0.14471859 0.3128096 0.7743123
v 0.16903093 0.44564527 0.65219027
v 0.13195527 0.04020669 0.75279164
v 0.13811778 0.06448892 0.8276193
v 0.15858097 0.10489762 0.77149427
v 0.14862481 0.26930362 0.79517066
v 0.1211585 0.2994991 0.821519
v 0.13081539 0.24612221 0.84272647
v 0.16817087 0.013578568 0.5902647
v 0.1486462 0.12229014 0.8228479
v 0.1535869 0.16617182 0.81169426
v 0.1505554 0.21752319 0.8130558
v 0.101234645 0.35204273 0.79585254
v 0.18548381 0.47688907 0.608685
v 0.17344671 0.32890797 0.708046
v 0.16637649 0.38622254 0.6887978
v 0.16637649 0.38622254 0.6887978
v 0.15436393 0.52310544 0.57767105
v 0.12823479 0.49492174 0.6407608
v 0.18548381 0.47688907 0.608685
v 0.19321993 0.0505019 0.7364063
v 0.16526684 0.28082204 0.7489393
v 0.19321993 0.0505019 0.7364063
v 0.13195527 0.04020669 0.75279164
v 0.10715441 0.012624497 0.6865968
v 0.16898537 0.22458176 0.76080644
v 0.17882493 0.0041905493 0.7001977
v 0.19040021 0.115090236 0.7261039
v 0.17950213 0.15767242 0.7406964
v 0.20808676 0.395921 0.6482174
v 0.19040021 0.115090236 0.7261039
v 0.18549243 0.26497084 0.71437645
v 0.17344671 0.32890797 0.708046
v 0.2054733 0.34776223 0.6622678
v 0.19852102 0.02980268 0.563933
v 0.18548381 0.47688907 0.608685
v 0.21383587 0.4859418 0.5630493
v 0.19321993 0.0505019 0.7364063
v 0.17882493 0.0041905493 0.7001977
v 0.19408044 0.19689456 0.7150724
v 0.21584076 0.28259367 0.66516656
v 0.21785201 0.15742485 0.6846129
v 0.19040021 0.115090236 0.7261039
v 0.22429493 0.2090036 0.66890264
v 0.22628073 0.42570537 0.6134752
v 0.22923556 0.0522437 0.60214335
v 0.21584076 0.28259367 0.66516656
v 0.21584076 0.28259367 0.66516656
v 0.17344671 0.32890797 0.708046
v 0.23251912 0.10124952 0.6972809
v 0.19040021 0.115090236 0.7261039
v 0.23573494 0.00985623 0.6419701
v 0.21785201 0.15742485 0.6846129
v 0.23827869 0.069345206 0.562345
v 0.24845727 0.020223437 0.7771727
v 0.19321993 0.0505019 0.7364063
v 0.19714162 -0.007182238 0.77238333
v 0.19321993 0.0505019 0.7364063
v 0.24738282 0.04613395 0.74275124
v 0.24543603 0.3214785 0.6344026
v 0.21383587 0.4859418 0.5630493
v 0.24738282 0.04613395 0.74275124
v 0.21584076 0.28259367 0.66516656
v 0.24986565 -0.031506103 0.83235884
v 0.24558637 0.2332777 0.63464415
v 0.26388946 0.26982307 0.59888387
v 0.24543603 0.3214785 0.6344026
v 0.22923556 0.0522437 0.60214335
v 0.25328714 0.107067056 0.62555736
v 0.23251912 0.10124952 0.6972809
v 0.2509439 0.17173232 0.6321383
v 0.26706594 0.37957785 0.5957485
v 0.25768745 0.05629074 0.6454116
v 0.23573494 0.00985623 0.6419701
v 0.2676161 0.43196234 0.55838025
v 0.21383587 0.4859418 0.5630493
v 0.22628073 0.42570537 0.6134752
v 0.24738282 0.04613395 0.74275124
v 0.26972967 0.21687436 0.5998621
v 0.26388946 0.26982307 0.59888387
v 0.27839768 0.3312591 0.5962754
v 0.26745057 0.11543262 0.55767524
v 0.26706594 0.37957785 0.5957485
v 0.24845727 0.020223437 0.7771727
v 0.2807805 0.16566359 0.5670762
v 0.2676161 0.43196234 0.55838025
v 0.26706594 0.37957785 0.5957485
v 0.24845727 0.020223437 0.7771727
v 0.29581466 0.23531187 0.5535222
v 0.29982656 0.28871474 0.5427004
v 0.27839768 0.3312591 0.5962754
v 0.29415557 0.3488683 0.5452739
v 0.26706594 0.37957785 0.5957485
v 0.26706594 0.37957785 0.5957485
v 0.29415557 0.3488683 0.5452739
v 0.29858822 0.3944614 0.5185703
v 0.26388946 0.26982307 0.59888387
v 0.29581466 0.23531187 0.5535222
v 0.29982656 0.28871474 0.5427004
v -0.12281151 0.5466525 0.5703787
v -0.07321611 0.55306447 0.5966241
v -0.020462468 0.5620215 0.5984413
v 0.007893188 0.5448189 0.6276316
v -0.0015031173 0.50069785 0.67917943
v 0.060288977 0.51085776 0.6587641
v 0.062421273 0.55615497 0.59397024
v 0.09899306 0.53124034 0.61560225
v 0.12823479 0.49492174 0.6407608
vn -0.6873008 -0.43238592 -0.5633266
vn -0.44795 -0.6962938 -0.55808127
vn -0.7157457 -0.496841 -0.48701015
vn -0.392883 -0.67307717 -0.62070644
vn -0.4071375 -0.5085734 -0.7443246
vn -0.0788333 -0.68355334 -0.71935636
vn -0.281975 -0.727925 -0.624025
vn -0.2214 -0.7359 -0.6399
vn -0.1761297 -0.8755151 -0.39849687
vn -0.009046875 -0.914425 -0.37482342
vn -0.0028437488 -0.99039763 -0.13140702
vn -0.1357625 -0.7424625 -0.6524
vn 0.12229551 -0.71626043 -0.67816633
vn 0.09170625 -0.5697219 -0.81490624
vn 0.21161953 -0.6794082 -0.6942902
vn 0.38528436 -0.53761876 -0.74324685
vn 0.29466152 -0.80236816 -0.43232697
vn 0.52776873 -0.52417815 -0.6674125
vn 0.4279 -0.61179996 -0.66322505
vn -0.027125 -0.8703953 -0.45033124
vn -0.04090625 -0.99258745 -0.10945938
vn -0.21950416 -0.7518055 -0.6038077
vn -0.06525 -0.74100006 -0.6682
vn -0.3606512 -0.6468379 -0.6569402
vn -0.101233594 -0.62412417 -0.77112186
vn -0.019 -0.7414 -0.6708
vn -0.0508 -0.7419 -0.6686
vn 0.07189062 -0.7567469 -0.6394563
vn -0.0034359375 -0.99084216 -0.12428125
vn 0.0900168 -0.9478445 -0.27282813
vn 0.056421485 -0.5144242 -0.84695274
vn 0.31824452 -0.57676584 -0.73466957
vn 0.08450107 -0.71579754 -0.6895079
vn 0.29745156 -0.71768904 -0.6262531
vn 0.2532 -0.6795 -0.6886
vn 0.38746095 -0.75852424 -0.5004539
vn 0.46478438 -0.60265 -0.64608127
vn 0.5613 -0.5779 -0.5924
vn -0.9036453 -0.046435937 -0.42029843
vn -0.8353281 -0.22686875 -0.49933124
vn -0.85725 -0.22925624 -0.4591875
vn -0.8953055 0.16932774 -0.3932969
vn -0.8439183 -0.068516016 -0.5255762
vn -0.8476929 0.4461133 -0.27537423
vn -0.75094223 0.47212812 -0.45735782
vn -0.79515 -0.32099998 -0.5142
vn -0.771 -0.3768 -0.5134
vn -0.81645 0.14585 -0.55840003
vn -0.7043773 -0.3484461 -0.61186254
vn -0.8133 -0.2549375 -0.5226438
vn -0.7389 0.385 -0.553
vn -0.81570625 -0.048646487 -0.56678945
vn -0.621893 -0.043738678 -0.766759
vn -0.8115 0.0894 -0.5774
vn -0.73657966 0.24358867 -0.6224179
vn -0.7583742 0.2653004 -0.5700512
vn -0.6126473 0.41453165 -0.66497886
vn -0.7027 0.5025 -0.5036
vn -0.74565 0.4270625 -0.5103625
vn -0.7826 0.3406 -0.5212
vn -0.729 0.4464 -0.5189
vn -0.7961 0.3937 -0.4595
vn -0.9368219 0.08381562 -0.33694062
vn -0.87333596 0.13571718 -0.46508515
vn -0.8783352 -0.0055828113 -0.47426486
vn -0.81785 0.13423124 -0.544275
vn -0.890859 0.14893086 -0.3775004
vn -0.3969 0.18758124 -0.8791328
vn -0.9155891 0.1779047 -0.35783124
vn -0.8613875 0.1990875 -0.46684998
vn -0.8788514 0.2494951 -0.40362477
vn -0.76974374 -0.036370315 -0.63166875
vn -0.8274 -0.042 -0.56
vn -0.8287 -0.052 -0.5573
vn -0.8302437 0.09731875 -0.54809374
vn -0.81299216 0.29087502 -0.5029586
vn -0.25415763 -0.30715665 -0.9007834
vn -0.77817655 -3.3124955E-4 -0.62529063
vn -0.837 0.039125 -0.545375
vn -0.8266375 0.081348434 -0.5562953
vn -0.81947505 0.17919219 -0.54258746
vn -0.8344875 -0.0065499996 -0.5503875
vn -0.57906175 0.03269375 -0.7829844
vn -0.8043 0.2572 -0.53552496
vn -0.8013313 0.1799625 -0.5697187
vn -0.71934766 0.15911874 -0.6716813
vn -0.63307655 -0.14346093 -0.75702965
vn -0.75396717 0.28493673 -0.59017575
vn -0.7827562 0.30071875 -0.5447625
vn -0.7672 0.3328 -0.5483
vn -0.030095313 -0.4753 -0.87355006
vn -0.09325938 -0.15298751 -0.9799781
vn -0.6445328 0.043389846 -0.7612594
vn -0.63418907 0.2566 -0.7277719
vn -0.6850203 0.3390953 -0.6429192
vn -0.5446797 -0.09543906 -0.8299453
vn -0.18655235 0.025335155 -0.97282815
vn -0.59989214 0.3352297 -0.7252984
vn -0.5842906 0.14109999 -0.79736567
vn 0.13357265 -0.41957265 -0.8916359
vn -0.4382875 -0.24228752 -0.8631469
vn -0.4711852 -0.22437891 -0.85122967
vn 0.09805547 -0.24929842 -0.95260155
vn -0.20781094 -0.17618126 -0.95419765
vn -0.51325 0.0401625 -0.85625625
vn -0.54959375 0.22923282 -0.8013172
vn 0.37431917 -0.51183593 -0.7642981
vn -0.32422346 -0.34011877 -0.88070786
vn -0.5404812 0.3728156 -0.7537344
vn -0.37031877 -0.19476874 -0.9070422
vn -0.44047812 -0.0758375 -0.8936
vn -0.45136875 0.059145313 -0.8879422
vn -0.44731405 0.35876718 -0.8165594
vn -0.14648905 -0.43718594 -0.88113594
vn -0.27923906 -0.33817655 -0.8970906
vn -0.40655702 0.15823437 -0.8933133
vn 0.37848008 -0.51974916 -0.7550086
vn 0.12878984 -0.6287266 -0.75789726
vn 0.5344 -0.5010625 -0.68058753
vn -0.21869844 -0.29501876 -0.9267156
vn -0.3016469 -0.047118753 -0.9484141
vn -0.174625 -0.4301 -0.8854
vn 0.539775 -0.48668748 -0.686625
vn 0.6736176 -0.49662656 -0.5322992
vn 0.74441016 -0.44574004 -0.46394125
vn -0.32386643 0.31160468 -0.88982576
vn -0.010384375 -0.61934924 -0.7763852
vn -0.36303788 -0.32077304 -0.81020075
vn 0.5459187 -0.5560875 -0.6242062
vn 0.531 -0.51182497 -0.675125
vn -0.13155 -0.40678748 -0.90309376
vn -0.40200776 0.06308164 -0.8893688
vn -0.7625555 0.06977734 -0.61022496
vn 0.59837496 -0.636575 -0.4779125
vn -0.024142187 -0.53145623 -0.84404534
vn 0.2007 -0.6946 -0.6909
vn 0.0603125 -0.72167504 -0.6894375
vn 0.16324374 -0.73957694 -0.64726996
vn 0.0327 -0.683 -0.7297
vn 0.72533286 -0.63244843 -0.25379688
vn -0.34287423 0.33301485 -0.86851716
vn 0.045478128 -0.67397815 -0.7349
vn -0.57883286 0.30119687 -0.74938905
vn -0.16497676 0.3535998 -0.91658556
vn -0.059651952 -0.56084216 -0.81918514
vn -0.9025879 -0.1299293 -0.3090793
vn -0.8106414 -0.30465096 -0.47446737
vn -0.83963126 0.014323439 -0.5361328
vn -0.29710627 0.4325773 -0.8493258
vn 0.44085664 -0.7483821 -0.45932928
vn 0.27847266 -0.9245258 -0.23376952
vn 0.6252625 -0.7248688 -0.2793625
vn -0.71355003 -0.6712328 0.008176558
vn 0.06256094 -0.7703062 -0.6307328
vn -0.821 0.1608 -0.5477
vn 0.37533283 -0.67304885 -0.632682
vn 0.13601406 -0.8453328 -0.51407504
vn -0.60401326 0.43081522 -0.6457703
vn -0.35774374 -0.691175 -0.6192875
vn -0.9199084 -0.19947815 -0.11968594
vn -0.7496687 0.36884373 -0.53779376
vn -0.68278754 -0.6643219 0.29228592
vn -0.1540168 0.4812793 -0.84294176
vn 0.050926566 -0.9087875 -0.40271872
vn -0.77634466 0.47284532 -0.3602259
vn -0.83678746 -0.45954764 -0.06365313
vn -0.7554313 0.47806564 -0.43466252
vn 0.114202335 -0.9045551 0.20723563
vn -0.7061 -0.7061 0.0532
vn -0.6967 -0.7174 8.0E-4
vn -0.74857813 -0.5956594 -0.25333124
vn -0.7914594 -0.15935314 -0.512225
vn -0.011870313 -0.61583745 -0.7869328
vn -0.6583828 -0.7331828 0.12705626
vn -0.3147961 -0.8321461 0.36966446
vn 0.06763281 0.4139656 -0.90216637
vn -0.3347 -0.7849 -0.5214
vn -0.3767 -0.7372 -0.5609
vn -0.041830465 -0.8307594 -0.55112267
vn 0.019896876 -0.70465153 -0.7081438
vn 0.007474999 -0.7204781 -0.6918125
vn -0.013591059 -0.7513359 -0.5890969
vn -0.57063204 -0.75995314 0.054193556
vn 0.18455705 0.5888031 -0.76891017
vn -0.43261564 0.6280906 -0.6399063
vn -0.15410703 -0.96549374 -0.1556297
vn 0.010599025 -0.700083 -0.7021222
vn -0.17366914 -0.7935641 -0.14014454
vn -0.6371813 -0.7579633 0.0037546866
vn 0.5531742 -0.71802425 0.3403625
vn 0.45199764 -0.8372555 0.23511639
vn 0.4083797 0.64737344 -0.56460154
vn -0.68452704 0.5990681 -0.40278226
vn -0.2679996 0.6700625 -0.41296017
vn -0.21032655 -0.87860274 -0.41196173
vn 0.581775 0.637275 -0.4977125
vn -0.0071464963 0.6870965 -0.5969734
vn 0.3544086 0.39929298 -0.82899684
vn 0.13816425 -0.51696885 -0.83236647
vn 0.3812 0.5644 -0.7323
vn 0.5242188 0.5411 -0.6557437
vn 0.28886718 0.27911913 -0.9090047
vn 0.684475 -0.7239938 0.008278125
vn 0.80721426 0.2861875 -0.3724582
vn 0.8799263 -0.123054475 -0.15469804
vn 0.6507046 0.65019846 -0.38449377
vn 0.516418 0.4760078 -0.7092922
vn -0.06641485 -0.76047266 -0.6429367
vn -0.054585937 -0.7088461 -0.70297897
vn -0.0474 -0.7103 -0.7023
vn 0.6871289 0.15447655 -0.53262067
vn 0.4129215 -0.70076597 -0.49467814
vn 0.7090039 -0.6751945 -0.15033439
vn 0.6781875 -0.6891062 0.22804375
vn 0.8421375 -0.48865312 0.14641875
vn 0.7064812 -0.6826062 0.17224374
vn -0.19713125 -0.7943437 -0.57016873
vn 0.037328124 -0.52540076 -0.8449336
vn 0.5186 0.3767 -0.7675
vn 0.7765895 0.05135762 -0.5932461
vn 0.56219923 0.4323629 -0.69283205
vn 0.18804374 0.37945002 -0.9047781
vn 0.8557937 -0.37990353 -0.1162086
vn -0.5165055 -0.6738242 -0.513057
vn 0.6776457 -0.31654924 -0.61489296
vn 0.6472875 -0.66295 -0.3724125
vn 0.3422551 0.068975 -0.923141
vn -0.45606172 -0.8351164 -0.24972421
vn -0.17135 -0.74175 -0.6476
vn 0.33784297 0.36639065 -0.8647039
vn 0.54343903 0.32268596 -0.7706734
vn 0.5905125 0.09855 -0.798725
vn -0.3208 -0.7159 -0.6202
vn -0.2958 -0.7226 -0.6248
vn 0.03852266 -0.5755135 -0.79445606
vn -0.0571 -0.7207 -0.6909
vn 0.27930546 -0.22703809 -0.9163885
vn 0.19335625 -0.3448469 -0.91717184
vn -0.0919 -0.7226 -0.6851
vn 0.45084828 0.15569562 -0.8728329
vn -0.52677965 -0.6297687 -0.55501246
vn -0.7619 -0.4802 -0.4346
vn -0.7244 -0.5505 -0.415
vn 0.26798123 -0.35762033 -0.8912375
vn 0.517964 -0.080836326 -0.8311496
vn 0.26935077 -0.04532656 -0.9578695
vn -0.53103364 -0.5048399 -0.67560315
vn -0.74709535 -0.43085626 -0.5033711
vn -0.33191484 -0.61611605 -0.6987715
vn 0.37096095 -0.22531405 -0.8994672
vn -0.6400789 -0.50100625 -0.5636266
vn -0.28453124 -0.40804687 -0.858125
vn -0.28464922 -0.41128203 -0.85125625
vn 0.45340782 0.3493125 -0.81717026
vn 0.42572343 -0.10406563 -0.897225
vn 0.46907344 0.015514063 -0.88170934
vn 0.3326797 -0.33226016 -0.8795922
vn 0.10407227 -0.13535938 -0.97624767
vn 0.45560628 -0.22349374 -0.8599062
vn -0.19488126 -0.5343125 -0.8181437
vn 0.5593035 0.08207519 -0.82279843
vn 0.5535531 0.26787812 -0.78795
vn 0.52329373 0.37529376 -0.76369375
vn 0.53778356 -0.06939609 -0.8370985
vn 0.4811859 -0.22962187 -0.84527814
vn 0.5632 0.3093 -0.7663
vn 0.5508 0.3265 -0.7681
vn 0.58715624 0.320425 -0.74275625
vn 0.34601408 -0.097330466 -0.919343
vn 0.035708204 -0.19902655 -0.9751723
vn 0.5826 0.2087 -0.78540003
vn 0.5791453 -0.12076094 -0.804475
vn 0.6093281 0.23094219 -0.7574508
vn 0.5736 0.2738 -0.772
vn 0.2845504 0.07838398 -0.94759214
vn 0.6934906 0.23460391 -0.63721484
vn 0.6495156 0.37330937 -0.66006255
vn 0.5795406 -0.15677656 -0.7968328
vn 0.66460234 0.068510935 -0.7410219
vn 0.5986937 0.010918751 -0.80021876
vn 0.5939 0.0894 -0.7995
vn 0.6054625 -0.09995 -0.788975
vn 0.6062 -0.0255 -0.7949
vn 0.59821874 0.14747813 -0.7862875
vn 0.47445548 0.23457696 -0.83273715
vn 0.6930094 -0.0450375 -0.7166891
vn 0.6153424 -0.14679432 -0.7720758
vn 0.6102 -0.1248 -0.7824
vn 0.7621781 0.304625 -0.56937194
vn 0.34289843 -0.19296953 -0.9031422
vn 0.74654996 0.16761251 -0.642475
vn 0.7567969 0.064271875 -0.64963126
vn 0.7599805 -0.07485235 -0.64172184
vn 0.8026031 0.22672343 -0.54931563
vn 0.5281793 0.2727242 -0.79509103
vn 0.6218369 0.09726797 -0.77285254
vn 0.8037125 0.01426875 -0.5935875
vn 0.75562346 0.36914375 -0.53942966
vn 0.8125344 0.29509062 -0.50091875
vn 0.83923435 0.09167656 -0.53397655
vn 0.52365005 0.43980002 -0.7279
vn 0.5409875 -0.02215 -0.83454376
vn 0.57953674 0.46745273 -0.6624242
vn 0.8490625 0.17024375 -0.49966872
vn 0.4063 -0.6183 -0.6728
vn 0.328375 -0.6579 -0.6771
vn 0.8633437 -0.007790625 -0.5024
vn 0.8008285 0.25207657 -0.5062543
vn 0.8715515 0.2188164 -0.43758282
vn 0.8858297 0.27008593 -0.3720016
vn 0.5908 -0.26950002 -0.758425
vn 0.7786758 0.02377617 -0.61363316
vn 0.5676 0.0455 -0.8221
vn 0.5622 0.0874 -0.8224
vn 0.90142655 0.1565625 -0.4008594
vn 0.6202 -0.1353 -0.7727
vn 0.72475266 -0.2890675 -0.61748827
vn 0.5834 -0.1964 -0.7881
vn 0.73511094 0.3693547 -0.5560875
vn 0.635957 -0.46497187 -0.60079217
vn 0.5727875 -0.43969375 -0.6911375
vn 0.58229804 0.22458398 -0.7733724
vn 0.90349376 0.060596876 -0.4207375
vn 0.61906874 -0.041321877 -0.78129685
vn 0.9420258 -0.009358594 -0.32924375
vn 0.8111742 0.42240158 -0.3875375
vn 0.84892577 -0.21024922 -0.47951093
vn 0.6664125 -0.4749984 -0.55886567
vn 0.8966828 -0.031017188 -0.43734688
vn 0.9008641 0.08598438 -0.4183672
vn -0.79412186 0.38090467 -0.47001874
vn -0.7623742 0.3508039 -0.5434703
vn -0.72964996 0.436175 -0.526175
vn -0.751275 0.36492342 -0.54911876
vn -0.7317797 0.47336876 -0.48872656
vn -0.6632726 0.44743788 -0.59749925
vn -0.7032 0.5215 -0.483025
vn -0.6078781 0.5410352 -0.5790516
vn -0.7097875 0.481025 -0.5140375
vn -0.595075 0.40288126 -0.69451874
vn -0.5679719 0.47857812 -0.6687672
vn -0.5510875 0.5946875 -0.5851313
vn -0.5872 0.5921 -0.552
vn -0.6267984 0.63376486 -0.4492961
vn -0.4882781 0.54255235 -0.68214846
vn -0.4958 0.47403127 -0.7268
vn -0.505875 0.6588547 -0.5547203
vn -0.54902816 0.5924906 -0.5889938
vn -0.4440508 0.6272836 -0.63818437
vn -0.5134 0.6033 -0.6103
vn -0.44370624 0.4550969 -0.77013755
vn -0.38799062 0.5576984 -0.7323344
vn -0.4330449 0.7751492 -0.4556945
vn -0.37188047 0.676075 -0.6325718
vn -0.48872814 0.61199063 -0.62093127
vn -0.30312425 0.78946257 -0.5310492
vn -0.3016281 0.6320375 -0.71134067
vn -0.40455 0.63119996 -0.66132504
vn -0.30712187 0.51325154 -0.7998734
vn -0.25373673 0.5942117 -0.7616297
vn -0.22128907 0.74133277 -0.6309891
vn -0.13206485 0.8306023 -0.5372539
vn -0.2390125 0.6542562 -0.716625
vn -0.2502453 0.84769064 -0.46494842
vn -0.18155625 0.46583515 -0.86467814
vn -0.14273751 0.6692797 -0.72827506
vn -0.16958281 0.5366125 -0.8253766
vn -0.159675 0.6585375 -0.735175
vn -0.092187494 0.7599406 -0.64093435
vn 0.019203905 0.42860937 -0.89775777
vn -0.07487656 0.62019527 -0.77807343
vn -0.012474999 0.7052437 -0.706725
vn 0.09076719 0.5493953 -0.82767653
vn 0.008312499 0.8280984 -0.55796564
vn 0.0076375003 0.6553875 -0.75493747
vn 0.09493125 0.7474742 -0.6552391
vn 0.09375 0.63215005 -0.768875
vn 0.13096875 0.66876876 -0.73063755
vn 0.14522031 0.6276001 -0.7630875
vn 0.123731256 0.8302672 -0.5403625
vn 0.21900156 0.47087812 -0.8532485
vn 0.13888985 0.6196805 -0.77188754
vn 0.22762187 0.53868437 -0.8100266
vn 0.24630469 0.6759359 -0.6924016
vn 0.2648375 0.6192281 -0.73901093
vn 0.23722814 0.7511219 -0.6138094
vn 0.31091094 0.7850648 -0.5314789
vn 0.2336 0.6032 -0.7626
vn 0.2727875 0.59863746 -0.75280625
vn 0.36673123 0.475 -0.79828435
vn 0.37504375 0.5304203 -0.75843674
vn 0.35475937 0.603825 -0.7125844
vn 0.31129998 0.5928 -0.74259996
vn 0.38802108 0.67369604 -0.6259203
vn 0.46472186 0.7133906 -0.521325
vn 0.40545 0.546825 -0.73237497
vn 0.46945548 0.5508703 -0.6890429
vn 0.48148438 0.4716531 -0.7378203
vn 0.4628 0.5209 -0.7173
vn 0.5515562 0.61108434 -0.5650367
vn 0.4952 0.5252 -0.692
vn 0.5412578 0.5327922 -0.6494516
vn 0.508075 0.506925 -0.6963
vn 0.5178125 0.55085003 -0.65415
vn 0.53115 0.4134 -0.73950005
vn 0.5790656 0.47739375 -0.6600031
vn 0.5576781 0.42669532 -0.7113703
vn 0.51219296 0.4779414 -0.7134328
vn 0.54801404 0.36233437 -0.7537
vn 0.66005003 0.43214375 -0.61390626
vn 0.63136876 0.486925 -0.6030687
vn 0.5838672 0.5882172 -0.55807656
vn 0.70891094 0.4653125 -0.52728593
vn 0.6801437 0.5641875 -0.4651844
vn 0.81931174 0.37106875 -0.39574063
vn -0.939723 -0.2901094 0.030815234
vn -0.98597264 -0.10375938 -0.12414766
vn -0.9264703 -0.3297156 -0.13468282
vn -0.9785985 -0.14873125 -0.12706876
vn -0.9854875 -0.10037188 0.12628749
vn -0.88135004 -0.36859998 0.24925467
vn -0.95329684 -0.08955781 0.28119218
vn -0.7378297 -0.65852654 -0.088939056
vn -0.7058219 -0.6484437 0.25794688
vn -0.80328673 -0.5521719 -0.15116094
vn -0.8927289 -0.35059845 -0.24563593
vn -0.29756123 -0.91872215 -0.061720602
vn -0.22833905 -0.960075 0.07555625
vn -0.6557344 -0.73826873 0.13694063
vn -0.4531207 -0.831841 0.23170625
vn -0.5875 -0.6962 0.4125
vn -0.65304255 -0.72339606 -0.13444453
vn -0.7079 -0.677 -0.2012
vn -0.38794512 -0.8489686 -0.18491133
vn -0.596 -0.691 0.409
vn -0.67164457 -0.44170973 0.53580785
vn -0.8440422 -0.3474875 -0.39665624
vn -0.70554376 -0.6391938 -0.29174376
vn -0.0656375 -0.99539685 -0.053884372
vn -0.7264 -0.5783 -0.3714
vn -0.7997891 -0.37111253 -0.46502656
vn -0.7177687 -0.56273746 -0.40523124
vn -0.7303 -0.5102 -0.4542
vn 0.07039766 -0.7124883 0.6699265
vn -0.5280578 -0.65005386 0.53314614
vn -0.27087578 -0.8887981 0.32563007
vn -0.024521876 -0.9986875 -0.0383375
vn -0.0047625 -0.99993753 -0.0025624996
vn -0.03416875 -0.9969625 0.0564
vn -0.2506 -0.6595 0.7087
vn -0.2154 -0.6063 0.7655
vn -0.2797 -0.6802 0.6775
vn -0.02406875 -0.99814296 -0.049163282
vn 0.012480468 -0.9039758 0.36893362
vn -0.64215 -0.59545004 -0.4752875
vn -0.32644296 -0.8608112 -0.2070117
vn -0.01366875 -0.99903125 -0.041206248
vn -0.10413125 -0.4208836 0.88201094
vn 0.07815352 -0.6632879 0.7312754
vn 0.4380039 -0.24397656 0.84848285
vn 0.14981094 -0.017303128 0.9737686
vn 0.04849375 -0.9934782 0.097124994
vn 0.021620313 -0.998886 0.020129688
vn 0.51490545 -0.44160622 0.7211238
vn 0.0017687499 -0.99934375 -0.0324
vn 0.259 -0.6683 0.6973
vn 4.2187504E-4 -0.997525 -0.06583125
vn -0.28704336 -0.8755363 -0.26820233
vn 0.0014359374 -0.9989375 -0.044582814
vn 0.071487695 -0.7858742 0.35226035
vn 0.3559 -0.6327 0.6878
vn 0.5601117 -0.5310719 0.61335003
vn 0.013428906 -0.99892735 -0.041621875
vn 0.03371875 -0.998889 -0.025323438
vn 0.052951563 -0.9980453 0.017042188
vn 0.69285077 -0.2608254 0.66855395
vn 0.50531876 -0.074112505 0.82941794
vn 0.02065 -0.9991 -0.035981253
vn 0.25090572 -0.8862199 0.23776709
vn 0.013625 -0.99857503 -0.051375
vn 0.042385936 -0.99415 -0.09378047
vn 0.7056797 -0.28164065 0.6485453
vn 0.603075 -0.5047406 0.602475
vn 0.05058281 -0.9977328 -0.042079687
vn 0.07001875 -0.9968687 -0.02745
vn 0.09326249 -0.99529374 0.009893751
vn 0.08863828 -0.9932617 -0.06583984
vn 0.73165035 -0.26708946 0.6049434
vn 0.6339102 -0.48293203 0.5762289
vn 0.46305043 -0.7864178 0.18728788
vn 0.49269003 -0.7415785 0.36496815
vn 0.5889928 -0.7641852 0.020191994
vn 0.8254539 -0.14164765 0.5232117
vn 0.7924 -0.0625 0.6067
vn 0.7891 -0.0678 0.6105
vn 0.4913699 -0.7921097 -0.2508664
vn 0.44261563 -0.86617815 0.08233437
vn 0.82642496 -0.2975672 0.41904843
vn 0.7769681 -0.20133671 0.56090254
vn 0.8290547 -0.279475 0.41790938
vn 0.8372787 -0.43806756 -0.24592793
vn 0.61855 -0.605425 -0.49757499
vn 0.9152299 -0.22473025 0.26415214
vn 0.8285618 -0.48356113 0.0635749
vn 0.92026246 -0.23488125 0.30810624
vn 0.91472936 -0.37270862 -0.11204648
vn -0.81665623 -0.53474844 -0.106690235
vn -0.7832769 -0.42968827 -0.428075
vn -0.7879559 -0.55858165 -0.0788166
vn -0.96663904 -0.20716876 0.13830781
vn -0.82718086 -0.4771994 0.13502266
vn -0.88903046 -0.24630898 0.36290896
vn -0.88304687 -0.041579686 0.4635453
vn -0.73446816 -0.47564003 0.39663517
vn -0.12285626 -0.99144685 -0.0300625
vn -0.40964335 -0.8723756 0.02783164
vn -0.4657998 -0.85488456 -0.06504844
vn -0.63703436 -0.6619969 -0.37719375
vn -0.18247187 -0.9647 -0.13842344
vn -0.55754185 -0.74521554 0.28021103
vn -0.08912656 -0.99526095 -0.024574218
vn -0.08979531 -0.9936656 -0.0575125
vn -0.7356594 -0.22612265 0.5950726
vn -0.5460219 -0.66330004 -0.50205
vn -0.47191876 -0.74866873 0.38520625
vn -0.117743745 -0.99030936 0.0301
vn -0.71395314 -0.22036251 0.66322815
vn -0.7873508 -0.2827947 0.51401854
vn -0.5808481 -0.5422635 0.5959735
vn -0.06867968 -0.99584436 0.027357226
vn -0.2304543 -0.8923969 0.22651425
vn -0.029185157 -0.99848515 -0.04449922
vn -0.02839375 -0.9989656 -0.03240625
vn -0.0273125 -0.996925 -0.069875
vn -0.55498964 -0.5688926 0.58739626
vn -0.70400393 -0.28950548 0.6462984
vn -0.016351173 -0.9995289 0.011133594
vn -0.0061125 -0.9978453 -0.062248435
vn -0.6513094 -0.3642156 0.6585094
vn -0.004078125 -0.99920315 -0.03838594
vn -0.007573438 -0.9993688 -0.030251563
vn -0.03634375 -0.99505156 0.08035938
vn -0.3358457 -0.8282004 0.37248358
vn -0.4476 -0.6492 0.615
vn -0.6407812 -0.18474999 0.73842967
vn -0.47816288 -0.5619629 0.6675738
vn 0.042228125 -0.9915625 -0.1017625
vn -0.2652328 -0.7490469 0.5595317
vn 0.00576875 -0.99908125 -0.041024998
vn -0.5155 -0.3225 0.7939
vn -0.5481 -0.3515 0.759
vn -0.4727 -0.4118 0.7791
vn 0.019807812 -0.9985844 -0.046190627
vn 6.0E-4 -0.9999 -0.0126
vn 0.02653125 -0.99751407 -0.06271406
vn 5.1250006E-4 -0.9998938 0.0058374996
vn 0.13088164 -0.90391755 0.36599493
vn -0.16409688 -0.68758285 0.70068204
vn 0.061737504 -0.9958688 -0.04641875
vn 0.04603125 -0.9978765 -0.031042188
vn 0.46293044 -0.7507328 -0.3804879
vn 0.11774844 -0.9867234 0.07199688
vn 0.2652633 -0.69455624 0.65514064
vn 0.3406828 -0.882314 -0.1936125
vn 0.42227343 -0.8612981 -0.15180351
vn 0.6507951 -0.607512 -0.44652736
vn 0.555 -0.6174 -0.5574
vn 0.85513437 -0.24795938 -0.44659844
vn 0.50263906 -0.72768354 0.43330705
vn 0.4528133 -0.83559924 0.26240546
vn 0.4048406 -0.882427 -0.07304453
vn 0.82832813 -0.36565936 -0.41380313
vn 0.69719064 -0.6149281 -0.35925314
vn 0.57429063 -0.7825781 0.114425
vn 0.17145742 -0.53683674 0.7987016
vn 0.478 -0.6545 0.5858
vn 0.74712265 -0.18629596 0.60766315
vn 0.7077429 -0.67047966 -0.19490469
vn 0.9401961 -0.2159453 -0.22740157
vn 0.9225031 -0.34220937 -0.14826094
vn 0.77572894 -0.6085793 -0.093132816
vn 0.9530679 -0.21360156 0.16555467
vn 0.7326852 -0.56592107 0.3631121
vn 0.7350637 -0.6332469 0.22734961
vn 0.85626477 -0.14563969 0.46101972
vn 0.8123301 -0.526261 0.07945782
vn 0.98461556 -0.107053116 -0.1297625
vn 0.9843422 -0.13016796 -0.107410155
vn -0.9838562 -0.027990624 0.16045782
vn -0.99419844 -0.097056255 -0.008567188
vn -0.9936906 -0.019770313 -0.09290468
vn -0.99080706 0.0748125 0.016122654
vn -0.7784113 0.58741486 -0.024582813
vn -0.84119225 0.45631754 0.17055507
vn -0.97733283 0.11540547 -0.1670289
vn -0.96026254 0.17194062 -0.20452501
vn -0.94693595 0.03932969 0.31303596
vn -0.9896375 -0.0143125 -0.1414625
vn -0.98682344 -0.047089066 -0.14158124
vn -0.91554374 -0.02438125 0.39753127
vn -0.9755813 0.102275 -0.18838048
vn -0.7808057 0.517634 0.27406543
vn -0.85679376 0.4830969 -0.12433124
vn -0.9554969 0.24825782 -0.14847344
vn -0.94404066 -0.08342187 -0.31308436
vn -0.7128438 0.08747715 0.65874314
vn -0.92123437 0.35913908 -0.13773282
vn -0.9293543 -0.05702773 -0.34786797
vn -0.9706406 0.12808439 -0.20046562
vn -0.6918031 -0.03657656 0.6985891
vn -0.9618859 0.20777656 -0.15825468
vn -0.5445765 0.776389 0.2878125
vn -0.68355 0.7195687 0.06634843
vn -0.5693672 0.7911594 0.13572696
vn -0.8406172 0.5294734 0.046015628
vn -0.9473406 0.050470315 -0.31243438
vn -0.67895 0.55160624 0.46186876
vn -0.92043746 0.3779875 -0.08208437
vn -0.92321527 0.2732709 -0.05536875
vn -0.5670438 0.4182203 0.69224375
vn -0.4456785 0.8375155 0.20700607
vn -0.70157504 0.69965005 0.12801251
vn -0.9030164 0.3702836 0.12733437
vn -0.87364066 0.4579953 -0.1490086
vn -0.99849415 -0.02444414 0.008021874
vn -0.9957203 -0.072165236 -0.041134764
vn -0.9857937 -0.15073282 0.04126094
vn -0.9955906 0.0716125 -0.04745938
vn -0.9989688 0.01868125 0.032181248
vn -0.98780936 -0.09211094 0.111475006
vn -0.46963122 0.795525 0.31625938
vn -0.92054415 0.29116914 -0.091310546
vn -0.98199844 -0.17538027 0.0125095695
vn -0.9640125 -0.21612188 0.14311562
vn -0.99680936 0.009965625 -0.07489375
vn -0.99697345 0.023243751 -0.06885469
vn -0.98861486 0.11369453 -0.090789065
vn -0.99661565 0.036829688 0.053365625
vn -0.97823274 -0.16872421 0.09835469
vn -0.9858625 0.15500781 -0.04784531
vn -0.99248123 0.111456245 0.0436875
vn -0.9824406 0.18275937 -0.0025968752
vn -0.7349526 0.50999326 0.31302637
vn -0.6773125 0.70089376 0.21510625
vn -0.9856187 -0.111525 -0.020289063
vn -0.99175 -0.105525 -0.063275
vn -0.99008125 -0.063421875 -0.10969844
vn -0.9884305 0.099244535 -0.10820078
vn -0.9961828 -0.0477875 0.050290626
vn -0.9836563 0.15427813 -0.09079844
vn -0.98004997 0.18442813 0.052500002
vn -0.32327062 0.7627635 0.44887927
vn -0.2380209 0.8647071 0.3331924
vn -0.93860626 -0.3088172 0.14662969
vn -0.9090125 -0.36561173 0.19022655
vn -0.9447484 -0.27380627 0.1732203
vn -0.990025 0.042937502 -0.1309375
vn -0.97290707 0.20080625 -0.11237422
vn -0.969675 0.22021407 -0.10268828
vn -0.9604813 0.26969376 0.048784375
vn -0.40330625 -0.06371875 0.89878124
vn -0.4865586 -0.41735154 0.7565078
vn -0.9779203 0.061521873 -0.19476095
vn -0.97618127 0.13118124 -0.17006876
vn -0.9685047 0.18905625 -0.15992813
vn -0.95867574 0.26747423 -0.09337969
vn -0.43171877 0.09796055 0.8764301
vn -0.9776781 -0.03219375 -0.16595313
vn -0.9189734 -0.3564672 0.1543797
vn -0.97269064 -0.008793749 -0.2278875
vn -0.9562742 0.2659758 -0.1198875
vn 0.3361758 0.19581875 0.9100547
vn -0.022318356 0.32179093 0.88775396
vn -0.7236453 0.46044177 0.34755546
vn -0.95025 0.109960936 -0.23000313
vn -0.76187503 0.003004104 0.40392676
vn -0.9560969 0.1882125 -0.2231
vn -0.9589703 0.24178906 -0.14652579
vn -0.95174843 0.14555624 -0.26824218
vn -0.84915 -0.4720625 0.23235625
vn 0.2364 0.6805 0.6935
vn -0.81132495 -0.51210934 0.27815625
vn -0.94706875 -0.01830625 -0.31846565
vn -0.94394374 0.23180625 -0.2342625
vn -0.946625 0.25301874 -0.1993375
vn -0.9335125 0.21229374 -0.287825
vn -0.90779686 0.31553322 -0.26392382
vn -0.921075 0.25169998 -0.29610622
vn -0.084425 0.5212672 0.73166406
vn 0.0685168 0.06563905 0.92028123
vn -0.7563015 -0.59770316 0.25362968
vn -0.6693922 -0.62283355 0.39295548
vn -0.54336095 -0.36242813 0.7236179
vn -0.5761 -0.5673 0.5885
vn -0.5514 -0.6556 0.516
vn -0.5969 -0.6411 0.4823
vn -0.30333123 -0.52895004 0.7752375
vn 0.020028904 -0.6034219 0.7671664
vn 0.50038826 -0.44943082 0.7118953
vn -0.26446146 -0.88509554 0.3370686
vn -0.40627578 -0.8320477 0.36933282
vn -0.499492 -0.7039504 0.48561093
vn 0.5889457 -0.53769296 0.5822629
vn -0.11385313 -0.96975315 0.20385624
vn 0.37234735 -0.66818875 0.63188875
vn 0.39761794 -0.7320336 0.48612425
vn -0.17382345 -0.9696891 0.16491093
vn -0.22153203 -0.9156578 0.32643437
vn -0.07457891 -0.9803367 0.16085781
vn 0.19558282 -0.92148674 0.22087422
vn 0.6587 -0.5562 0.5067
vn 0.76235855 -0.2678707 0.570102
vn 0.6880125 -0.6180781 0.37255937
vn 0.6187 -0.6413 0.4539
vn -0.12396094 -0.9843235 0.12203126
vn -0.10560469 -0.9905094 0.08650468
vn 0.6364 -0.71395004 0.29175
vn 0.37709445 -0.83716923 0.1955956
vn -0.031253126 -0.9990094 0.017115625
vn -0.1183625 -0.9120656 0.39070314
vn -0.076219924 -0.9522519 0.28534064
vn 0.80401325 -0.5304445 0.19311172
vn 0.010389844 -0.99597967 -0.08438672
vn -0.063272655 -0.99577814 0.06124531
vn 0.5370607 -0.7476072 0.21754493
vn 0.9017719 -0.41361874 0.050587498
vn 0.7177125 -0.6854875 -0.1046
vn 0.71318746 -0.69892496 -0.0144625
vn -0.011537501 -0.99875623 -0.034525
vn -0.06629375 -0.99189997 0.1067875
vn 0.50478125 -0.8292817 0.052996874
vn 0.0497125 -0.9891 -0.1378375
vn 0.41831326 -0.87038964 -0.075217575
vn 0.12244375 -0.98082966 -0.12331407
vn 0.49755156 -0.8459672 -0.11429297
vn 0.010333594 -0.9869008 -0.16010079
vn -0.024891015 -0.9960164 0.07545
vn 0.12656875 -0.9797125 -0.13818437
vn 0.0046578124 -0.9934664 -0.11218359
vn -0.0012789061 -0.9995461 -0.005397656
vn -0.14254571 -0.964141 -0.12770468
vn 0.017976563 -0.9863047 0.15367813
vn -0.021756249 -0.9860578 -0.1600297
vn 0.008280469 -0.9984781 -0.044697657
vn 0.06368711 -0.99537504 0.06684297
vn 0.061953127 -0.9516593 0.29668438
vn -0.023424998 -0.9887359 -0.14646095
vn -0.0017796876 -0.9969562 -0.07174219
vn -0.19955313 -0.95925236 -0.0861875
vn 0.0525375 -0.9977 0.038703125
vn 0.11442813 -0.9642195 0.23102969
vn 0.090418756 -0.9889562 0.11491875
vn -0.31787658 -0.9057094 0.028473433
vn -0.66598517 -0.7317797 -0.08900313
vn -0.3443672 -0.86507344 0.12411172
vn -0.70825 -0.7054 0.02445
vn -0.15141612 -0.92654264 0.15792179
vn 0.13245156 -0.98230386 0.12682968
vn -0.68535626 -0.70969063 0.12890938
vn -0.88511544 -0.41875958 0.09702403
vn -0.6683781 -0.7041156 0.22690937
vn -0.71787894 -0.63760626 -0.27117968
vn -0.81135625 -0.42218438 -0.39524376
vn 0.103725 -0.9887859 0.10384375
vn -0.69866484 -0.61515117 0.3339332
vn 0.17066875 -0.9303844 0.3191156
vn 0.09870234 -0.9668852 0.19637813
vn -0.632625 -0.6739125 0.3753375
vn -0.5847 -0.7539 0.2995
vn 0.21301055 -0.9556672 0.18261328
vn -0.4588828 -0.69099057 0.5168813
vn -0.6032516 -0.5134543 0.5989871
vn -0.59091246 -0.67317504 0.43887502
vn 0.25821877 -0.9017383 0.32552266
vn -0.20213673 -0.7657117 0.5445078
vn 0.42763358 -0.814818 0.38365155
vn -0.5519781 -0.431225 0.70327187
vn 0.16911602 -0.71393245 0.6299293
vn -0.13501249 -0.6870625 0.7074375
vn -0.56935 -0.147625 0.80488753
vn 0.57136995 -0.6441865 0.49378398
vn -0.52755 -0.291375 0.795225
vn -0.5539814 -5.8183447E-4 0.8251346
vn -0.32101247 -0.20265114 0.7735574
vn -0.2668342 0.12802568 0.91837895
vn 0.491175 -0.617925 0.6139
vn -0.30284375 0.06664375 0.9462625
vn -0.23247099 -0.5086557 0.7903267
vn 0.74389064 -0.59255075 0.29900002
vn 0.6715 -0.612 0.4177
vn 0.7785083 -0.44706064 0.3523001
vn 0.3380371 0.095949605 0.72100973
vn 0.5009891 -0.5433086 0.63390005
vn -0.025445707 -0.052824218 0.9834403
vn 0.9141375 0.22112812 -0.3373953
vn 0.9326969 0.24800313 -0.26075
vn 0.8977875 0.311275 -0.31034374
vn 0.86035234 -0.44990155 0.23456797
vn 0.80870724 0.085417576 0.39225996
vn 0.017833207 0.4569793 0.8458434
vn 0.89426565 -0.39483124 0.20383906
vn 0.94246566 0.14899375 -0.2970156
vn 0.95920783 0.16455314 -0.22661954
vn 0.84742653 0.43482578 -0.28419688
vn 0.9592703 0.04782813 -0.27240467
vn 0.9550781 0.21169376 -0.20651874
vn 0.9295883 0.2910875 -0.22225156
vn 0.955668 0.24716094 -0.15773672
vn -0.217 0.7002 0.6802
vn 0.31798863 0.8191629 0.336241
vn -0.2278 0.687 0.69
vn 0.96248984 0.021978904 -0.21518046
vn 0.28963357 0.09458828 0.9080328
vn 0.9073343 -0.36809218 0.19948594
vn 0.96624684 0.22166562 -0.13067187
vn 0.9561899 0.26489845 -0.12248515
vn 0.98139375 0.06021875 -0.18000625
vn 0.9681922 0.19374064 -0.15637657
vn 0.9507172 -0.22809374 0.15889376
vn 0.9541937 -0.24911407 0.14889532
vn 0.9032117 0.37218907 -0.12512657
vn 0.9800969 -0.061223436 -0.1813047
vn 0.96711874 -0.19772579 0.14496836
vn 0.9370711 -0.31698048 -0.02506094
vn 0.97739375 0.13705 -0.15867189
vn 0.970725 0.2110875 -0.11260625
vn -0.024325006 0.7305125 0.65943754
vn 0.4827955 0.7649047 0.33088166
vn 0.7169211 0.5770227 0.3204797
vn 0.96322966 -0.24395156 0.08781719
vn 0.9735783 -0.0017976537 -0.103474416
vn 0.9573906 0.2658047 -0.111375004
vn 0.97439766 0.20030233 -0.09635078
vn 0.93521404 0.28664452 -0.17656171
vn 0.98040074 -0.05963047 0.015099607
vn 0.89216566 0.44596562 -0.063009374
vn 0.9895781 -0.03539375 -0.13464062
vn 0.98481876 0.14008126 -0.09940626
vn 0.7861093 0.5947172 0.098825
vn 0.9523713 0.06899795 -0.03798281
vn 0.9813312 -0.18627812 -9.7499974E-4
vn 0.9921218 -0.069387496 -0.0892625
vn 0.9897625 0.06443906 -0.12305938
vn 0.9866406 0.11785625 -0.10969375
vn 0.9872156 0.1282125 -0.08704688
vn 0.6471162 0.42545217 0.56752264
vn 0.9919656 -0.111331254 -0.043559372
vn 0.9971719 0.0066750003 -0.06695625
vn 0.9943563 0.06797813 -0.07839687
vn 0.9919641 0.11895 -0.01865469
vn 0.969775 0.22784686 -0.0782875
vn 0.99683124 0.050646875 0.0389
vn 0.99218124 0.10820937 0.043162502
vn 0.9668875 0.24314532 0.050254688
vn 0.96940625 0.24161717 -0.009367188
vn 0.92944527 -0.0399875 -0.3597781
vn 0.49530467 0.8165133 0.22613204
vn 0.9968633 -0.039974216 -0.049146093
vn 0.9946531 -0.083601564 0.025496874
vn 0.9941328 -0.056165628 0.08336407
vn 0.9960406 0.07382812 -0.033046875
vn 0.95005316 0.056128126 -0.30168748
vn 0.90608126 0.40305936 -0.10839062
vn 0.99667656 -0.03098125 0.06256719
vn 0.999125 0.02009375 -0.028775
vn 0.99757504 0.046537504 0.0485375
vn 0.72636247 0.10425 0.66922504
vn 0.572575 0.7738625 0.20019688
vn 0.8536266 0.5040047 -0.08765469
vn 0.96000624 0.2525625 -0.110393755
vn 0.94712496 -0.031957813 -0.30601406
vn 0.7531 -0.0062 0.6579
vn 0.8229 0.0281 0.5675
vn 0.7656 0.0255 0.6428
vn 0.9720266 0.13348594 -0.1903625
vn 0.9616953 0.21806718 -0.15927032
vn 0.9774125 0.095418744 -0.17951094
vn 0.9097498 0.32329863 -0.15498301
vn 0.704225 0.70904994 0.00835
vn 0.7254906 0.676125 0.109185934
vn 0.93625 0.2878625 -0.189475
vn 0.72360003 0.6673 0.1755
vn 0.96103513 0.0030625 0.27193594
vn 0.8627047 0.063117184 0.49131718
vn 0.8409995 0.30596143 0.3895376
vn 0.6788875 0.72273743 0.0944375
vn 0.98719764 0.053524215 -0.13746876
vn 0.9788687 0.08895 -0.17897812
vn 0.96155435 0.13919072 0.16317387
vn 0.7104258 0.65256715 0.23216875
vn 0.9886531 -0.024653126 -0.14599687
vn 0.98692185 -0.055940628 0.14174062
vn 0.9942398 -0.028351562 -0.06743985
vn 0.992975 -0.106649995 -0.012425002
vn 0.9945375 0.0611 -0.071274996
vn 0.90450937 0.3560416 0.048140034
vn -0.95905 0.28105623 0.0098749995
vn -0.9483297 0.30979687 -0.049096093
vn -0.9454609 0.30861562 -0.1027875
vn -0.9197152 0.38599765 0.061319917
vn -0.9476 0.28970623 -0.13325311
vn -0.9314094 0.34410936 -0.11668438
vn -0.9117857 0.39713907 -0.0968584
vn -0.94375 0.28300312 -0.16975
vn -0.9249625 0.34658754 -0.15293437
vn -0.90075856 0.4286508 -0.055446096
vn -0.9155344 0.35115469 -0.19399375
vn -0.9032125 0.4048 -0.13907501
vn -0.8865781 0.44711718 -0.11297969
vn -0.8661437 0.49613127 0.050674997
vn -0.87772346 0.32025 -0.35401875
vn -0.836068 0.54335856 -0.06514062
vn -0.8527531 0.5088656 0.1131375
vn -0.8316156 0.5532578 -0.013328126
vn -0.85775626 0.42652813 -0.28199375
vn -0.87178123 0.43989685 -0.2113625
vn -0.85088205 0.51671565 -0.08753828
vn -0.82478905 0.4288539 -0.3654422
vn -0.85306877 0.4915625 -0.17411876
vn -0.84566563 0.51865625 -0.123409376
vn -0.8088313 0.5820875 0.07906251
vn -0.7826094 0.60195 0.15040156
vn -0.7887914 0.60624766 -0.096475005
vn -0.7421688 0.6646422 0.053664062
vn -0.7902719 0.558 -0.24626562
vn -0.7795266 0.59599376 -0.18503125
vn -0.77286255 0.617075 -0.13765624
vn -0.771075 0.633425 -0.058857813
vn -0.764943 0.557025 -0.31748044
vn -0.73852265 0.52256644 -0.4226789
vn -0.7439 0.66715 -0.0075625
vn -0.7040586 0.6967468 0.12818359
vn -0.726375 0.67994374 -0.09757812
vn -0.7149 0.69782495 -0.0409
vn -0.722175 0.652525 -0.229175
vn -0.725 0.6699 -0.1599
vn -0.7122246 0.6630334 -0.22934043
vn -0.733025 0.65145004 -0.19477499
vn -0.725 0.6699 -0.1599
vn -0.63511795 0.75379217 -0.16079062
vn -0.7193 0.6411 -0.2676
vn -0.7123 0.6328 -0.3035
vn -0.7244 0.632 -0.2752
vn -0.7245 0.67637503 -0.132375
vn -0.6951711 0.71079457 -0.09888359
vn -0.6340157 0.6825484 -0.36073437
vn -0.71555 0.60926795 -0.3402922
vn -0.6795 0.728925 0.08219375
vn -0.6835875 0.71468127 0.14486875
vn -0.5782993 0.80727345 0.1001375
vn -0.68927187 0.7229953 0.013914062
vn -0.6685562 0.74017185 -0.05127188
vn -0.58421093 0.8099047 -0.013907813
vn -0.68564373 0.59510624 -0.4188
vn -0.7073 0.5975 -0.3778
vn -0.6201 0.72999996 -0.28468126
vn -0.6313906 0.74368435 -0.2170625
vn -0.6119 0.780625 -0.12180625
vn -0.67128944 0.7136524 0.19906524
vn -0.6647 0.5481 -0.5077
vn -0.6927 0.5394 -0.4787
vn -0.537943 0.83668673 -0.09423438
vn -0.5549688 0.76088125 -0.33414686
vn -0.52117026 0.8349715 -0.17074336
vn -0.47832814 0.8548109 0.19666094
vn -0.55726874 0.8074344 0.1900375
vn -0.53367496 0.72318125 -0.4357625
vn -0.506425 0.8138359 -0.28039062
vn -0.49830312 0.8573843 -0.12278125
vn -0.47202498 0.877475 0.076934375
vn -0.4690625 0.8682 0.1592
vn -0.4726566 0.8797512 -0.022359375
vn -0.47311562 0.8052344 -0.355475
vn -0.43830627 0.89430624 -0.08288437
vn -0.39505154 0.8826953 -0.25068125
vn -0.3985172 0.9153125 0.04252188
vn -0.39587343 0.8926672 0.21319532
vn -0.39587188 0.90685 0.14101875
vn -0.39660662 0.8948711 -0.20086211
vn -0.40399063 0.901361 -0.15231407
vn -0.39513123 0.8616344 -0.3158625
vn -0.3627125 0.9252328 -0.10680938
vn -0.34588748 0.93678284 -0.039364062
vn -0.31166798 0.94759136 0.051757816
vn -0.32781875 0.8619625 -0.3848125
vn -0.30039608 0.935236 0.18027422
vn -0.32451406 0.9267219 -0.18609688
vn -0.27336875 0.9293109 -0.2436082
vn -0.26780623 0.95382655 -0.13004844
vn -0.22086719 0.9565633 -0.07373867
vn -0.2601375 0.90676874 -0.32862812
vn -0.22680001 0.97230273 -0.017735546
vn -0.17075333 0.9633592 -0.19662675
vn -0.15549375 0.9821078 0.08474375
vn -0.11848204 0.9085648 -0.39310977
vn -0.083358586 0.95544374 -0.27437657
vn -0.12888281 0.9852125 -0.100301564
vn -0.20100704 0.9566992 0.20595235
vn -0.026267968 0.9860281 -0.15808672
vn -0.026864063 0.9959203 -0.07706094
vn -0.029853905 0.9980485 -0.0289125
vn -0.0023910105 0.9703648 0.2206004
vn -0.008325781 0.89320314 -0.44773436
vn -0.0181 0.97110623 -0.23584688
vn 0.0032992186 0.9964617 0.055757813
vn 0.019372655 0.93565625 -0.34864062
vn 0.039760936 0.963061 -0.26332814
vn 0.08942461 0.89820194 -0.42619216
vn 0.078640625 0.9760469 -0.19483906
vn 0.1002 0.9864531 -0.11295468
vn 0.07992266 0.9945406 -0.053205468
vn 0.1279 0.99050313 0.004546875
vn 0.23558594 0.92612654 -0.28529143
vn 0.1985879 0.97176325 0.110135935
vn 0.19106093 0.95189846 -0.23700313
vn 0.215525 0.85776484 -0.4626953
vn 0.2568633 0.89519143 -0.3579961
vn 0.21152343 0.97315466 -0.08196094
vn 0.2501406 0.96644765 -0.009150781
vn 0.2719457 0.9391617 -0.2028871
vn 0.31776407 0.9297875 0.18001719
vn 0.22908124 0.9527062 0.19080937
vn 0.29421875 0.9444231 -0.13903476
vn 0.31805623 0.9445281 -0.07836875
vn 0.40910625 0.824425 -0.38805002
vn 0.40283594 0.85330784 -0.32776093
vn 0.3379125 0.9361625 0.0936125
vn 0.3852375 0.79925 -0.45982188
vn 0.40070623 0.9148281 0.011409374
vn 0.40627813 0.90587187 -0.11336875
vn 0.42081642 0.9033805 -0.066402346
vn 0.39889452 0.8858367 -0.23335703
vn 0.4185375 0.89142346 -0.17122969
vn 0.4385844 0.89250934 0.09078126
vn 0.38112736 0.89898515 0.21420078
vn 0.5084203 0.7425297 -0.43233436
vn 0.5086375 0.84804064 -0.14354844
vn 0.5223969 0.8458812 -0.10111874
vn 0.4701922 0.8630922 0.17704532
vn 0.50354844 0.8141875 -0.28468436
vn 0.5659008 0.7494727 -0.33969295
vn 0.53976953 0.8384969 -0.05827578
vn 0.5156453 0.82940936 -0.21058282
vn 0.6166125 0.68634063 -0.38275313
vn 0.60086876 0.6546 -0.457825
vn 0.5820094 0.8090203 0.053854685
vn 0.60124373 0.7755188 -0.18984374
vn 0.5966281 0.7889422 -0.14239375
vn 0.6364063 0.7310156 -0.24174687
vn 0.6021 0.6333 -0.4861
vn 0.5991 0.6083 -0.5207
vn 0.66209066 0.6874469 -0.29666877
vn 0.6311719 0.7687375 -0.09452188
vn 0.59592813 0.7815281 0.17662813
vn 0.6920521 0.7034086 -0.15999804
vn 0.64418435 0.76175 -0.055828124
vn 0.69653124 0.70910627 -0.10585625
vn 0.65251255 0.65531874 -0.3800125
vn 0.668175 0.6840594 -0.29103124
vn 0.7197578 0.5881422 -0.3661047
vn 0.6300844 0.63727033 -0.44325313
vn 0.69029224 0.7227875 0.012982812
vn 0.7584078 0.58647346 -0.2795906
vn 0.6860063 0.721875 0.08618125
vn 0.6916938 0.68158746 -0.23833126
vn 0.6868031 0.70234376 0.18535626
vn 0.7801281 0.58474845 -0.21469375
vn 0.70318437 0.6912789 -0.163825
vn 0.6903 0.7177 -0.0921
vn 0.73581094 0.6732656 -0.05978125
vn 0.71250623 0.69415784 -0.10098906
vn 0.70835 0.704075 -0.048100002
vn 0.6923 0.718 -0.0719
vn 0.687 0.7219 -0.0831
vn 0.78037345 0.48733592 -0.3898828
vn 0.795225 0.58534217 -0.1504
vn 0.6952 0.709 0.1187
vn 0.7025697 0.6903039 0.16794707
vn 0.78350705 0.6112195 0.098474994
vn 0.80797035 0.50176716 -0.30621406
vn 0.8097062 0.57615006 -0.100210935
vn 0.70238125 0.70662814 0.07881719
vn 0.82519376 0.56245863 0.012282031
vn 0.7156828 0.6975813 0.008007812
vn 0.7929312 0.6074 -0.037678123
vn 0.85196877 0.48295003 -0.19866875
vn 0.8441063 0.5303219 -0.07008438
vn 0.87335 0.38892812 -0.2895766
vn 0.86669374 0.48095313 -0.12919062
vn 0.8693688 0.4268875 -0.24683125
vn 0.86162186 0.5042672 0.04112344
vn 0.8968383 0.4135047 -0.15224688
vn 0.9132281 0.35575622 -0.19485079
vn 0.87771875 0.4676156 -0.09824063
vn 0.90979135 0.40495548 -0.078558594
vn 0.8768906 0.47225705 0.077125
vn 0.7977625 0.57939374 0.157675
vn 0.9069383 0.41816014 -0.0288375
vn 0.9320102 0.34196717 -0.11457891
vn 0.93974066 0.3089531 -0.14535624
vn 0.9344195 0.33979532 -0.1026461
vn 0.92644846 0.3717578 0.04979063
vn 0.91952497 0.37900937 0.097932816
vn 0.9414766 0.33358282 -0.031979688
vn 0.9474453 0.3052734 -0.09355782
vn -0.9623875 -0.14093593 -0.20397188
vn -0.8329828 -0.20761563 -0.50429374
vn -0.8679359 -0.39143592 -0.2446496
vn -0.87335193 -0.40474334 0.051640235
vn -0.7226192 -0.58663833 0.2922207
vn -0.8405123 0.16452207 0.4895988
vn -0.712 -0.66840005 -0.207175
vn -0.79861957 -0.17383905 0.55923826
vn -0.70285 -0.594 -0.38674998
vn -0.7733 -0.3931 -0.4976
vn -0.49097392 -0.40469676 -0.73741186
vn -0.7592 -0.4417 -0.478
vn -0.7217 -0.5035 -0.475
vn -0.7592 -0.4417 -0.478
vn -0.5807687 -0.79375 -0.049637504
vn -0.2834252 -0.9124694 -0.104978524
vn -0.4625129 -0.82097757 0.16555576
vn -0.5842781 -0.4765 0.6261719
vn -0.07415625 -0.9922719 -0.085395314
vn -0.48079842 -0.7810039 -0.32691717
vn -0.4680293 -0.16586405 -0.8605648
vn -0.7671547 -0.23863359 -0.5848383
vn -0.015959376 -0.99925625 -0.029178124
vn -0.5903895 0.16932343 0.76405704
vn -0.14747812 -0.9719281 -0.156425
vn -0.37351876 -0.7863797 -0.44435623
vn -0.028653126 -0.9991969 -0.0066218753
vn -0.24219844 -0.89816713 0.21139531
vn -0.53045 -0.2698 0.8028
vn -0.30689844 -0.15750782 0.88247186
vn -0.5362 -0.1385 0.8326
vn -0.2164875 -0.17153437 -0.9574125
vn -0.1821043 -0.52478826 -0.7902101
vn -0.010684374 -0.9978656 -0.06302188
vn -0.1042832 -0.89826447 -0.32997692
vn 0.0044374997 -0.999525 -0.030450001
vn -0.26148906 0.32505235 0.90563047
vn -0.49966523 0.20371541 0.82860625
vn -0.045186915 -0.9063519 0.2575123
vn -0.26959532 -0.76895624 0.48965392
vn 0.027125001 -0.99932504 -0.022565626
vn 0.072455466 -0.11870742 -0.9863949
vn 0.008763671 0.1789875 0.967273
vn -0.11051094 -0.46930394 0.8422422
vn 0.041625 -0.9990219 -0.009246875
vn 0.0185875 -0.999125 -0.029760938
vn 0.03691172 -0.9153695 -0.2915672
vn 0.22419454 -0.12804493 -0.9555
vn 0.10903125 -0.6581125 -0.73766875
vn 0.1470164 -0.31282267 0.89408755
vn 0.1409957 -0.7042352 0.6087965
vn 0.08432187 -0.99220943 -0.07659687
vn 0.080037504 -0.99626875 -0.013359375
vn 0.37472653 -0.3327164 -0.8154078
vn 0.1878 -0.6027 -0.7755
vn 0.100575 -0.99455 -0.0011749999
vn 0.10105157 -0.9939797 0.020420311
vn 0.41795254 0.048310347 0.84293044
vn 0.0751125 -0.99644995 -0.0363
vn 0.2303547 -0.8123492 -0.45675704
vn 0.44525623 -0.038792185 -0.8913797
vn 0.35293517 -0.884884 -0.108847655
vn 0.35905313 -0.74424064 0.51436406
vn 0.40555155 -0.8307178 0.19752148
vn 0.44426093 -0.77144533 -0.3939625
vn 0.2832494 -0.90780604 0.008128127
vn 0.5400734 -0.26206875 -0.75579065
vn 0.7597672 0.10844532 0.6319063
vn 0.63230777 -0.48419923 0.5726367
vn 0.7508158 -0.40344122 0.45235038
vn 0.9507109 -0.012029689 0.2903828
vn 0.8103127 0.105858594 0.56470627
vn 0.7940812 -0.5132946 -0.17759219
vn 0.6306387 -0.23052149 -0.67656386
vn 0.67189395 -0.044905715 -0.70571405
vn 0.97812974 -0.056759372 -0.18186328
vn 0.9302133 0.11896406 0.3399711
vn 0.97802496 -0.16053125 -0.101475
vn 0.7429 -0.66429996 -0.06985
vn 0.76285315 -0.5843649 0.047991406
vn 0.99045545 0.03801094 0.09225508
vn 0.997764 -0.0250125 -0.04193906
vn -0.9956671 -0.02588418 -0.04548369
vn -0.8591 -0.38547575 0.09399179
vn -0.98008513 0.06254453 0.15420702
vn -0.9044523 -0.31174374 -0.112271085
vn -0.9107555 0.043042578 0.37289256
vn -0.6769 -0.7355 -0.02555
vn -0.90207183 -0.051227733 -0.39600158
vn -0.83942574 0.17879844 0.4884164
vn -0.7352656 -0.5353062 0.33573437
vn -0.7725 -0.48662657 -0.31745312
vn -0.58615935 -0.29406974 0.70353687
vn -0.08268906 -0.995361 -0.031403124
vn -0.17822675 -0.9789574 -0.00882832
vn -0.62184376 -0.75346255 -0.07456406
vn -0.720757 -0.33000234 -0.5509203
vn -0.74158907 -0.040799998 -0.6561195
vn -0.5060379 -0.07818593 -0.84001017
vn -0.4914828 -0.7464316 -0.35194373
vn -0.5532532 0.28308243 0.78047264
vn -0.5984223 -0.778082 0.04726836
vn -0.0696875 -0.9970703 -0.006076562
vn -0.2877791 -0.921883 0.10103437
vn -0.13265938 -0.9307031 -0.22496797
vn -0.3632 -0.72845 -0.57605004
vn -0.07252344 -0.99689686 0.0019554687
vn -0.25148633 -0.86611795 0.2889719
vn -0.20413974 -0.40135178 -0.81149757
vn -0.40372425 -0.14462793 -0.89120525
vn -0.3008625 -0.6386688 -0.69121873
vn -0.37618524 0.2873674 0.86323154
vn -0.39688772 -0.3920672 0.7696047
vn -0.09353359 -0.4101586 0.8677008
vn -3.3828104E-4 -0.99829686 -0.053339064
vn -0.022937499 -0.999475 -0.02009375
vn -0.12630117 -0.90194184 0.06389844
vn -0.054998435 -0.92954063 -0.25204298
vn -0.10156876 -0.7460078 0.6107375
vn -0.095951565 -0.12895468 -0.98366874
vn 0.14970869 -0.54909444 -0.7874398
vn 0.15822989 -0.8386365 0.41526347
vn 0.05176875 0.10934375 0.98640937
vn 0.14171034 -0.9221176 -0.2720379
vn -0.00570625 -0.9994937 -0.031306252
vn 0.003284375 -0.9996312 -0.021309374
vn 0.22105467 -0.41971287 0.8280245
vn 0.3642041 0.20445898 0.88842535
vn -0.024858594 0.3025453 0.94653404
vn -0.14844531 -0.1234871 -0.9727012
vn 0.38499063 -0.2047871 -0.8841441
vn 0.06759843 -0.99488634 0.015690234
vn 0.07492031 -0.99388283 -0.06861563
vn 0.02975 -0.99909997 -0.029199999
vn 0.45364416 -0.7352266 0.4164871
vn 0.361066 -0.7769723 -0.41545624
vn 0.51545155 -0.43881717 -0.7265898
vn 0.13397813 -0.98118126 -0.03941875
vn 0.67047465 -0.1090373 0.6422658
vn 0.39443597 -0.8607422 -0.21594217
vn 0.38351563 -0.8162758 0.17341094
vn 0.6149375 -0.7695109 -0.045022268
vn 0.8027867 -0.23043868 -0.5126883
vn 0.5578 -0.2964 -0.7753
vn 0.5772 -0.2749 -0.7689
vn 0.7526672 -0.58826095 -0.24351642
vn 0.5991416 -0.47017774 -0.6259563
vn 0.8197781 -0.51982695 -0.013788283
vn 0.9647906 -0.03043906 0.22815314
vn 0.7999971 -0.43835682 0.29098487
vn 0.8419055 0.21966797 0.48563594
vn 0.99038786 -0.017739061 -0.008207813
vn -0.9977125 -0.037006248 -0.028662499
vn -0.99214065 -0.07455391 -0.030735936
vn -0.9777125 0.0084625 0.1999
vn -0.9855281 0.09209062 0.12112813
vn -0.9987875 -0.005090624 -6.4687524E-4
vn -0.9897468 0.121442184 0.039990626
vn -0.9471758 0.018332813 0.31142345
vn -0.9768672 -0.18096486 -0.08201328
vn -0.94315934 -0.21976094 -0.23810157
vn -0.93353593 0.11356875 0.33404064
vn -0.9613094 0.22756718 0.12821563
vn -0.93087494 -0.18856251 -0.2972
vn -0.8956375 -0.18300079 -0.36803985
vn -0.9905891 -0.061539844 0.08689453
vn -0.9597868 0.0023769536 0.27143282
vn -0.93379533 0.2225953 0.27410626
vn -0.9922688 0.071745306 0.040692188
vn -0.9136256 -0.06339063 -0.36766702
vn -0.9630188 -0.08923516 -0.1838203
vn -0.9886094 -0.009828124 0.14183125
vn -0.91406643 0.20006953 0.3431219
vn -0.9809156 0.096109375 0.13520157
vn -0.8927063 -0.101566404 -0.3962172
vn -0.998375 0.012425 0.03236875
vn -0.97489375 0.05578594 0.20837188
vn -0.83056563 -0.36556876 -0.4095719
vn -0.9509969 0.09105312 0.28790626
vn -0.9254359 0.08422578 0.36246172
vn -0.89849377 -0.3814625 -0.17593437
vn -0.8981703 0.3152133 0.30370703
vn -0.8925438 0.14013438 0.42720312
vn -0.8844246 0.38024062 0.26791912
vn -0.830575 -0.115125 -0.5448
vn -0.8700094 0.089328125 0.4824844
vn -0.89008397 0.22904569 0.39261445
vn -0.75158286 0.23121798 0.60666955
vn -0.6973906 -0.12851563 -0.6983156
vn -0.8401 -0.1135 -0.5305
vn -0.6991719 -0.13096328 -0.68559605
vn -0.85978127 0.14747812 0.48456562
vn -0.79024184 0.1520789 0.59007424
vn -0.6419578 -0.20433906 -0.733207
vn -0.8017625 -0.1523 -0.57447493
vn -0.8254 -0.1657 -0.5396
vn -0.87822497 0.070075 0.47176248
vn -0.84029996 -0.5149578 0.102375
vn -0.84798443 0.06819688 0.5232656
vn -0.8228 -0.1212 -0.5553
vn -0.82932186 0.11899062 0.5425625
vn -0.8054375 -0.33173752 -0.4898
vn -0.70247424 -0.48141992 -0.4996051
vn -0.77809143 -0.23456171 -0.57496643
vn -0.8169562 0.065 0.5713125
vn -0.75899374 0.1103 0.63813746
vn -0.8590437 0.13748437 0.49205
vn -0.7404895 -0.5833777 -0.28320235
vn -0.9038812 0.24605936 0.34883124
vn -0.7707859 0.045703128 0.63225627
vn -0.74134064 0.08956875 0.6640281
vn -0.89130783 0.13611563 0.42907032
vn -0.103495315 -0.9649422 0.106632814
vn -0.19846953 -0.8037 0.4526172
vn -0.3724922 -0.8520422 0.094622664
vn -0.68552184 0.15598907 0.7079016
vn -0.8380594 0.08747657 0.5362766
vn -0.8197964 -0.37994558 0.033355705
vn -0.4082453 -0.1866836 -0.8897387
vn -0.58498436 0.16795 0.79095626
vn -0.6733625 0.063996874 0.73578435
vn -0.4911031 -0.47058088 -0.6949769
vn -0.70699453 -0.014007812 0.70270395
vn -0.309978 -0.839468 -0.28712088
vn -0.600857 0.098295316 0.79114294
vn -0.7811898 -0.071773045 0.5869765
vn -0.7016125 -0.70115006 0.06542499
vn -0.23382382 -0.7564652 0.5325406
vn -0.5492875 0.2495875 0.79673755
vn -0.6382 -0.6891 0.3434
vn -0.6914 -0.6388 -0.3375
vn -0.55691767 -0.7859609 0.10374004
vn -0.6574 -0.6323 -0.4099
vn -0.5984 -0.7082 0.37265
vn -0.16162656 -0.19541718 -0.9601875
vn -0.5128231 -0.565467 0.6191752
vn -0.564025 0.14405 0.8128
vn -0.60575306 4.6249945E-4 0.7932125
vn -0.53855 0.15 0.8291
vn -0.44714528 0.26286876 0.84985936
vn -0.2117703 0.14929532 0.9607844
vn -0.51754427 0.16368672 0.8384391
vn -0.24826016 -0.4199625 -0.8545265
vn -0.59731245 -0.67945933 0.4241375
vn 5.050823E-4 0.26711679 0.9562211
vn -0.5743969 -0.13736406 0.8025609
vn -0.34206563 0.12744999 0.9284
vn -0.4120953 0.10700078 0.89550316
vn -0.55848753 -0.0572875 0.827175
vn -0.46504998 -0.73875 -0.48680001
vn -0.4113 -0.6358 -0.6532
vn -0.41294375 -0.024612501 0.90869373
vn -0.5654937 0.032087497 0.82325625
vn -0.54003656 0.08273887 0.8366041
vn -0.5835316 -0.38553086 0.7076422
vn -0.51983714 -0.08894629 0.84705603
vn 0.024710935 0.07604453 0.98833907
vn -0.34322813 0.039325 0.9365938
vn -0.5764 -0.0894 0.8123
vn -0.5745 -0.0995 0.8124
vn -0.49400038 -0.51265115 0.6967418
vn -0.05425 0.0377625 0.99225
vn 0.2572297 -0.3307039 -0.8967074
vn -0.06837501 -0.5666281 -0.79498595
vn -0.315175 -0.7255 -0.6075
vn -0.2854576 -0.79932964 -0.4559962
vn -0.5412 -0.2391 0.8062
vn -0.49523747 -0.26599374 0.82505625
vn -0.5514 -0.2579 0.7934
vn -0.14234999 0.0020125 0.98855627
vn -0.38615 -0.19160001 0.9006875
vn -0.5596188 -0.16643438 0.8109679
vn 0.28817892 -0.115477346 -0.9474641
vn 0.26784843 0.33671403 0.8972266
vn -0.21774375 -0.09866875 0.9693812
vn -0.5427 -0.3446 0.766
vn -0.48865628 -0.38520467 0.7810375
vn -0.05672813 -0.10289375 0.989486
vn -0.2949109 -0.23345 0.9239906
vn -0.19700181 -0.8869118 -0.015744582
vn -0.0304 -0.7045 -0.7091
vn 0.3578547 0.14814845 0.91597813
vn 0.15033126 -0.078375 0.98086566
vn -0.60754067 -0.6300922 0.47620937
vn -0.52785254 -0.4300713 0.72892576
vn 0.13727501 -0.66996247 -0.7231187
vn 0.2770031 -0.57461953 -0.7581469
vn -0.1666875 -0.2030125 0.96360624
vn 0.48848438 0.024735935 0.8589828
vn 0.33008128 -0.04819375 0.9410875
vn -0.612875 -0.66190004 0.431
vn 0.5218531 -0.4120328 -0.7149203
vn 0.21294999 -0.22595938 0.9469125
vn -0.43755156 -0.46803594 0.7607703
vn 0.6460746 0.2352875 0.71361214
vn 0.027873434 -0.29937345 0.947868
vn -0.63894063 -0.57112813 0.51302344
vn 0.47450313 -0.22617812 0.84272504
vn 0.58851254 -0.015234375 -0.80738753
vn 0.639236 -0.13127187 0.7450266
vn -0.5096891 -0.4924078 0.70110315
vn -0.6037313 -0.5494625 0.573075
vn -0.1391836 -0.93628126 0.3093109
vn 0.19536817 -0.7812178 -0.5574651
vn -0.23248671 -0.43519375 0.85992193
vn 0.7819234 0.08435938 0.61207974
vn 0.27625936 -0.5054922 0.80917966
vn -0.65620875 -0.62458754 0.38400072
vn 0.0065785153 -0.50247616 0.8605945
vn 0.7908 -0.0177 0.6118
vn 0.8147 0.0043 0.5799
vn 0.90667546 -0.09785546 0.3821715
vn 0.7955 -0.0876 0.5996
vn 0.79578674 0.20838282 0.56514215
vn 0.8163141 0.07334648 0.5639988
vn 0.026810937 -0.9787633 0.17600547
vn 0.66663456 -0.2710619 -0.6522402
vn 0.95374966 -0.18721834 -0.17033905
vn 0.79435 -0.11624999 0.59555
vn 0.6486664 -0.3807617 0.63731563
vn -0.740469 -0.11830938 0.556286
vn 0.95919317 -0.2167952 0.09379092
vn 0.5326003 -0.68626976 -0.45377353
vn 0.7983 -0.4397625 0.38326716
vn 0.7633719 -0.26582733 0.5828352
vn 0.6924125 -0.7088219 -0.044162504
vn 0.76530313 -0.59693754 0.21034375
vn 0.43325585 -0.8633836 0.11438613
vn 0.21906094 -0.6359453 0.73450315
vn 0.6443 -0.57 0.5098
vn 0.5546125 -0.6027375 0.5702125
vn -0.03689375 -0.917825 0.39444375
vn -0.07810782 -0.6040765 0.78906405
vn -0.21550986 -0.77532655 0.34920242
vn -0.5580473 -0.6607547 0.45246565
vn -0.32289687 -0.6807406 0.6476625
vn 0.123125 -0.6102313 0.78173125
vn -0.716 -0.6715 -0.191
vn -0.05020625 -0.90315 0.42606872
vn 0.064940624 -0.9572656 0.27748436
vn 0.19653672 -0.92712116 0.29955548
vn 0.6039289 -0.7395578 0.25688124
vn 0.36415002 -0.6680625 0.64621246
vn -0.18169999 -0.655075 0.7313375
vn -0.6744375 -0.525325 -0.5116375
vn -0.17881349 -0.3686002 -0.868692
vn -0.7441859 -0.410825 -0.5013969
vn 0.37438673 -0.75105 0.5218383
vn 0.61521256 -0.64186877 0.4490875
vn 0.02680625 -0.6092844 0.7916
vn 0.042215623 -0.76833904 0.62182343
vn 0.2348 -0.6902 0.6845
vn 0.3052 -0.6898 0.6566
vn 0.051507026 -0.9506242 0.2905414
vn -0.14633046 -0.8589109 0.45209453
vn 0.2046 -0.6948 0.6895
vn 0.007484371 -0.6949406 0.7126875
vn 0.024888769 -0.37201756 -0.91325676
vn -0.41960156 -0.25241327 -0.84036255
vn -0.016635936 -0.93316877 0.35086876
vn -0.010429296 -0.6782586 0.7311281
vn 0.027789062 -0.9072468 0.41802657
vn -0.09315 -0.7069 0.7003
vn -0.0782 -0.681 0.7281
vn -0.0056 -0.6894 0.7243
vn 0.09318047 -0.6670742 0.73123825
vn 0.121 -0.7403 -0.6613
vn 0.1550377 -0.73850995 0.58631045
vn -0.15893126 -0.943014 0.28333986
vn -0.1690297 -0.9225422 0.32530314
vn 4.4374913E-4 -0.71570545 -0.68343985
vn -0.052740626 -0.57158905 0.81547576
vn -0.3576547 -0.6697234 0.63668984
vn -0.1878 -0.67785 0.71055
vn 0.09553827 -0.9081133 0.40611055
vn -0.36891875 -0.8998531 0.045494534
vn -0.2043047 -0.6455625 0.7340414
vn 0.54923123 -0.4665125 -0.68341875
vn 0.1893 -0.6768 -0.7114
vn -0.619907 -0.7540141 0.1726922
vn 0.5773582 -0.1501543 -0.7942219
vn -0.5729562 -0.75119996 0.29808125
vn -0.07187187 -0.9762484 0.14272968
vn -0.55915 -0.66795003 0.4880125
vn 0.15475547 -0.50326407 0.84415233
vn 0.596575 -0.67945 0.33195525
vn 0.52323675 -0.6630813 -0.48108512
vn -0.2907 -0.6202 0.7286
vn -0.3379 -0.6177 0.7101
vn -0.3698 -0.58245003 0.72365
vn -0.6503 -0.6558 0.3833
vn -0.29392344 -0.45346403 0.8316367
vn -0.9681057 -0.18689552 0.02759746
vn -0.7375 -0.6522 0.1753
vn -0.80064195 -0.55283576 0.0025187507
vn -0.862627 -0.2832721 0.3686213
vn -0.5824032 -0.4188328 0.677039
vn -0.5291156 -0.5976336 0.60045314
vn 0.4665922 -0.619311 0.6234281
vn 0.34735 -0.7147 0.60055006
vn -0.7230844 -0.61920625 0.27625313
vn 0.067276865 -0.8936744 -0.18355927
vn -0.48798436 -0.46797502 0.72975
vn -0.93581134 -0.1574164 -0.28476954
vn -0.7819 -0.5819 -0.2235
vn -0.7056 -0.6341 -0.3162
vn -0.5689203 -0.6834035 -0.41285467
vn 0.01690391 -0.32766408 0.9378735
vn -0.88522345 -0.005865625 0.4445203
vn -0.72281724 -0.5499281 -0.3876875
vn 0.23155938 -0.90155315 0.3580375
vn -0.72238123 -0.12114374 0.67613125
vn -0.5731 -0.2219875 0.7828063
vn -0.5262 -0.3746 0.7634
vn -0.22284219 -0.18294218 0.94228435
vn -0.51205 -0.31994998 0.79565
vn -0.06999219 -0.2056047 0.96822035
vn 0.2513281 -0.34242576 0.9015312
vn -0.64101446 -0.4440831 -0.5768701
vn -0.8121 -0.1048 -0.574
vn -0.8144 -0.1599 -0.5578
vn -0.69637185 0.107384376 0.6947899
vn 0.45735702 -0.435125 0.7502782
vn 0.7125677 -0.6268625 0.22843745
vn 0.646825 -0.57476246 0.50105
vn 0.7590008 -0.35145545 0.5159961
vn -0.60365784 0.0049812486 0.7918031
vn 0.6253 -0.5491 0.5545
vn 0.63205624 -0.57518125 0.51865
vn 0.6564 -0.5866 0.4745
vn -0.55075 -0.087349996 0.8289
vn 0.5641963 -0.48623848 0.65811116
vn 0.19906563 -0.1266375 0.96904373
vn -0.18421094 -0.708618 -0.6703781
vn -0.49606562 -0.19321874 0.84222186
vn -0.39991134 -0.061269533 0.90091956
vn -0.53900933 0.100470304 0.8349938
vn -0.24864998 0.12532344 0.9534641
vn -0.43624765 0.014410937 0.8923688
vn 0.040046874 0.011528127 0.9937969
vn 0.472175 -0.2999469 0.82558906
vn -0.2160705 -0.3201779 -0.9106465
vn -0.1070375 0.04306875 0.9908875
vn 0.3155641 -0.16907969 0.932025
vn 0.38757503 -0.8652711 0.20566015
vn 0.23835468 0.0412625 0.96619844
vn 0.28361252 -0.016609374 0.9528828
vn 0.038362503 0.112628125 0.9909375
vn 0.17244375 -0.69729376 -0.6856687
vn -0.0284 -0.712925 -0.694575
vn 0.11388399 -0.5207006 -0.8288365
vn 0.48282814 -0.1492625 0.861225
vn 0.6098672 -0.47694764 0.6179141
vn 0.5302832 -0.08285469 0.8407227
vn 0.29516485 0.11982656 0.93843985
vn 0.6105921 -0.18587813 0.76237893
vn 0.5370308 -0.78670824 0.13531211
vn 0.034115627 -0.24960235 -0.9605688
vn 0.53898126 -0.44990897 0.6762488
vn 0.2809625 0.18571874 0.9368719
vn 0.57390547 0.022315625 0.81292963
vn 0.19300625 0.33548748 0.9199625
vn 0.5294172 0.09534141 0.83973444
vn 0.31849533 -0.27513868 -0.90080273
vn 0.47884786 -0.4536037 -0.74069667
vn 0.3206 -0.6077 -0.7266
vn 0.6890172 -0.031004688 0.7216914
vn 0.58524454 -0.46179298 0.6230891
vn 0.45742187 0.30420312 0.831175
vn 0.3164367 -0.15734726 -0.9284059
vn 0.7406062 -0.032 0.66936874
vn 0.6416203 0.1513578 0.74725467
vn 0.6609875 0.09393125 0.74336255
vn 0.5681617 -0.7198023 -0.28013203
vn 0.6583891 0.16181093 0.7300141
vn 0.6217797 0.19458905 0.7451078
vn 0.7194625 -0.24564375 0.5798375
vn 0.67838824 -0.67543745 -0.15525626
vn 0.70624685 0.11755 0.69725937
vn 0.7497422 0.0667125 0.6544813
vn 0.775425 0.045871876 0.6280969
vn 0.7938625 0.0404375 0.6064
vn 0.831 0.0504 0.554
vn 0.10000634 -0.88938856 0.33657628
vn -0.1439375 -0.7286063 0.654957
vn 0.30317187 -0.7594219 0.5174539
vn 0.69162655 0.26679844 0.66552496
vn 0.6812 -0.65110004 0.33365
vn 0.5565281 -0.20743906 -0.8014805
vn 0.5782312 -0.1313125 -0.8039125
vn 0.6837938 -0.43858594 -0.57093126
vn 0.545 -0.4116 -0.7304
vn 0.7155418 -0.6595459 0.053644534
vn 0.7949 0.0479 0.6049
vn 0.7720625 0.14651251 0.6176125
vn 0.45095626 -0.8048966 0.04741863
vn 0.7710563 0.1576125 0.61635625
vn 0.5756 -0.41705 -0.702875
vn 0.7841 0.093825 0.61308753
vn 0.8678473 -0.07106992 0.09775498
vn 0.75256634 -0.4053251 0.3106625
vn 0.82813716 0.08602578 0.5497051
vn 0.77353907 -0.22516328 -0.57712966
vn 0.5865 -0.3299 -0.7397
vn 0.82409924 0.08503672 0.5582446
vn 0.8746258 0.16796796 0.4515875
vn 0.63075686 -0.13444941 -0.75899297
vn 0.5782 -0.1586 -0.8003
vn 0.7611 0.2485 0.5991
vn 0.7761 0.211 0.5943
vn 0.7877 0.1303 0.6021
vn 0.87415314 0.108728126 0.4680531
vn 0.8427324 0.07363711 0.52167696
vn 0.7937 0.062703125 0.6046719
vn 0.8775672 0.0675875 0.472175
vn 0.8094 0.0617 0.5841
vn 0.8094 0.0617 0.5841
vn 0.7639 0.2799 0.5815
vn 0.7501 0.2666 0.6052
vn 0.7946 0.1651 0.5842
vn 0.88675 0.14872813 0.43273127
vn 0.7864641 0.15604377 0.5962477
vn 0.8471875 -0.46785232 -0.08279063
vn 0.8029 0.075 0.5914
vn 0.86890626 0.06229375 0.48922503
vn 0.3063953 -0.89994764 -0.04219766
vn 0.13460673 -0.7812829 -0.5609089
vn 0.7803625 0.1861125 0.59661245
vn 0.8503406 -0.11751875 -0.491375
vn 0.6267363 -0.18794179 -0.752491
vn 0.88970006 0.11851875 0.43749064
vn 0.79456794 0.1490586 0.5873914
vn 0.8930609 0.25140703 0.37154138
vn 0.78087497 0.22424376 0.5792375
vn 0.85786563 -0.29095626 -0.41413125
vn 0.93166715 0.18147187 0.30462033
vn 0.9284898 0.13588905 0.340475
vn 0.9653094 -0.014446873 -0.1867617
vn 0.98008436 0.09805937 0.14521484
vn 0.95800006 0.074049994 0.27205625
vn 0.9559406 0.03404453 0.28560546
vn 0.95359063 0.0079375 0.29295936
vn 0.62201756 -0.7299578 -0.06987226
vn 0.974223 -0.07554375 -0.11937539
vn 0.95825315 0.0036234371 0.27526408
vn 0.94327813 0.045921873 0.32525313
vn 0.99237967 0.0138656255 0.062518746
vn 0.97970587 -0.10603281 -0.07826132
vn 0.8967207 0.31289417 0.3102789
vn 0.98302495 -0.027075 0.17768125
vn 0.9799187 -0.10923438 -0.08073439
vn 0.9758336 0.14741719 0.1394758
vn 0.98730624 -0.10240937 -0.09421563
vn 0.9901805 0.028599218 0.0999461
vn 0.9465469 0.26426095 0.17386407
vn 0.9728031 0.21604688 0.061940625
vn 0.89908123 0.3706906 0.22370078
vn 0.9870875 -0.14814062 -0.014953125
vn 0.99442494 0.08197343 0.021087501
vn 0.95019686 0.29883125 0.08087812
vn 0.9989375 -0.025212502 0.0093249995
vn -0.8145939 -0.21132734 -0.43622753
vn -0.70314217 0.09578437 0.70399374
vn -0.84574217 0.06463594 0.005181253
vn -0.8273978 -0.10503554 0.18700176
vn -0.8539 0.2229 -0.4703
vn -0.52710974 0.2728998 -0.74785215
vn -0.65107834 0.030041013 -0.7058804
vn -0.122748435 -0.10191094 -0.9557117
vn -0.52286917 -0.22612618 -0.7615996
vn -0.20173359 -0.40221405 -0.88245463
vn -0.60945153 -0.38209373 -0.67605937
vn -0.7216579 0.0031531248 0.68084687
vn -0.8337578 0.35177344 -0.34014374
vn -0.8542321 0.22824532 -0.059515625
vn -0.83874375 0.06789375 0.5288375
vn -0.8156178 -0.03753691 0.33272833
vn -0.8099465 -0.39351225 -0.11651758
vn -0.7880754 0.34775293 -0.028539449
vn -0.6237785 -0.4594383 -0.58581996
vn -0.76481014 0.15220234 0.62437266
vn -0.69521874 0.0596625 0.71496713
vn -0.77557886 0.06302343 0.5570766
vn -0.67377967 -9.890627E-4 0.73854685
vn -0.7169 -0.486 -0.4999
vn -0.16946405 -0.51216406 -0.81474453
vn -0.79282814 0.15926406 0.58803207
vn 0.16301015 -0.3699836 -0.9026524
vn -0.80706716 0.13226718 0.5744734
vn 0.37167346 0.0024203132 -0.9090836
vn -0.82118034 -0.4044693 0.03446073
vn 0.3031035 -0.17084707 -0.9181193
vn -0.7632406 0.11780937 0.6341469
vn -0.68073285 -0.08174531 0.7270578
vn -0.37629062 0.3581953 -0.7926117
vn -0.61767423 0.51725 -0.57406014
vn 0.21660411 0.33568636 -0.8505521
vn 0.34665236 0.06996484 -0.91400707
vn -0.7405584 0.27841005 0.19875243
vn -0.80996215 -0.49488908 0.03849414
vn -0.80735934 0.102396876 0.5805406
vn -0.81206876 0.14996874 0.56385314
vn -0.7531438 0.0904625 0.64998436
vn 0.28974885 0.15674064 -0.9195801
vn -0.46095 0.61015 -0.6414
vn 0.05567891 -0.57777035 -0.8081039
vn -0.6609746 -0.53243303 -0.48463398
vn -0.8242547 0.13260703 0.54997617
vn -0.7999418 -0.26427227 0.39115196
vn -0.25464064 -0.7158125 -0.6476157
vn -0.8063391 0.118075 0.5788938
vn -0.73926246 0.049128123 0.66875625
vn 0.26423204 -0.35050273 -0.8935496
vn -0.82029843 0.16282187 0.54802966
vn 0.55028516 -0.030496875 -0.8315898
vn 0.04478877 -0.7059075 -0.70509773
vn -0.81551874 0.13638125 0.56233126
vn -0.8244375 0.1474625 0.5463375
vn -0.75960624 -0.0021187505 0.64918125
vn -0.8083953 0.12054531 0.5756563
vn -0.79933596 0.15490937 0.57973593
vn -0.9394406 0.33055 0.08238125
vn -0.9116688 0.37355155 0.15706405
vn -0.75040215 -0.21926484 0.51338184
vn 0.42446172 -0.06470859 -0.89035
vn -0.8268168 0.14731152 0.5427002
vn 0.67377186 0.01155 -0.73801875
vn 0.5801 0.0277 -0.8141
vn 0.6903914 0.025317969 -0.7216031
vn 0.5801 0.0277 -0.8141
vn 0.5518 0.0449 -0.8328
vn -0.7380594 -0.11297656 0.6622336
vn -0.6186477 -0.7499269 -0.032510154
vn -0.44298857 -0.19888046 -0.7644236
vn 0.597425 -0.031525 -0.801175
vn -0.8231672 0.14963749 0.54737186
vn 0.5982781 -0.002575 -0.80078435
vn 0.5891 0.0033 -0.808
vn -0.18300979 -0.7661872 -0.5918947
vn -0.7666804 0.072464064 0.6357367
vn -0.80069685 0.13790625 0.5825156
vn -0.80052817 0.1219625 0.58549374
vn -0.8881422 0.43323827 0.14712344
vn -0.470932 -0.46053964 -0.6368676
vn -0.23260938 -0.0031597614 -0.8888156
vn -0.8265 0.13174376 0.54725003
vn 0.58128595 0.06429063 -0.81044686
vn 0.57655823 0.16084374 -0.7993058
vn 0.61869216 -0.0040312503 -0.78514683
vn -0.55424845 -0.4237508 0.6680789
vn -0.4601032 -0.6616041 -0.5591055
vn -0.8081391 0.13227344 0.57359684
vn 0.6053859 -0.0023859376 -0.7950938
vn 0.6373078 0.05953906 -0.7659875
vn -0.80485785 0.18662344 0.5632125
vn -0.81097656 -0.09011328 0.57427895
vn -0.9114993 0.34487998 0.10389053
vn -0.8413336 0.49002892 0.22597033
vn 0.71163285 0.059528124 -0.69918907
vn -0.7608234 0.1102625 0.63911873
vn -0.80789995 0.1594125 0.56725
vn 0.57001406 0.30177853 -0.7565664
vn -0.75900936 -0.21137187 0.61465627
vn -0.90140957 -0.122838765 -0.12253818
vn -0.6519035 0.040530078 0.74959254
vn -0.775775 0.10318125 0.6218344
vn -0.824743 0.131425 0.5474235
vn -0.5626 -0.1444 0.814
vn 0.68797815 0.053418748 -0.7233625
vn -0.7904258 -0.020264063 -0.5872625
vn 0.73034763 0.0573 -0.67984927
vn -0.5699438 -0.0753875 0.81513125
vn -0.7963 0.57181877 0.19364375
vn -0.5930023 0.2776871 -0.7245754
vn 0.5227701 0.07744023 -0.8359078
vn -0.8877394 0.42266524 0.079327345
vn -0.79267323 0.20077989 -0.56789804
vn -0.8355875 0.015675 0.5459625
vn 0.7303351 0.15589452 -0.6552266
vn -0.83166945 0.41030157 -0.12771583
vn -0.7506232 -0.07677441 0.60841954
vn -0.92865276 -0.039983593 0.33962423
vn -0.9048656 0.17250624 0.35556406
vn -0.87752813 0.18990001 0.41151407
vn 0.60135627 0.116131246 -0.7891187
vn -0.8371453 0.12190312 0.53154373
vn 0.11439844 -0.6889125 0.70699686
vn -0.81852275 0.15919477 0.45977896
vn -0.8527392 -0.1662913 0.49101448
vn 0.58888906 0.19810937 -0.77775
vn -0.7432188 0.64418125 0.16371407
vn -0.9716203 0.009737499 0.2263125
vn -0.5818867 0.36856014 -0.70256567
vn 0.5071256 0.12788574 -0.82683164
vn 0.038111717 0.2957836 -0.80340314
vn -0.7928625 0.26323125 -0.5463344
vn -0.9837844 0.10775156 0.13611406
vn 0.79677695 0.099877745 -0.5929828
vn -0.17371877 -0.6996344 0.6571094
vn -0.5753679 0.21120039 0.7515164
vn -0.3419156 -0.2631547 0.8801594
vn -0.5516859 -0.010356249 0.83079374
vn -0.5249534 -0.018060546 0.84149957
vn -0.9103004 -0.27564842 0.30159998
vn -0.9363086 -0.09110391 0.32980937
vn -0.9398867 0.048293754 0.27336794
vn -0.97350156 0.2053203 0.086076565
vn -0.9485836 0.21814609 0.17902032
vn 0.66667426 0.19565742 -0.68967927
vn -0.05538232 -0.46140224 0.8107931
vn -0.13947734 -0.57941794 0.7622578
vn -0.8527715 0.045770943 0.45107466
vn -0.73339355 0.53790426 -0.35672462
vn -0.7115203 0.4090547 -0.5653266
vn -0.79095 0.30945 -0.52715003
vn -0.67605627 0.70966876 0.19794375
vn -0.6936 0.6977 0.1795
vn -0.66552496 0.42880937 -0.6085219
vn 0.35027325 0.26845562 -0.7455675
vn -0.87675464 0.39978907 0.17007813
vn -0.7922563 -0.44563788 0.37385613
vn -0.6873 0.7263 -0.0071
vn -0.7057625 0.7022875 0.082553126
vn -0.783975 0.43644375 0.41582423
vn 0.59156644 0.29049844 -0.72137964
vn 0.36341405 0.44581407 -0.7671828
vn -0.2684 0.653 -0.7082
vn -0.4280008 0.28633553 0.8512324
vn -0.062843755 0.6859586 0.68600625
vn 0.13188843 0.5368687 0.67799485
vn 0.73119926 0.38319764 -0.48446953
vn -0.6205219 0.4459914 -0.6352648
vn -0.592125 0.37223125 -0.71414375
vn -0.6338812 0.5115 -0.578525
vn 0.74003243 0.60808945 -0.049653225
vn -0.65492547 0.62459445 -0.41007227
vn -0.65769875 0.57657063 -0.48217654
vn -0.28711092 0.6469266 -0.6324781
vn -0.3599 0.6667 0.6527
vn -0.48 0.5819 0.6565
vn -0.5189 0.6972 0.4947
vn -0.5571258 -0.48585236 0.6608836
vn -0.6899078 -0.60358906 0.3915797
vn -0.6497 0.566 -0.50675
vn -0.6852 0.5427 -0.4857
vn -0.62802815 0.70917344 0.3176133
vn -0.6689063 0.73450005 0.03716094
vn -0.5395094 0.43465468 -0.7169324
vn -0.54550314 0.5981922 -0.5852625
vn -0.68965626 0.6556484 -0.27690625
vn -0.6408 0.57759374 -0.4995625
vn -0.5459813 0.5096406 -0.65848756
vn -0.5681547 0.6157031 -0.5433203
vn -0.53025 0.8446969 -0.015293748
vn -0.50255775 0.5311359 -0.6788312
vn -0.58924377 0.6969625 -0.35656875
vn -0.5256781 0.73409534 -0.4227422
vn 0.024821304 0.7061453 -0.4278076
vn 0.0750211 0.8104785 0.3896631
vn -0.49696094 0.86579686 0.0028312504
vn 0.13750157 0.83794844 -0.08309688
vn -0.65595937 -0.6844188 0.31649688
vn -0.4889539 0.8187 -0.29275626
vn -0.52535 0.830375 -0.18424375
vn -0.5778482 0.76779103 0.24869023
vn -0.5967531 0.70949686 0.37210312
vn -0.5243281 0.82306874 0.20579219
vn -0.41651797 0.7509277 -0.4524121
vn -0.38432539 0.52871364 -0.74768746
vn -0.35710156 0.49140626 -0.79252815
vn -0.4777 0.6094 -0.6328
vn -0.4978 0.6065 -0.6199
vn -0.370475 0.649725 -0.6618363
vn -0.5579084 -0.7390039 0.35197037
vn -0.6247703 -0.7107234 0.32065937
vn -0.61381876 -0.6841438 0.39271876
vn -0.39375624 0.90869063 0.04680469
vn -0.34465626 0.4125203 -0.84261096
vn -0.38952893 0.78063357 -0.48071483
vn -0.30152106 0.5627844 -0.76736486
vn -0.40658438 0.6302719 -0.6599219
vn -0.32272345 0.8122313 -0.4269969
vn -0.3176672 0.9355484 0.092585936
vn -0.3074965 0.6459332 -0.6815629
vn -0.23552813 0.44802344 -0.86110234
vn -0.25689685 0.70495933 -0.6569609
vn -0.2759375 0.65035313 -0.70697814
vn -0.3580875 0.62476873 -0.6935375
vn -0.2535203 0.8311516 -0.49124688
vn -0.19622813 0.5257094 -0.8268469
vn -0.18487814 0.6192688 -0.7615
vn -0.06720078 0.7864593 -0.61016953
vn -0.18878868 0.8470676 -0.3862266
vn -0.17298907 0.5905203 -0.7763047
vn -0.12717813 0.7126 -0.6885813
vn -0.102145314 0.50229764 -0.85647345
vn -0.18515 0.66384995 -0.7245
vn -0.07891719 0.5796516 -0.8096969
vn -0.026946876 0.90257895 -0.15933752
vn -2.195295E-4 0.68569064 -0.72484297
vn -0.12692499 0.651625 -0.747575
vn -0.036887497 0.6466062 -0.7611625
vn -0.0562375 0.5662242 -0.81283677
vn 0.031153124 0.5595844 -0.8270969
vn 0.11248906 0.95488715 -0.011939451
vn 0.09432031 0.46802187 -0.8772203
vn 0.051361717 0.80844414 -0.5822559
vn 0.15180314 0.59514064 -0.7872547
vn 0.0307 0.65267503 -0.75665003
vn 0.075 0.59 -0.8039
vn 0.14607032 0.5146976 -0.8436172
vn 0.20416719 0.54492974 -0.8016359
vn 0.1335 0.6489 -0.7491
vn 0.15309922 0.69408596 -0.7005352
vn 0.1148 0.6247 -0.7723
vn 0.20230274 0.8001666 -0.45833927
vn 0.1711703 0.821925 -0.53916717
vn 0.18630001 0.62305 -0.75955
vn 0.23265624 0.6381437 -0.73315626
vn 0.24975313 0.43423203 -0.86471957
vn 0.25898087 0.4955992 -0.82744765
vn 0.3405875 0.81824255 -0.34941173
vn 0.2218 0.6215 -0.7514
vn 0.1958 0.6283 -0.7529
vn 0.342 0.9188688 0.19003749
vn 0.2296 0.5798 -0.7818
vn 0.2876 0.6322 -0.7194
vn 0.31998828 0.73825 -0.5895375
vn 0.38827187 0.91240466 0.05955156
vn 0.37607968 0.44549218 -0.81056094
vn 0.2778625 0.59706247 -0.75232506
vn 0.3647715 0.53238356 -0.76148987
vn 0.3121375 0.61775 -0.71615624
vn 0.38370234 0.502457 -0.76780784
vn 0.37325937 0.64797187 -0.6601812
vn 0.33795 0.58105004 -0.7401
vn 0.2470375 0.6226171 -0.7423047
vn 0.4217791 0.7126537 -0.4706381
vn 0.295775 0.84528905 -0.44015
vn 0.42910624 0.764825 -0.4788
vn 0.41342586 0.8474791 -0.32627302
vn 0.46861875 0.8717313 0.104731254
vn 0.44936955 0.4213156 -0.7849398
vn 0.55039066 0.6897938 -0.46423438
vn 0.52375627 0.771775 -0.35645002
vn 0.51983047 0.6094 -0.59551096
vn 0.41106877 0.5655656 -0.7134125
vn 0.48130935 0.4766453 -0.73389924
vn 0.481275 0.531725 -0.69612503
vn 0.60969996 -0.62000936 0.49229687
vn 0.59976244 -0.7169945 0.35290584
vn 0.6252 -0.6208 0.473
vn 0.51083434 0.8331437 -0.20612812
vn 0.5710111 0.6911066 -0.3944133
vn 0.51539373 0.5902875 -0.595375
vn 0.6640023 0.684975 -0.24603906
vn 0.56139684 0.8110281 0.14332344
vn 0.53821254 0.38375002 -0.75005937
vn -0.019126952 0.8240219 -0.19926347
vn 0.6633781 -0.65038127 0.3668219
vn 0.66221875 0.5709746 -0.39795464
vn 0.50478125 0.49777812 -0.6980406
vn 0.5814295 0.38128614 -0.7175027
vn 0.07502246 0.82625103 0.26117346
vn 0.47061408 0.87640786 -0.08587031
vn 0.6378 0.6594 -0.398
vn 0.6604 0.60428596 -0.44213122
vn 0.618 0.6681 -0.4143
vn 0.51693904 0.4861867 -0.7026991
vn 0.6389953 0.42919686 -0.636625
vn 0.65260625 0.52260005 -0.5470562
vn 0.55747974 0.5910437 -0.5820844
vn 0.5971625 0.61960626 -0.5086125
vn 0.6890531 -0.6206594 0.36976874
vn 0.7992234 -0.5059016 0.31898907
vn 0.76492023 -0.5840548 0.23858437
vn 0.6779828 0.72088516 0.13239922
vn 0.66 -0.5613 0.4993
vn 0.729682 -0.48849612 0.4739492
vn 0.32924998 0.6915 0.63565
vn 0.6566266 0.6729414 0.3347748
vn 0.6945 -0.4964 0.5208
vn 0.6533031 0.6440984 -0.3946531
vn 0.6141156 0.6305516 -0.46782655
vn 0.670836 0.37190312 -0.64072347
vn 0.7080375 0.3058703 -0.63363594
vn -0.8659734 0.31135625 -0.36091095
vn -0.83220935 0.11082187 -0.5430313
vn -0.82211876 0.1518547 -0.54831874
vn 0.59587735 0.4371367 -0.6638242
vn 0.58891875 0.539875 -0.5952
vn 0.8197676 -0.33375 0.4409836
vn 0.8973219 -0.31211877 0.30634454
vn 0.7142 0.6993 0.0298
vn 0.7947117 0.53288126 -0.18355858
vn 0.6963891 0.7100805 0.100232035
vn 0.9434875 0.26757658 0.15372343
vn 0.78052676 0.048487306 0.58766484
vn 0.6833463 0.64442444 0.33418983
vn 0.9206815 0.23712666 0.21591517
vn -0.8129082 0.10539532 -0.5711758
vn -0.7447468 0.12232657 -0.6379297
vn -0.2762125 0.45156616 -0.68807757
vn -0.068614066 -0.6311205 0.75328684
vn 0.25003135 -0.44003874 0.75557554
vn 0.94473124 0.2104922 0.17789005
vn 0.8596211 0.0092789065 0.50641644
vn 0.6359625 -0.27464375 0.69259375
vn 0.42564666 -0.066033006 0.87901855
vn 0.85685074 -0.05098008 0.47655937
vn 0.95258284 -0.1266 0.27166718
vn 0.15305468 -0.7179282 0.66367185
vn 0.8066844 0.565959 0.15088359
vn 0.6995 0.6864 0.1987
vn 0.60459375 0.3483281 -0.7125
vn 0.9800594 0.16260469 0.105666414
vn 0.8195504 0.027227344 0.5481688
vn -0.5443025 0.25682795 -0.7026762
vn -0.73162186 0.053851563 -0.6789719
vn 0.8448765 -0.11383359 0.5174563
vn 0.8032148 -0.06364766 0.5786711
vn -0.76710236 0.07834063 -0.6348641
vn 0.8201 -0.207 0.5335
vn 0.7516 -0.1705 0.6372
vn 0.97963125 0.047574997 0.18594375
vn 0.83852303 0.0680414 0.5032719
vn 0.8936695 0.38046327 -0.17568204
vn 0.6665875 0.21935312 -0.70228827
vn 0.6740914 0.04757344 0.7238281
vn 0.9116734 0.024670314 0.39078906
vn 0.9711969 -0.02061875 0.2337453
vn 0.8841539 0.13944376 0.4083609
vn 0.5068 0.4037 -0.7617
vn 0.2781992 0.41562265 -0.81871486
vn -0.6164211 0.07369277 -0.7648467
vn 0.833725 0.17357813 0.521775
vn -0.3692498 0.26221806 -0.75552666
vn 0.82151055 0.1257918 0.55289453
vn 0.86199766 0.47897035 0.15524687
vn 0.7020545 0.08006582 -0.64613616
vn -0.7084453 0.033142187 -0.7048125
vn 0.7905 0.0668 0.6089
vn 0.77725 0.098299995 0.6214
vn 0.8063 0.0811 0.586
vn 0.49486327 0.16205741 -0.8424617
vn 0.3752578 0.32626134 -0.81534374
vn -0.4415213 -0.05220723 -0.87509394
vn 0.8132555 0.123315625 0.568041
vn 0.913111 0.37563124 0.061234377
vn 0.7712 0.0942 0.6296
vn 0.80233127 0.18414375 0.56764376
vn 0.758886 0.08705625 0.6437422
vn 0.857514 0.46036094 0.22848594
vn 0.77018905 -0.026434377 0.6231086
vn 0.7887734 0.11815937 0.60307187
vn 0.8194531 0.14415938 0.55447185
vn 0.80454063 0.009765625 0.5914789
vn 0.63196343 -0.21967325 0.64006543
vn 0.31188226 -0.11210723 -0.8616986
vn -0.60293627 0.019378908 -0.79203594
vn 0.9047004 0.33183575 0.13868673
vn 0.78786874 0.12660313 0.6026
vn 0.7801 0.1224 0.6136
vn 0.82565 0.13243595 0.54831874
vn 0.6646953 -0.30047187 -0.6459922
vn 0.79155004 0.119325 0.59935
vn 0.81543595 0.14498751 0.56016564
vn 0.78569376 -0.15334375 0.5977125
vn 0.8059867 -0.09043008 0.56514573
vn 0.81681097 0.1630047 0.55309844
vn -0.5214617 0.11321601 -0.8155352
vn 0.9269918 0.12057147 0.08950038
vn 0.8004 0.1567125 0.57772577
vn -0.3319211 0.30317342 -0.85700464
vn -0.47451952 0.3512877 -0.7509732
vn 0.79605 0.086687505 0.59889376
vn 0.794 0.1374 0.5922
vn 0.8014031 0.123642966 0.58482265
vn -0.63527346 0.004629687 -0.7700578
vn -0.18807267 -0.34982187 -0.89649767
vn -0.6382282 -0.00628125 -0.76927185
vn -0.44821563 0.073209375 -0.87185
vn 0.7845641 -0.001226563 0.6193828
vn 0.7564719 0.030787498 0.65098286
vn 0.7750156 -0.13041718 0.6156508
vn 0.7922 0.1046 0.6013
vn 0.7968869 0.094538674 0.59648633
vn 0.8148828 0.122935936 0.5656562
vn 0.07056533 -0.71896875 -0.68712664
vn 0.071425 -0.690575 -0.7132625
vn 0.2346203 -0.61399376 -0.7258703
vn 0.17715684 -0.47632813 -0.78123176
vn -0.0017812476 -0.5453297 -0.8223078
vn 0.8223125 0.1568875 0.546975
vn 0.82953286 0.148075 0.5382547
vn 0.7873656 0.1179125 0.60486877
vn 0.79377496 0.096675 0.600375
vn 0.7971 0.0765 0.5989
vn -0.056014843 -0.4578904 -0.8682996
vn 0.8186164 0.14001484 0.556911
vn -0.40113205 -0.09305234 -0.8978094
vn 0.7937219 0.12630312 0.5946969
vn 0.7853 0.1311 0.6051
vn 0.7834719 0.121874996 0.6089008
vn 0.71444374 -0.11507501 0.68878126
vn 0.17622596 -0.7255601 -0.64645314
vn 0.0424 -0.7392 -0.6721
vn 0.81552655 0.16063437 0.5558562
vn -0.38814065 -0.019346874 -0.9065063
vn 0.74672186 -0.093514055 0.6338563
vn 0.78860587 -0.063406244 0.53173244
vn 0.8068164 0.12337578 0.5770441
vn 0.78549576 0.15638007 0.5984422
vn -0.24544454 -0.23865858 -0.9272109
vn -0.04469063 0.10959297 -0.9592469
vn 0.69219685 0.011453125 0.7203977
vn 0.6743281 -0.051714063 0.7363235
vn 0.79702497 0.088599995 0.59737504
vn 0.8104094 0.14092812 0.5681649
vn 0.7883148 0.15152657 0.59618044
vn 0.7953 0.1135 0.5955
vn 0.73353124 0.102675 0.6710484
vn 0.7985 0.1052 0.5927
vn 0.23468359 0.39275587 -0.86601233
vn 0.72079456 -0.07937422 0.6803211
vn 0.5870211 -0.70382106 -0.34956485
vn 0.8096198 -0.4039663 0.050737113
vn 0.79398435 -0.15501207 0.42940283
vn 0.4283453 -0.5735125 -0.6847156
vn 0.75275004 0.08204844 0.6509484
vn 0.27426642 0.26016483 -0.89289844
vn 0.20031407 0.55683786 -0.7826028
vn 0.7881 0.15215 0.5964
vn 0.7868375 0.11660625 0.60580623
vn 0.7760322 0.15517226 0.6103574
vn 0.6789406 0.042939063 0.73240155
vn 0.468575 -0.6578625 -0.580975
vn 0.45300508 -0.37971562 -0.78660816
vn 0.14944765 -0.16445078 -0.9623984
vn 0.4005412 0.018931251 -0.8780541
vn 0.74112034 0.0049734367 0.66434216
vn 0.74558985 0.090336725 0.6569656
vn 0.6696187 0.0124375 0.7424375
vn 0.81877035 -0.15318388 0.18234318
vn 0.7969 0.1305 0.5898
vn 0.7938 0.1431 0.5911
vn 0.8113 0.1243 0.5712
vn 0.68887186 0.07272813 0.72094065
vn 0.55146563 -0.48827812 -0.6727843
vn 0.7694961 0.15439141 0.61921954
vn 0.6536037 0.6032636 -0.4181918
vn 0.80949044 0.07548359 0.52922815
vn 0.85258365 0.17472646 0.36405793
vn 0.801425 0.117425 0.586025
vn 0.7805188 0.15144375 0.6063125
vn 0.79075 0.113350004 0.601
vn 0.7888031 0.0502875 0.60690624
vn 0.5846943 0.39254433 -0.6931717
vn 0.71320623 0.032515626 0.6967094
vn 0.7964 0.0766 0.5998
vn 0.558 0.202375 -0.799375
vn 0.71103716 0.2306086 -0.21705823
vn 0.5497375 -0.17076251 -0.81162184
vn 0.763175 0.068875 0.6415875
vn 0.78620005 0.058125 0.6145375
vn 0.8402 0.0524 0.5398
vn 0.7588842 -0.23805536 0.16682759
vn 0.67717445 -0.3295182 -0.5653967
vn 0.82172966 0.023325 0.5574422
vn 0.84085 0.03455 0.53875
vn -0.7238599 0.38209805 0.32467306
vn -0.7844 0.615 -0.0805
vn -0.222783 0.7292377 -0.5914627
vn -0.59258103 0.6559725 -0.41258985
vn -0.012727344 0.6042285 -0.767732
vn -0.35850626 0.64093125 -0.67481875
vn -0.71152973 0.39758748 0.46551096
vn 0.28514022 0.740227 -0.44506738
vn -0.6413008 0.74039435 -0.055499755
vn -0.57223123 0.7562109 0.2910453
vn 0.24401562 0.6244532 -0.7334343
vn -0.7895371 -0.12547031 0.554557
vn 0.57835007 0.21645 -0.786125
vn -0.5643313 0.6577719 0.48146877
vn -0.15461563 0.8519192 0.18014804
vn 0.5759625 0.5601766 -0.5828687
vn -0.4944 0.6081 0.6211
vn 0.6113548 0.72754943 0.08049585
vn -0.489 0.6617 0.5684
vn -0.62881327 0.24931407 0.6562367
vn -0.13502264 0.7045804 0.66982734
vn -0.4315 0.6305 0.6452
vn 0.6206547 0.7128508 -0.2936172
vn 0.68865705 0.58502346 -0.37529063
vn 0.48135155 0.67003125 0.546975
vn 0.6551016 0.6557297 0.36161405
vn 0.7594187 0.62558746 0.051515624
vn 0.5892 0.7919 0.1602
vn -0.43548828 0.88120866 -0.17314844
vn -0.45095938 0.88176405 0.12278907
vn -0.55046713 0.73230076 0.3939758
vn -0.4485516 0.8434125 0.2897078
vn -0.43176252 0.8996438 -0.05374375
vn -0.3483867 0.8933234 -0.28025705
vn -0.3887336 0.9200086 -0.012526172
vn -0.3626836 0.92069453 -0.13137813
vn -0.2658285 0.89137733 -0.36313787
vn -0.35535118 0.9258949 0.104922265
vn -0.25882655 0.9374789 0.22191796
vn -0.26018673 0.9529773 -0.14073202
vn -0.21851914 0.9399668 -0.24761602
vn -0.1527586 0.9817586 0.046258595
vn -0.1426875 0.86710787 -0.47428596
vn -0.106275 0.91235936 -0.3913875
vn -0.063828126 0.99246955 -0.07521328
vn -0.01951797 0.8807125 -0.47076017
vn -0.069262505 0.97656876 -0.19883749
vn -0.06660586 0.9452385 0.29868048
vn 0.049473442 0.95132226 -0.29305118
vn 0.022780467 0.98333746 -0.17057735
vn 0.10090312 0.99043906 -0.006312501
vn 0.057875 0.98413444 0.1447375
vn 0.10477501 0.89357185 -0.43173283
vn 0.20331952 0.9707359 -0.104546875
vn 0.26163593 0.92672265 0.2592508
vn 0.06233047 0.92577505 0.36175627
vn 0.26353282 0.9438516 -0.19173281
vn 0.24678437 0.916875 -0.3092422
vn 0.34690508 0.9275719 0.11030781
vn 0.3449461 0.9366859 -0.045920312
vn 0.3828625 0.8935274 -0.2277336
vn 0.36039454 0.92140627 -0.13509531
vn 0.43686563 0.8976922 0.03506875
vn 0.38658437 0.86605465 0.31461564
vn 0.46509767 0.8596789 0.19748907
vn 0.51213753 0.8495719 0.1149125
vn 0.5622641 0.7669586 0.30385625
vn -0.7895324 0.5083957 -0.19850469
vn -0.7069 0.662 0.249
vn -0.57285863 0.6490785 0.43731368
vn -0.7429187 0.65558517 -0.01084375
vn -0.83134997 0.13745 -0.53795004
vn -0.75914216 0.4738422 -0.41309765
vn 0.61343384 0.15764512 0.6865743
vn 0.11345029 0.5302278 0.7003459
vn -0.2000375 0.64046955 0.7328812
vn -0.76620626 0.32168126 -0.5506656
vn -0.6423785 0.4047414 -0.6207911
vn 0.29852188 0.74613595 0.5879438
vn -0.59962523 0.7497642 0.08911328
vn -0.4459821 0.7134828 0.49298722
vn -0.47662178 0.76647836 -0.12674716
vn 0.2035957 0.87079823 0.053029887
vn -0.6305 0.57101876 -0.5238875
vn 0.5210047 0.6836469 0.49172187
vn 0.006666012 0.86735076 -0.428366
vn -0.538707 0.6115016 -0.5627812
vn 0.7775 -0.1887 0.5999
vn 0.78952426 -0.13726953 0.58809924
vn -0.15631562 0.6568813 -0.7270844
vn -0.3042 0.6904 -0.6564
vn 0.56334996 0.7967055 0.11407343
vn 0.78665626 -0.13182734 0.59696794
vn 0.59562653 0.7417719 -0.21234646
vn 0.72678435 0.39161873 0.4522906
vn 0.64612496 0.6428156 0.40148127
vn 0.721725 0.4073875 0.52321875
vn 0.3331256 0.6449075 -0.63986874
vn 0.77546406 -0.012093749 0.61939687
vn 0.6429 0.691 -0.3304
vn 0.6592 0.6747 -0.332
vn -0.9499602 -0.1668883 -0.041910544
vn -0.958107 -0.05874297 0.18041876
vn -0.65060973 0.5574734 0.45606482
vn -0.8439383 0.41023046 0.26984924
vn -0.78863114 0.47714832 0.2666381
vn -0.8438121 -0.31925234 -0.39521405
vn -0.82931095 -0.52126247 -0.11905
vn -0.6878344 0.52400315 0.4462672
vn -0.80123204 -0.55678123 0.08279922
vn -0.499975 -0.6782625 -0.53160626
vn -0.5805822 -0.65078163 -0.32098067
vn -0.7454 -0.5543 -0.3704
vn -0.7887672 0.3343258 0.38678825
vn -0.27213204 -0.8451656 -0.11172774
vn 0.19691327 -0.82951564 -0.30481642
vn -0.811844 -0.31427088 0.23121426
vn 0.5001222 -0.70566237 -0.38777387
vn -0.5509995 -0.4237317 -0.60637707
vn -0.2297 -0.7048875 -0.66040003
vn -0.7230897 -0.4591543 -0.4948963
vn -0.7005625 0.66870314 0.22908124
vn -0.7129322 0.035258092 0.39750448
vn 0.501225 -0.7661313 -0.362275
vn -0.63852185 -0.6280531 0.42602032
vn 0.25181016 0.845632 0.23408827
vn -0.19293459 0.75741905 0.45222628
vn -0.5381 0.7048 0.4623
vn -0.25792813 -0.780352 0.33940977
vn -0.58201385 -0.7617221 0.17790821
vn 0.2905742 -0.85873127 0.053801566
vn -0.5318656 0.73385 0.41846877
vn 0.040216416 0.771057 0.14317188
vn 0.6340719 -0.732075 -0.19784376
vn 0.5889 -0.7009 -0.4025
vn 0.76605046 -0.5909009 -0.08962764
vn 0.6234 -0.6889 -0.3699
vn 0.632725 -0.685325 -0.35895
vn 0.8687168 -0.31096113 -0.20235294
vn 0.6817 -0.6722 -0.2889
vn 0.7295 0.6794 0.079
vn 0.6909356 0.5532886 0.4452725
vn 0.8221115 0.42227715 0.11033828
vn 0.8076025 -0.48047248 -0.17237791
vn 0.69552183 -0.6317781 -0.31819373
vn 0.85750663 -0.20091544 -0.007474022
vn 0.699013 0.44108427 0.13236931
vn 0.7672 -0.6187 0.1693
vn 0.73485315 0.6658063 0.043531246
vn -0.5663 -0.6494 0.5076
vn -0.5872 -0.6599 0.4687
vn -0.5231 -0.6611 0.5379
vn -0.5663 -0.6494 0.5076
vn -0.97136503 -0.13840097 0.106041595
vn -0.8972504 -0.19235624 -0.28995273
vn -0.94993794 -0.10588388 0.21913466
vn -0.96406776 -0.22445235 0.003054101
vn -0.82215154 -0.36128283 -0.4204297
vn -0.9446036 -0.13029326 0.17791913
vn -0.90398496 0.029236723 -0.31208086
vn -0.93767655 -0.17162344 0.2696797
vn -0.5349586 -0.50495434 0.66825235
vn -0.9868556 -0.037119135 -0.038431056
vn -0.7100217 -0.2663406 0.59499764
vn -0.50856405 0.041242186 -0.8451617
vn -0.7918 -0.0166 -0.6106
vn -0.8684 -0.1039 -0.4848
vn -0.58272344 -0.035828125 0.8087859
vn -0.6673734 0.04057031 0.7282133
vn -0.8741164 -0.3913961 0.04055156
vn -0.9369547 -0.25613946 0.090416804
vn -0.96573126 0.21015 -0.03605469
vn -0.7898734 0.5454348 0.09875703
vn -0.8249918 -0.41226485 -0.1976002
vn -0.97462034 -0.05257793 -0.00773457
vn -0.9677289 -0.18361172 0.14405625
vn -0.698939 -0.38718593 0.5303117
vn -0.79075295 0.43355256 -0.3581249
vn -0.6287719 -0.19240624 0.74116564
vn -0.47299063 -0.32132185 -0.81039685
vn -0.65943587 -0.27524453 -0.5460797
vn -0.7040328 -0.44866484 -0.53553283
vn -0.7383469 -0.6616312 -0.025560938
vn -0.80833364 0.48480546 0.2583664
vn -0.8852774 -0.21807265 -0.32826406
vn -0.9153805 0.042033978 -0.09942813
vn -0.8067953 -0.38170666 -0.3824793
vn -0.6571121 -0.5946015 0.42811134
vn -0.74637496 -0.49387497 -0.44125
vn -0.50458324 0.48346135 -0.6696359
vn -0.7815156 0.17351875 -0.5932969
vn -0.80051255 0.040064063 -0.59058905
vn -0.554675 -0.092875004 0.82664996
vn -0.35847032 0.065718755 0.9270922
vn -0.5591 0.0249 0.8287
vn -0.55 0.0127 0.8351
vn -0.20405547 -0.9151223 -0.22545078
vn -0.7527 -0.6458 -0.1283
vn -0.40461242 -0.75033617 -0.41352457
vn -0.63021016 0.56881404 0.5011344
vn -0.8824815 0.1280545 0.24116114
vn -0.7663 -0.1309 -0.629
vn -0.8695 -0.1574 -0.4682
vn -0.19848281 -0.5922227 -0.76606643
vn -0.15359531 -0.7824832 0.582005
vn -0.446243 -0.77741563 0.41231796
vn -0.41805 -0.62056255 0.6605344
vn -0.08986953 -0.9455387 0.2992879
vn -0.60052186 0.29981405 0.7321781
vn -0.55017734 -0.63281566 -0.49864686
vn -0.3321492 -0.9003391 0.012533201
vn -0.12087695 -0.94667184 0.24816015
vn -0.6454125 -0.7205875 0.23494999
vn -0.450975 -0.58210003 0.673325
vn -0.69326174 -0.4221453 -0.52705246
vn -0.79275 -0.17777187 -0.5681156
vn -0.18879922 -0.050896093 -0.962807
vn -0.44766015 -0.70386016 0.5234664
vn -0.61959374 0.78211874 0.0168875
vn -0.69183123 0.7126875 0.0951375
vn -0.53064984 0.6873746 -0.41439265
vn -0.83197653 -0.068353906 -0.53879607
vn -0.3516 -0.6506 0.6731
vn -0.3595 -0.5785 0.7322
vn -0.23232344 -0.642925 0.72164845
vn -0.021716991 -0.88914245 -0.34660566
vn -0.61164796 -0.66421175 -0.37393594
vn -0.44188067 -0.82401836 -0.20028867
vn -0.48768437 -0.45614377 0.7322062
vn -0.5418086 -0.012511329 0.83587927
vn -0.20896055 -0.42255625 0.85204375
vn -0.087841794 -0.09215157 0.9796449
vn -0.5048125 -0.017332422 0.85759413
vn -0.5069797 -0.08925937 0.8542047
vn -0.47253513 -0.48124608 0.7351781
vn -0.27753848 -0.6224252 0.7249965
vn -0.20336328 -0.4182844 0.8770539
vn -0.483225 -0.29951954 0.81802034
vn -0.20870155 0.9216764 0.13594297
vn -0.12899375 -0.26912656 0.944064
vn -0.43998086 -0.23513281 0.85809726
vn -0.007976563 -0.73468125 -0.6779032
vn -0.0639 -0.7217 -0.6893
vn -0.6540735 0.7091906 0.2569453
vn -0.2037 -0.7319 -0.6502
vn -0.1454 -0.7162 -0.6826
vn -0.497625 0.4411 0.746225
vn -0.52127504 0.2648875 0.8106625
vn 0.15846348 0.13822275 0.9079298
vn -0.10161719 -0.004232812 0.98625
vn -0.06079804 -0.8243586 0.54920626
vn -0.0154554695 -0.6375071 -0.7688844
vn -0.15611017 -0.6835352 0.69324684
vn -0.19822656 -0.7419836 -0.6247398
vn -0.0046875 -0.7828328 -0.61813986
vn -0.006240625 0.06525782 0.98994684
vn -0.0722 -0.7351 -0.6741
vn 0.03956094 -0.6766223 -0.7308117
vn 0.07424218 -0.41952693 -0.88938284
vn -0.09063594 0.3893625 -0.9068531
vn -0.00340625 -0.8859969 -0.46153748
vn -0.4754 0.5686 0.6714
vn 0.012931645 0.7052383 0.6913613
vn -0.4393 0.5279 0.7269
vn 0.006885156 -0.99588513 -0.03268594
vn -5.375E-4 -0.9425625 -0.33165
vn 0.080373436 -0.24881405 0.9578594
vn -0.48171878 0.32825 0.8095172
vn 0.027007036 0.520707 0.792532
vn 0.12188047 -0.64976954 0.73718286
vn 0.14605469 -0.52274144 0.8300531
vn -0.12620702 0.74285156 0.6084359
vn -0.5512703 0.73775864 0.3722203
vn -0.0858 0.66 -0.7463
vn -0.153 0.6133 -0.7749
vn 0.123023435 0.094522655 -0.97000784
vn 0.2602799 0.7791778 -0.48704827
vn 0.4535516 0.83619374 0.16339257
vn 0.31245312 0.37400937 -0.85709065
vn 0.42279023 -0.82323754 0.26555273
vn 0.27512032 -0.32526407 0.89653206
vn 0.13217656 0.6359516 -0.7515172
vn 0.25717264 -0.0123421885 0.9623059
vn -0.0017 -0.6918 0.7221
vn 0.4980621 -0.5521656 0.62293595
vn 0.06039922 -0.7228805 -0.68634063
vn 0.0021 -0.7565 -0.654
vn 0.24358009 -0.5714172 -0.7491641
vn 0.58576715 0.5918602 0.5401609
vn 0.1456 0.7099 0.6891
vn 0.32376993 -0.12239921 0.93019766
vn 0.3174625 -0.9020242 -0.11079219
vn 0.20898749 -0.76982814 -0.5637547
vn 0.3474875 -0.7406094 0.54397416
vn 0.53749996 0.66604996 0.51255
vn 0.0044 -0.7609 -0.6488
vn 0.0543 -0.729 -0.6824
vn 0.0364 -0.7134 -0.6998
vn 0.3011711 -0.92865 0.01361953
vn 0.4224133 -0.7950086 -0.31256953
vn 0.161 -0.7163 0.679
vn 0.1052 -0.7061 0.7002
vn 0.44122034 -0.2402125 0.8573562
vn 0.034937497 -0.7489375 -0.65946877
vn 0.655 0.38661563 0.6442344
vn 0.43459845 -0.5035359 -0.73327506
vn 0.66375 0.71616876 -0.1801125
vn 0.547674 -0.093829885 -0.8097953
vn 0.36707795 0.09735411 0.91725314
vn 0.4208906 -0.32485467 -0.8287078
vn 0.69188285 0.7095133 0.10535078
vn 0.6056375 0.66575 0.43304998
vn 0.6010313 -0.41931093 0.66340154
vn 0.5032754 -0.41724417 0.72760904
vn 0.2337 -0.7002 -0.6747
vn 0.2729 -0.6579 0.7019
vn 0.22276172 -0.86529374 0.41546953
vn 0.09836407 -0.78680825 0.5927562
vn 0.75176096 0.15248045 0.6225039
vn 0.63325 -0.29386252 0.7035047
vn 0.6866 0.6765 0.2662
vn 0.8751379 0.30822912 0.19787422
vn 0.6716625 0.6146875 0.411125
vn 0.6151 0.598375 -0.50715
vn 0.5194 0.5083 -0.6869
vn 0.4693 0.4466 -0.7618
vn 0.6433234 0.45887816 -0.5978
vn 0.8976858 0.19360626 0.2137666
vn 0.6837 0.498 0.5334
vn 0.7088 0.44815 0.54375
vn 0.6258375 -0.049310938 0.7607148
vn 0.2383 -0.6931 -0.6803
vn 0.58054996 0.24485 -0.7759
vn 0.7778649 -0.13956602 0.6048312
vn 0.9246031 0.25375623 -0.14573906
vn 0.71620035 0.6461115 -0.20882979
vn 0.534 0.3118 -0.7858
vn 0.63250077 0.201125 -0.73709375
vn 0.7142 -0.6882 0.12475
vn 0.9601637 0.036762107 -0.18035665
vn 0.7888 0.2557 0.559
vn 0.772 0.2999 0.5604
vn 0.78188753 -0.031081248 0.61755
vn 0.7033 -0.7088 0.0545
vn 0.72896874 -0.67480934 -0.0020125005
vn 0.9262375 -0.3098594 0.068657815
vn 0.6923926 -0.088628516 -0.66774654
vn 0.7151715 -0.16647539 -0.6405171
vn 0.705175 -0.25264376 0.6560375
vn 0.6543934 -0.44127423 -0.5634836
vn 0.89143515 0.026823046 0.2602625
vn 0.9886383 -0.049866404 0.013825391
vn 0.7554969 -0.5970125 0.22740623
vn 0.7000709 -0.54102755 0.44856936
vn 0.8622824 -0.31651604 0.30335158
vn 0.72720194 0.66329217 0.11731914
vn 0.9893187 0.09114219 0.00605
vn 0.70307344 -0.38032812 -0.5264094
vn 0.62541246 -0.63675 -0.4479375
vn 0.45608753 -0.64428747 -0.61204994
vn 0.17934531 -0.74051917 -0.6270027
vn 0.09892735 -0.9222101 -0.26812422
vn 0.63933593 -0.6864047 -0.32351717
vn 0.7300197 -0.6196532 -0.23482549
vn 0.438325 -0.65978754 0.6090125
vn 0.3839965 -0.7939575 0.25961447
vn 0.3309 -0.7504 0.5722
vn 0.65362036 -0.5404297 -0.4442508
vn 0.8674145 -0.25678164 0.35698205
vn 0.9779063 -0.115742974 0.02250078
vn 0.7822445 -0.23944765 0.5695836
vn 0.87119985 -0.19337109 0.39015508
vn 0.63652694 -0.00983125 -0.7610195
vn 0.68202734 0.050751563 0.71678126
vn 0.9622164 -0.09805781 -0.20420937
vn 0.67983204 -0.16684961 -0.6817734
vn 0.667525 -0.4773 0.57125
vn 0.5791625 -0.58667815 0.56322813
vn 0.9813031 -0.13627267 0.08284141
vn 0.8271364 -0.13920927 0.53083074
vn 0.5178 -0.6395 0.5682
vn 0.980423 -0.13611603 0.08722383
vn 0.8929328 -0.079903126 0.41927266
vn 0.6308953 -0.43157268 -0.62546015
vn 0.9200375 -0.27403283 -0.24105313
vn 0.72387546 -0.6131047 -0.26050752
vn 0.6346 -0.5451 0.5479
vn 0.664 -0.5022 0.554
vn 0.8731414 -0.026519533 0.45964298
vn 0.9810492 -0.15199727 0.07634727
vn 0.63155705 -0.6107008 0.47597265
vn 0.5398594 -0.6822117 0.48467422
vn 0.58517504 -0.620125 0.5214625
vn 0.62325627 -0.6083875 0.48947498
vn -0.8534541 -0.40510392 -0.23127031
vn -0.81298435 -0.55045 -0.09184219
vn -0.8506683 0.42587125 -0.0057488284
vn -0.81709737 -0.07100185 0.20505391
vn -0.68210196 0.68537384 0.16897306
vn -0.88844585 -0.15061016 -0.14412539
vn -0.6595 -0.7377 -0.1446
vn -0.7253 -0.6655 -0.1762
vn 0.44132543 -0.7913729 -0.009559769
vn -0.72679526 -0.6058374 -0.29088372
vn -0.83945566 0.24513929 0.1915174
vn -0.6728519 -0.7058965 -0.012153123
vn -0.18133749 -0.8937532 -0.3599578
vn 0.28543282 -0.6764258 -0.6584313
vn -0.7197 -0.6088 -0.3337
vn -0.2810167 -0.7376571 -0.45025858
vn -0.7045176 -0.64918166 -0.27509725
vn 0.5428196 -0.7480672 -0.16971788
vn -0.703825 -0.62383753 -0.33842498
vn 0.2521 -0.6802 -0.6883
vn 0.65446246 0.6693125 0.33903128
vn 0.7328166 0.47233906 0.24128827
vn 0.7665942 -0.4819918 0.2501883
vn 0.6652 0.6063 0.4357
vn 0.57535547 -0.6382867 -0.5034992
vn 0.76533204 -0.55378693 0.14069629
vn 0.7645508 0.41155663 0.40709883
vn 0.43551874 -0.6184734 -0.641757
vn 0.8426987 -0.42872617 -0.016089838
vn 0.6721125 0.56106246 0.48048747
vn 0.9129438 0.25412655 0.2800094
vn 0.743457 -0.5069648 -0.37406486
vn 0.627823 -0.4611348 -0.5980114
vn 0.9401767 0.19139668 0.008430662
vn -0.8193534 0.06650742 0.4933372
vn -0.8981539 -0.27373204 0.3369555
vn -0.85791874 -4.6015903E-4 0.5027504
vn -0.64811254 0.10007499 0.750575
vn -0.7739303 0.15823819 0.40516108
vn -0.84804374 -0.42877033 0.30557966
vn -0.6710406 0.6195422 0.4042922
vn -0.72296953 0.3634587 0.53692615
vn -0.87244374 -0.13194375 -0.45270002
vn -0.8919107 0.02469063 -0.32010666
vn -0.9351485 -0.1417086 0.27642658
vn -0.76631546 -0.07736367 0.54538655
vn -0.74788517 -0.60034215 0.2698242
vn -0.845425 0.0298125 0.53191566
vn -0.6012312 0.5120133 0.5706383
vn -0.8836133 0.20127147 0.35477424
vn -0.91452575 -0.2839961 -0.13482422
vn -0.54156876 0.05854375 0.820925
vn -0.5231 -0.2721 0.8077
vn -0.5169 -0.3866 0.7638
vn -0.625957 -0.037371878 0.7580805
vn -0.35131797 0.71732855 0.54643947
vn 0.22580372 0.7142785 0.5746248
vn -0.5846 0.657 0.476
vn -0.6376 0.6309 0.4421
vn -0.5846 0.657 0.476
vn -0.8054129 0.12810586 0.5783301
vn -0.5978406 0.6018836 0.52316326
vn -0.6972157 -0.41857657 -0.5586469
vn -0.80935 -0.18005 -0.557425
vn -0.8202437 0.059299998 0.56876254
vn -0.7728453 -0.49672502 -0.35828438
vn -0.61335003 0.6868906 0.38759688
vn -0.6281 0.6976 0.3447
vn -0.70717657 0.04087969 0.68037343
vn -0.7319014 0.090741985 0.6184082
vn -0.42786872 0.33331877 0.8319062
vn -0.5432297 -0.15538365 0.814435
vn -0.43900234 0.3530367 0.8090758
vn -0.68902504 -0.703975 0.080175005
vn -0.46774992 -0.75123835 -0.18613818
vn -0.7354 -0.6701 -0.1013
vn -0.7412 -0.6703 0.0357
vn 0.03009375 0.69589996 0.71166253
vn -0.060145512 0.27218166 0.8896734
vn -0.29685625 0.6276906 0.6993625
vn -0.836125 0.068084374 0.54252034
vn -0.5448789 0.08513437 0.8296305
vn -0.57582617 0.3139965 0.74905705
vn -0.5853442 0.48816955 0.63964957
vn 0.6259062 0.6632438 0.40336874
vn -0.8138047 0.16364843 0.5558015
vn -0.46181798 -0.6933836 -0.53654456
vn -0.7134154 0.18805078 0.6640732
vn 0.4752609 0.6397234 0.56564844
vn 0.4685645 -0.47228622 0.66547227
vn -0.5742 0.6773 0.4599
vn -0.9053117 0.11449063 0.40445858
vn -0.39100158 -0.39277813 0.797818
vn -0.92660314 -0.0070109367 0.36911562
vn 0.7874416 -0.19019823 0.4410086
vn -0.5310562 0.13026093 0.7994875
vn -0.85227734 0.22940782 0.4665758
vn -0.7024031 0.31374064 0.6352375
vn 0.0053953156 -0.81144255 -0.5421094
vn 0.050640233 -0.97424436 -0.021309374
vn -0.5167695 0.64850855 0.5563555
vn 0.5964 -0.7709 0.2237
vn 0.7026 -0.6561 0.2754
vn -0.8805051 0.24511349 0.39966837
vn -0.78575706 0.3924461 0.4670445
vn -0.47608203 0.6885227 0.5426055
vn -0.5495 0.6683 0.5015
vn -0.75664353 -0.3829455 0.4658928
vn -0.9409961 -0.22947773 0.22774218
vn -0.9540899 -0.01747422 0.29378986
vn -0.92813903 0.11231719 0.3503672
vn -0.51807654 0.5104227 0.6809422
vn -0.47436875 0.56865 0.6704875
vn -0.4999 -0.5297 0.6853
vn -0.3991 -0.5376 0.7428
vn -0.5737 -0.6453 0.5044
vn -0.33093226 -0.860692 0.2610381
vn 0.5986172 -0.6779117 0.37596643
vn -0.8526765 -0.4962418 0.109193355
vn -0.970034 -0.041773047 0.22710781
vn -0.13450313 -0.9701844 0.18135
vn -0.6633391 -0.6780765 0.28927657
vn -0.9108703 0.12282188 0.38437188
vn -0.6539211 0.47818673 0.5662172
vn -0.7328664 0.30662462 0.58509374
vn -0.7676437 0.33649063 0.528875
vn -0.92402816 0.062493753 0.36201718
vn -0.5806625 0.6039281 0.5383359
vn -0.91959375 0.0015890636 0.3718703
vn -0.7436 -0.6590781 -0.060059372
vn -0.80121875 -0.5223125 -0.2647344
vn -0.5545691 0.36215645 0.7394701
vn -0.358525 0.6970594 0.615775
vn -0.4665 0.6403 0.6103
vn -0.4468 0.618 0.6469
vn -0.63232183 0.20467812 0.73616874
vn -0.58972496 0.12683281 0.79168904
vn -0.49851248 0.51558745 0.6943375
vn -0.1914453 0.65329844 0.72507036
vn -0.45197344 0.5807797 0.67534375
vn -0.4573375 0.5389 0.70566875
vn -0.4389 0.6363 0.6344
vn -0.46324298 0.68248594 0.56007814
vn -0.27790782 0.7083204 0.64256567
vn -0.2833883 0.35981876 0.8819883
vn -0.51400185 0.38651446 0.763071
vn -0.5259 0.269 0.8069
vn -0.4647 0.5756 0.6729
vn -0.27895477 0.61185944 0.7311127
vn -0.4919 0.5426 0.6809
vn -0.31634063 0.25830156 0.9060906
vn -0.5361 0.193 0.8218
vn -0.5154312 0.15020001 0.8420375
vn -0.471775 0.47995627 0.738575
vn -0.494 0.4464 0.7461
vn -0.4944 0.4476 0.7452
vn -0.30406368 0.15283476 0.93179643
vn -0.5396 0.1206 0.8332
vn -0.5674375 0.086475 0.818425
vn -0.26858124 0.69616246 0.65905005
vn -0.43545002 0.6213 0.6512
vn -0.3563 0.6489 0.6723
vn -0.4057 0.6211 0.6705
vn -0.3391531 0.6567 0.67191565
vn -0.10966426 0.73641014 0.66411054
vn -0.2781 0.6647 0.6934
vn -0.3505875 0.64513755 0.6784
vn -0.48034376 0.57441247 0.66213906
vn -0.2068285 0.49565977 0.83617973
vn -0.5585383 0.074371874 0.82499766
vn -0.50977033 0.25806093 0.82004607
vn 0.040430956 0.3576494 0.9257344
vn -0.10108751 0.7824125 0.6107187
vn 0.008542968 -0.9621047 0.2247375
vn -0.029479688 0.25369218 0.9626156
vn 0.017825391 0.45815745 0.8814602
vn 0.029744534 0.6159375 0.78071797
vn -0.18483204 0.68909454 0.6987457
vn -0.08507499 0.725125 0.68275
vn 0.009707812 0.7134836 0.69808596
vn -0.1674 0.7045 0.6897
vn -0.17646405 0.68781406 0.7024094
vn 0.0024546874 0.7086488 0.70451486
vn -0.0123218745 0.7197131 0.69055426
vn 0.12469141 0.1940539 0.96891874
vn 0.21655312 0.5856422 0.7689179
vn 0.061834376 0.7100625 0.69554067
vn -1.0546949E-4 0.74377346 0.66545075
vn 0.3060625 0.27581015 0.9041102
vn 0.30449334 0.47543943 0.81379104
vn 0.18145625 0.66143125 0.7250688
vn 0.21959999 0.7637125 0.6043
vn 0.32642263 0.5743586 0.74246174
vn 0.20244375 0.71078044 0.66485703
vn 0.3503906 0.34047967 0.8644469
vn 0.24644688 0.7128086 0.6545797
vn 0.2787844 0.74163127 0.6083172
vn 0.25621876 0.7335477 0.62829614
vn 0.50171095 0.15474688 0.8399406
vn 0.32057735 0.6317103 0.70265114
vn 0.52505547 0.5750922 0.611223
vn 0.4640039 0.67820466 0.5630961
vn 0.0835667 -0.9555656 0.22070444
vn 0.49679217 0.6676328 0.54846096
vn 0.7066268 0.20155527 0.663184
vn 0.55234843 0.46766564 0.6836828
vn 0.5414281 0.5101532 0.66203284
vn 0.5913479 -0.7291559 0.18873028
vn 0.704268 0.29698205 0.63688046
vn 0.49149063 0.65834415 0.55789995
vn 0.7721938 0.07598125 0.62722504
vn 0.023074217 -0.98400545 0.05531641
vn 0.73770463 0.34240937 0.5789844
vn 0.65578127 0.45314375 0.59835315
vn 0.44508594 0.6726438 0.5889844
vn 0.7879 0.2233 0.5739
vn 0.95915526 0.007911915 0.27544257
vn 0.8465625 0.19124219 0.4773969
vn 0.9767641 -0.12301953 0.117512494
vn 0.8950082 -0.010767579 0.40084454
vn 0.6973 0.5183 0.495
vn 0.7261047 0.46635002 0.49882972
vn 0.6633 0.5732 0.481
vn 0.68009377 0.51294374 0.520525
vn 0.83746326 0.12560001 0.51701015
vn 0.6903 0.4562 0.5616
vn 0.7185 0.42 0.5545
vn 0.84023124 0.3254125 0.42773125
vn 0.5614219 0.4854828 0.6666996
vn 0.78646195 -0.5583637 0.15171933
vn 0.96107423 -0.24473517 0.0677789
vn 0.9143219 -0.23814061 0.2943656
vn 0.89056253 0.22039999 0.39606875
vn 0.7468531 0.39064997 0.5347469
vn 0.79041696 0.2999388 0.52919924
vn 0.37012058 -0.85636884 0.049754687
vn 0.9671805 -0.09196016 0.2257992
vn 0.95454454 -0.0035402346 0.29344922
vn 0.93015623 0.10872734 0.3475629
vn 0.7113828 0.46635312 0.52435625
vn 0.56503123 0.620114 0.5418781
vn 0.8039109 0.2696375 0.52426255
vn 0.74971247 0.33868748 0.5665875
vn 0.693486 0.32037735 0.6400914
vn 0.48879492 0.75069296 0.43637422
vn 0.4861 0.6772 0.5524
vn 0.52419996 0.65435 0.54495
vn 0.7373047 -0.4476172 0.49469143
vn 0.90319765 0.19644766 0.3789047
vn -0.23726347 0.17413658 0.80092716
vn 0.474775 -0.6089781 0.6146875
vn -0.094074994 -0.613075 0.7716875
vn 0.92548436 0.078681245 0.36637187
vn -0.5013375 -0.3313875 0.7710937
vn 0.7909 -0.3164 0.5238
vn 0.8740984 -0.026143748 0.47964686
vn 0.52416563 0.37707657 0.7433703
vn 0.77788126 -0.16412187 0.59566563
vn 0.84885156 0.15933438 0.50036794
vn 0.7805 0.2634 0.567
vn 0.57571363 0.14010938 0.7730791
vn 0.5774289 -0.7696422 0.22008984
vn 0.5674617 0.64827657 0.5068586
vn 0.608282 0.64861876 0.45570233
vn -0.616277 0.23031914 0.679309
vn -0.7008012 -0.45739418 0.35088536
vn 0.8465874 0.057118747 0.5284375
vn 0.7788 0.2165 0.5887
vn 0.8042962 0.1312039 0.56554115
vn 0.7873 0.0977 0.6088
vn 0.80964696 0.08508965 0.579837
vn 0.6234938 0.45471877 0.627857
vn 0.50960314 -0.6537797 -0.5273297
vn 0.7970735 0.15849063 0.58187497
vn 0.7801 0.1932 0.5951
vn 0.77876407 0.23263906 0.5821438
vn 0.5790287 0.48922813 0.6050936
vn 0.604375 0.046022072 0.7271781
vn 0.4111 -0.6143 -0.6736
vn 0.75487494 0.27005 0.59562504
vn 0.67962503 -0.6812 0.2578375
vn 0.39212444 0.691716 0.52486897
vn -0.5076 0.6648 0.5481
vn -0.49974376 0.6890375 0.5110656
vn -0.4633 0.6704 0.5796
vn 0.37904334 0.682193 0.532084
vn 0.60419023 -0.0757166 0.7449354
vn 0.6178125 0.6200625 0.48305
vn 0.19320527 0.6793932 0.6658595
vn 0.766937 0.14572656 0.61628383
vn 0.5282489 0.6192074 0.46771842
vn 0.8199625 0.099218756 0.5627375
vn 0.80137396 0.14751396 0.53367215
vn 0.7770375 -0.04034375 0.62063754
vn 0.6943555 -0.5099026 -0.44713128
vn 0.9367417 -0.032205947 0.079085544
vn 0.6872711 0.53496486 0.48012695
vn 0.8638703 0.019434376 0.49973905
vn 0.66321874 0.50137657 0.52926093
vn 0.89343107 -0.03212012 -0.36377263
vn 0.5881647 -0.42896447 -0.6726793
vn 0.7274875 0.4985563 0.45963126
vn 0.6418 0.6196875 0.4510125
vn 0.6678 0.5624 0.4877
vn 0.6857035 0.60074294 0.40762812
vn 0.84741014 0.025552344 0.5269258
vn 0.6718 -0.5271 0.5204
vn 0.6981721 0.08994618 0.57703894
vn 0.8701062 -0.37741876 0.31480622
vn 0.7314453 0.2541586 0.6105826
vn 0.6913 0.5588 0.4582
vn 0.90903735 -0.21360312 0.35076642
vn 0.7397 0.4106 0.5331
vn 0.72563124 0.42849374 0.5361375
vn 0.7072023 0.550107 0.4384797
vn 0.89892185 -0.028148435 0.4215094
vn 0.86978436 -0.0013859384 0.37194997
vn 0.87409824 -0.0654504 0.23473126
vn 0.8903422 0.033145312 0.34484375
vn 0.8151412 0.094955966 0.5158946
vn 0.7786 -0.1388 0.6119
vn 0.77428126 -0.0771375 0.62441874
vn 0.78919375 0.010143749 0.60408753
vn 0.7805 0.1759 0.5999
vn 0.8166 0.0969 0.569
vn 0.7256603 0.14158672 0.6631103
vn -0.40531993 0.8183461 0.40136015
vn -0.26184842 0.8367125 0.4755422
vn -0.054476563 0.86886096 0.48731875
vn 0.007128125 0.8254688 0.5629156
vn 0.0014999999 0.73656875 0.67620003
vn 0.26647645 0.72765565 0.628003
vn 0.22344375 0.8467629 0.47024295
vn 0.35616875 0.7738562 0.522375
vn 0.44810623 0.695675 0.56005
vt 0.3134218 0.69114673
vt 0.299053 0.69631135
vt 0.30342296 0.68407184
vt 0.30505925 0.7045609
vt 0.32167405 0.70993817
vt 0.3077016 0.7278274
vt 0.9680766 0.8204895
vt 0.961776 0.824173
vt 0.9666399 0.8100778
vt 0.9436306 0.81869316
vt 0.9500773 0.8042773
vt 0.9561417 0.82569623
vt 0.93537414 0.82818246
vt 0.31822 0.74033904
vt 0.3025345 0.7493522
vt 0.3130488 0.7572906
vt 0.9176427 0.81814116
vt 0.30644995 0.76353264
vt 0.30093652 0.760104
vt 0.21456099 0.9536358
vt 0.22768319 0.93915665
vt 0.22841674 0.95870054
vt 0.29950148 0.885365
vt 0.30242652 0.866887
vt 0.30956277 0.8872526
vt 0.299697 0.889231
vt 0.299758 0.886693
vt 0.20353368 0.9574067
vt 0.21013682 0.933732
vt 0.19459714 0.93745327
vt 0.3232049 0.90230894
vt 0.31548238 0.91521776
vt 0.30322868 0.8991379
vt 0.18676504 0.94954026
vt 0.189361 0.957267
vt 0.1798386 0.93436944
vt 0.17840944 0.95041084
vt 0.174269 0.939464
vt 0.18168479 0.5071422
vt 0.172661 0.51822424
vt 0.16274124 0.5119183
vt 0.20067188 0.4972948
vt 0.18891913 0.5176741
vt 0.20884413 0.48246783
vt 0.21572737 0.4928531
vt 0.158392 0.51992
vt 0.152429 0.519056
vt 0.204943 0.51058245
vt 0.32529503 0.6961552
vt 0.32825685 0.68750083
vt 0.213046 0.504569
vt 0.34813493 0.6907792
vt 0.3490975 0.7037376
vt 0.359463 0.690725
vt 0.36645216 0.6951326
vt 0.38906205 0.699059
vt 0.3801495 0.7055944
vt 0.383341 0.692259
vt 0.374587 0.6888583
vt 0.224117 0.489304
vt 0.221861 0.490478
vt 0.222503 0.487469
vt 0.25026625 0.45948094
vt 0.26515943 0.46800137
vt 0.24226193 0.4798388
vt 0.22848281 0.4895996
vt 0.22630958 0.47852892
vt 0.36532477 0.71689904
vt 0.26823056 0.45156676
vt 0.2774759 0.46124613
vt 0.2860255 0.44562495
vt 0.3967848 0.70945156
vt 0.398123 0.702018
vt 0.405472 0.703432
vt 0.2659694 0.47943968
vt 0.29701972 0.45198473
vt 0.33623883 0.72052383
vt 0.41737288 0.7138076
vt 0.41902226 0.7030455
vt 0.4283319 0.70695585
vt 0.2801026 0.4727798
vt 0.41247025 0.7031259
vt 0.38635334 0.723233
vt 0.28933775 0.46577975
vt 0.44658524 0.71250224
vt 0.44376624 0.7236136
vt 0.40277058 0.72920984
vt 0.464742 0.7186018
vt 0.46908563 0.71313345
vt 0.477138 0.714577
vt 0.3280983 0.73247516
vt 0.347206 0.73524755
vt 0.43044698 0.73399055
vt 0.46059644 0.73804116
vt 0.47565433 0.7285382
vt 0.41717303 0.7449134
vt 0.36553377 0.73795724
vt 0.47414786 0.74254525
vt 0.44573838 0.7464852
vt 0.33502933 0.7476747
vt 0.38337773 0.74559873
vt 0.39955994 0.74978244
vt 0.35088965 0.7541702
vt 0.3677423 0.7514566
vt 0.43822545 0.75676906
vt 0.4592889 0.7560066
vt 0.32801133 0.75983495
vt 0.3836271 0.7619018
vt 0.48064184 0.7560738
vt 0.41326785 0.7704369
vt 0.42705756 0.76538396
vt 0.44395626 0.7685528
vt 0.47733825 0.7719474
vt 0.36948058 0.7680705
vt 0.39335322 0.7731868
vt 0.4557612 0.77521026
vt 0.34596217 0.77323186
vt 0.3586871 0.77654135
vt 0.32262775 0.7663339
vt 0.4046315 0.7833595
vt 0.43453532 0.7793206
vt 0.381662 0.7799884
vt 0.762797 0.543098
vt 0.77210104 0.5471082
vt 0.76050055 0.55938625
vt 0.47260737 0.7876235
vt 0.36905092 0.78534883
vt 0.41245574 0.79396504
vt 0.7831922 0.5338223
vt 0.7773876 0.53287077
vt 0.39275587 0.792289
vt 0.44830728 0.7922729
vt 0.4307491 0.7994917
vt 0.7833312 0.5439545
vt 0.3787523 0.7948208
vt 0.35588 0.781781
vt 0.74126697 0.6399854
vt 0.73781884 0.6328203
vt 0.748194 0.636883
vt 0.7806933 0.5605274
vt 0.45849147 0.80639184
vt 0.3698852 0.80240506
vt 0.44335824 0.8064655
vt 0.47321275 0.8096394
vt 0.3857668 0.80871475
vt 0.9671935 0.017353918
vt 0.9622036 0.006334289
vt 0.9751728 0.004969703
vt 0.48859036 0.7906896
vt 0.72500706 0.6126055
vt 0.70947146 0.6039164
vt 0.7210858 0.59976447
vt 0.9550521 0.015076328
vt 0.7258983 0.6427075
vt 0.976347 0.013925
vt 0.7358607 0.6220813
vt 0.71911573 0.62720424
vt 0.42741877 0.8152852
vt 0.40017757 0.8106134
vt 0.9619916 0.0370344
vt 0.97630715 0.025063373
vt 0.9520043 0.02989811
vt 0.44782847 0.8219676
vt 0.70546985 0.62095463
vt 0.9761868 0.057377193
vt 0.9619297 0.056421038
vt 0.97554857 0.0381515
vt 0.5651916 0.9542043
vt 0.579012 0.951745
vt 0.57938 0.959281
vt 0.966804 0.07001381
vt 0.9729568 0.072061874
vt 0.37732714 0.8262168
vt 0.57825255 0.9493816
vt 0.5695909 0.9345645
vt 0.46989906 0.8286027
vt 0.396716 0.818424
vt 0.397984 0.81578
vt 0.70251703 0.64269
vt 0.3689106 0.815663
vt 0.71335936 0.651421
vt 0.5586332 0.91846824
vt 0.57663083 0.923158
vt 0.433692 0.83172625
vt 0.42459247 0.8236701
vt 0.6881425 0.6010319
vt 0.3909561 0.82313347
vt 0.57567644 0.9797586
vt 0.5797483 0.9683734
vt 0.5532807 0.9423114
vt 0.5529966 0.9288807
vt 0.80645716 0.31832567
vt 0.7933887 0.30606136
vt 0.7971213 0.3010219
vt 0.6886507 0.62459517
vt 0.8079488 0.28928974
vt 0.79896003 0.2859953
vt 0.44999415 0.83797354
vt 0.39174575 0.8397702
vt 0.804931 0.275023
vt 0.8080714 0.27685082
vt 0.46338695 0.8463854
vt 0.56066 0.9667305
vt 0.9224671 0.050510183
vt 0.92631763 0.070075676
vt 0.9127098 0.068196386
vt 0.4308359 0.83961135
vt 0.69331473 0.65394104
vt 0.36644667 0.83995175
vt 0.368143 0.825951
vt 0.91337216 0.08751117
vt 0.54222304 0.92528987
vt 0.925266 0.0862028
vt 0.546448 0.9356134
vt 0.9398616 0.047602125
vt 0.94136447 0.057336815
vt 0.68481755 0.64202756
vt 0.37813914 0.84821856
vt 0.9103 0.017882
vt 0.9226222 0.016373876
vt 0.9139186 0.030210879
vt 0.48169923 0.8404995
vt 0.9364143 0.034544468
vt 0.67352045 0.6326309
vt 0.9399375 0.019660156
vt 0.945112 0.025074124
vt 0.4506462 0.85609126
vt 0.6780015 0.6139127
vt 0.677504 0.6513655
vt 0.4779395 0.8569485
vt 0.91021204 0.013625766
vt 0.91399074 0.002748625
vt 0.676982 0.643507
vt 0.678616 0.64085
vt 0.36654705 0.8608203
vt 0.36459 0.844539
vt 0.4146403 0.8585864
vt 0.39743948 0.85962737
vt 0.675016 0.65887
vt 0.4535651 0.8727173
vt 0.33643454 0.84575903
vt 0.322813 0.845537
vt 0.327041 0.84323
vt 0.3878557 0.8694966
vt 0.43226874 0.85494626
vt 0.43504947 0.8648653
vt 0.32551384 0.8609702
vt 0.31782997 0.8492614
vt 0.34779936 0.8531314
vt 0.40776533 0.8747536
vt 0.30508476 0.85438204
vt 0.34809488 0.86885047
vt 0.3375891 0.8760177
vt 0.47532967 0.86965656
vt 0.4228324 0.87724733
vt 0.43763056 0.87808335
vt 0.38037747 0.8798319
vt 0.36037564 0.8865115
vt 0.40111658 0.8869256
vt 0.323053 0.8834783
vt 0.4389276 0.8906106
vt 0.46316522 0.8837041
vt 0.4802299 0.8776172
vt 0.42009342 0.89252627
vt 0.38861692 0.89270866
vt 0.361045 0.12869
vt 0.359159 0.125809
vt 0.36750287 0.12711251
vt 0.3747688 0.8938201
vt 0.34444064 0.89630544
vt 0.4527725 0.8907685
vt 0.40987703 0.8992691
vt 0.3635657 0.14231452
vt 0.359483 0.134744
vt 0.35935757 0.91107583
vt 0.38016188 0.13706937
vt 0.38313478 0.11821431
vt 0.39025542 0.9019897
vt 0.36677045 0.16607146
vt 0.3585393 0.17015113
vt 0.357642 0.159961
vt 0.36147496 0.18606403
vt 0.359618 0.175612
vt 0.35897145 0.15303364
vt 0.37925315 0.90885526
vt 0.37042215 0.18353523
vt 0.3672107 0.20347711
vt 0.362516 0.189982
vt 0.39389268 0.1303511
vt 0.33979225 0.9166522
vt 0.3796133 0.15548362
vt 0.3777382 0.16921675
vt 0.3821863 0.19885607
vt 0.39276975 0.14658973
vt 0.36639082 0.92273396
vt 0.37549764 0.21321274
vt 0.38516808 0.18193412
vt 0.4040599 0.116167024
vt 0.40648204 0.12980147
vt 0.39426246 0.17102733
vt 0.3783995 0.91832274
vt 0.348906 0.9242714
vt 0.38261372 0.2197677
vt 0.39918768 0.15712738
vt 0.310052 0.920608
vt 0.30783576 0.91706026
vt 0.3992703 0.19201906
vt 0.399981 0.2103596
vt 0.4114833 0.14708304
vt 0.4244205 0.1313984
vt 0.3326895 0.9266036
vt 0.38348883 0.24716958
vt 0.370662 0.244698
vt 0.371482 0.239279
vt 0.41439492 0.16295852
vt 0.372088 0.256842
vt 0.3811287 0.26919216
vt 0.371307 0.260316
vt 0.39110637 0.22826204
vt 0.38792092 0.2848075
vt 0.37776613 0.27621984
vt 0.37390316 0.2341144
vt 0.40992954 0.18052994
vt 0.37210232 0.25114655
vt 0.4177187 0.19680059
vt 0.40710208 0.22498663
vt 0.39840072 0.2708398
vt 0.39631444 0.2910542
vt 0.39973313 0.2553703
vt 0.4021054 0.2403031
vt 0.30986643 0.43504134
vt 0.30768436 0.44903618
vt 0.3193285 0.43558973
vt 0.48326996 0.7165798
vt 0.32383427 0.4251073
vt 0.49666575 0.7286515
vt 0.51471925 0.7208762
vt 0.5158937 0.73522264
vt 0.50612295 0.72037554
vt 0.48677793 0.74211985
vt 0.50082946 0.74584883
vt 0.57070273 0.8795543
vt 0.564687 0.874279
vt 0.55973333 0.85854626
vt 0.5136402 0.7589526
vt 0.5002334 0.7599829
vt 0.5791242 0.87257695
vt 0.5253892 0.7444325
vt 0.5310718 0.7627564
vt 0.578511 0.883805
vt 0.49440786 0.76956135
vt 0.5153166 0.77422714
vt 0.58744687 0.857554
vt 0.59791243 0.88496685
vt 0.58238816 0.8851012
vt 0.60323906 0.86834157
vt 0.52971923 0.7824124
vt 0.5323137 0.77000475
vt 0.50448155 0.7874141
vt 0.520178 0.79169047
vt 0.61266017 0.8834325
vt 0.6211596 0.86774135
vt 0.6131536 0.8991395
vt 0.6084581 0.85680974
vt 0.49386597 0.80491257
vt 0.62524223 0.9021157
vt 0.5082099 0.8047086
vt 0.53035796 0.80022985
vt 0.6281493 0.8852587
vt 0.4899237 0.8235532
vt 0.5217833 0.811923
vt 0.63792855 0.8977908
vt 0.509978 0.8254969
vt 0.63933504 0.87180436
vt 0.63987386 0.90865684
vt 0.6495039 0.8875183
vt 0.5228298 0.8237765
vt 0.65180814 0.90148085
vt 0.65256035 0.9098766
vt 0.6545844 0.86707133
vt 0.49421555 0.8415738
vt 0.5216795 0.82875633
vt 0.50907826 0.8402134
vt 0.6662601 0.89235413
vt 0.6670114 0.9030245
vt 0.66653657 0.8783407
vt 0.674283 0.86576104
vt 0.522411 0.839361
vt 0.52121234 0.84374607
vt 0.49568674 0.85806835
vt 0.5092201 0.8573614
vt 0.6772864 0.8985246
vt 0.5211185 0.84783554
vt 0.68174756 0.88120824
vt 0.69196254 0.86386836
vt 0.684103 0.9061016
vt 0.6923085 0.8978042
vt 0.49846768 0.87157655
vt 0.50811 0.866633
vt 0.7054322 0.8713302
vt 0.380552 0.089355
vt 0.39164603 0.08629735
vt 0.37873024 0.0932945
vt 0.7000795 0.8902225
vt 0.48811048 0.879815
vt 0.3862064 0.0989224
vt 0.37531507 0.107565105
vt 0.37564003 0.09765181
vt 0.36510074 0.1188733
vt 0.393793 0.10750544
vt 0.40011325 0.09504087
vt 0.41220635 0.076148756
vt 0.41126096 0.097842984
vt 0.4252676 0.07984528
vt 0.4238392 0.113075495
vt 0.105641045 0.4435823
vt 0.12483856 0.45503047
vt 0.11252356 0.46382564
vt 0.129099 0.47110003
vt 0.11268738 0.42491975
vt 0.09556979 0.42020297
vt 0.10541023 0.4091397
vt 0.10318048 0.46242347
vt 0.08968231 0.4277464
vt 0.11621373 0.48071992
vt 0.12905878 0.48830676
vt 0.991495 0.7270382
vt 0.9861037 0.70522976
vt 0.9960554 0.70506096
vt 0.9872734 0.6911359
vt 0.085935 0.414636
vt 0.997316 0.7476746
vt 0.998315 0.757805
vt 0.9910407 0.7650949
vt 0.085901 0.41145
vt 0.08931546 0.39990646
vt 0.13880153 0.500129
vt 0.122207314 0.49400818
vt 0.9812856 0.7453314
vt 0.128368 0.50289
vt 0.14666143 0.512138
vt 0.13149357 0.50685066
vt 0.137088 0.512069
vt 0.9617274 0.66738385
vt 0.9834364 0.6675035
vt 0.9764811 0.6814344
vt 0.9719761 0.7334939
vt 0.9687818 0.7159505
vt 0.97120595 0.6991492
vt 0.886187 0.215616
vt 0.884836 0.214625
vt 0.88715 0.214319
vt 0.96958673 0.7658733
vt 0.96014327 0.68036884
vt 0.2981056 0.6845471
vt 0.9844353 0.7805456
vt 0.9685489 0.75140965
vt 0.87919664 0.21328992
vt 0.8819495 0.2263325
vt 0.8651632 0.22972342
vt 0.86345446 0.21053928
vt 0.9546627 0.695654
vt 0.9498013 0.7169292
vt 0.86851346 0.24354385
vt 0.95451176 0.7387669
vt 0.879098 0.237396
vt 0.9550167 0.78791744
vt 0.97929895 0.79411244
vt 0.9536483 0.75361
vt 0.94023395 0.692086
vt 0.876911 0.245347
vt 0.86814386 0.2578782
vt 0.9442264 0.76927286
vt 0.9359087 0.7413376
vt 0.93411124 0.7279809
vt 0.8515328 0.25264037
vt 0.84514534 0.23215815
vt 0.9362756 0.75482965
vt 0.9255225 0.71349204
vt 0.94070303 0.78320026
vt 0.9299731 0.7997211
vt 0.85220444 0.26696223
vt 0.8603264 0.27301198
vt 0.926556 0.76988596
vt 0.919317 0.75725186
vt 0.91591895 0.7426006
vt 0.9161823 0.7918999
vt 0.8381796 0.27651042
vt 0.8497959 0.28894776
vt 0.90096426 0.7458635
vt 0.9057915 0.73179805
vt 0.8969048 0.77305996
vt 0.77442837 0.64148664
vt 0.770022 0.651213
vt 0.765659 0.648359
vt 0.90439725 0.8053091
vt 0.89795536 0.7545104
vt 0.75949395 0.6359465
vt 0.76247 0.6451509
vt 0.77838296 0.63014746
vt 0.75538063 0.57548726
vt 0.75111 0.56234926
vt 0.7611109 0.62385595
vt 0.75726914 0.60682887
vt 0.77403605 0.6180458
vt 0.7715075 0.57869834
vt 0.2618093 0.6646891
vt 0.24450617 0.6783478
vt 0.23530304 0.6520103
vt 0.24305446 0.63379097
vt 0.23351559 0.6265571
vt 0.25337636 0.61796457
vt 0.24498405 0.6065253
vt 0.23205827 0.6037606
vt 0.25199395 0.9127325
vt 0.26473993 0.9026402
vt 0.26050907 0.92682207
vt 0.25202435 0.94867957
vt 0.24585642 0.9403076
vt 0.26569247 0.8806429
vt 0.24878529 0.8952675
vt 0.2435177 0.92431015
vt 0.23672135 0.58889616
vt 0.24637587 0.9541895
vt 0.26034856 0.86680436
vt 0.25249985 0.8777754
vt 0.24088967 0.571564
vt 0.25254905 0.58940566
vt 0.23024236 0.575764
vt 0.23934743 0.86539906
vt 0.24514535 0.85117275
vt 0.22848439 0.9089411
vt 0.23142578 0.884701
vt 0.22530663 0.92537856
vt 0.2305755 0.555895
vt 0.25081027 0.5555693
vt 0.22015873 0.8512112
vt 0.2118953 0.91157776
vt 0.23954412 0.5470437
vt 0.21257982 0.89521456
vt 0.21687798 0.87104434
vt 0.2165301 0.8300886
vt 0.239851 0.8335757
vt 0.230311 0.547121
vt 0.25238442 0.5366094
vt 0.23345067 0.54004323
vt 0.19250087 0.9193248
vt 0.22660491 0.81239367
vt 0.20364857 0.8851744
vt 0.343218 0.983481
vt 0.345047 0.983588
vt 0.343276 0.986596
vt 0.19822614 0.86992913
vt 0.205673 0.857273
vt 0.19218299 0.90015
vt 0.2049728 0.84181726
vt 0.20701824 0.8099281
vt 0.21889085 0.8000089
vt 0.18508974 0.87739503
vt 0.19035433 0.854915
vt 0.17462131 0.92010474
vt 0.19341107 0.82947195
vt 0.20350197 0.79325175
vt 0.17391334 0.9002033
vt 0.17119972 0.882864
vt 0.4116522 0.30355525
vt 0.400731 0.300085
vt 0.41156828 0.28291976
vt 0.19231886 0.8021352
vt 0.18702243 0.8170848
vt 0.17402908 0.85418415
vt 0.423869 0.29607552
vt 0.42849958 0.30735165
vt 0.17673677 0.8328283
vt 0.31961575 0.9902955
vt 0.310575 0.995183
vt 0.30425647 0.9823664
vt 0.44920135 0.31155914
vt 0.44389436 0.29386237
vt 0.4608475 0.3054355
vt 0.48052472 0.31559268
vt 0.51515883 0.30175564
vt 0.52875334 0.31218195
vt 0.5118578 0.31648672
vt 0.5408559 0.29705787
vt 0.49647033 0.31378025
vt 0.46230528 0.2918123
vt 0.48340884 0.29627293
vt 0.1257105 0.41695625
vt 0.1209883 0.43772256
vt 0.13701183 0.43787152
vt 0.14340974 0.42225346
vt 0.16356188 0.42100722
vt 0.14870265 0.40435752
vt 0.15556043 0.45590994
vt 0.15661575 0.43725908
vt 0.12411995 0.39880323
vt 0.13939138 0.457869
vt 0.1422988 0.47452238
vt 0.10765053 0.3953975
vt 0.15987344 0.4757985
vt 0.14259624 0.39116862
vt 0.1710254 0.43284768
vt 0.1751642 0.46141177
vt 0.15098831 0.49069428
vt 0.11584048 0.37982795
vt 0.17712969 0.4466391
vt 0.16397527 0.4961763
vt 0.17402133 0.48031557
vt 0.102146044 0.3843045
vt 0.18934107 0.47689977
vt 0.7084352 0.31691718
vt 0.70388275 0.33134323
vt 0.69847137 0.3187647
vt 0.18149936 0.42502898
vt 0.1842789 0.49400067
vt 0.1352422 0.37533334
vt 0.19210587 0.4580388
vt 0.19418246 0.43254852
vt 0.13018556 0.3714734
vt 0.6959849 0.3000792
vt 0.17154774 0.41784438
vt 0.17681573 0.4106191
vt 0.20581281 0.46833518
vt 0.20172721 0.36223632
vt 0.20158839 0.3867359
vt 0.1875769 0.37065423
vt 0.22104111 0.36175475
vt 0.208491 0.3448325
vt 0.19100848 0.3421573
vt 0.70790553 0.30247492
vt 0.20416653 0.4473941
vt 0.18069004 0.38952142
vt 0.17828609 0.3531958
vt 0.21898697 0.40636843
vt 0.21601894 0.3845635
vt 0.23439768 0.38323614
vt 0.2110555 0.33013216
vt 0.17944542 0.32427543
vt 0.23349634 0.3421207
vt 0.22111493 0.3195975
vt 0.23418452 0.32634988
vt 0.16248426 0.39896476
vt 0.17075525 0.41317537
vt 0.19148962 0.40839422
vt 0.20676687 0.41287386
vt 0.21641375 0.42485994
vt 0.23551953 0.40434453
vt 0.19451869 0.31295204
vt 0.23649228 0.36815137
vt 0.22110291 0.30009043
vt 0.7088159 0.2842443
vt 0.6964184 0.2834205
vt 0.16868515 0.37727863
vt 0.16369823 0.35730502
vt 0.17078136 0.34201673
vt 0.23028624 0.42215726
vt 0.2522577 0.38027334
vt 0.25192112 0.36088228
vt 0.23613168 0.30457437
vt 0.87116385 0.19732304
vt 0.8831513 0.20398104
vt 0.2386915 0.43770808
vt 0.2462543 0.42298922
vt 0.25689572 0.40588123
vt 0.25677028 0.34426057
vt 0.85742706 0.18831286
vt 0.21872321 0.4474321
vt 0.16083837 0.3294997
vt 0.23338762 0.45160383
vt 0.2670768 0.37029555
vt 0.84806633 0.2079077
vt 0.8445546 0.18744233
vt 0.15597412 0.39031738
vt 0.22032627 0.46521696
vt 0.14607269 0.37288105
vt 0.26193464 0.42795974
vt 0.26878828 0.3907481
vt 0.2556404 0.4437375
vt 0.1511326 0.34074977
vt 0.702454 0.273941
vt 0.14505088 0.35478383
vt 0.2356995 0.46603778
vt 0.27580556 0.42019925
vt 0.27849188 0.4055302
vt 0.27137673 0.4368239
vt 0.2958666 0.41098946
vt 0.28388056 0.42917913
vt 0.8310595 0.19288352
vt 0.83492213 0.20309077
vt 0.13829729 0.33895424
vt 0.13047871 0.35361385
vt 0.1289967 0.3660803
vt 0.887535 0.639495
vt 0.887535 0.634102
vt 0.889591 0.636353
vt 0.8321309 0.21870965
vt 0.8346408 0.23071083
vt 0.8363397 0.24905896
vt 0.7213917 0.44505462
vt 0.7114894 0.4246003
vt 0.734569 0.43065608
vt 0.8328955 0.26341724
vt 0.71365273 0.4623115
vt 0.7268815 0.46187443
vt 0.71915483 0.47822782
vt 0.6961403 0.45053613
vt 0.6931085 0.4358821
vt 0.70711577 0.47577912
vt 0.71002203 0.4921843
vt 0.717896 0.491611
vt 0.7789985 0.6544453
vt 0.7859497 0.64600986
vt 0.78779 0.656137
vt 0.68541753 0.4614852
vt 0.69425637 0.47964105
vt 0.7866835 0.63991797
vt 0.70888984 0.50664943
vt 0.6974137 0.4984132
vt 0.6683371 0.43231267
vt 0.6609707 0.4464453
vt 0.78269607 0.6118296
vt 0.68870497 0.51757145
vt 0.6789307 0.48325083
vt 0.7070157 0.52466977
vt 0.77789456 0.5961555
vt 0.782787 0.5733936
vt 0.7841985 0.58870786
vt 0.6790033 0.50450456
vt 0.66619647 0.46698582
vt 0.70332384 0.55017895
vt 0.69344836 0.5406972
vt 0.70385087 0.5747694
vt 0.6941061 0.5608703
vt 0.71033335 0.58740675
vt 0.6802162 0.5449508
vt 0.6580296 0.47774678
vt 0.6965426 0.5914458
vt 0.67449844 0.5256999
vt 0.6621058 0.5004874
vt 0.68082345 0.58016634
vt 0.6454874 0.46511006
vt 0.6802695 0.5623758
vt 0.6550486 0.51325464
vt 0.63935405 0.49174413
vt 0.6336504 0.45401397
vt 0.6623148 0.5437809
vt 0.6482967 0.52796066
vt 0.6661551 0.566084
vt 0.63709456 0.50911844
vt 0.62094826 0.4650971
vt 0.62897533 0.4783527
vt 0.65221345 0.55479664
vt 0.66963935 0.596808
vt 0.6357639 0.54047614
vt 0.66184247 0.578406
vt 0.6231472 0.5236388
vt 0.6162528 0.4847751
vt 0.65588474 0.5669117
vt 0.2578222 0.63998413
vt 0.2632568 0.62185764
vt 0.26736397 0.681478
vt 0.25683528 0.6828661
vt 0.61732256 0.5066617
vt 0.259892 0.6027652
vt 0.60487115 0.46428692
vt 0.60003114 0.5019599
vt 0.25900626 0.58531326
vt 0.260136 0.591014
vt 0.59791005 0.48425922
vt 0.6021572 0.51827955
vt 0.2590922 0.5630779
vt 0.25909162 0.5793967
vt 0.5796408 0.49486887
vt 0.586433 0.5072663
vt 0.5742893 0.4774115
vt 0.262923 0.54927266
vt 0.56899345 0.498893
vt 0.57604325 0.5038349
vt 0.26318276 0.53872514
vt 0.5511464 0.493052
vt 0.24763475 0.52563226
vt 0.26557916 0.5324365
vt 0.34541437 0.9576142
vt 0.32686865 0.95192707
vt 0.3362225 0.939185
vt 0.33101523 0.9654624
vt 0.3335799 0.9884454
vt 0.567785 0.24033242
vt 0.557025 0.252271
vt 0.5537084 0.24462189
vt 0.31950316 0.9341854
vt 0.33158523 0.9368253
vt 0.31919205 0.9727744
vt 0.4262491 0.14658654
vt 0.44374233 0.13529629
vt 0.43798798 0.120929435
vt 0.5508272 0.23228166
vt 0.5343991 0.24207571
vt 0.3061601 0.9422202
vt 0.5673306 0.22076851
vt 0.429762 0.16507626
vt 0.44502002 0.16150305
vt 0.41783804 0.21479985
vt 0.43047532 0.18236037
vt 0.45433965 0.14628328
vt 0.4574123 0.122128785
vt 0.47533837 0.13304007
vt 0.723112 0.27422
vt 0.7185658 0.29138863
vt 0.718594 0.274017
vt 0.4313443 0.20457679
vt 0.30750245 0.95917046
vt 0.5387802 0.22720751
vt 0.48625627 0.1415078
vt 0.4943294 0.1289172
vt 0.4512751 0.18064538
vt 0.47310418 0.15081269
vt 0.52151465 0.22908965
vt 0.55021524 0.21002668
vt 0.43838024 0.21800102
vt 0.44631478 0.19566014
vt 0.5681775 0.20085788
vt 0.58941543 0.20983109
vt 0.46460533 0.16607447
vt 0.4996143 0.14482899
vt 0.7268661 0.27568662
vt 0.7318017 0.2877085
vt 0.5122489 0.23817043
vt 0.533725 0.21313304
vt 0.46149775 0.2091477
vt 0.5114732 0.12921685
vt 0.52221394 0.14550865
vt 0.4260109 0.23424539
vt 0.5033129 0.21941793
vt 0.45729905 0.22506525
vt 0.46259132 0.19317311
vt 0.49530512 0.16027382
vt 0.49165446 0.23318288
vt 0.4775228 0.21589687
vt 0.5183004 0.21224502
vt 0.47673875 0.19718179
vt 0.47149706 0.17908256
vt 0.4825214 0.16768834
vt 0.5133209 0.16197193
vt 0.297965 0.943014
vt 0.49147683 0.20187122
vt 0.49074167 0.18768784
vt 0.5019965 0.17429301
vt 0.5465742 0.15650564
vt 0.53809243 0.13829447
vt 0.58756363 0.16326378
vt 0.5685203 0.15529756
vt 0.5780009 0.1385763
vt 0.55700284 0.13624129
vt 0.4159988 0.26466823
vt 0.72095776 0.31580356
vt 0.5096823 0.19181255
vt 0.5337956 0.19630656
vt 0.5730419 0.1803787
vt 0.5348232 0.16791353
vt 0.41674206 0.24987352
vt 0.46428075 0.23617828
vt 0.5497886 0.18436803
vt 0.5287605 0.18053763
vt 0.5597054 0.166752
vt 0.30026612 0.95673686
vt 0.73166955 0.3029007
vt 0.4795703 0.23768488
vt 0.44134763 0.24055894
vt 0.43214726 0.27583143
vt 0.808778 0.659415
vt 0.808778 0.654399
vt 0.810261 0.656402
vt 0.4328399 0.25157338
vt 0.4558748 0.25191307
vt 0.44621798 0.26834038
vt 0.48871467 0.25184754
vt 0.7222065 0.33452052
vt 0.71441364 0.3322352
vt 0.47250107 0.24919681
vt 0.7320695 0.312387
vt 0.52745044 0.27745777
vt 0.5459253 0.27598166
vt 0.5402217 0.25956047
vt 0.7279786 0.32358217
vt 0.45936593 0.2733384
vt 0.47233188 0.2662795
vt 0.5160846 0.26336777
vt 0.5290487 0.2508255
vt 0.4750331 0.28187424
vt 0.5140799 0.2847314
vt 0.49404997 0.2775563
vt 0.49667183 0.29313457
vt 0.49769348 0.26424885
vt 0.50655156 0.25355524
vt 0.24463794 0.31564206
vt 0.25629526 0.3249338
vt 0.26949748 0.34839863
vt 0.2535751 0.29377946
vt 0.27826685 0.37674093
vt 0.28322142 0.3575436
vt 0.28345138 0.33871037
vt 0.28267092 0.3927194
vt 0.29145467 0.37618604
vt 0.27811262 0.31837636
vt 0.29602024 0.38857898
vt 0.2971638 0.36393335
vt 0.2966732 0.34763777
vt 0.27367866 0.29029185
vt 0.29826877 0.42708442
vt 0.29557145 0.3129547
vt 0.26478046 0.27415937
vt 0.29009837 0.3000503
vt 0.3097255 0.3986175
vt 0.30761874 0.38027245
vt 0.2981562 0.32614663
vt 0.31255132 0.4143573
vt 0.31096393 0.36548018
vt 0.30835485 0.34559417
vt 0.2815355 0.27859592
vt 0.2742415 0.26646614
vt 0.31215656 0.32676163
vt 0.2955845 0.28056148
vt 0.32304844 0.37246653
vt 0.32271132 0.35639402
vt 0.31997684 0.34220356
vt 0.30611917 0.30625004
vt 0.32682577 0.3879829
vt 0.32803643 0.41001362
vt 0.30299425 0.292373
vt 0.29069936 0.2670327
vt 0.3189733 0.32047027
vt 0.31048974 0.29788226
vt 0.33092976 0.35982352
vt 0.542095 0.796127
vt 0.54514843 0.8133342
vt 0.54224443 0.8060944
vt 0.542095 0.796127
vt 0.55356914 0.79542446
vt 0.546028 0.823224
vt 0.546839 0.830204
vt 0.544404 0.823768
vt 0.5419285 0.7886088
vt 0.54444563 0.7720696
vt 0.5586036 0.8404689
vt 0.5465941 0.83850783
vt 0.5416442 0.7189063
vt 0.5396991 0.70708203
vt 0.55387306 0.71855766
vt 0.54192305 0.7334776
vt 0.5456436 0.74945116
vt 0.5560452 0.74064606
vt 0.55141073 0.85583735
vt 0.548379 0.847993
vt 0.55851173 0.8236455
vt 0.5555587 0.8089298
vt 0.5551905 0.782426
vt 0.5403687 0.69220495
vt 0.55448 0.869987
vt 0.550466 0.866139
vt 0.56472534 0.76691747
vt 0.568007 0.83410186
vt 0.56864357 0.79763794
vt 0.5651091 0.6976678
vt 0.5541189 0.69357824
vt 0.5736613 0.85435015
vt 0.57285804 0.8219536
vt 0.57182556 0.77989626
vt 0.5697051 0.725133
vt 0.5673126 0.7111578
vt 0.57239866 0.74475265
vt 0.57957727 0.83860123
vt 0.58035195 0.7621753
vt 0.58785504 0.81642294
vt 0.5825964 0.73223007
vt 0.58011997 0.7012496
vt 0.58189934 0.71486115
vt 0.5867709 0.80249846
vt 0.5863159 0.78635985
vt 0.5895374 0.83035374
vt 0.5919149 0.771423
vt 0.5920697 0.75095385
vt 0.59693307 0.7292057
vt 0.59993136 0.843757
vt 0.59969795 0.7067486
vt 0.598025 0.7937893
vt 0.6046485 0.81261903
vt 0.6040611 0.7774384
vt 0.60976803 0.76011944
vt 0.6067651 0.832819
vt 0.6076896 0.7427288
vt 0.6155989 0.79519534
vt 0.6177348 0.7186677
vt 0.62179166 0.8429602
vt 0.62432784 0.81785494
vt 0.6194874 0.76965153
vt 0.6132975 0.6979579
vt 0.6316769 0.780722
vt 0.6309663 0.7604401
vt 0.63086694 0.7420143
vt 0.6328581 0.6990734
vt 0.6365955 0.852417
vt 0.6338071 0.8016204
vt 0.63412726 0.7213386
vt 0.64097595 0.8339886
vt 0.64410263 0.81535727
vt 0.65078837 0.8474846
vt 0.6478213 0.79188156
vt 0.6484398 0.7712573
vt 0.6455334 0.7523253
vt 0.6487741 0.73292255
vt 0.665089 0.8205901
vt 0.6541803 0.7147207
vt 0.65980184 0.808388
vt 0.66397375 0.8539939
vt 0.6674713 0.83662194
vt 0.6599333 0.76185954
vt 0.66431653 0.740124
vt 0.66836137 0.79682183
vt 0.6690577 0.7050759
vt 0.6554621 0.68784404
vt 0.67049474 0.7779062
vt 0.67286646 0.7603371
vt 0.6857165 0.84228605
vt 0.68566763 0.82927454
vt 0.6738597 0.7195218
vt 0.6824763 0.8550884
vt 0.6856575 0.73475707
vt 0.6847084 0.77030826
vt 0.6875808 0.7528217
vt 0.6860652 0.8080969
vt 0.68789375 0.7901451
vt 0.6918659 0.7193417
vt 0.68289685 0.69785625
vt 0.69843495 0.8499342
vt 0.70122206 0.7840247
vt 0.7027793 0.7661673
vt 0.69877493 0.7030765
vt 0.70047426 0.8186437
vt 0.7076084 0.83062774
vt 0.7056628 0.74780107
vt 0.70274353 0.80306387
vt 0.7133671 0.8397565
vt 0.7114715 0.85424614
vt 0.71272963 0.72202563
vt 0.71355367 0.7974646
vt 0.71390957 0.7821728
vt 0.7173914 0.8088774
vt 0.423991 0.069243
vt 0.418412 0.073351
vt 0.72044575 0.8212867
vt 0.7181618 0.7633426
vt 0.71605027 0.6984564
vt 0.7248768 0.78975374
vt 0.71983325 0.74506646
vt 0.7255316 0.7702187
vt 0.44394207 0.065073684
vt 0.4636404 0.061109096
vt 0.4439193 0.07568492
vt 0.4302786 0.068594515
vt 0.7256596 0.72752374
vt 0.46299934 0.07434698
vt 0.72572964 0.71211386
vt 0.4754275 0.061395813
vt 0.726832 0.69135845
vt 0.47817266 0.073709965
vt 0.4937676 0.0607035
vt 0.522342 0.058335
vt 0.53801155 0.06505333
vt 0.517173 0.060950704
vt 0.7279217 0.7421655
vt 0.533951 0.059227
vt 0.527519 0.057947
vt 0.4349529 0.092080675
vt 0.495285 0.07313992
vt 0.578402 0.067496
vt 0.5894567 0.073900074
vt 0.5794084 0.0802364
vt 0.45252037 0.08793749
vt 0.51528937 0.07526325
vt 0.57092077 0.066446885
vt 0.5597521 0.0826804
vt 0.55620444 0.06445063
vt 0.54601926 0.07392141
vt 0.47701436 0.08822806
vt 0.53627753 0.08375491
vt 0.44830644 0.10626571
vt 0.50088966 0.08804344
vt 0.46103963 0.09809322
vt 0.5679416 0.09284655
vt 0.48793235 0.09793482
vt 0.47017056 0.10830788
vt 0.51910293 0.091625944
vt 0.53583884 0.103185125
vt 0.5799849 0.0998276
vt 0.59355414 0.08974987
vt 0.5514093 0.103474006
vt 0.5073705 0.11085902
vt 0.48464113 0.11651331
vt 0.52106833 0.11275746
vt 0.5711132 0.11669011
vt 0.5924134 0.12129569
vt 0.5519601 0.12053251
vt 0.5307717 0.12214139
vt 0.051580638 0.3149261
vt 0.056759108 0.32508913
vt 0.03902193 0.31816143
vt 0.027714757 0.30231518
vt 0.013526144 0.2890603
vt 0.032633178 0.2758696
vt 0.030387 0.31912124
vt 0.016235767 0.27536893
vt 0.036496498 0.32647598
vt 0.909718 0.619965
vt 0.92706084 0.6204742
vt 0.909397 0.623311
vt 0.911279 0.626253
vt 0.909397 0.623311
vt 0.97757566 0.22888738
vt 0.97029823 0.23657264
vt 0.97223806 0.21045762
vt 0.0044313907 0.26998222
vt 0.9580997 0.245166
vt 0.9705537 0.2560365
vt 0.92499256 0.6026516
vt 0.90975523 0.6110653
vt 0.9498956 0.22042516
vt 0.022624925 0.25919104
vt 0.95724654 0.2591579
vt 0.9595284 0.2683943
vt 0.95066786 0.2065166
vt 0.958289 0.1944255
vt 0.22245476 0.783431
vt 0.21317133 0.7800604
vt 0.22343 0.778497
vt 0.93998635 0.6123316
vt 0.94490767 0.62486434
vt 0.93740106 0.25427347
vt 0.94399816 0.2708351
vt 0.9405619 0.23243913
vt 0.21339515 0.7586547
vt 0.22392452 0.7657203
vt 0.9365063 0.18558091
vt 0.9492385 0.18464944
vt 0.9292424 0.2166332
vt 0.95282 0.6065581
vt 0.1964883 0.7699796
vt 0.20194428 0.7873955
vt 0.9268286 0.20253906
vt 0.92361593 0.23986721
vt 0.92716074 0.27137357
vt 0.9655777 0.61612856
vt 0.96221364 0.6274376
vt 0.18720081 0.7837943
vt 0.9195772 0.18050618
vt 0.9103873 0.2585355
vt 0.9111165 0.22658226
vt 0.97718775 0.6217458
vt 0.96633 0.626924
vt 0.909891 0.2088185
vt 0.9117423 0.19467916
vt 0.17534867 0.7735571
vt 0.91052735 0.24432926
vt 0.911696 0.2704255
vt 0.9776461 0.60358083
vt 0.89679164 0.2479819
vt 0.9072369 0.18412215
vt 0.89783806 0.19764543
vt 0.8993458 0.2633687
vt 0.8952435 0.22246729
vt 0.98540145 0.62014365
vt 0.16099155 0.772032
vt 0.16390404 0.7832464
vt 0.9802276 0.10259564
vt 0.9710948 0.110127136
vt 0.9706064 0.09836153
vt 0.96762455 0.15331545
vt 0.9580289 0.17089564
vt 0.94068193 0.16669598
vt 0.9566116 0.1480814
vt 0.95241 0.10769015
vt 0.96709484 0.1386026
vt 0.9732255 0.13696301
vt 0.9756595 0.12416808
vt 0.95567393 0.12023942
vt 0.948791 0.13333063
vt 0.780447 0.95557797
vt 0.7666277 0.9796381
vt 0.76450884 0.95736384
vt 0.78875405 0.97398174
vt 0.7522229 0.97497445
vt 0.777244 0.9811585
vt 0.80417114 0.95543915
vt 0.74780315 0.96042824
vt 0.7513573 0.9856905
vt 0.8058475 0.9723686
vt 0.7363366 0.98702466
vt 0.96295047 0.8948108
vt 0.9745116 0.8780093
vt 0.982797 0.88833773
vt 0.8826957 0.9830904
vt 0.86624193 0.9828723
vt 0.8739352 0.9729807
vt 0.97538495 0.9128438
vt 0.73340535 0.96754277
vt 0.9833069 0.8670485
vt 0.9603893 0.86848295
vt 0.97373366 0.8527269
vt 0.9605725 0.9157503
vt 0.8873675 0.9740845
vt 0.9570577 0.85338765
vt 0.9641845 0.8393488
vt 0.8831804 0.95483357
vt 0.8575013 0.96320355
vt 0.88751775 0.96532214
vt 0.06559423 0.7575896
vt 0.06648891 0.7787188
vt 0.052935533 0.77990717
vt 0.9400207 0.9008131
vt 0.9462726 0.87529856
vt 0.9387245 0.8499975
vt 0.9479328 0.92089283
vt 0.9497316 0.8319161
vt 0.8770898 0.94305646
vt 0.88824165 0.93520844
vt 0.9289852 0.83626807
vt 0.04446297 0.7670634
vt 0.9250855 0.9209945
vt 0.9328126 0.8827165
vt 0.9289516 0.86426735
vt 0.034595396 0.778403
vt 0.025243947 0.7600341
vt 0.047739677 0.746868
vt 0.8616403 0.94182336
vt 0.8742408 0.9188002
vt 0.91673887 0.8562381
vt 0.9118832 0.8909622
vt 0.9197465 0.87436795
vt 0.9111476 0.84571767
vt 0.9106529 0.9160372
vt 0.8855202 0.9161471
vt 0.90543103 0.8791292
vt 0.008757558 0.76570606
vt 0.9005817 0.9002719
vt 0.90076065 0.86275196
vt 0.895126 0.88167834
vt 0.618688 0.311159
vt 0.604158 0.316339
vt 0.605227 0.314464
vt 0.63221765 0.32966924
vt 0.61053014 0.3239383
vt 0.64817816 0.33143216
vt 0.6587758 0.31853142
vt 0.666183 0.3335482
vt 0.67135763 0.3060422
vt 0.64208364 0.3098169
vt 0.1748747 0.29174858
vt 0.15408501 0.29125565
vt 0.15751967 0.27675265
vt 0.18270122 0.2767687
vt 0.1915634 0.2968372
vt 0.20798331 0.2938655
vt 0.14366445 0.26924074
vt 0.16888765 0.30734777
vt 0.15265512 0.30391955
vt 0.16763695 0.26110122
vt 0.20274594 0.27444482
vt 0.13798487 0.30242538
vt 0.12153888 0.30589604
vt 0.1300459 0.29009843
vt 0.121457845 0.27671945
vt 0.18835957 0.2635024
vt 0.057023328 0.30262262
vt 0.06883861 0.31732607
vt 0.1048138 0.30421957
vt 0.10471848 0.29033032
vt 0.047937013 0.28421342
vt 0.068712205 0.29547918
vt 0.09093891 0.31291226
vt 0.08705713 0.3000015
vt 0.086986765 0.2860285
vt 0.13883415 0.31326252
vt 0.07316685 0.28278524
vt 0.09131828 0.27302372
vt 0.15265661 0.31548193
vt 0.19879055 0.24519448
vt 0.16332477 0.24598038
vt 0.21344103 0.25480694
vt 0.08340875 0.3183285
vt 0.14944443 0.24480313
vt 0.1778316 0.24408254
vt 0.04672814 0.26480502
vt 0.9123913 0.5970744
vt 0.904761 0.590201
vt 0.91110694 0.58204556
vt 0.06380175 0.2705769
vt 0.07240069 0.25989485
vt 0.9133742 0.5658146
vt 0.9056524 0.5695703
vt 0.904127 0.558469
vt 0.106217496 0.26163113
vt 0.14607158 0.32822397
vt 0.118279934 0.25309256
vt 0.90576 0.60125
vt 0.090113685 0.25965172
vt 0.90611124 0.5319352
vt 0.91893166 0.5418744
vt 0.90632445 0.5488787
vt 0.13234344 0.24256295
vt 0.09784669 0.2485675
vt 0.16167225 0.23284197
vt 0.13051982 0.32470778
vt 0.18799609 0.23349634
vt 0.13819554 0.2303307
vt 0.11159159 0.24217737
vt 0.17425074 0.22313696
vt 0.9449223 0.368271
vt 0.9582046 0.36157125
vt 0.957697 0.37660906
vt 0.081258 0.2460128
vt 0.16036263 0.21975975
vt 0.18403955 0.21691078
vt 0.92797995 0.5797544
vt 0.062084205 0.24748273
vt 0.117638126 0.22989966
vt 0.9311112 0.5571031
vt 0.14135548 0.2141375
vt 0.9445095 0.38715193
vt 0.10094334 0.2300967
vt 0.16084003 0.20558456
vt 0.1283055 0.33207327
vt 0.93963265 0.35404456
vt 0.04161075 0.25318787
vt 0.128183 0.343482
vt 0.740895 0.398414
vt 0.72692 0.410558
vt 0.739265 0.397555
vt 0.1697115 0.2014105
vt 0.941151 0.5885037
vt 0.16571018 0.19107267
vt 0.08424575 0.23640251
vt 0.12063691 0.21844381
vt 0.077624 0.238594
vt 0.22024885 0.74651957
vt 0.20810743 0.73520905
vt 0.22036694 0.72331125
vt 0.9437795 0.5681201
vt 0.74360204 0.4247505
vt 0.19788466 0.7477251
vt 0.14503112 0.19228984
vt 0.21104012 0.71435416
vt 0.21148768 0.6992217
vt 0.12580113 0.21009263
vt 0.9459405 0.5595553
vt 0.944223 0.560032
vt 0.20393912 0.66485626
vt 0.21482481 0.6649878
vt 0.21511969 0.6797345
vt 0.15553874 0.17135024
vt 0.20924425 0.64673346
vt 0.19377261 0.72533005
vt 0.20329009 0.680951
vt 0.212995 0.641024
vt 0.21202 0.636013
vt 0.16672698 0.1742367
vt 0.1944876 0.710815
vt 0.96636045 0.5843551
vt 0.9565983 0.57093567
vt 0.9519025 0.56409824
vt 0.71121603 0.40555203
vt 0.207233 0.618587
vt 0.20109144 0.6208151
vt 0.207592 0.614699
vt 0.1939848 0.6927838
vt 0.19510013 0.6357467
vt 0.20937595 0.62260133
vt 0.9647598 0.5983
vt 0.18268979 0.7548649
vt 0.19046643 0.6656984
vt 0.201906 0.611771
vt 0.19030266 0.6209904
vt 0.182925 0.6789124
vt 0.18440695 0.64581674
vt 0.69529283 0.41257805
vt 0.702876 0.403067
vt 0.17715856 0.74268126
vt 0.1813716 0.7011607
vt 0.15456119 0.15462738
vt 0.14473522 0.16825187
vt 0.97159505 0.5741707
vt 0.9787583 0.5784645
vt 0.17981294 0.65929383
vt 0.17118537 0.72969854
vt 0.17557006 0.71389455
vt 0.14428249 0.14628801
vt 0.9863161 0.5857768
vt 0.17085144 0.68738705
vt 0.17323954 0.63379073
vt 0.16495207 0.75438344
vt 0.16650766 0.67068726
vt 0.13202778 0.14356872
vt 0.16428512 0.70047355
vt 0.9856273 0.6034904
vt 0.1622097 0.7147536
vt 0.13012773 0.16868678
vt 0.13428 0.15939772
vt 0.67560446 0.41955826
vt 0.6778861 0.40181255
vt 0.1636675 0.6496345
vt 0.15983933 0.7421568
vt 0.15093012 0.6872049
vt 0.120960176 0.16100231
vt 0.14920317 0.66671336
vt 0.928274 0.096813
vt 0.933208 0.098323
vt 0.9281088 0.10713235
vt 0.157226 0.724273
vt 0.960095 0.09863156
vt 0.94041634 0.09957365
vt 0.66363305 0.41184586
vt 0.92972636 0.164422
vt 0.9333414 0.14701858
vt 0.15620649 0.723159
vt 0.14915289 0.7084223
vt 0.11228447 0.14182428
vt 0.9287671 0.12745345
vt 0.66565764 0.39556897
vt 0.9145223 0.1106018
vt 0.91297793 0.09881219
vt 0.91602266 0.15100363
vt 0.91531247 0.12804821
vt 0.6480533 0.39122897
vt 0.13729516 0.69199044
vt 0.141814 0.711649
vt 0.14087038 0.7090276
vt 0.64806235 0.42019105
vt 0.1394633 0.65771747
vt 0.27777916 0.93488735
vt 0.28058726 0.95295346
vt 0.2750626 0.94829667
vt 0.13836932 0.68026197
vt 0.288059 0.945669
vt 0.649599 0.4325802
vt 0.6418611 0.40880397
vt 0.630746 0.38139346
vt 0.6409238 0.36971062
vt 0.13710839 0.70413476
vt 0.14216626 0.651305
vt 0.74275064 0.27680725
vt 0.75144243 0.28580734
vt 0.7386691 0.27639914
vt 0.6307068 0.35555166
vt 0.63665676 0.35302067
vt 0.13152528 0.6714542
vt 0.6151766 0.35564664
vt 0.623899 0.346783
vt 0.628318 0.347958
vt 0.63093805 0.39955226
vt 0.6110653 0.3694203
vt 0.62315 0.345544
vt 0.6098976 0.34536636
vt 0.76503813 0.29593784
vt 0.74426174 0.29907253
vt 0.62790126 0.41939756
vt 0.121288866 0.6866334
vt 0.6358901 0.43915084
vt 0.3522045 0.62591255
vt 0.354521 0.629783
vt 0.352142 0.634033
vt 0.120348446 0.6525994
vt 0.28589 0.927848
vt 0.27605784 0.9126882
vt 0.6174469 0.39578044
vt 0.61395645 0.38222033
vt 0.76761955 0.2771186
vt 0.10902896 0.67135644
vt 0.5957658 0.35935006
vt 0.597732 0.3508175
vt 0.61842763 0.44453442
vt 0.60631615 0.41136402
vt 0.105000526 0.6912563
vt 0.7774476 0.27699047
vt 0.772219 0.277656
vt 0.60077775 0.3921236
vt 0.78144956 0.28651214
vt 0.5986259 0.3793878
vt 0.60810673 0.42744318
vt 0.5929816 0.3662446
vt 0.100984275 0.6521355
vt 0.28427914 0.89348954
vt 0.28805232 0.906795
vt 0.888826 0.335909
vt 0.886398 0.337796
vt 0.8864005 0.33314252
vt 0.59384 0.371729
vt 0.09189689 0.68366146
vt 0.7804189 0.9365517
vt 0.778966 0.91984
vt 0.7935229 0.92521834
vt 0.75863755 0.9248429
vt 0.7446884 0.90875655
vt 0.75494885 0.9097841
vt 0.09731151 0.6347243
vt 0.105831504 0.64236045
vt 0.7737266 0.91912377
vt 0.5851379 0.44258508
vt 0.092611685 0.6970623
vt 0.7985544 0.9409803
vt 0.597005 0.407476
vt 0.5971 0.412807
vt 0.59541225 0.4179961
vt 0.08619576 0.66354924
vt 0.7508739 0.93955153
vt 0.8071152 0.9271023
vt 0.59504735 0.45579538
vt 0.73979795 0.92320955
vt 0.7330637 0.9102504
vt 0.736248 0.90357
vt 0.07346794 0.68842596
vt 0.0851595 0.69442654
vt 0.07643874 0.6740058
vt 0.0832876 0.64542764
vt 0.84363115 0.98170865
vt 0.856104 0.985151
vt 0.853504 0.985338
vt 0.7403573 0.9479909
vt 0.082850814 0.6281799
vt 0.37525392 0.55186343
vt 0.38921 0.5420425
vt 0.39050663 0.5526655
vt 0.7351846 0.93516546
vt 0.089719 0.621488
vt 0.08722438 0.61429924
vt 0.09318 0.620186
vt 0.731887 0.919996
vt 0.07503935 0.6109214
vt 0.064072534 0.6582786
vt 0.83653885 0.9624289
vt 0.07927175 0.69966054
vt 0.07145324 0.7093685
vt 0.07206266 0.73774976
vt 0.06115467 0.7333691
vt 0.07020041 0.72277665
vt 0.054291938 0.69875944
vt 0.06187181 0.6168653
vt 0.84653896 0.94803107
vt 0.056712873 0.7166873
vt 0.061799966 0.6408061
vt 0.5734067 0.46204817
vt 0.046996843 0.6870919
vt 0.051255625 0.66889805
vt 0.045754343 0.72608936
vt 0.5627439 0.45278263
vt 0.83421826 0.948998
vt 0.8325515 0.9348545
vt 0.049360093 0.6255232
vt 0.056583446 0.59513444
vt 0.040563747 0.63977087
vt 0.035837296 0.7102587
vt 0.044179086 0.6107322
vt 0.5577872 0.46814787
vt 0.846219 0.93191516
vt 0.043352958 0.59346974
vt 0.03179019 0.730584
vt 0.031105507 0.6562022
vt 0.03393344 0.74675673
vt 0.030122124 0.6770147
vt 0.83526814 0.9186059
vt 0.82098305 0.91249704
vt 0.826416 0.928177
vt 0.02740318 0.6295359
vt 0.03134939 0.599897
vt 0.020639 0.7431176
vt 0.85310304 0.91819286
vt 0.029818907 0.612176
vt 0.018542657 0.69502807
vt 0.019797312 0.6692126
vt 0.54675245 0.4645365
vt 0.014573032 0.7129489
vt 0.014284844 0.72787815
vt 0.025530562 0.60356975
vt 0.5394317 0.46850926
vt 0.01366275 0.6816278
vt 0.010475921 0.6568626
vt 0.010874406 0.6415533
vt 0.019735875 0.61838794
vt 0.020672 0.607427
vt 0.9429079 0.4502914
vt 0.94772506 0.43557245
vt 0.95924306 0.44589943
vt 0.008526547 0.7404673
vt 0.5426215 0.483861
vt 0.834746 0.9047622
vt 0.85489404 0.9064635
vt 0.5955771 0.24283862
vt 0.594108 0.253319
vt 0.5806502 0.24310073
vt 0.013128 0.631871
vt 0.0065145 0.7003176
vt 0.95720047 0.4638419
vt 0.0056671873 0.7157043
vt 0.81469953 0.90499854
vt 0.006026875 0.67670566
vt 0.66341704 0.15071975
vt 0.6818255 0.16021997
vt 0.6766719 0.17684472
vt 0.6093091 0.2502363
vt 0.598306 0.252509
vt 0.6709711 0.18927824
vt 0.6605845 0.17623161
vt 0.6075008 0.29489535
vt 0.60497 0.304392
vt 0.678556 0.300652
vt 0.676906 0.294595
vt 0.671754 0.256266
vt 0.6624655 0.25731337
vt 0.66415524 0.23678835
vt 0.6705462 0.21314603
vt 0.6590296 0.20461373
vt 0.669701 0.20444
vt 0.669701 0.20444
vt 0.680062 0.310315
vt 0.679448 0.303041
vt 0.674172 0.286302
vt 0.66464084 0.28788605
vt 0.673995 0.27772263
vt 0.58756435 0.22644301
vt 0.669137 0.220088
vt 0.66094804 0.22374594
vt 0.9414492 0.46664456
vt 0.9530717 0.48195648
vt 0.67575276 0.29007363
vt 0.61696625 0.27559993
vt 0.60581577 0.2700891
vt 0.6628971 0.27257687
vt 0.6712718 0.2633295
vt 0.64898884 0.16345762
vt 0.6803362 0.31402713
vt 0.60558915 0.22767848
vt 0.6587145 0.3015718
vt 0.6415777 0.18035778
vt 0.62797225 0.28823927
vt 0.6455432 0.289177
vt 0.65147895 0.26788145
vt 0.6481097 0.24704093
vt 0.6443778 0.22908106
vt 0.9367552 0.48151755
vt 0.62510276 0.25732082
vt 0.63990486 0.21523613
vt 0.6417115 0.19815472
vt 0.6352403 0.26934403
vt 0.6170863 0.21065122
vt 0.6356424 0.15374969
vt 0.63575935 0.24111256
vt 0.62119395 0.227952
vt 0.62113 0.16735724
vt 0.607386 0.19551972
vt 0.62245387 0.18555601
vt 0.6197388 0.15380055
vt 0.60106516 0.14924493
vt 0.62058055 0.13892998
vt 0.59222424 0.1915558
vt 0.60673714 0.16608313
vt 0.5950738 0.13675219
vt 0.59444875 0.17491287
vt 0.27648512 0.22613072
vt 0.27822447 0.20465887
vt 0.30001026 0.21241033
vt 0.2646162 0.22182854
vt 0.765801 0.865967
vt 0.7623193 0.85777724
vt 0.78575736 0.87301224
vt 0.800233 0.86888
vt 0.8069566 0.88009775
vt 0.8249701 0.87964404
vt 0.81926405 0.88686335
vt 0.32619554 0.1820065
vt 0.3310493 0.19365335
vt 0.32346958 0.19773859
vt 0.23532037 0.21773863
vt 0.24898876 0.22005549
vt 0.22109 0.22403477
vt 0.33970118 0.1795651
vt 0.8349867 0.8916729
vt 0.25417066 0.20137438
vt 0.29310408 0.19256672
vt 0.31116623 0.19901076
vt 0.31272367 0.18028452
vt 0.845112 0.89635
vt 0.84931207 0.8858556
vt 0.23562095 0.20343263
vt 0.8358983 0.87237275
vt 0.2177487 0.2097852
vt 0.7912344 0.85115457
vt 0.20686534 0.2194677
vt 0.8178066 0.86330795
vt 0.27361894 0.19208528
vt 0.32883742 0.16486481
vt 0.7518447 0.84671354
vt 0.74073 0.84386116
vt 0.74713695 0.8267617
vt 0.776568 0.8436456
vt 0.34427297 0.1666266
vt 0.19514237 0.214735
vt 0.19639534 0.19849658
vt 0.22377491 0.19789588
vt 0.2945056 0.17789511
vt 0.76456594 0.83711004
vt 0.73603076 0.83631647
vt 0.8665585 0.8815418
vt 0.85546976 0.8980025
vt 0.25853878 0.18041575
vt 0.18482515 0.20497712
vt 0.8693491 0.8945761
vt 0.2804461 0.17764531
vt 0.30579296 0.16778463
vt 0.8475015 0.86825204
vt 0.2390235 0.18723065
vt 0.8041463 0.8504293
vt 0.8790922 0.8865675
vt 0.21048093 0.19330025
vt 0.22385919 0.18405518
vt 0.31121117 0.15505831
vt 0.20788683 0.18030909
vt 0.2894597 0.16372013
vt 0.23453426 0.28699383
vt 0.22531182 0.27003363
vt 0.17641257 0.19397481
vt 0.83320415 0.8533411
vt 0.2409676 0.1717811
vt 0.81939507 0.6226622
vt 0.808264 0.621305
vt 0.81006473 0.60777026
vt 0.808264 0.621305
vt 0.804293 0.616424
vt 0.32650828 0.14795071
vt 0.9609761 0.3926628
vt 0.86350155 0.8630195
vt 0.81679475 0.8502202
vt 0.27190483 0.161424
vt 0.8195472 0.632253
vt 0.812199 0.625562
vt 0.95060444 0.40475357
vt 0.18464392 0.18009599
vt 0.21951197 0.16840218
vt 0.2964619 0.1490284
vt 0.24579537 0.26981515
vt 0.8757249 0.87298465
vt 0.84690356 0.85029453
vt 0.25838417 0.16024138
vt 0.80220425 0.610939
vt 0.79524297 0.5936826
vt 0.82908314 0.6403131
vt 0.16880965 0.18570921
vt 0.89120036 0.8810818
vt 0.23242372 0.15811889
vt 0.84208083 0.64610463
vt 0.83579886 0.6263332
vt 0.27981174 0.14505526
vt 0.31499803 0.13190833
vt 0.2252745 0.24070147
vt 0.24446806 0.25498348
vt 0.8033912 0.58930373
vt 0.204148 0.16269983
vt 0.26364738 0.14822412
vt 0.7918732 0.5724937
vt 0.33424157 0.13459978
vt 0.20616665 0.22783951
vt 0.18570259 0.1659818
vt 0.2160674 0.15464687
vt 0.24553937 0.1468752
vt 0.169773 0.179321
vt 0.8267411 0.6082172
vt 0.22980297 0.2268055
vt 0.8188936 0.59058446
vt 0.17281576 0.174496
vt 0.2607047 0.2563203
vt 0.83393425 0.83069897
vt 0.8204776 0.84248614
vt 0.23995687 0.24014696
vt 0.8514713 0.8438677
vt 0.30046117 0.13054103
vt 0.80214393 0.5678061
vt 0.25093085 0.23468594
vt 0.2012114 0.14746535
vt 0.21935284 0.13682972
vt 0.25682342 0.13076419
vt 0.26965037 0.12668546
vt 0.83477545 0.61359626
vt 0.28449112 0.12747464
vt 0.95156395 0.347558
vt 0.2926909 0.1035324
vt 0.3131007 0.11290996
vt 0.83209413 0.5984589
vt 0.26885504 0.24767989
vt 0.23203668 0.12559576
vt 0.82039666 0.82135856
vt 0.80921423 0.8322433
vt 0.8031495 0.82168615
vt 0.84686804 0.83619165
vt 0.24785462 0.12065993
vt 0.8162492 0.563764
vt 0.9396456 0.34498435
vt 0.3140124 0.101888135
vt 0.83637273 0.31319022
vt 0.84274507 0.3025375
vt 0.84683037 0.31381437
vt 0.19324397 0.13095987
vt 0.20985638 0.11449849
vt 0.23970196 0.10742958
vt 0.26051703 0.10498756
vt 0.27447814 0.11277202
vt 0.8288896 0.5839665
vt 0.84611034 0.33186388
vt 0.8322569 0.33096832
vt 0.22267881 0.10046834
vt 0.27001718 0.22575134
vt 0.8411739 0.8213568
vt 0.84647155 0.833305
vt 0.2814905 0.25144845
vt 0.28597 0.260633
vt 0.8077028 0.8083931
vt 0.7898884 0.81221384
vt 0.27804902 0.09389056
vt 0.17962907 0.14362596
vt 0.265055 0.235746
vt 0.27370107 0.23782541
vt 0.26456413 0.079191305
vt 0.8312266 0.5702362
vt 0.78555167 0.8077886
vt 0.789209 0.807677
vt 0.82121754 0.30298254
vt 0.8151118 0.30311692
vt 0.81592363 0.29073265
vt 0.8325171 0.55544895
vt 0.8351781 0.8092941
vt 0.82318604 0.8041994
vt 0.7979102 0.796109
vt 0.8203713 0.5385594
vt 0.88283986 0.517569
vt 0.8953433 0.51766837
vt 0.88452244 0.5256479
vt 0.881748 0.657295
vt 0.881748 0.659348
vt 0.880374 0.658243
vt 0.1714758 0.16303927
vt 0.16481337 0.15026289
vt 0.7908715 0.7950437
vt 0.793318 0.802844
vt 0.29351813 0.08676331
vt 0.54821956 0.67677927
vt 0.8105844 0.7905515
vt 0.7912091 0.7822676
vt 0.54905903 0.6674949
vt 0.553035 0.66522
vt 0.83408 0.7957567
vt 0.89904785 0.50750685
vt 0.563674 0.67964303
vt 0.79970735 0.7801429
vt 0.56051505 0.66865164
vt 0.8835222 0.5010954
vt 0.8619752 0.5162773
vt 0.83247775 0.52293766
vt 0.83198977 0.5050285
vt 0.8457242 0.5167439
vt 0.1587574 0.138758
vt 0.8682487 0.49702123
vt 0.85365415 0.5069307
vt 0.81754255 0.5167251
vt 0.79761493 0.5106745
vt 0.8112012 0.5030041
vt 0.57718813 0.67099845
vt 0.8324784 0.7766275
vt 0.80891025 0.76576763
vt 0.790823 0.771798
vt 0.790705 0.774904
vt 0.9060621 0.48359594
vt 0.019414127 0.9267359
vt 0.0138733275 0.9404707
vt 0.0040009376 0.93798137
vt 0.5805694 0.6843123
vt 0.8224139 0.7700158
vt 0.8868928 0.48475027
vt 0.8033895 0.7542236
vt 0.79243165 0.7648485
vt 0.5947099 0.67291474
vt 0.5966866 0.6859213
vt 0.8353151 0.75748163
vt 0.82432985 0.74752784
vt 0.90309674 0.4689583
vt 0.79407656 0.7462479
vt 0.7947341 0.7595165
vt 0.88585865 0.4681167
vt 0.81397474 0.73919785
vt 0.8030964 0.7343036
vt 0.89612824 0.44556683
vt 0.6131674 0.6752237
vt 0.83865285 0.7385339
vt 0.90569067 0.45183522
vt 0.82665265 0.72863287
vt 0.9100635 0.457865
vt 0.81327283 0.7233562
vt 0.6289034 0.6794598
vt 0.90892184 0.43410957
vt 0.91275424 0.450659
vt 0.80747116 0.71753454
vt 0.8425318 0.7252022
vt 0.82379717 0.7104244
vt 0.6424438 0.68037605
vt 0.841039 0.7103745
vt 0.89066803 0.42651144
vt 0.8238091 0.69579524
vt 0.81191826 0.7065717
vt 0.847848 0.716085
vt 0.8356314 0.7004851
vt 0.8553234 0.7020809
vt 0.850227 0.712651
vt 0.9037224 0.4135285
vt 0.914045 0.418651
vt 0.6532651 0.672908
vt 0.8851154 0.4126164
vt 0.91107345 0.4092855
vt 0.9065622 0.40352345
vt 0.8531152 0.69164956
vt 0.8438791 0.6855545
vt 0.6718146 0.6717702
vt 0.824448 0.686663
vt 0.822517 0.689979
vt 0.67100453 0.68764997
vt 0.859776 0.697898
vt 0.862335 0.695462
vt 0.88992167 0.3939355
vt 0.6823995 0.68162405
vt 0.85958636 0.67286456
vt 0.83288085 0.6799756
vt 0.84634435 0.67209184
vt 0.8663181 0.69119793
vt 0.87714267 0.67794913
vt 0.89760697 0.38404113
vt 0.90734 0.385682
vt 0.9079355 0.40102226
vt 0.6874479 0.66742456
vt 0.87510085 0.3996228
vt 0.877856 0.38273612
vt 0.8623396 0.38628113
vt 0.6963235 0.6833799
vt 0.8788028 0.6698567
vt 0.87750924 0.3688228
vt 0.86547166 0.3735208
vt 0.8914425 0.36878043
vt 0.9047152 0.37801754
vt 0.8609815 0.6634934
vt 0.902935 0.36949253
vt 0.0042712186 0.8017955
vt 0.019055974 0.8097299
vt 0.007902 0.809587
vt 0.8470973 0.37660825
vt 0.86175925 0.3612709
vt 0.6987146 0.6624379
vt 0.7098836 0.6633779
vt 0.7084108 0.6828851
vt 0.88508224 0.6639027
vt 0.8390813 0.36298558
vt 0.011055906 0.79779
vt 0.6231394 0.06659742
vt 0.62257123 0.05348628
vt 0.63585985 0.048419192
vt 0.8195944 0.361293
vt 0.8310022 0.38085693
vt 0.678699 0.003692
vt 0.67061883 0.012992078
vt 0.675908 0.003329
vt 0.6437112 0.02467167
vt 0.6495826 0.03586389
vt 0.65985847 0.0237175
vt 0.65779597 0.01263725
vt 0.6657542 0.008957125
vt 0.4062358 0.51732
vt 0.4201029 0.5117528
vt 0.4290656 0.5235834
vt 0.72062135 0.6752522
vt 0.396189 0.514848
vt 0.40394735 0.50758773
vt 0.8118212 0.35581976
vt 0.795401 0.3624691
vt 0.049065 0.582473
vt 0.6813772 0.006035156
vt 0.6782981 0.01615075
vt 0.6473094 0.05242011
vt 0.6372822 0.07307519
vt 0.69085264 0.9447075
vt 0.6867418 0.95166814
vt 0.67867446 0.9506898
vt 0.65902454 0.041379053
vt 0.6669564 0.029612437
vt 0.4177566 0.49651507
vt 0.43132353 0.4985882
vt 0.616494 0.07491
vt 0.6253031 0.08315624
vt 0.61134344 0.07497582
vt 0.4822975 0.4174267
vt 0.4853907 0.39907557
vt 0.49362817 0.4103434
vt 0.48495525 0.43730468
vt 0.845407 0.0140266875
vt 0.841442 0.029553697
vt 0.83237314 0.028521353
vt 0.029376611 0.58774614
vt 0.040481634 0.577652
vt 0.46713766 0.4245075
vt 0.4695241 0.402872
vt 0.039457373 0.5610266
vt 0.027964156 0.57101953
vt 0.42816198 0.4773624
vt 0.44480473 0.48227546
vt 0.9589081 0.4330846
vt 0.6179148 0.09375082
vt 0.601399 0.07703
vt 0.64978373 0.062307872
vt 0.46528435 0.44007206
vt 0.48059547 0.45148808
vt 0.84149253 0.04169891
vt 0.86076623 0.03532228
vt 0.4721585 0.38607004
vt 0.48659998 0.3800804
vt 0.8564383 0.020014405
vt 0.421078 0.488864
vt 0.419358 0.4891
vt 0.46120393 0.4549267
vt 0.4700737 0.46625158
vt 0.63252926 0.0984586
vt 0.64362407 0.079874635
vt 0.026836704 0.5543466
vt 0.43504673 0.46295637
vt 0.45254314 0.46542814
vt 0.4442563 0.43952775
vt 0.839295 0.082942
vt 0.8399267 0.071838886
vt 0.85467017 0.07571674
vt 0.45000783 0.4261322
vt 0.8434111 0.05524038
vt 0.4515832 0.40267357
vt 0.5996553 0.10492733
vt 0.6435151 0.10250769
vt 0.8607435 0.05536516
vt 0.028916 0.530372
vt 0.025435999 0.53304946
vt 0.028982 0.527305
vt 0.83899325 0.11400482
vt 0.8403167 0.093629174
vt 0.85506415 0.11413407
vt 0.4284855 0.4524368
vt 0.6336583 0.1147321
vt 0.423249 0.469369
vt 0.44207388 0.41938403
vt 0.014427828 0.5660126
vt 0.61782026 0.11585784
vt 0.03172933 0.542227
vt 0.019802641 0.5357731
vt 0.42926884 0.42557126
vt 0.4531492 0.38687325
vt 0.010410594 0.5886042
vt 0.8406904 0.13514262
vt 0.8582443 0.09566206
vt 0.63589025 0.12847894
vt 0.012877094 0.5465672
vt 0.021822 0.547209
vt 0.42187425 0.43747702
vt 0.65150195 0.12098116
vt 0.418744 0.46487898
vt 0.41387677 0.4533883
vt 0.46373582 0.36961475
vt 0.48110816 0.3678281
vt 0.42999238 0.41217086
vt 0.8801285 0.04637248
vt 0.6495726 0.13803586
vt 0.43688786 0.39837813
vt 0.8849293 0.030849423
vt 0.8762425 0.016437149
vt 0.004930062 0.57206625
vt 0.408644 0.467536
vt 0.40012664 0.47437012
vt 0.87260866 0.07234805
vt 0.8651509 0.13114943
vt 0.86767185 0.086103216
vt 0.883016 0.060783528
vt 0.31278247 0.5594111
vt 0.30499303 0.56894004
vt 0.3058883 0.5424702
vt 0.394553 0.486229
vt 0.38913244 0.48922354
vt 0.40949726 0.41839167
vt 0.84701884 0.17000005
vt 0.8343435 0.16637474
vt 0.8351256 0.1629049
vt 0.8411416 0.15601057
vt 0.85508883 0.1556138
vt 0.40238523 0.4560299
vt 0.406031 0.43799743
vt 0.31236082 0.5739552
vt 0.0025845 0.5856525
vt 0.003991 0.575786
vt 0.8597677 0.14485258
vt 0.3887795 0.4664545
vt 0.87539303 0.10346251
vt 0.42122963 0.40023312
vt 0.311151 0.576586
vt 0.30605018 0.58992183
vt 0.29516172 0.54938865
vt 0.9467047 0.499578
vt 0.949932 0.489104
vt 0.39037824 0.45196474
vt 0.88140875 0.088451155
vt 0.29124618 0.5325469
vt 0.3751936 0.50060683
vt 0.3765874 0.47931865
vt 0.39314875 0.42973053
vt 0.8735959 0.11828327
vt 0.89326954 0.07450713
vt 0.29370552 0.57683396
vt 0.28808546 0.5633949
vt 0.37547123 0.4889047
vt 0.37583488 0.46598858
vt 0.37758344 0.44961506
vt 0.307286 0.610268
vt 0.2990191 0.61128545
vt 0.306237 0.603335
vt 0.899224 0.04365155
vt 0.28154182 0.5481397
vt 0.9379062 0.49829447
vt 0.36190432 0.47465122
vt 0.37016097 0.49074835
vt 0.86744845 0.15782273
vt 0.30052346 0.5962623
vt 0.90087354 0.062574275
vt 0.8958641 0.027780876
vt 0.382573 0.44171548
vt 0.30660665 0.61275625
vt 0.3098559 0.634843
vt 0.2866587 0.6011263
vt 0.9403 0.5087774
vt 0.8875557 0.12695283
vt 0.8903239 0.108011596
vt 0.89945143 0.09301875
vt 0.2760753 0.56572974
vt 0.29318774 0.6366244
vt 0.2830901 0.58654785
vt 0.36562592 0.4506718
vt 0.352564 0.547682
vt 0.354789 0.545168
vt 0.354789 0.552329
vt 0.28754574 0.6146074
vt 0.87865996 0.14446568
vt 0.30776107 0.6483223
vt 0.4362833 0.34447068
vt 0.4466853 0.35096171
vt 0.42780015 0.35675547
vt 0.30921775 0.66340053
vt 0.3116511 0.65803933
vt 0.30085 0.6533165
vt 0.2727524 0.5795462
vt 0.41523317 0.35416198
vt 0.2766771 0.59249926
vt 0.298914 0.652709
vt 0.90522945 0.0768105
vt 0.41018334 0.36291227
vt 0.89747727 0.11004947
vt 0.28342265 0.6270218
vt 0.27799386 0.6107719
vt 0.27608 0.609059
vt 0.36860844 0.43360093
vt 0.36831188 0.41343695
vt 0.3758744 0.42020106
vt 0.28669947 0.63752747
vt 0.34882972 0.14829898
vt 0.270617 0.869655
vt 0.28277183 0.8655877
vt 0.2748903 0.8750316
vt 0.73275435 0.8202333
vt 0.732696 0.83045375
vt 0.34743118 0.13219972
vt 0.2888292 0.8439907
vt 0.27316433 0.85931116
vt 0.27230638 0.83976877
vt 0.29064006 0.8584344
vt 0.32966053 0.12024232
vt 0.7464633 0.8151355
vt 0.34507596 0.12136437
vt 0.27843606 0.8268651
vt 0.7937765 0.5558171
vt 0.270941 0.816631
vt 0.2886692 0.80735075
vt 0.27134 0.819376
vt 0.32795316 0.10834232
vt 0.27450413 0.80113465
vt 0.271797 0.811207
vt 0.29231536 0.824424
vt 0.80562115 0.5461678
vt 0.27996927 0.79311824
vt 0.8454724 0.5335834
vt 0.8404393 0.54032606
vt 0.846145 0.537046
vt 0.85206455 0.49234998
vt 0.8148675 0.4913966
vt 0.79127187 0.5023842
vt 0.7972588 0.48890528
vt 0.8361584 0.49123114
vt 0.863761 0.4798451
vt 0.8277371 0.48110145
vt 0.843454 0.47987813
vt 0.87155247 0.46791804
vt 0.81279063 0.4751649
vt 0.7998494 0.464984
vt 0.83868873 0.46345618
vt 0.85470057 0.46133584
vt 0.81635255 0.4557244
vt 0.8812886 0.45483926
vt 0.8694755 0.45052892
vt 0.82828987 0.44838426
vt 0.87836635 0.43965894
vt 0.84396017 0.44847977
vt 0.7908321 0.4499511
vt 0.855909 0.43236697
vt 0.8379 0.43515706
vt 0.8197502 0.4305731
vt 0.80436766 0.43467134
vt 0.8724829 0.4228108
vt 0.8300267 0.42152035
vt 0.79235935 0.4213518
vt 0.7841965 0.4364161
vt 0.842484 0.4129503
vt 0.8587535 0.41153193
vt 0.80695933 0.4094625
vt 0.8242688 0.40701693
vt 0.8496913 0.39259458
vt 0.83702964 0.39938265
vt 0.81640065 0.39271662
vt 0.7859372 0.4074801
vt 0.7991744 0.39242256
vt 0.81056476 0.37731197
vt 0.79248744 0.37920815
vt 0.6790718 0.93680954
vt 0.677731 0.924954
vt 0.6869064 0.92144156
vt 0.6956514 0.9350699
vt 0.691027 0.951981
vt 0.6992778 0.9490596
vt 0.32122105 0.6714293
vt 0.33076453 0.6528019
vt 0.32946056 0.6699206
vt 0.8524717 0.005281625
vt 0.8643871 0.005873399
vt 0.28655028 0.7134526
vt 0.27237815 0.7093096
vt 0.27964342 0.6980223
vt 0.27140802 0.723094
vt 0.2810526 0.7385816
vt 0.2652127 0.7367305
vt 0.28832453 0.7259617
vt 0.27430317 0.75207317
vt 0.26666945 0.7437848
vt 0.465244 0.366401
vt 0.47689426 0.36063862
vt 0.27004325 0.7612208
vt 0.268665 0.75282
vt 0.2860374 0.7496941
vt 0.3002254 0.52521276
vt 0.2847776 0.7659048
vt 0.4710585 0.34921706
vt 0.47510883 0.34891236
vt 0.47662044 0.3526562
vt 0.2783712 0.77619094
vt 0.28330207 0.53582907
vt 0.444982 0.341399
vt 0.443307 0.342096
vt 0.11010824 0.09064838
vt 0.09768303 0.07762549
vt 0.114020824 0.07290489
vt 0.12458482 0.08397706
vt 0.13797642 0.08726013
vt 0.121360205 0.101527184
vt 0.097753465 0.08918047
vt 0.09594729 0.062892005
vt 0.080353975 0.071594834
vt 0.06893181 0.9556136
vt 0.08025473 0.95758224
vt 0.074449 0.960294
vt 0.08379845 0.056707602
vt 0.10739754 0.9506998
vt 0.09595929 0.9467585
vt 0.07278766 0.056224376
vt 0.06983839 0.9419351
vt 0.86583894 0.31515467
vt 0.8728956 0.32818258
vt 0.86250234 0.32908982
vt 0.07780562 0.041983344
vt 0.066820055 0.03167124
vt 0.08686088 0.94507545
vt 0.062461518 0.039816
vt 0.92762804 0.46767658
vt 0.9209941 0.48043448
vt 0.919376 0.467101
vt 0.14480312 0.9451201
vt 0.13050726 0.9505626
vt 0.1329243 0.9415195
vt 0.9204941 0.46433902
vt 0.92659974 0.45520607
vt 0.11404054 0.93987334
vt 0.319304 0.540126
vt 0.32853627 0.53182095
vt 0.318588 0.544456
vt 0.31841362 0.54678386
vt 0.32667047 0.5539378
vt 0.105827 0.939942
vt 0.931995 0.472243
vt 0.3456172 0.55016494
vt 0.33782476 0.56827044
vt 0.3236888 0.5823375
vt 0.3193496 0.5674476
vt 0.33225107 0.59750146
vt 0.34592402 0.61197096
vt 0.331879 0.611387
vt 0.3420403 0.58595407
vt 0.134062 0.134429
vt 0.136582 0.138344
vt 0.131187 0.129225
vt 0.134062 0.134429
vt 0.09529336 0.036293805
vt 0.07540462 0.05406532
vt 0.072948426 0.037003167
vt 0.11261315 0.044149924
vt 0.092198126 0.057096258
vt 0.057357386 0.04582599
vt 0.044712253 0.071752235
vt 0.040935606 0.05110252
vt 0.12467493 0.13030705
vt 0.027268548 0.08428077
vt 0.023838487 0.055033572
vt 0.59599084 0.95699906
vt 0.58766 0.960196
vt 0.584743 0.950525
vt 0.06527351 0.022261836
vt 0.08560889 0.017023314
vt 0.013711098 0.12060882
vt 0.012816368 0.10554789
vt 0.03223278 0.11160797
vt 0.049436465 0.12723622
vt 0.03464468 0.14815147
vt 0.030466594 0.13260871
vt 0.013929867 0.08983518
vt 0.012242117 0.07049481
vt 0.040337242 0.09470498
vt 0.039707966 0.03807225
vt 0.59631234 0.9396263
vt 0.58674467 0.9444144
vt 0.58903515 0.9252146
vt 0.014209594 0.13241735
vt 0.05947953 0.13796864
vt 0.061475754 0.159445
vt 0.07301919 0.15484346
vt 0.10492054 0.15689561
vt 0.0027367498 0.09234645
vt 0.045197748 0.1582055
vt 0.603246 0.9763874
vt 0.5911044 0.9741215
vt 0.58886105 0.9664011
vt 0.05237125 0.0283225
vt 0.8135341 0.17101143
vt 0.822264 0.173807
vt 0.821837 0.176699
vt 0.8907124 0.5942289
vt 0.901606 0.598073
vt 0.89668036 0.6136116
vt 0.07087685 0.13129339
vt 0.09228158 0.14834777
vt 0.079472 0.162469
vt 0.099459 0.154891
vt 0.6086947 0.9287412
vt 0.047216415 0.88557994
vt 0.032274604 0.9130604
vt 0.034993254 0.89870316
vt 0.05845114 0.89334136
vt 0.0958902 0.13546586
vt 0.59454286 0.9187834
vt 0.89296585 0.5749632
vt 0.8850597 0.5584396
vt 0.8986062 0.5595934
vt 0.00423075 0.07609275
vt 0.73771644 0.32124412
vt 0.73718625 0.3052129
vt 0.609179 0.9510958
vt 0.8954253 0.54339516
vt 0.8958404 0.30531675
vt 0.890805 0.3122705
vt 0.8970201 0.28667766
vt 0.7363161 0.29024178
vt 0.385308 0.932211
vt 0.386932 0.936216
vt 0.38261044 0.9399465
vt 0.08021799 0.88768935
vt 0.09674752 0.90661216
vt 0.08507892 0.9074366
vt 0.39209956 0.93504536
vt 0.40146714 0.9438966
vt 0.3873221 0.9469434
vt 0.7990855 0.20646653
vt 0.81880736 0.18525428
vt 0.8169967 0.20262955
vt 0.80877054 0.25540552
vt 0.8018069 0.26516044
vt 0.8000219 0.24597931
vt 0.8116687 0.2359213
vt 0.90762174 0.30864215
vt 0.7982278 0.2315102
vt 0.8122196 0.22053632
vt 0.75649035 0.32764024
vt 0.74761 0.328316
vt 0.89565897 0.3210504
vt 0.094783 0.892279
vt 0.095545 0.889096
vt 0.08754725 0.13075475
vt 0.40723637 0.95121676
vt 0.3947584 0.96525335
vt 0.8004041 0.18912804
vt 0.8804054 0.5430025
vt 0.75802493 0.31778276
vt 0.8842418 0.53229976
vt 0.894251 0.6260574
vt 0.880008 0.6257448
vt 0.7969236 0.17212854
vt 0.611299 0.917749
vt 0.6258209 0.9233506
vt 0.624019 0.9386791
vt 0.61505854 0.96574146
vt 0.8720174 0.6109009
vt 0.424264 0.961763
vt 0.42196882 0.9691417
vt 0.420465 0.960611
vt 0.87434137 0.57631665
vt 0.872054 0.59847337
vt 0.79181266 0.22064656
vt 0.4098697 0.9538574
vt 0.4138647 0.96713096
vt 0.3750223 0.9583467
vt 0.7851809 0.25413138
vt 0.9095365 0.3262095
vt 0.9016975 0.32185784
vt 0.616385 0.973468
vt 0.614253 0.972281
vt 0.62496096 0.9563191
vt 0.91966987 0.28701824
vt 0.92159796 0.31154126
vt 0.6310592 0.9690633
vt 0.8587135 0.5573194
vt 0.78164274 0.23824081
vt 0.62434304 0.9733186
vt 0.7842468 0.18734488
vt 0.788311 0.269457
vt 0.7696975 0.26357013
vt 0.77472776 0.32554954
vt 0.765124 0.328111
vt 0.7788991 0.31378207
vt 0.4224868 0.9822111
vt 0.421432 0.97115
vt 0.7808137 0.20948395
vt 0.85795105 0.586492
vt 0.85664904 0.6213727
vt 0.8605935 0.5424334
vt 0.92005754 0.3271575
vt 0.08548 0.870525
vt 0.090482 0.866911
vt 0.092813 0.870256
vt 0.8591691 0.57297724
vt 0.8536328 0.6046138
vt 0.779334 0.271822
vt 0.782297 0.27159
vt 0.77516246 0.22595844
vt 0.8634825 0.6283287
vt 0.41188094 0.9857437
vt 0.6409992 0.93244445
vt 0.9312438 0.29647368
vt 0.6422173 0.951575
vt 0.7778395 0.16637282
vt 0.78161335 0.30068806
vt 0.93245035 0.31417668
vt 0.922805 0.32648474
vt 0.7685081 0.25197393
vt 0.3754023 0.97770774
vt 0.63671 0.924631
vt 0.043119 0.858402
vt 0.050416775 0.85025644
vt 0.049371682 0.86583745
vt 0.39688438 0.9867563
vt 0.76888275 0.2385738
vt 0.38946 0.613076
vt 0.37703156 0.61233324
vt 0.38791838 0.606165
vt 0.93031347 0.28352776
vt 0.428917 0.633404
vt 0.432671 0.63212
vt 0.42759803 0.6370572
vt 0.37509167 0.5929009
vt 0.385249 0.601281
vt 0.421942 0.9928715
vt 0.767834 0.18777806
vt 0.854438 0.628856
vt 0.6398725 0.97162104
vt 0.7648779 0.20951231
vt 0.41326487 0.64841217
vt 0.40948814 0.6353576
vt 0.436521 0.632559
vt 0.44090068 0.6342059
vt 0.8530665 0.565549
vt 0.4316365 0.6514896
vt 0.382942 0.579103
vt 0.383206 0.583417
vt 0.38681245 0.98641557
vt 0.388626 0.669157
vt 0.38047734 0.66122246
vt 0.39845932 0.6654193
vt 0.36657557 0.5768334
vt 0.36112505 0.5891984
vt 0.7669152 0.22368181
vt 0.36779803 0.56478286
vt 0.38142 0.5703987
vt 0.39144546 0.65065616
vt 0.40256107 0.67499244
vt 0.4182316 0.6778138
vt 0.42371362 0.67266613
vt 0.3905592 0.62272924
vt 0.38174427 0.6358963
vt 0.3585509 0.6070586
vt 0.10274375 0.8466214
vt 0.101759255 0.8522545
vt 0.09308489 0.86032593
vt 0.082059994 0.8521371
vt 0.09898199 0.84455925
vt 0.36674047 0.64227736
vt 0.037304625 0.84463
vt 0.04344503 0.8366874
vt 0.042842 0.848766
vt 0.35976243 0.6247005
vt 0.4413312 0.66852796
vt 0.45068467 0.65121996
vt 0.45778787 0.6650472
vt 0.4643224 0.65520036
vt 0.45326883 0.62537044
vt 0.763712 0.16259164
vt 0.45766565 0.6368418
vt 0.46148574 0.61741936
vt 0.371342 0.98842645
vt 0.36497685 0.9869412
vt 0.47225323 0.6353463
vt 0.47998026 0.64605784
vt 0.033964 0.840869
vt 0.48436248 0.6199457
vt 0.4932115 0.62677616
vt 0.46476096 0.60134387
vt 0.47726902 0.6020868
vt 0.46792737 0.5818032
vt 0.40033 0.546656
vt 0.396863 0.547762
vt 0.5038506 0.6117314
vt 0.49072003 0.6061094
vt 0.014154367 0.822796
vt 0.029358242 0.83215624
vt 0.026121814 0.8339269
vt 0.007999875 0.813773
vt 0.25709885 0.7425787
vt 0.2549132 0.76194715
vt 0.2396186 0.76208377
vt 0.23923256 0.778234
vt 0.23828343 0.74226785
vt 0.25280192 0.7295437
vt 0.127181 0.816272
vt 0.122041 0.816069
vt 0.12118347 0.80287063
vt 0.26018775 0.7144613
vt 0.24148396 0.7190466
vt 0.06908741 0.8175658
vt 0.05461558 0.8160641
vt 0.05671481 0.8020692
vt 0.261154 0.731739
vt 0.07745735 0.80521756
vt 0.11210899 0.8139951
vt 0.10167353 0.7968677
vt 0.09282075 0.8097544
vt 0.063398 0.799814
vt 0.4874915 0.62009656
vt 0.49357307 0.62966204
vt 0.47915232 0.630747
vt 0.484275 0.616313
vt 0.07768093 0.7929499
vt 0.46914077 0.6220206
vt 0.4765609 0.6084877
vt 0.06677349 0.7959871
vt 0.45671082 0.6007546
vt 0.47338626 0.59313524
vt 0.46598402 0.5901825
vt 0.4453892 0.5814572
vt 0.4399486 0.5642709
vt 0.45578295 0.56612545
vt 0.2501607 0.085905045
vt 0.1864727 0.11530563
vt 0.19896321 0.097167365
vt 0.23571874 0.095712125
vt 0.23371175 0.0767303
vt 0.17406172 0.124057114
vt 0.27533257 0.074913636
vt 0.2484413 0.067079514
vt 0.13610488 0.10464975
vt 0.1484091 0.10335235
vt 0.17605698 0.103246994
vt 0.21398982 0.07958418
vt 0.16290022 0.1284985
vt 0.1849075 0.08786375
vt 0.15059687 0.08075084
vt 0.16605511 0.0921808
vt 0.16264176 0.11027727
vt 0.29649124 0.6708112
vt 0.299856 0.673429
vt 0.298951 0.676881
vt 0.22791907 0.06568121
vt 0.9194918 0.4944529
vt 0.92722416 0.50033104
vt 0.918605 0.505873
vt 0.919059 0.510403
vt 0.918605 0.505873
vt 0.19852298 0.06912732
vt 0.26957852 0.057720408
vt 0.8659011 0.30050838
vt 0.85902977 0.30642775
vt 0.17758632 0.076690376
vt 0.15580866 0.11574634
vt 0.28430784 0.068597905
vt 0.288371 0.075465
vt 0.21580864 0.0667457
vt 0.15651935 0.07057442
vt 0.94622046 0.290099
vt 0.9454539 0.30581248
vt 0.94002175 0.28725272
vt 0.15480137 0.122218
vt 0.032458287 0.9372238
vt 0.031605 0.94378
vt 0.030295 0.944288
vt 0.7257624 0.9266885
vt 0.71567345 0.9239018
vt 0.7261791 0.9239495
vt 0.17841785 0.063524395
vt 0.9381737 0.29980162
vt 0.24128136 0.053174194
vt 0.25677252 0.047093116
vt 0.9308993 0.4886341
vt 0.20176405 0.0570572
vt 0.8766602 0.3012022
vt 0.22177066 0.05342985
vt 0.72521514 0.93578315
vt 0.71235454 0.94646215
vt 0.281216 0.05776
vt 0.18437555 0.046289265
vt 0.7071619 0.93432385
vt 0.16341087 0.050234437
vt 0.34128293 0.5319091
vt 0.7073364 0.9180428
vt 0.20380028 0.044034317
vt 0.2307015 0.040114872
vt 0.050025918 0.9390706
vt 0.05048088 0.9218662
vt 0.2714327 0.043498304
vt 0.063187 0.928755
vt 0.065766 0.928879
vt 0.1909071 0.029882658
vt 0.21455112 0.030859852
vt 0.77093655 0.4907763
vt 0.779 0.500116
vt 0.13809457 0.06811783
vt 0.13893516 0.053711668
vt 0.15306616 0.03956029
vt 0.17003539 0.031675883
vt 0.23938265 0.02857211
vt 0.25723875 0.0331615
vt 0.132484 0.078473
vt 0.131657 0.080132
vt 0.129395 0.077909
vt 0.07327016 0.91466445
vt 0.06665625 0.92772526
vt 0.12567297 0.0655618
vt 0.13359584 0.032877944
vt 0.055056594 0.90809625
vt 0.12639065 0.07689786
vt 0.14632814 0.020316625
vt 0.19952029 0.015473758
vt 0.16261311 0.011242827
vt 0.17669985 0.014602829
vt 0.12530506 0.020398311
vt 0.21697474 0.018097453
vt 0.10857315 0.02228653
vt 0.1173254 0.06947231
vt 0.108068064 0.060966894
vt 0.14477667 0.0034224864
vt 0.76046836 0.4778918
vt 0.763346 0.488826
vt 0.758981 0.486586
vt 0.11828536 0.007984718
vt 0.10139622 0.0097376555
vt 0.17791536 0.0045318753
vt 0.8020852 0.01836811
vt 0.8224956 0.019068796
vt 0.8206997 0.029903188
vt 0.670454 0.980878
vt 0.66079444 0.98034865
vt 0.66749 0.9700448
vt 0.81288195 0.11465682
vt 0.8232218 0.10864779
vt 0.824311 0.123698
vt 0.822351 0.075196
vt 0.809782 0.06718774
vt 0.822283 0.071401
vt 0.8144582 0.13514048
vt 0.823906 0.140884
vt 0.82266885 0.14749411
vt 0.8213705 0.081868306
vt 0.822521 0.088174
vt 0.821835 0.092046
vt 0.81244916 0.1570378
vt 0.823413 0.154547
vt 0.82361275 0.16213287
vt 0.65125585 0.96725297
vt 0.650065 0.9777835
vt 0.811581 0.030635
vt 0.814865 0.031576
vt 0.8134169 0.011005031
vt 0.7542356 0.4576187
vt 0.751599 0.472023
vt 0.8131113 0.051915877
vt 0.82051563 0.059776783
vt 0.8065821 0.08794646
vt 0.8226924 0.16662863
vt 0.82409 0.12685719
vt 0.7938109 0.116306245
vt 0.6601292 0.9573951
vt 0.06767357 0.8702153
vt 0.7982296 0.13679658
vt 0.7944425 0.09745004
vt 0.79051894 0.059245273
vt 0.8021784 0.04900971
vt 0.670797 0.9579755
vt 0.7850264 0.024841733
vt 0.799927 0.027027
vt 0.800182 0.008313578
vt 0.78572655 0.006731711
vt 0.6498755 0.95018965
vt 0.79015994 0.1495643
vt 0.78096193 0.07494241
vt 0.7872931 0.046733283
vt 0.66903883 0.9504578
vt 0.7784459 0.13119684
vt 0.7768302 0.089595124
vt 0.7714111 0.017639
vt 0.66446334 0.9352257
vt 0.771597 0.06526223
vt 0.7663517 0.004381164
vt 0.774711 0.115394175
vt 0.7742838 0.044593416
vt 0.6588579 0.9316813
vt 0.7708074 0.033750664
vt 0.76933265 0.14562574
vt 0.75779307 0.014122931
vt 0.75846684 0.05435263
vt 0.6676005 0.92147493
vt 0.06873557 0.84079206
vt 0.75814676 0.04517553
vt 0.76012266 0.12681067
vt 0.7604582 0.079999894
vt 0.746726 0.03374961
vt 0.084212065 0.83570755
vt 0.75865424 0.10936901
vt 0.75725186 0.040074006
vt 0.7597425 0.14846405
vt 0.057247132 0.83219653
vt 0.75387144 0.087438874
vt 0.75358623 0.06957348
vt 0.74267364 0.0065952344
vt 0.526156 0.57043
vt 0.51132554 0.57236886
vt 0.52492833 0.5576879
vt 0.49810508 0.58824223
vt 0.50836194 0.59822977
vt 0.533859 0.492371
vt 0.5281771 0.48341805
vt 0.533859 0.48684
vt 0.7447026 0.045686375
vt 0.5202676 0.5814304
vt 0.535706 0.508339
vt 0.534615 0.512354
vt 0.5271045 0.5050503
vt 0.7303387 0.023225922
vt 0.46794057 0.5666032
vt 0.48998132 0.57574755
vt 0.48498893 0.55513567
vt 0.5234901 0.5198356
vt 0.5337982 0.5175942
vt 0.5311972 0.53565276
vt 0.039444707 0.8201133
vt 0.5006599 0.5609907
vt 0.5068834 0.5482239
vt 0.5174545 0.53599405
vt 0.5343782 0.5019502
vt 0.7237603 0.012419609
vt 0.5150995 0.48847356
vt 0.5216204 0.47868225
vt 0.7327863 0.04254283
vt 0.7751645 0.39604333
vt 0.761624 0.400029
vt 0.763096 0.3957085
vt 0.47070396 0.55679834
vt 0.5150037 0.5081277
vt 0.43604904 0.9493547
vt 0.43676656 0.96388274
vt 0.43160677 0.9624079
vt 0.5066588 0.52419865
vt 0.42933547 0.95954245
vt 0.47623 0.552284
vt 0.4886014 0.5365968
vt 0.7174764 0.03844581
vt 0.4798241 0.5460818
vt 0.5039171 0.5054527
vt 0.730912 0.057589
vt 0.71847224 0.053813227
vt 0.031667437 0.81015855
vt 0.7695714 0.38703662
vt 0.7771652 0.37595063
vt 0.23260105 0.7025765
vt 0.24662589 0.6963085
vt 0.49060544 0.5222535
vt 0.506707 0.488037
vt 0.47537333 0.5269929
vt 0.479188 0.535963
vt 0.4827323 0.51008725
vt 0.7102659 0.028612122
vt 0.04257886 0.80711913
vt 0.49650782 0.49213958
vt 0.719724 0.066319
vt 0.72526836 0.06275129
vt 0.4451124 0.9339117
vt 0.45221823 0.94222337
vt 0.048492 0.805301
vt 0.455002 0.932811
vt 0.028999124 0.8019446
vt 0.93048275 0.40972728
vt 0.919174 0.412067
vt 0.9203544 0.40468854
vt 0.918386 0.416015
vt 0.92849016 0.41900253
vt 0.7045812 0.061542977
vt 0.7082066 0.016541876
vt 0.43109488 0.9373559
vt 0.7160219 0.06694381
vt 0.9325789 0.39219227
vt 0.4796101 0.4983598
vt 0.47804543 0.48310596
vt 0.4914593 0.48451212
vt 0.4345566 0.53509444
vt 0.45224854 0.5272758
vt 0.4687502 0.543445
vt 0.46676674 0.5128758
vt 0.7016032 0.03999243
vt 0.44694299 0.5436318
vt 0.4366062 0.5501075
vt 0.5015899 0.43558073
vt 0.50759137 0.42993063
vt 0.506837 0.436019
vt 0.46717727 0.56504333
vt 0.46844435 0.49584994
vt 0.699249 0.069961
vt 0.6944505 0.057237558
vt 0.43785 0.51195806
vt 0.69716823 0.049113426
vt 0.471064 0.584385
vt 0.45049024 0.5019215
vt 0.694634 0.030581
vt 0.6979966 0.033556875
vt 0.4703154 0.58254534
vt 0.46152472 0.48262584
vt 0.47826833 0.46547085
vt 0.4903999 0.46794415
vt 0.48491108 0.45579427
vt 0.49925423 0.45528153
vt 0.349023 0.629546
vt 0.3476153 0.6342554
vt 0.34550887 0.6263461
vt 0.34636 0.664943
vt 0.343577 0.664823
vt 0.34352338 0.6550344
vt 0.784381 0.48270378
vt 0.7747389 0.46784037
vt 0.772616 0.45133078
vt 0.7630259 0.44325358
vt 0.75246274 0.44799808
vt 0.75487113 0.42331535
vt 0.77192193 0.42523724
vt 0.76461494 0.41439807
vt 0.7604635 0.4048879
f 1/1/1 2/2/2 3/3/3
f 1/1/1 4/4/4 2/2/2
f 4/4/4 1/1/1 5/5/5
f 6/6/6 4/4/4 5/5/5
f 7/7/7 8/8/8 9/9/9
f 10/10/10 11/11/11 9/9/9
f 12/12/12 10/10/10 9/9/9
f 13/13/13 10/10/10 12/12/12
f 14/14/14 15/15/15 6/6/6
f 14/14/14 16/16/16 15/15/15
f 13/13/13 17/17/17 10/10/10
f 16/16/16 18/18/18 15/15/15
f 18/18/18 19/19/19 15/15/15
f 20/20/20 21/21/21 22/22/22
f 23/23/23 24/24/24 25/25/25
f 25/25/25 26/26/26 27/27/27
f 20/20/20 28/28/28 29/29/29
f 28/28/28 30/30/30 29/29/29
f 31/31/31 32/32/32 33/33/33
f 34/34/34 30/30/30 28/28/28
f 35/35/35 34/34/34 28/28/28
f 36/36/36 30/30/30 34/34/34
f 37/37/37 36/36/36 34/34/34
f 37/37/37 38/38/38 36/36/36
f 39/39/39 40/40/40 41/41/41
f 39/39/39 42/42/42 43/43/43
f 44/44/44 45/45/45 42/42/42
f 41/41/41 40/40/40 46/46/46
f 39/39/39 43/43/43 40/40/40
f 47/47/47 41/41/41 46/46/46
f 48/48/48 43/43/43 42/42/42
f 49/49/49 1/1/1 50/50/50
f 42/42/42 45/45/45 51/51/51
f 49/49/49 50/50/50 52/52/52
f 53/53/53 54/54/54 55/55/55
f 56/56/56 57/57/57 58/58/58
f 57/57/57 55/55/55 59/59/59
f 49/49/49 52/52/52 53/53/53
f 60/60/60 61/61/61 62/62/62
f 63/63/63 64/64/64 65/65/65
f 66/66/66 67/67/67 65/65/65
f 5/5/5 1/1/1 49/49/49
f 68/68/68 53/53/53 55/55/55
f 68/68/68 55/55/55 57/57/57
f 64/64/64 69/69/69 70/70/70
f 49/49/49 53/53/53 5/5/5
f 70/70/70 69/69/69 71/71/71
f 72/72/72 73/73/73 74/74/74
f 75/75/75 65/65/65 64/64/64
f 71/71/71 76/76/76 70/70/70
f 5/5/5 53/53/53 77/77/77
f 78/78/78 79/79/79 80/80/80
f 70/70/70 81/81/81 64/64/64
f 70/70/70 76/76/76 81/81/81
f 57/57/57 56/56/56 72/72/72
f 82/82/82 78/78/78 72/72/72
f 81/81/81 75/75/75 64/64/64
f 83/83/83 57/57/57 72/72/72
f 81/81/81 76/76/76 84/84/84
f 83/83/83 68/68/68 57/57/57
f 80/80/80 85/85/85 86/86/86
f 68/68/68 77/77/77 53/53/53
f 87/87/87 72/72/72 78/78/78
f 78/78/78 80/80/80 86/86/86
f 83/83/83 72/72/72 87/87/87
f 86/86/86 85/85/85 88/88/88
f 89/89/89 90/90/90 88/88/88
f 91/91/91 5/5/5 77/77/77
f 68/68/68 92/92/92 77/77/77
f 93/93/93 78/78/78 86/86/86
f 6/6/6 5/5/5 91/91/91
f 87/87/87 78/78/78 93/93/93
f 88/88/88 94/94/94 86/86/86
f 94/94/94 88/88/88 95/95/95
f 87/87/87 93/93/93 96/96/96
f 68/68/68 97/97/97 92/92/92
f 77/77/77 92/92/92 91/91/91
f 68/68/68 83/83/83 97/97/97
f 98/98/98 94/94/94 95/95/95
f 14/14/14 6/6/6 91/91/91
f 93/93/93 86/86/86 99/99/99
f 99/99/99 86/86/86 94/94/94
f 100/100/100 91/91/91 92/92/92
f 101/101/101 83/83/83 87/87/87
f 96/96/96 102/102/102 87/87/87
f 83/83/83 101/101/101 97/97/97
f 102/102/102 101/101/101 87/87/87
f 103/103/103 100/100/100 92/92/92
f 97/97/97 103/103/103 92/92/92
f 97/97/97 101/101/101 104/104/104
f 91/91/91 100/100/100 14/14/14
f 96/96/96 93/93/93 105/105/105
f 105/105/105 93/93/93 99/99/99
f 106/106/106 99/99/99 94/94/94
f 14/14/14 100/100/100 107/107/107
f 104/104/104 103/103/103 97/97/97
f 102/102/102 108/108/108 101/101/101
f 106/106/106 94/94/94 98/98/98
f 109/109/109 106/106/106 98/98/98
f 14/14/14 107/107/107 16/16/16
f 101/101/101 108/108/108 104/104/104
f 96/96/96 110/110/110 102/102/102
f 105/105/105 111/111/111 96/96/96
f 110/110/110 96/96/96 111/111/111
f 106/106/106 105/105/105 99/99/99
f 112/112/112 105/105/105 106/106/106
f 113/113/113 106/106/106 109/109/109
f 103/103/103 107/107/107 100/100/100
f 108/108/108 114/114/114 104/104/104
f 102/102/102 115/115/115 108/108/108
f 105/105/105 112/112/112 111/111/111
f 116/116/116 106/106/106 113/113/113
f 117/117/117 107/107/107 103/103/103
f 114/114/114 103/103/103 104/104/104
f 102/102/102 110/110/110 115/115/115
f 112/112/112 106/106/106 116/116/116
f 114/114/114 118/118/118 103/103/103
f 118/118/118 117/117/117 103/103/103
f 107/107/107 119/119/119 16/16/16
f 110/110/110 120/120/120 115/115/115
f 111/111/111 112/112/112 121/121/121
f 108/108/108 122/122/122 114/114/114
f 111/111/111 121/121/121 110/110/110
f 123/123/123 124/124/124 125/125/125
f 122/122/122 108/108/108 115/115/115
f 126/126/126 116/116/116 113/113/113
f 122/122/122 127/127/127 114/114/114
f 121/121/121 128/128/128 110/110/110
f 121/121/121 112/112/112 116/116/116
f 129/129/129 124/124/124 130/130/130
f 110/110/110 128/128/128 120/120/120
f 122/122/122 115/115/115 131/131/131
f 132/132/132 116/116/116 126/126/126
f 118/118/118 114/114/114 127/127/127
f 121/121/121 133/133/133 128/128/128
f 134/134/134 124/124/124 129/129/129
f 122/122/122 135/135/135 127/127/127
f 135/135/135 122/122/122 131/131/131
f 132/132/132 133/133/133 121/121/121
f 116/116/116 132/132/132 121/121/121
f 118/118/118 136/136/136 117/117/117
f 137/137/137 138/138/138 139/139/139
f 115/115/115 120/120/120 131/131/131
f 125/125/125 124/124/124 140/140/140
f 134/134/134 140/140/140 124/124/124
f 120/120/120 128/128/128 131/131/131
f 126/126/126 141/141/141 132/132/132
f 135/135/135 142/142/142 127/127/127
f 143/143/143 133/133/133 132/132/132
f 141/141/141 126/126/126 144/144/144
f 145/145/145 135/135/135 131/131/131
f 146/146/146 147/147/147 148/148/148
f 149/149/149 144/144/144 126/126/126
f 150/150/150 151/151/151 152/152/152
f 146/146/146 153/153/153 147/147/147
f 154/154/154 138/138/138 137/137/137
f 131/131/131 128/128/128 145/145/145
f 148/148/148 155/155/155 146/146/146
f 156/156/156 138/138/138 157/157/157
f 158/158/158 133/133/133 143/143/143
f 143/143/143 132/132/132 141/141/141
f 150/150/150 156/156/156 157/157/157
f 159/159/159 145/145/145 128/128/128
f 160/160/160 153/153/153 146/146/146
f 146/146/146 161/161/161 160/160/160
f 160/160/160 162/162/162 153/153/153
f 158/158/158 143/143/143 163/163/163
f 157/157/157 164/164/164 150/150/150
f 145/145/145 142/142/142 135/135/135
f 165/165/165 166/166/166 160/160/160
f 165/165/165 160/160/160 167/167/167
f 160/160/160 161/161/161 167/167/167
f 141/141/141 163/163/163 143/143/143
f 154/154/154 157/157/157 138/138/138
f 150/150/150 164/164/164 151/151/151
f 168/168/168 169/169/169 170/170/170
f 165/165/165 171/171/171 166/166/166
f 165/165/165 172/172/172 171/171/171
f 157/157/157 154/154/154 164/164/164
f 142/142/142 145/145/145 173/173/173
f 174/174/174 168/168/168 175/175/175
f 144/144/144 176/176/176 141/141/141
f 177/177/177 145/145/145 178/178/178
f 141/141/141 176/176/176 163/163/163
f 164/164/164 154/154/154 179/179/179
f 142/142/142 173/173/173 180/180/180
f 154/154/154 181/181/181 179/179/179
f 182/182/182 183/183/183 175/175/175
f 158/158/158 184/184/184 185/185/185
f 158/158/158 163/163/163 184/184/184
f 164/164/164 186/186/186 151/151/151
f 173/173/173 145/145/145 187/187/187
f 188/188/188 168/168/168 189/189/189
f 168/168/168 190/190/190 175/175/175
f 175/175/175 191/191/191 182/182/182
f 190/190/190 191/191/191 175/175/175
f 192/192/192 193/193/193 194/194/194
f 164/164/164 195/195/195 186/186/186
f 195/195/195 164/164/164 179/179/179
f 196/196/196 194/194/194 197/197/197
f 184/184/184 163/163/163 198/198/198
f 163/163/163 176/176/176 198/198/198
f 199/199/199 173/173/173 187/187/187
f 197/197/197 200/200/200 201/201/201
f 198/198/198 176/176/176 202/202/202
f 188/188/188 203/203/203 168/168/168
f 204/204/204 205/205/205 206/206/206
f 196/196/196 197/197/197 201/201/201
f 198/198/198 207/207/207 184/184/184
f 208/208/208 179/179/179 181/181/181
f 209/209/209 210/210/210 173/173/173
f 211/211/211 206/206/206 205/205/205
f 182/182/182 191/191/191 212/212/212
f 205/205/205 213/213/213 211/211/211
f 190/190/190 214/214/214 191/191/191
f 191/191/191 214/214/214 212/212/212
f 215/215/215 216/216/216 205/205/205
f 179/179/179 217/217/217 195/195/195
f 218/218/218 173/173/173 199/199/199
f 219/219/219 220/220/220 221/221/221
f 209/209/209 173/173/173 218/218/218
f 205/205/205 204/204/204 215/215/215
f 176/176/176 222/222/222 202/202/202
f 208/208/208 217/217/217 179/179/179
f 223/223/223 215/215/215 204/204/204
f 223/223/223 204/204/204 221/221/221
f 224/224/224 195/195/195 217/217/217
f 223/223/223 221/221/221 220/220/220
f 225/225/225 226/226/226 223/223/223
f 225/225/225 223/223/223 220/220/220
f 198/198/198 202/202/202 227/227/227
f 195/195/195 224/224/224 228/228/228
f 217/217/217 208/208/208 229/229/229
f 202/202/202 222/222/222 230/230/230
f 220/220/220 231/231/231 232/232/232
f 233/233/233 234/234/234 217/217/217
f 235/235/235 236/236/236 218/218/218
f 237/237/237 238/238/238 199/199/199
f 239/239/239 229/229/229 208/208/208
f 202/202/202 230/230/230 240/240/240
f 241/241/241 242/242/242 243/243/243
f 199/199/199 244/244/244 218/218/218
f 199/199/199 238/238/238 244/244/244
f 244/244/244 235/235/235 218/218/218
f 245/245/245 246/246/246 237/237/237
f 227/227/227 246/246/246 245/245/245
f 227/227/227 240/240/240 246/246/246
f 247/247/247 248/248/248 241/241/241
f 202/202/202 240/240/240 227/227/227
f 249/249/249 247/247/247 241/241/241
f 238/238/238 237/237/237 250/250/250
f 251/251/251 248/248/248 247/247/247
f 235/235/235 252/252/252 249/249/249
f 249/249/249 253/253/253 247/247/247
f 230/230/230 254/254/254 240/240/240
f 246/246/246 255/255/255 237/237/237
f 240/240/240 256/256/256 246/246/246
f 252/252/252 253/253/253 249/249/249
f 246/246/246 256/256/256 255/255/255
f 247/247/247 24/24/24 251/251/251
f 250/250/250 244/244/244 238/238/238
f 244/244/244 257/257/257 235/235/235
f 250/250/250 237/237/237 255/255/255
f 235/235/235 258/258/258 252/252/252
f 259/259/259 244/244/244 250/250/250
f 235/235/235 257/257/257 258/258/258
f 260/260/260 24/24/24 247/247/247
f 253/253/253 260/260/260 247/247/247
f 259/259/259 257/257/257 244/244/244
f 240/240/240 261/261/261 256/256/256
f 240/240/240 254/254/254 262/262/262
f 258/258/258 253/253/253 252/252/252
f 263/263/263 262/262/262 254/254/254
f 250/250/250 264/264/264 259/259/259
f 255/255/255 264/264/264 250/250/250
f 255/255/255 256/256/256 261/261/261
f 265/265/265 257/257/257 259/259/259
f 261/261/261 240/240/240 262/262/262
f 266/266/266 267/267/267 268/268/268
f 260/260/260 25/25/25 24/24/24
f 258/258/258 257/257/257 269/269/269
f 255/255/255 261/261/261 264/264/264
f 31/31/31 260/260/260 253/253/253
f 258/258/258 270/270/270 253/253/253
f 257/257/257 265/265/265 269/269/269
f 262/262/262 271/271/271 261/261/261
f 264/264/264 272/272/272 259/259/259
f 268/268/268 273/273/273 274/274/274
f 259/259/259 272/272/272 265/265/265
f 31/31/31 253/253/253 270/270/270
f 258/258/258 269/269/269 275/275/275
f 260/260/260 31/31/31 25/25/25
f 276/276/276 268/268/268 277/277/277
f 265/265/265 278/278/278 269/269/269
f 279/279/279 280/280/280 281/281/281
f 273/273/273 268/268/268 276/276/276
f 258/258/258 275/275/275 270/270/270
f 278/278/278 265/265/265 272/272/272
f 282/282/282 283/283/283 279/279/279
f 273/273/273 279/279/279 284/284/284
f 33/33/33 25/25/25 31/31/31
f 285/285/285 269/269/269 278/278/278
f 273/273/273 276/276/276 279/279/279
f 286/286/286 287/287/287 288/288/288
f 286/286/286 282/282/282 279/279/279
f 285/285/285 275/275/275 269/269/269
f 289/289/289 276/276/276 277/277/277
f 290/290/290 270/270/270 275/275/275
f 291/291/291 279/279/279 276/276/276
f 290/290/290 31/31/31 270/270/270
f 286/286/286 279/279/279 292/292/292
f 293/293/293 287/287/287 286/286/286
f 294/294/294 291/291/291 276/276/276
f 275/275/275 285/285/285 295/295/295
f 293/293/293 296/296/296 287/287/287
f 290/290/290 32/32/32 31/31/31
f 291/291/291 292/292/292 279/279/279
f 276/276/276 289/289/289 294/294/294
f 293/293/293 286/286/286 297/297/297
f 289/289/289 298/298/298 299/299/299
f 297/297/297 286/286/286 292/292/292
f 300/300/300 292/292/292 291/291/291
f 285/285/285 301/301/301 295/295/295
f 300/300/300 297/297/297 292/292/292
f 290/290/290 275/275/275 302/302/302
f 291/291/291 294/294/294 300/300/300
f 294/294/294 289/289/289 299/299/299
f 303/303/303 296/296/296 293/293/293
f 302/302/302 275/275/275 295/295/295
f 300/300/300 294/294/294 304/304/304
f 32/32/32 305/305/305 306/306/306
f 307/307/307 297/297/297 300/300/300
f 308/308/308 303/303/303 293/293/293
f 304/304/304 294/294/294 309/309/309
f 294/294/294 299/299/299 309/309/309
f 309/309/309 299/299/299 310/310/310
f 290/290/290 311/311/311 32/32/32
f 308/308/308 293/293/293 307/307/307
f 307/307/307 293/293/293 297/297/297
f 312/312/312 313/313/313 314/314/314
f 304/304/304 315/315/315 300/300/300
f 316/316/316 317/317/317 318/318/318
f 319/319/319 303/303/303 308/308/308
f 304/304/304 309/309/309 315/315/315
f 320/320/320 321/321/321 317/317/317
f 319/319/319 322/322/322 303/303/303
f 307/307/307 300/300/300 323/323/323
f 317/317/317 324/324/324 312/312/312
f 323/323/323 300/300/300 315/315/315
f 325/325/325 308/308/308 307/307/307
f 325/325/325 307/307/307 323/323/323
f 322/322/322 319/319/319 312/312/312
f 326/326/326 319/319/319 308/308/308
f 317/317/317 327/327/327 320/320/320
f 327/327/327 328/328/328 320/320/320
f 327/327/327 317/317/317 312/312/312
f 312/312/312 329/329/329 327/327/327
f 330/330/330 329/329/329 312/312/312
f 312/312/312 319/319/319 330/330/330
f 326/326/326 330/330/330 319/319/319
f 331/331/331 76/76/76 71/71/71
f 76/76/76 331/331/331 332/332/332
f 332/332/332 331/331/331 333/333/333
f 95/95/95 88/88/88 334/334/334
f 331/331/331 335/335/335 333/333/333
f 336/336/336 95/95/95 334/334/334
f 337/337/337 338/338/338 339/339/339
f 339/339/339 338/338/338 336/336/336
f 98/98/98 95/95/95 340/340/340
f 336/336/336 340/340/340 95/95/95
f 341/341/341 340/340/340 336/336/336
f 341/341/341 336/336/336 338/338/338
f 342/342/342 343/343/343 344/344/344
f 341/341/341 338/338/338 345/345/345
f 109/109/109 98/98/98 340/340/340
f 346/346/346 340/340/340 341/341/341
f 347/347/347 342/342/342 344/344/344
f 109/109/109 340/340/340 346/346/346
f 348/348/348 345/345/345 338/338/338
f 349/349/349 345/345/345 348/348/348
f 347/347/347 350/350/350 342/342/342
f 345/345/345 346/346/346 341/341/341
f 346/346/346 351/351/351 109/109/109
f 109/109/109 351/351/351 113/113/113
f 352/352/352 346/346/346 345/345/345
f 346/346/346 352/352/352 351/351/351
f 353/353/353 354/354/354 347/347/347
f 349/349/349 352/352/352 345/345/345
f 347/347/347 354/354/354 355/355/355
f 353/353/353 356/356/356 354/354/354
f 113/113/113 351/351/351 149/149/149
f 357/357/357 352/352/352 349/349/349
f 358/358/358 357/357/357 349/349/349
f 352/352/352 359/359/359 351/351/351
f 126/126/126 113/113/113 149/149/149
f 351/351/351 359/359/359 149/149/149
f 360/360/360 359/359/359 352/352/352
f 354/354/354 356/356/356 361/361/361
f 352/352/352 357/357/357 360/360/360
f 362/362/362 361/361/361 356/356/356
f 354/354/354 361/361/361 363/363/363
f 364/364/364 362/362/362 356/356/356
f 149/149/149 359/359/359 365/365/365
f 363/363/363 361/361/361 366/366/366
f 365/365/365 359/359/359 367/367/367
f 367/367/367 359/359/359 360/360/360
f 368/368/368 360/360/360 357/357/357
f 369/369/369 361/361/361 362/362/362
f 365/365/365 370/370/370 149/149/149
f 367/367/367 360/360/360 371/371/371
f 360/360/360 368/368/368 371/371/371
f 366/366/366 361/361/361 369/369/369
f 149/149/149 370/370/370 144/144/144
f 372/372/372 366/366/366 369/369/369
f 373/373/373 365/365/365 367/367/367
f 374/374/374 369/369/369 362/362/362
f 367/367/367 371/371/371 373/373/373
f 365/365/365 373/373/373 370/370/370
f 366/366/366 372/372/372 375/375/375
f 370/370/370 176/176/176 144/144/144
f 374/374/374 376/376/376 369/369/369
f 377/377/377 373/373/373 371/371/371
f 378/378/378 375/375/375 372/372/372
f 372/372/372 369/369/369 376/376/376
f 375/375/375 378/378/378 379/379/379
f 378/378/378 372/372/372 376/376/376
f 380/380/380 376/376/376 374/374/374
f 370/370/370 222/222/222 176/176/176
f 370/370/370 373/373/373 381/381/381
f 382/382/382 383/383/383 373/373/373
f 381/381/381 373/373/373 383/383/383
f 370/370/370 381/381/381 222/222/222
f 384/384/384 378/378/378 376/376/376
f 385/385/385 379/379/379 378/378/378
f 376/376/376 380/380/380 386/386/386
f 386/386/386 384/384/384 376/376/376
f 384/384/384 385/385/385 378/378/378
f 381/381/381 230/230/230 222/222/222
f 386/386/386 380/380/380 387/387/387
f 383/383/383 388/388/388 389/389/389
f 383/383/383 390/390/390 381/381/381
f 383/383/383 391/391/391 390/390/390
f 383/383/383 389/389/389 391/391/391
f 385/385/385 384/384/384 392/392/392
f 393/393/393 391/391/391 389/389/389
f 381/381/381 390/390/390 230/230/230
f 386/386/386 394/394/394 384/384/384
f 392/392/392 384/384/384 394/394/394
f 387/387/387 394/394/394 386/386/386
f 230/230/230 390/390/390 254/254/254
f 395/395/395 394/394/394 387/387/387
f 396/396/396 392/392/392 397/397/397
f 394/394/394 397/397/397 392/392/392
f 254/254/254 390/390/390 263/263/263
f 391/391/391 398/398/398 390/390/390
f 263/263/263 390/390/390 398/398/398
f 398/398/398 391/391/391 399/399/399
f 400/400/400 397/397/397 394/394/394
f 395/395/395 400/400/400 394/394/394
f 401/401/401 402/402/402 403/403/403
f 400/400/400 404/404/404 397/397/397
f 263/263/263 398/398/398 405/405/405
f 403/403/403 402/402/402 406/406/406
f 406/406/406 407/407/407 408/408/408
f 407/407/407 277/277/277 409/409/409
f 409/409/409 277/277/277 268/268/268
f 410/410/410 406/406/406 411/411/411
f 411/411/411 406/406/406 402/402/402
f 406/406/406 277/277/277 407/407/407
f 406/406/406 410/410/410 277/277/277
f 412/412/412 411/411/411 402/402/402
f 412/412/412 413/413/413 411/411/411
f 413/413/413 412/412/412 414/414/414
f 410/410/410 411/411/411 413/413/413
f 410/410/410 413/413/413 298/298/298
f 298/298/298 277/277/277 410/410/410
f 289/289/289 277/277/277 298/298/298
f 415/415/415 298/298/298 413/413/413
f 415/415/415 299/299/299 298/298/298
f 310/310/310 299/299/299 415/415/415
f 416/416/416 417/417/417 418/418/418
f 419/419/419 418/418/418 417/417/417
f 420/420/420 421/421/421 422/422/422
f 418/418/418 423/423/423 416/416/416
f 421/421/421 416/416/416 424/424/424
f 419/419/419 425/425/425 418/418/418
f 426/426/426 425/425/425 419/419/419
f 418/418/418 425/425/425 423/423/423
f 427/427/427 428/428/428 429/429/429
f 430/430/430 429/429/429 428/428/428
f 424/424/424 431/431/431 421/421/421
f 432/432/432 433/433/433 434/434/434
f 435/435/435 436/436/436 421/421/421
f 426/426/426 437/437/437 438/438/438
f 439/439/439 427/427/427 432/432/432
f 438/438/438 437/437/437 440/440/440
f 441/441/441 442/442/442 437/437/437
f 434/434/434 439/439/439 432/432/432
f 441/441/441 443/443/443 442/442/442
f 444/444/444 445/445/445 446/446/446
f 427/427/427 439/439/439 447/447/447
f 427/427/427 448/448/448 428/428/428
f 449/449/449 430/430/430 428/428/428
f 450/450/450 451/451/451 452/452/452
f 448/448/448 449/449/449 428/428/428
f 449/449/449 446/446/446 430/430/430
f 447/447/447 448/448/448 427/427/427
f 453/453/453 439/439/439 434/434/434
f 449/449/449 454/454/454 446/446/446
f 454/454/454 444/444/444 446/446/446
f 3/3/3 2/2/2 455/455/455
f 456/456/456 453/453/453 434/434/434
f 457/457/457 447/447/447 439/439/439
f 453/453/453 457/457/457 439/439/439
f 458/458/458 459/459/459 460/460/460
f 461/461/461 458/458/458 460/460/460
f 449/449/449 462/462/462 454/454/454
f 463/463/463 449/449/449 448/448/448
f 459/459/459 464/464/464 460/460/460
f 457/457/457 465/465/465 447/447/447
f 465/465/465 448/448/448 447/447/447
f 463/463/463 462/462/462 449/449/449
f 466/466/466 464/464/464 459/459/459
f 9/9/9 467/467/467 468/468/468
f 468/468/468 467/467/467 456/456/456
f 448/448/448 465/465/465 463/463/463
f 467/467/467 453/453/453 456/456/456
f 453/453/453 469/469/469 457/457/457
f 462/462/462 470/470/470 454/454/454
f 469/469/469 465/465/465 457/457/457
f 11/11/11 467/467/467 9/9/9
f 471/471/471 472/472/472 464/464/464
f 473/473/473 469/469/469 453/453/453
f 462/462/462 463/463/463 470/470/470
f 469/469/469 474/474/474 465/465/465
f 465/465/465 475/475/475 463/463/463
f 467/467/467 473/473/473 453/453/453
f 474/474/474 475/475/475 465/465/465
f 476/476/476 477/477/477 464/464/464
f 478/478/478 469/469/469 473/473/473
f 479/479/479 470/470/470 463/463/463
f 464/464/464 472/472/472 476/476/476
f 478/478/478 474/474/474 469/469/469
f 475/475/475 479/479/479 463/463/463
f 11/11/11 480/480/480 467/467/467
f 467/467/467 480/480/480 473/473/473
f 11/11/11 481/481/481 480/480/480
f 482/482/482 476/476/476 472/472/472
f 483/483/483 482/482/482 472/472/472
f 484/484/484 478/478/478 473/473/473
f 10/10/10 481/481/481 11/11/11
f 480/480/480 484/484/484 473/473/473
f 481/481/481 484/484/484 480/480/480
f 478/478/478 485/485/485 474/474/474
f 485/485/485 478/478/478 484/484/484
f 474/474/474 479/479/479 475/475/475
f 481/481/481 10/10/10 17/17/17
f 485/485/485 486/486/486 474/474/474
f 479/479/479 474/474/474 486/486/486
f 484/484/484 481/481/481 487/487/487
f 482/482/482 483/483/483 488/488/488
f 483/483/483 489/489/489 488/488/488
f 485/485/485 490/490/490 486/486/486
f 486/486/486 491/491/491 479/479/479
f 487/487/487 492/492/492 484/484/484
f 486/486/486 490/490/490 491/491/491
f 492/492/492 485/485/485 484/484/484
f 487/487/487 481/481/481 17/17/17
f 493/493/493 494/494/494 495/495/495
f 17/17/17 496/496/496 487/487/487
f 492/492/492 490/490/490 485/485/485
f 492/492/492 497/497/497 490/490/490
f 498/498/498 493/493/493 499/499/499
f 498/498/498 500/500/500 493/493/493
f 492/492/492 487/487/487 496/496/496
f 501/501/501 502/502/502 125/125/125
f 500/500/500 498/498/498 503/503/503
f 504/504/504 505/505/505 503/503/503
f 501/501/501 506/506/506 504/504/504
f 507/507/507 508/508/508 509/509/509
f 510/510/510 509/509/509 511/511/511
f 512/512/512 510/510/510 511/511/511
f 512/512/512 511/511/511 513/513/513
f 513/513/513 511/511/511 514/514/514
f 515/515/515 516/516/516 517/517/517
f 517/517/517 518/518/518 519/519/519
f 520/520/520 516/516/516 521/521/521
f 522/522/522 515/515/515 517/517/517
f 513/513/513 514/514/514 523/523/523
f 519/519/519 522/522/522 517/517/517
f 519/519/519 524/524/524 22/22/22
f 515/515/515 521/521/521 516/516/516
f 525/525/525 520/520/520 526/526/526
f 521/521/521 526/526/526 520/520/520
f 22/22/22 21/21/21 519/519/519
f 21/21/21 522/522/522 519/519/519
f 523/523/523 527/527/527 528/528/528
f 529/529/529 527/527/527 523/523/523
f 526/526/526 530/530/530 525/525/525
f 530/530/530 531/531/531 525/525/525
f 532/532/532 521/521/521 515/515/515
f 532/532/532 515/515/515 522/522/522
f 521/521/521 533/533/533 526/526/526
f 21/21/21 534/534/534 522/522/522
f 533/533/533 530/530/530 526/526/526
f 535/535/535 527/527/527 529/529/529
f 527/527/527 535/535/535 536/536/536
f 534/534/534 532/532/532 522/522/522
f 532/532/532 533/533/533 521/521/521
f 530/530/530 537/537/537 531/531/531
f 21/21/21 29/29/29 534/534/534
f 532/532/532 534/534/534 538/538/538
f 20/20/20 29/29/29 21/21/21
f 539/539/539 536/536/536 535/535/535
f 533/533/533 532/532/532 540/540/540
f 29/29/29 538/538/538 534/534/534
f 541/541/541 530/530/530 533/533/533
f 537/537/537 542/542/542 531/531/531
f 538/538/538 540/540/540 532/532/532
f 542/542/542 543/543/543 531/531/531
f 544/544/544 539/539/539 535/535/535
f 545/545/545 539/539/539 546/546/546
f 540/540/540 541/541/541 533/533/533
f 541/541/541 537/537/537 530/530/530
f 547/547/547 538/538/538 29/29/29
f 548/548/548 543/543/543 542/542/542
f 30/30/30 547/547/547 29/29/29
f 540/540/540 549/549/549 541/541/541
f 547/547/547 540/540/540 538/538/538
f 550/550/550 551/551/551 552/552/552
f 549/549/549 553/553/553 541/541/541
f 541/541/541 554/554/554 537/537/537
f 547/547/547 555/555/555 540/540/540
f 555/555/555 549/549/549 540/540/540
f 556/556/556 542/542/542 537/537/537
f 553/553/553 554/554/554 541/541/541
f 557/557/557 548/548/548 542/542/542
f 557/557/557 558/558/558 548/548/548
f 554/554/554 556/556/556 537/537/537
f 549/549/549 559/559/559 553/553/553
f 30/30/30 36/36/36 547/547/547
f 555/555/555 559/559/559 549/549/549
f 553/553/553 560/560/560 554/554/554
f 556/556/556 554/554/554 560/560/560
f 547/547/547 561/561/561 555/555/555
f 36/36/36 561/561/561 547/547/547
f 542/542/542 556/556/556 562/562/562
f 557/557/557 563/563/563 558/558/558
f 564/564/564 555/555/555 561/561/561
f 555/555/555 565/565/565 559/559/559
f 328/328/328 566/566/566 567/567/567
f 542/542/542 562/562/562 557/557/557
f 564/564/564 565/565/565 555/555/555
f 568/568/568 566/566/566 328/328/328
f 559/559/559 560/560/560 553/553/553
f 560/560/560 562/562/562 556/556/556
f 569/569/569 563/563/563 557/557/557
f 562/562/562 570/570/570 557/557/557
f 559/559/559 571/571/571 560/560/560
f 568/568/568 572/572/572 566/566/566
f 572/572/572 573/573/573 566/566/566
f 559/559/559 565/565/565 571/571/571
f 557/557/557 570/570/570 569/569/569
f 560/560/560 574/574/574 562/562/562
f 575/575/575 576/576/576 577/577/577
f 571/571/571 574/574/574 560/560/560
f 578/578/578 573/573/573 572/572/572
f 574/574/574 570/570/570 562/562/562
f 579/579/579 578/578/578 572/572/572
f 578/578/578 579/579/579 580/580/580
f 578/578/578 580/580/580 581/581/581
f 582/582/582 583/583/583 584/584/584
f 582/582/582 585/585/585 583/583/583
f 586/586/586 582/582/582 584/584/584
f 579/579/579 587/587/587 580/580/580
f 581/581/581 588/588/588 586/586/586
f 581/581/581 580/580/580 588/588/588
f 589/589/589 590/590/590 420/420/420
f 591/591/591 417/417/417 590/590/590
f 591/591/591 590/590/590 589/589/589
f 592/592/592 591/591/591 589/589/589
f 593/593/593 592/592/592 594/594/594
f 417/417/417 416/416/416 590/590/590
f 590/590/590 416/416/416 420/420/420
f 595/595/595 591/591/591 596/596/596
f 592/592/592 596/596/596 591/591/591
f 597/597/597 592/592/592 589/589/589
f 594/594/594 592/592/592 597/597/597
f 596/596/596 592/592/592 593/593/593
f 420/420/420 416/416/416 421/421/421
f 598/598/598 419/419/419 417/417/417
f 598/598/598 417/417/417 591/591/591
f 595/595/595 598/598/598 591/591/591
f 589/589/589 420/420/420 422/422/422
f 599/599/599 419/419/419 598/598/598
f 422/422/422 597/597/597 589/589/589
f 595/595/595 599/599/599 598/598/598
f 422/422/422 600/600/600 597/597/597
f 601/601/601 599/599/599 595/595/595
f 602/602/602 594/594/594 597/597/597
f 603/603/603 596/596/596 593/593/593
f 599/599/599 426/426/426 419/419/419
f 436/436/436 422/422/422 421/421/421
f 601/601/601 595/595/595 604/604/604
f 595/595/595 596/596/596 603/603/603
f 599/599/599 605/605/605 426/426/426
f 600/600/600 422/422/422 436/436/436
f 601/601/601 605/605/605 599/599/599
f 602/602/602 597/597/597 606/606/606
f 607/607/607 604/604/604 595/595/595
f 603/603/603 607/607/607 595/595/595
f 605/605/605 437/437/437 426/426/426
f 605/605/605 601/601/601 608/608/608
f 601/601/601 609/609/609 608/608/608
f 606/606/606 597/597/597 600/600/600
f 604/604/604 609/609/609 601/601/601
f 600/600/600 610/610/610 606/606/606
f 608/608/608 437/437/437 605/605/605
f 436/436/436 610/610/610 600/600/600
f 611/611/611 609/609/609 604/604/604
f 612/612/612 613/613/613 614/614/614
f 607/607/607 603/603/603 615/615/615
f 615/615/615 603/603/603 593/593/593
f 609/609/609 616/616/616 608/608/608
f 611/611/611 616/616/616 609/609/609
f 606/606/606 617/617/617 602/602/602
f 618/618/618 611/611/611 604/604/604
f 607/607/607 618/618/618 604/604/604
f 619/619/619 607/607/607 615/615/615
f 437/437/437 608/608/608 441/441/441
f 606/606/606 620/620/620 617/617/617
f 614/614/614 621/621/621 612/612/612
f 618/618/618 607/607/607 619/619/619
f 615/615/615 622/622/622 623/623/623
f 616/616/616 39/39/39 608/608/608
f 42/42/42 616/616/616 611/611/611
f 624/624/624 611/611/611 618/618/618
f 625/625/625 626/626/626 627/627/627
f 628/628/628 626/626/626 625/625/625
f 629/629/629 625/625/625 630/630/630
f 628/628/628 625/625/625 629/629/629
f 608/608/608 41/41/41 441/441/441
f 631/631/631 612/612/612 621/621/621
f 611/611/611 44/44/44 42/42/42
f 611/611/611 624/624/624 44/44/44
f 632/632/632 618/618/618 619/619/619
f 626/626/626 633/633/633 627/627/627
f 625/625/625 627/627/627 634/634/634
f 635/635/635 626/626/626 636/636/636
f 625/625/625 634/634/634 630/630/630
f 636/636/636 637/637/637 635/635/635
f 626/626/626 628/628/628 636/636/636
f 638/638/638 630/630/630 639/639/639
f 629/629/629 630/630/630 638/638/638
f 637/637/637 636/636/636 628/628/628
f 628/628/628 629/629/629 638/638/638
f 640/640/640 628/628/628 638/638/638
f 638/638/638 641/641/641 642/642/642
f 608/608/608 39/39/39 41/41/41
f 616/616/616 42/42/42 39/39/39
f 643/643/643 623/623/623 644/644/644
f 624/624/624 618/618/618 632/632/632
f 626/626/626 645/645/645 633/633/633
f 626/626/626 646/646/646 645/645/645
f 635/635/635 647/647/647 646/646/646
f 626/626/626 635/635/635 646/646/646
f 637/637/637 648/648/648 635/635/635
f 649/649/649 638/638/638 639/639/639
f 650/650/650 637/637/637 628/628/628
f 640/640/640 650/650/650 628/628/628
f 641/641/641 638/638/638 649/649/649
f 641/641/641 649/649/649 651/651/651
f 638/638/638 642/642/642 640/640/640
f 652/652/652 621/621/621 653/653/653
f 615/615/615 623/623/623 645/645/645
f 627/627/627 633/633/633 654/654/654
f 627/627/627 654/654/654 655/655/655
f 646/646/646 619/619/619 645/645/645
f 647/647/647 619/619/619 646/646/646
f 634/634/634 627/627/627 655/655/655
f 630/630/630 634/634/634 656/656/656
f 630/630/630 656/656/656 639/639/639
f 657/657/657 647/647/647 648/648/648
f 648/648/648 647/647/647 635/635/635
f 658/658/658 637/637/637 650/650/650
f 650/650/650 659/659/659 658/658/658
f 659/659/659 650/650/650 640/640/640
f 642/642/642 641/641/641 660/660/660
f 660/660/660 641/641/641 651/651/651
f 661/661/661 662/662/662 458/458/458
f 652/652/652 631/631/631 621/621/621
f 633/633/633 623/623/623 643/643/643
f 645/645/645 623/623/623 633/633/633
f 645/645/645 619/619/619 615/615/615
f 663/663/663 647/647/647 657/657/657
f 664/664/664 663/663/663 657/657/657
f 648/648/648 664/664/664 657/657/657
f 648/648/648 658/658/658 665/665/665
f 658/658/658 648/648/648 637/637/637
f 666/666/666 659/659/659 640/640/640
f 461/461/461 661/661/661 458/458/458
f 461/461/461 667/667/667 661/661/661
f 633/633/633 643/643/643 654/654/654
f 647/647/647 632/632/632 619/619/619
f 668/668/668 632/632/632 647/647/647
f 663/663/663 668/668/668 647/647/647
f 656/656/656 669/669/669 639/639/639
f 624/624/624 632/632/632 668/668/668
f 634/634/634 655/655/655 656/656/656
f 670/670/670 668/668/668 663/663/663
f 665/665/665 664/664/664 648/648/648
f 671/671/671 658/658/658 659/659/659
f 672/672/672 667/667/667 461/461/461
f 673/673/673 667/667/667 672/672/672
f 654/654/654 643/643/643 674/674/674
f 675/675/675 44/44/44 624/624/624
f 655/655/655 654/654/654 676/676/676
f 656/656/656 655/655/655 669/669/669
f 670/670/670 675/675/675 668/668/668
f 677/677/677 663/663/663 664/664/664
f 678/678/678 665/665/665 658/658/658
f 658/658/658 671/671/671 678/678/678
f 674/674/674 676/676/676 654/654/654
f 675/675/675 624/624/624 668/668/668
f 679/679/679 670/670/670 663/663/663
f 677/677/677 679/679/679 663/663/663
f 665/665/665 677/677/677 664/664/664
f 680/680/680 669/669/669 655/655/655
f 679/679/679 63/63/63 670/670/670
f 652/652/652 653/653/653 681/681/681
f 67/67/67 45/45/45 44/44/44
f 44/44/44 675/675/675 67/67/67
f 655/655/655 676/676/676 682/682/682
f 683/683/683 675/675/675 670/670/670
f 63/63/63 683/683/683 670/670/670
f 665/665/665 684/684/684 677/677/677
f 665/665/665 685/685/685 684/684/684
f 665/665/665 678/678/678 685/685/685
f 682/682/682 680/680/680 655/655/655
f 67/67/67 675/675/675 683/683/683
f 69/69/69 63/63/63 679/679/679
f 686/686/686 679/679/679 677/677/677
f 684/684/684 686/686/686 677/677/677
f 65/65/65 683/683/683 63/63/63
f 687/687/687 684/684/684 685/685/685
f 67/67/67 683/683/683 65/65/65
f 69/69/69 64/64/64 63/63/63
f 679/679/679 686/686/686 69/69/69
f 684/684/684 688/688/688 686/686/686
f 687/687/687 688/688/688 684/684/684
f 689/689/689 673/673/673 690/690/690
f 691/691/691 680/680/680 682/682/682
f 686/686/686 71/71/71 69/69/69
f 688/688/688 71/71/71 686/686/686
f 673/673/673 672/672/672 690/690/690
f 692/692/692 682/682/682 676/676/676
f 676/676/676 693/693/693 692/692/692
f 682/682/682 692/692/692 691/691/691
f 477/477/477 672/672/672 461/461/461
f 477/477/477 690/690/690 672/672/672
f 694/694/694 695/695/695 696/696/696
f 460/460/460 477/477/477 461/461/461
f 697/697/697 690/690/690 477/477/477
f 460/460/460 464/464/464 477/477/477
f 698/698/698 697/697/697 477/477/477
f 477/477/477 476/476/476 699/699/699
f 477/477/477 699/699/699 698/698/698
f 700/700/700 701/701/701 702/702/702
f 476/476/476 703/703/703 699/699/699
f 482/482/482 703/703/703 476/476/476
f 704/704/704 700/700/700 705/705/705
f 706/706/706 704/704/704 705/705/705
f 488/488/488 703/703/703 482/482/482
f 707/707/707 700/700/700 704/704/704
f 708/708/708 701/701/701 700/700/700
f 709/709/709 704/704/704 706/706/706
f 707/707/707 708/708/708 700/700/700
f 710/710/710 706/706/706 711/711/711
f 710/710/710 709/709/709 706/706/706
f 712/712/712 713/713/713 714/714/714
f 704/704/704 715/715/715 707/707/707
f 713/713/713 712/712/712 493/493/493
f 709/709/709 715/715/715 704/704/704
f 709/709/709 716/716/716 715/715/715
f 710/710/710 716/716/716 709/709/709
f 717/717/717 493/493/493 500/500/500
f 718/718/718 719/719/719 710/710/710
f 710/710/710 719/719/719 716/716/716
f 707/707/707 720/720/720 708/708/708
f 503/503/503 505/505/505 500/500/500
f 721/721/721 720/720/720 707/707/707
f 506/506/506 501/501/501 125/125/125
f 722/722/722 500/500/500 505/505/505
f 723/723/723 719/719/719 718/718/718
f 724/724/724 716/716/716 719/719/719
f 724/724/724 715/715/715 716/716/716
f 715/715/715 721/721/721 707/707/707
f 722/722/722 505/505/505 504/504/504
f 125/125/125 140/140/140 506/506/506
f 725/725/725 723/723/723 718/718/718
f 506/506/506 726/726/726 504/504/504
f 504/504/504 726/726/726 722/722/722
f 140/140/140 727/727/727 506/506/506
f 726/726/726 728/728/728 722/722/722
f 728/728/728 726/726/726 506/506/506
f 729/729/729 724/724/724 719/719/719
f 727/727/727 728/728/728 506/506/506
f 724/724/724 730/730/730 715/715/715
f 723/723/723 729/729/729 719/719/719
f 731/731/731 732/732/732 725/725/725
f 733/733/733 734/734/734 731/731/731
f 151/151/151 735/735/735 152/152/152
f 732/732/732 723/723/723 725/725/725
f 731/731/731 734/734/734 732/732/732
f 715/715/715 730/730/730 721/721/721
f 736/736/736 723/723/723 732/732/732
f 737/737/737 730/730/730 724/724/724
f 734/734/734 736/736/736 732/732/732
f 151/151/151 738/738/738 735/735/735
f 735/735/735 738/738/738 733/733/733
f 739/739/739 729/729/729 723/723/723
f 729/729/729 740/740/740 724/724/724
f 740/740/740 737/737/737 724/724/724
f 736/736/736 739/739/739 723/723/723
f 741/741/741 734/734/734 733/733/733
f 742/742/742 721/721/721 730/730/730
f 743/743/743 736/736/736 734/734/734
f 151/151/151 186/186/186 738/738/738
f 737/737/737 742/742/742 730/730/730
f 739/739/739 744/744/744 729/729/729
f 741/741/741 743/743/743 734/734/734
f 738/738/738 741/741/741 733/733/733
f 744/744/744 740/740/740 729/729/729
f 740/740/740 745/745/745 737/737/737
f 721/721/721 742/742/742 746/746/746
f 186/186/186 741/741/741 738/738/738
f 736/736/736 747/747/747 739/739/739
f 747/747/747 748/748/748 739/739/739
f 748/748/748 744/744/744 739/739/739
f 745/745/745 742/742/742 737/737/737
f 741/741/741 749/749/749 743/743/743
f 743/743/743 749/749/749 736/736/736
f 749/749/749 747/747/747 736/736/736
f 195/195/195 228/228/228 186/186/186
f 744/744/744 750/750/750 740/740/740
f 740/740/740 750/750/750 745/745/745
f 742/742/742 751/751/751 746/746/746
f 745/745/745 752/752/752 742/742/742
f 753/753/753 747/747/747 749/749/749
f 741/741/741 186/186/186 754/754/754
f 752/752/752 751/751/751 742/742/742
f 755/755/755 748/748/748 747/747/747
f 228/228/228 754/754/754 186/186/186
f 756/756/756 741/741/741 754/754/754
f 756/756/756 749/749/749 741/741/741
f 753/753/753 755/755/755 747/747/747
f 748/748/748 757/757/757 744/744/744
f 757/757/757 750/750/750 744/744/744
f 745/745/745 758/758/758 752/752/752
f 759/759/759 753/753/753 749/749/749
f 507/507/507 509/509/509 760/760/760
f 761/761/761 760/760/760 512/512/512
f 760/760/760 509/509/509 510/510/510
f 762/762/762 763/763/763 507/507/507
f 750/750/750 764/764/764 745/745/745
f 758/758/758 751/751/751 752/752/752
f 760/760/760 510/510/510 512/512/512
f 763/763/763 508/508/508 507/507/507
f 512/512/512 765/765/765 761/761/761
f 764/764/764 758/758/758 745/745/745
f 748/748/748 755/755/755 757/757/757
f 757/757/757 764/764/764 750/750/750
f 758/758/758 766/766/766 751/751/751
f 765/765/765 512/512/512 513/513/513
f 513/513/513 528/528/528 765/765/765
f 764/764/764 767/767/767 758/758/758
f 528/528/528 513/513/513 523/523/523
f 768/768/768 769/769/769 528/528/528
f 766/766/766 758/758/758 770/770/770
f 771/771/771 764/764/764 757/757/757
f 767/767/767 770/770/770 758/758/758
f 771/771/771 767/767/767 764/764/764
f 528/528/528 772/772/772 773/773/773
f 772/772/772 528/528/528 527/527/527
f 767/767/767 774/774/774 770/770/770
f 527/527/527 536/536/536 772/772/772
f 771/771/771 775/775/775 767/767/767
f 770/770/770 774/774/774 776/776/776
f 774/774/774 767/767/767 775/775/775
f 536/536/536 777/777/777 772/772/772
f 774/774/774 778/778/778 776/776/776
f 536/536/536 545/545/545 777/777/777
f 779/779/779 774/774/774 775/775/775
f 539/539/539 545/545/545 536/536/536
f 780/780/780 777/777/777 545/545/545
f 778/778/778 781/781/781 776/776/776
f 782/782/782 783/783/783 545/545/545
f 784/784/784 785/785/785 786/786/786
f 784/784/784 787/787/787 785/785/785
f 784/784/784 788/788/788 787/787/787
f 789/789/789 790/790/790 791/791/791
f 792/792/792 793/793/793 785/785/785
f 794/794/794 787/787/787 788/788/788
f 309/309/309 310/310/310 795/795/795
f 785/785/785 787/787/787 794/794/794
f 796/796/796 310/310/310 797/797/797
f 794/794/794 788/788/788 575/575/575
f 798/798/798 789/789/789 791/791/791
f 795/795/795 315/315/315 309/309/309
f 310/310/310 796/796/796 795/795/795
f 791/791/791 799/799/799 798/798/798
f 800/800/800 792/792/792 785/785/785
f 798/798/798 801/801/801 789/789/789
f 323/323/323 315/315/315 802/802/802
f 315/315/315 795/795/795 802/802/802
f 802/802/802 795/795/795 803/803/803
f 325/325/325 804/804/804 308/308/308
f 805/805/805 323/323/323 802/802/802
f 803/803/803 795/795/795 796/796/796
f 806/806/806 796/796/796 807/807/807
f 804/804/804 326/326/326 308/308/308
f 323/323/323 805/805/805 325/325/325
f 803/803/803 796/796/796 806/806/806
f 806/806/806 807/807/807 808/808/808
f 809/809/809 810/810/810 811/811/811
f 812/812/812 804/804/804 325/325/325
f 813/813/813 785/785/785 794/794/794
f 800/800/800 785/785/785 813/813/813
f 814/814/814 798/798/798 799/799/799
f 815/815/815 808/808/808 816/816/816
f 812/812/812 325/325/325 805/805/805
f 817/817/817 805/805/805 803/803/803
f 802/802/802 803/803/803 805/805/805
f 803/803/803 806/806/806 818/818/818
f 818/818/818 806/806/806 808/808/808
f 818/818/818 808/808/808 815/815/815
f 327/327/327 568/568/568 328/328/328
f 819/819/819 814/814/814 799/799/799
f 798/798/798 820/820/820 801/801/801
f 821/821/821 812/812/812 822/822/822
f 812/812/812 805/805/805 822/822/822
f 801/801/801 823/823/823 824/824/824
f 805/805/805 817/817/817 822/822/822
f 825/825/825 803/803/803 818/818/818
f 815/815/815 816/816/816 826/826/826
f 794/794/794 575/575/575 577/577/577
f 827/827/827 828/828/828 810/810/810
f 829/829/829 819/819/819 799/799/799
f 804/804/804 812/812/812 821/821/821
f 830/830/830 798/798/798 814/814/814
f 821/821/821 822/822/822 831/831/831
f 823/823/823 801/801/801 820/820/820
f 817/817/817 803/803/803 825/825/825
f 818/818/818 815/815/815 826/826/826
f 826/826/826 832/832/832 833/833/833
f 326/326/326 804/804/804 834/834/834
f 829/829/829 835/835/835 819/819/819
f 831/831/831 836/836/836 821/821/821
f 814/814/814 819/819/819 830/830/830
f 820/820/820 798/798/798 830/830/830
f 822/822/822 837/837/837 831/831/831
f 822/822/822 817/817/817 837/837/837
f 818/818/818 826/826/826 838/838/838
f 834/834/834 804/804/804 821/821/821
f 835/835/835 839/839/839 840/840/840
f 819/819/819 835/835/835 841/841/841
f 836/836/836 831/831/831 840/840/840
f 831/831/831 842/842/842 840/840/840
f 837/837/837 817/817/817 843/843/843
f 817/817/817 825/825/825 843/843/843
f 843/843/843 825/825/825 844/844/844
f 825/825/825 818/818/818 844/844/844
f 818/818/818 838/838/838 844/844/844
f 826/826/826 845/845/845 838/838/838
f 826/826/826 833/833/833 845/845/845
f 813/813/813 846/846/846 800/800/800
f 830/830/830 819/819/819 841/841/841
f 840/840/840 847/847/847 835/835/835
f 840/840/840 842/842/842 847/847/847
f 831/831/831 837/837/837 842/842/842
f 837/837/837 843/843/843 842/842/842
f 848/848/848 843/843/843 844/844/844
f 844/844/844 838/838/838 849/849/849
f 850/850/850 833/833/833 851/851/851
f 852/852/852 853/853/853 854/854/854
f 853/853/853 855/855/855 854/854/854
f 813/813/813 794/794/794 577/577/577
f 568/568/568 327/327/327 856/856/856
f 828/828/828 857/857/857 810/810/810
f 834/834/834 330/330/330 326/326/326
f 839/839/839 835/835/835 829/829/829
f 835/835/835 847/847/847 858/858/858
f 835/835/835 858/858/858 841/841/841
f 830/830/830 859/859/859 820/820/820
f 842/842/842 848/848/848 847/847/847
f 842/842/842 843/843/843 848/848/848
f 848/848/848 844/844/844 849/849/849
f 849/849/849 838/838/838 845/845/845
f 860/860/860 853/853/853 852/852/852
f 845/845/845 833/833/833 861/861/861
f 851/851/851 855/855/855 850/850/850
f 850/850/850 855/855/855 853/853/853
f 856/856/856 327/327/327 329/329/329
f 856/856/856 329/329/329 862/862/862
f 329/329/329 330/330/330 862/862/862
f 862/862/862 330/330/330 834/834/834
f 836/836/836 840/840/840 863/863/863
f 830/830/830 841/841/841 859/859/859
f 841/841/841 858/858/858 859/859/859
f 848/848/848 858/858/858 847/847/847
f 859/859/859 864/864/864 820/820/820
f 820/820/820 864/864/864 823/823/823
f 848/848/848 849/849/849 858/858/858
f 823/823/823 864/864/864 860/860/860
f 858/858/858 849/849/849 845/845/845
f 858/858/858 845/845/845 865/865/865
f 845/845/845 861/861/861 865/865/865
f 864/864/864 866/866/866 860/860/860
f 861/861/861 850/850/850 864/864/864
f 864/864/864 850/850/850 866/866/866
f 860/860/860 866/866/866 853/853/853
f 850/850/850 861/861/861 833/833/833
f 866/866/866 850/850/850 853/853/853
f 867/867/867 846/846/846 813/813/813
f 868/868/868 857/857/857 828/828/828
f 840/840/840 869/869/869 863/863/863
f 840/840/840 839/839/839 869/869/869
f 859/859/859 858/858/858 865/865/865
f 859/859/859 865/865/865 864/864/864
f 865/865/865 861/861/861 864/864/864
f 834/834/834 821/821/821 870/870/870
f 870/870/870 821/821/821 836/836/836
f 871/871/871 568/568/568 856/856/856
f 872/872/872 873/873/873 874/874/874
f 862/862/862 834/834/834 875/875/875
f 836/836/836 863/863/863 870/870/870
f 568/568/568 871/871/871 572/572/572
f 862/862/862 875/875/875 856/856/856
f 870/870/870 875/875/875 834/834/834
f 876/876/876 870/870/870 863/863/863
f 871/871/871 856/856/856 875/875/875
f 875/875/875 870/870/870 876/876/876
f 871/871/871 579/579/579 572/572/572
f 871/871/871 875/875/875 877/877/877
f 839/839/839 878/878/878 869/869/869
f 879/879/879 880/880/880 857/857/857
f 877/877/877 875/875/875 876/876/876
f 876/876/876 863/863/863 881/881/881
f 863/863/863 869/869/869 881/881/881
f 882/882/882 857/857/857 868/868/868
f 871/871/871 877/877/877 579/579/579
f 883/883/883 884/884/884 585/585/585
f 883/883/883 885/885/885 884/884/884
f 882/882/882 886/886/886 857/857/857
f 857/857/857 886/886/886 879/879/879
f 579/579/579 877/877/877 887/887/887
f 877/877/877 888/888/888 887/887/887
f 877/877/877 876/876/876 888/888/888
f 876/876/876 881/881/881 888/888/888
f 885/885/885 889/889/889 890/890/890
f 881/881/881 869/869/869 878/878/878
f 587/587/587 579/579/579 887/887/887
f 883/883/883 889/889/889 885/885/885
f 888/888/888 881/881/881 878/878/878
f 580/580/580 587/587/587 588/588/588
f 585/585/585 582/582/582 883/883/883
f 891/891/891 587/587/587 887/887/887
f 587/587/587 891/891/891 588/588/588
f 582/582/582 892/892/892 883/883/883
f 887/887/887 888/888/888 891/891/891
f 891/891/891 888/888/888 893/893/893
f 893/893/893 888/888/888 878/878/878
f 588/588/588 894/894/894 586/586/586
f 586/586/586 894/894/894 582/582/582
f 893/893/893 582/582/582 894/894/894
f 893/893/893 892/892/892 582/582/582
f 894/894/894 588/588/588 893/893/893
f 588/588/588 891/891/891 893/893/893
f 892/892/892 889/889/889 883/883/883
f 893/893/893 889/889/889 892/892/892
f 893/893/893 895/895/895 889/889/889
f 893/893/893 878/878/878 895/895/895
f 895/895/895 896/896/896 889/889/889
f 895/895/895 878/878/878 896/896/896
f 897/897/897 642/642/642 660/660/660
f 898/898/898 666/666/666 640/640/640
f 898/898/898 640/640/640 642/642/642
f 642/642/642 897/897/897 898/898/898
f 666/666/666 899/899/899 659/659/659
f 900/900/900 897/897/897 660/660/660
f 659/659/659 899/899/899 671/671/671
f 897/897/897 900/900/900 898/898/898
f 901/901/901 678/678/678 671/671/671
f 899/899/899 666/666/666 898/898/898
f 899/899/899 902/902/902 671/671/671
f 899/899/899 898/898/898 903/903/903
f 904/904/904 685/685/685 678/678/678
f 901/901/901 904/904/904 678/678/678
f 905/905/905 904/904/904 901/901/901
f 671/671/671 902/902/902 901/901/901
f 903/903/903 898/898/898 906/906/906
f 906/906/906 898/898/898 900/900/900
f 902/902/902 899/899/899 903/903/903
f 904/904/904 687/687/687 685/685/685
f 907/907/907 687/687/687 904/904/904
f 902/902/902 905/905/905 901/901/901
f 904/904/904 905/905/905 907/907/907
f 902/902/902 908/908/908 905/905/905
f 902/902/902 909/909/909 908/908/908
f 903/903/903 909/909/909 902/902/902
f 910/910/910 906/906/906 900/900/900
f 911/911/911 688/688/688 687/687/687
f 912/912/912 903/903/903 906/906/906
f 910/910/910 900/900/900 913/913/913
f 906/906/906 910/910/910 914/914/914
f 688/688/688 911/911/911 71/71/71
f 907/907/907 915/915/915 687/687/687
f 905/905/905 916/916/916 907/907/907
f 909/909/909 903/903/903 917/917/917
f 912/912/912 917/917/917 903/903/903
f 912/912/912 906/906/906 914/914/914
f 915/915/915 907/907/907 916/916/916
f 916/916/916 905/905/905 908/908/908
f 911/911/911 687/687/687 918/918/918
f 916/916/916 908/908/908 919/919/919
f 909/909/909 920/920/920 908/908/908
f 919/919/919 908/908/908 920/920/920
f 913/913/913 921/921/921 910/910/910
f 915/915/915 918/918/918 687/687/687
f 917/917/917 920/920/920 909/909/909
f 913/913/913 922/922/922 921/921/921
f 923/923/923 920/920/920 917/917/917
f 910/910/910 924/924/924 914/914/914
f 910/910/910 921/921/921 924/924/924
f 911/911/911 331/331/331 71/71/71
f 919/919/919 925/925/925 916/916/916
f 911/911/911 918/918/918 331/331/331
f 926/926/926 919/919/919 920/920/920
f 920/920/920 923/923/923 927/927/927
f 928/928/928 912/912/912 914/914/914
f 929/929/929 915/915/915 916/916/916
f 925/925/925 929/929/929 916/916/916
f 926/926/926 925/925/925 919/919/919
f 926/926/926 920/920/920 927/927/927
f 918/918/918 915/915/915 930/930/930
f 915/915/915 929/929/929 930/930/930
f 923/923/923 917/917/917 912/912/912
f 923/923/923 912/912/912 928/928/928
f 928/928/928 914/914/914 931/931/931
f 932/932/932 921/921/921 922/922/922
f 924/924/924 921/921/921 932/932/932
f 914/914/914 924/924/924 931/931/931
f 335/335/335 331/331/331 918/918/918
f 933/933/933 923/923/923 928/928/928
f 930/930/930 335/335/335 918/918/918
f 934/934/934 928/928/928 931/931/931
f 935/935/935 925/925/925 926/926/926
f 923/923/923 933/933/933 927/927/927
f 934/934/934 933/933/933 928/928/928
f 936/936/936 937/937/937 938/938/938
f 937/937/937 939/939/939 940/940/940
f 941/941/941 942/942/942 943/943/943
f 944/944/944 945/945/945 940/940/940
f 946/946/946 947/947/947 937/937/937
f 948/948/948 949/949/949 950/950/950
f 950/950/950 951/951/951 948/948/948
f 952/952/952 951/951/951 953/953/953
f 344/344/344 954/954/954 955/955/955
f 946/946/946 937/937/937 956/956/956
f 940/940/940 957/957/957 937/937/937
f 945/945/945 958/958/958 940/940/940
f 959/959/959 950/950/950 949/949/949
f 950/950/950 953/953/953 951/951/951
f 960/960/960 961/961/961 344/344/344
f 937/937/937 957/957/957 956/956/956
f 962/962/962 945/945/945 952/952/952
f 344/344/344 947/947/947 946/946/946
f 962/962/962 958/958/958 945/945/945
f 952/952/952 953/953/953 962/962/962
f 956/956/956 963/963/963 946/946/946
f 957/957/957 940/940/940 964/964/964
f 965/965/965 950/950/950 966/966/966
f 964/964/964 940/940/940 958/958/958
f 967/967/967 344/344/344 946/946/946
f 968/968/968 956/956/956 957/957/957
f 968/968/968 957/957/957 964/964/964
f 969/969/969 964/964/964 958/958/958
f 962/962/962 969/969/969 958/958/958
f 950/950/950 970/970/970 953/953/953
f 963/963/963 967/967/967 946/946/946
f 968/968/968 963/963/963 956/956/956
f 971/971/971 950/950/950 965/965/965
f 953/953/953 972/972/972 962/962/962
f 970/970/970 950/950/950 971/971/971
f 970/970/970 972/972/972 953/953/953
f 967/967/967 347/347/347 344/344/344
f 973/973/973 967/967/967 963/963/963
f 968/968/968 973/973/973 963/963/963
f 972/972/972 974/974/974 962/962/962
f 975/975/975 968/968/968 964/964/964
f 970/970/970 976/976/976 972/972/972
f 971/971/971 965/965/965 977/977/977
f 353/353/353 347/347/347 967/967/967
f 974/974/974 969/969/969 962/962/962
f 971/971/971 978/978/978 970/970/970
f 978/978/978 971/971/971 977/977/977
f 353/353/353 967/967/967 973/973/973
f 979/979/979 975/975/975 964/964/964
f 980/980/980 964/964/964 969/969/969
f 978/978/978 976/976/976 970/970/970
f 981/981/981 973/973/973 968/968/968
f 975/975/975 981/981/981 968/968/968
f 979/979/979 964/964/964 980/980/980
f 982/982/982 969/969/969 974/974/974
f 974/974/974 972/972/972 983/983/983
f 969/969/969 982/982/982 980/980/980
f 976/976/976 983/983/983 972/972/972
f 984/984/984 976/976/976 978/978/978
f 985/985/985 973/973/973 981/981/981
f 986/986/986 978/978/978 977/977/977
f 985/985/985 353/353/353 973/973/973
f 987/987/987 979/979/979 980/980/980
f 974/974/974 983/983/983 982/982/982
f 988/988/988 975/975/975 979/979/979
f 984/984/984 978/978/978 986/986/986
f 984/984/984 983/983/983 976/976/976
f 989/989/989 980/980/980 982/982/982
f 990/990/990 982/982/982 983/983/983
f 364/364/364 356/356/356 353/353/353
f 985/985/985 981/981/981 991/991/991
f 988/988/988 991/991/991 981/981/981
f 988/988/988 981/981/981 975/975/975
f 989/989/989 987/987/987 980/980/980
f 985/985/985 364/364/364 353/353/353
f 990/990/990 989/989/989 982/982/982
f 992/992/992 990/990/990 983/983/983
f 987/987/987 988/988/988 979/979/979
f 992/992/992 983/983/983 984/984/984
f 993/993/993 987/987/987 989/989/989
f 994/994/994 984/984/984 986/986/986
f 995/995/995 364/364/364 985/985/985
f 991/991/991 995/995/995 985/985/985
f 993/993/993 988/988/988 987/987/987
f 994/994/994 992/992/992 984/984/984
f 996/996/996 991/991/991 988/988/988
f 997/997/997 989/989/989 990/990/990
f 998/998/998 994/994/994 986/986/986
f 996/996/996 995/995/995 991/991/991
f 996/996/996 988/988/988 993/993/993
f 997/997/997 993/993/993 989/989/989
f 995/995/995 362/362/362 364/364/364
f 999/999/999 993/993/993 997/997/997
f 1000/1000/1000 997/997/997 990/990/990
f 1001/1001/1001 1000/1000/1000 990/990/990
f 1001/1001/1001 990/990/990 992/992/992
f 1002/1002/1002 994/994/994 998/998/998
f 1003/1003/1003 362/362/362 995/995/995
f 999/999/999 1004/1004/1004 993/993/993
f 1005/1005/1005 992/992/992 994/994/994
f 1006/1006/1006 995/995/995 996/996/996
f 1004/1004/1004 996/996/996 993/993/993
f 1001/1001/1001 992/992/992 1005/1005/1005
f 1002/1002/1002 1005/1005/1005 994/994/994
f 1003/1003/1003 374/374/374 362/362/362
f 1000/1000/1000 999/999/999 997/997/997
f 1003/1003/1003 995/995/995 1006/1006/1006
f 1007/1007/1007 1006/1006/1006 996/996/996
f 1004/1004/1004 1007/1007/1007 996/996/996
f 374/374/374 1003/1003/1003 1008/1008/1008
f 999/999/999 1009/1009/1009 1004/1004/1004
f 1010/1010/1010 999/999/999 1000/1000/1000
f 1008/1008/1008 1003/1003/1003 1006/1006/1006
f 1011/1011/1011 1010/1010/1010 1000/1000/1000
f 1001/1001/1001 1011/1011/1011 1000/1000/1000
f 1012/1012/1012 1001/1001/1001 1005/1005/1005
f 1009/1009/1009 999/999/999 1010/1010/1010
f 1012/1012/1012 1011/1011/1011 1001/1001/1001
f 1009/1009/1009 1007/1007/1007 1004/1004/1004
f 380/380/380 374/374/374 1008/1008/1008
f 1007/1007/1007 1013/1013/1013 1006/1006/1006
f 1005/1005/1005 1002/1002/1002 1014/1014/1014
f 1005/1005/1005 1014/1014/1014 1012/1012/1012
f 1009/1009/1009 1015/1015/1015 1007/1007/1007
f 380/380/380 1008/1008/1008 1016/1016/1016
f 1006/1006/1006 1017/1017/1017 1008/1008/1008
f 1015/1015/1015 1013/1013/1013 1007/1007/1007
f 1011/1011/1011 1018/1018/1018 1010/1010/1010
f 1019/1019/1019 1011/1011/1011 1012/1012/1012
f 1013/1013/1013 1017/1017/1017 1006/1006/1006
f 1017/1017/1017 1016/1016/1016 1008/1008/1008
f 1020/1020/1020 1015/1015/1015 1009/1009/1009
f 1002/1002/1002 1021/1021/1021 1014/1014/1014
f 1019/1019/1019 1018/1018/1018 1011/1011/1011
f 1021/1021/1021 1002/1002/1002 1022/1022/1022
f 1010/1010/1010 1023/1023/1023 1009/1009/1009
f 1023/1023/1023 1010/1010/1010 1018/1018/1018
f 1019/1019/1019 1012/1012/1012 1014/1014/1014
f 1023/1023/1023 1020/1020/1020 1009/1009/1009
f 1016/1016/1016 387/387/387 380/380/380
f 1020/1020/1020 1013/1013/1013 1015/1015/1015
f 1018/1018/1018 1024/1024/1024 1023/1023/1023
f 1024/1024/1024 1018/1018/1018 1019/1019/1019
f 1017/1017/1017 1025/1025/1025 1016/1016/1016
f 1026/1026/1026 1017/1017/1017 1013/1013/1013
f 1021/1021/1021 1027/1027/1027 1014/1014/1014
f 1016/1016/1016 1028/1028/1028 387/387/387
f 1027/1027/1027 1029/1029/1029 1014/1014/1014
f 1025/1025/1025 1028/1028/1028 1016/1016/1016
f 1023/1023/1023 1024/1024/1024 1030/1030/1030
f 1019/1019/1019 1031/1031/1031 1024/1024/1024
f 1029/1029/1029 1019/1019/1019 1014/1014/1014
f 1013/1013/1013 1032/1032/1032 1026/1026/1026
f 1020/1020/1020 1032/1032/1032 1013/1013/1013
f 1033/1033/1033 1032/1032/1032 1020/1020/1020
f 1033/1033/1033 1020/1020/1020 1023/1023/1023
f 1030/1030/1030 1024/1024/1024 1031/1031/1031
f 1027/1027/1027 1021/1021/1021 1034/1034/1034
f 1029/1029/1029 1031/1031/1031 1019/1019/1019
f 1023/1023/1023 1030/1030/1030 1033/1033/1033
f 1026/1026/1026 1025/1025/1025 1017/1017/1017
f 1021/1021/1021 1035/1035/1035 1034/1034/1034
f 1028/1028/1028 395/395/395 387/387/387
f 1034/1034/1034 1029/1029/1029 1027/1027/1027
f 1025/1025/1025 1036/1036/1036 1028/1028/1028
f 1028/1028/1028 1036/1036/1036 395/395/395
f 1030/1030/1030 1037/1037/1037 1033/1033/1033
f 1030/1030/1030 1031/1031/1031 1038/1038/1038
f 1039/1039/1039 1034/1034/1034 1035/1035/1035
f 1032/1032/1032 1040/1040/1040 1026/1026/1026
f 1026/1026/1026 1041/1041/1041 1025/1025/1025
f 1025/1025/1025 1041/1041/1041 1036/1036/1036
f 1030/1030/1030 1038/1038/1038 1037/1037/1037
f 1029/1029/1029 1042/1042/1042 1031/1031/1031
f 1040/1040/1040 1041/1041/1041 1026/1026/1026
f 1033/1033/1033 1037/1037/1037 1043/1043/1043
f 1043/1043/1043 1032/1032/1032 1033/1033/1033
f 1043/1043/1043 1040/1040/1040 1032/1032/1032
f 1042/1042/1042 1038/1038/1038 1031/1031/1031
f 1034/1034/1034 1042/1042/1042 1029/1029/1029
f 1036/1036/1036 400/400/400 395/395/395
f 1041/1041/1041 1044/1044/1044 1036/1036/1036
f 1036/1036/1036 1045/1045/1045 400/400/400
f 1034/1034/1034 1046/1046/1046 1042/1042/1042
f 1044/1044/1044 1045/1045/1045 1036/1036/1036
f 1039/1039/1039 1046/1046/1046 1034/1034/1034
f 1037/1037/1037 1047/1047/1047 1043/1043/1043
f 1037/1037/1037 1038/1038/1038 1048/1048/1048
f 1049/1049/1049 1041/1041/1041 1040/1040/1040
f 1043/1043/1043 1049/1049/1049 1040/1040/1040
f 1047/1047/1047 1049/1049/1049 1043/1043/1043
f 1050/1050/1050 414/414/414 1051/1051/1051
f 1049/1049/1049 1052/1052/1052 1041/1041/1041
f 1048/1048/1048 1047/1047/1047 1037/1037/1037
f 1038/1038/1038 1053/1053/1053 1048/1048/1048
f 1038/1038/1038 1042/1042/1042 1053/1053/1053
f 1046/1046/1046 1039/1039/1039 1054/1054/1054
f 1047/1047/1047 1048/1048/1048 1055/1055/1055
f 1044/1044/1044 1041/1041/1041 1052/1052/1052
f 1042/1042/1042 1046/1046/1046 1056/1056/1056
f 1056/1056/1056 1053/1053/1053 1042/1042/1042
f 1055/1055/1055 1049/1049/1049 1047/1047/1047
f 1048/1048/1048 1057/1057/1057 1055/1055/1055
f 1053/1053/1053 1057/1057/1057 1048/1048/1048
f 1058/1058/1058 1059/1059/1059 1060/1060/1060
f 1060/1060/1060 1061/1061/1061 1058/1058/1058
f 1062/1062/1062 1056/1056/1056 1046/1046/1046
f 1060/1060/1060 414/414/414 1061/1061/1061
f 1059/1059/1059 1063/1063/1063 1060/1060/1060
f 1046/1046/1046 1054/1054/1054 1064/1064/1064
f 1065/1065/1065 1063/1063/1063 1059/1059/1059
f 1054/1054/1054 1066/1066/1066 1064/1064/1064
f 1046/1046/1046 1064/1064/1064 1062/1062/1062
f 1065/1065/1065 1067/1067/1067 1063/1063/1063
f 1068/1068/1068 1067/1067/1067 1065/1065/1065
f 1069/1069/1069 1070/1070/1070 1071/1071/1071
f 1062/1062/1062 1072/1072/1072 1056/1056/1056
f 1073/1073/1073 1070/1070/1070 1074/1074/1074
f 414/414/414 1075/1075/1075 413/413/413
f 414/414/414 1060/1060/1060 1075/1075/1075
f 1068/1068/1068 1076/1076/1076 1067/1067/1067
f 1068/1068/1068 1071/1071/1071 1076/1076/1076
f 1075/1075/1075 415/415/415 413/413/413
f 1077/1077/1077 1078/1078/1078 1079/1079/1079
f 1080/1080/1080 1075/1075/1075 1060/1060/1060
f 1060/1060/1060 1063/1063/1063 1080/1080/1080
f 1071/1071/1071 1070/1070/1070 1081/1081/1081
f 1071/1071/1071 1081/1081/1081 1076/1076/1076
f 1082/1082/1082 1079/1079/1079 1083/1083/1083
f 1084/1084/1084 1082/1082/1082 1083/1083/1083
f 1070/1070/1070 1085/1085/1085 1081/1081/1081
f 1084/1084/1084 1085/1085/1085 1070/1070/1070
f 1063/1063/1063 1067/1067/1067 1086/1086/1086
f 1085/1085/1085 1087/1087/1087 1081/1081/1081
f 1084/1084/1084 1083/1083/1083 1085/1085/1085
f 1075/1075/1075 1080/1080/1080 1088/1088/1088
f 1063/1063/1063 1086/1086/1086 1080/1080/1080
f 1076/1076/1076 1089/1089/1089 1086/1086/1086
f 1067/1067/1067 1076/1076/1076 1086/1086/1086
f 1088/1088/1088 415/415/415 1075/1075/1075
f 1080/1080/1080 1086/1086/1086 1090/1090/1090
f 1080/1080/1080 1090/1090/1090 1088/1088/1088
f 1081/1081/1081 1089/1089/1089 1076/1076/1076
f 1085/1085/1085 1083/1083/1083 1087/1087/1087
f 1079/1079/1079 1091/1091/1091 1083/1083/1083
f 1089/1089/1089 1092/1092/1092 1086/1086/1086
f 1088/1088/1088 797/797/797 415/415/415
f 1086/1086/1086 1093/1093/1093 1090/1090/1090
f 1094/1094/1094 1089/1089/1089 1081/1081/1081
f 1094/1094/1094 1081/1081/1081 1087/1087/1087
f 1094/1094/1094 1087/1087/1087 1095/1095/1095
f 1079/1079/1079 1096/1096/1096 1091/1091/1091
f 1079/1079/1079 1097/1097/1097 1096/1096/1096
f 797/797/797 310/310/310 415/415/415
f 797/797/797 1088/1088/1088 807/807/807
f 1090/1090/1090 1093/1093/1093 1088/1088/1088
f 1093/1093/1093 1086/1086/1086 1092/1092/1092
f 807/807/807 1088/1088/1088 1093/1093/1093
f 1083/1083/1083 1098/1098/1098 1087/1087/1087
f 1083/1083/1083 1091/1091/1091 1098/1098/1098
f 1092/1092/1092 1089/1089/1089 1099/1099/1099
f 1099/1099/1099 1089/1089/1089 1094/1094/1094
f 1087/1087/1087 1098/1098/1098 1095/1095/1095
f 796/796/796 797/797/797 807/807/807
f 1100/1100/1100 1093/1093/1093 1092/1092/1092
f 1094/1094/1094 1101/1101/1101 1099/1099/1099
f 1101/1101/1101 1094/1094/1094 1095/1095/1095
f 1096/1096/1096 1102/1102/1102 1091/1091/1091
f 1091/1091/1091 1102/1102/1102 1098/1098/1098
f 807/807/807 1093/1093/1093 808/808/808
f 808/808/808 1093/1093/1093 1100/1100/1100
f 1100/1100/1100 1092/1092/1092 1099/1099/1099
f 1096/1096/1096 1103/1103/1103 1102/1102/1102
f 808/808/808 1100/1100/1100 816/816/816
f 816/816/816 1100/1100/1100 1099/1099/1099
f 1104/1104/1104 1095/1095/1095 1098/1098/1098
f 1101/1101/1101 1095/1095/1095 1105/1105/1105
f 1095/1095/1095 1104/1104/1104 1105/1105/1105
f 1104/1104/1104 1098/1098/1098 1102/1102/1102
f 832/832/832 816/816/816 1099/1099/1099
f 832/832/832 1099/1099/1099 1101/1101/1101
f 1105/1105/1105 832/832/832 1101/1101/1101
f 1102/1102/1102 1103/1103/1103 854/854/854
f 816/816/816 832/832/832 826/826/826
f 833/833/833 832/832/832 1105/1105/1105
f 854/854/854 855/855/855 1102/1102/1102
f 833/833/833 1105/1105/1105 851/851/851
f 851/851/851 1105/1105/1105 1104/1104/1104
f 851/851/851 1104/1104/1104 855/855/855
f 855/855/855 1104/1104/1104 1102/1102/1102
f 1106/1106/1106 1107/1107/1107 1108/1108/1108
f 1109/1109/1109 1110/1110/1110 1111/1111/1111
f 1108/1108/1108 1112/1112/1112 1109/1109/1109
f 1111/1111/1111 1110/1110/1110 1113/1113/1113
f 1112/1112/1112 1108/1108/1108 1114/1114/1114
f 1115/1115/1115 1116/1116/1116 1117/1117/1117
f 1116/1116/1116 1118/1118/1118 1119/1119/1119
f 1120/1120/1120 1121/1121/1121 1122/1122/1122
f 1113/1113/1113 1110/1110/1110 1123/1123/1123
f 1124/1124/1124 1121/1121/1121 1125/1125/1125
f 1126/1126/1126 1116/1116/1116 1127/1127/1127
f 1128/1128/1128 1122/1122/1122 1121/1121/1121
f 1123/1123/1123 1129/1129/1129 1113/1113/1113
f 1130/1130/1130 1125/1125/1125 1131/1131/1131
f 1128/1128/1128 1132/1132/1132 1122/1122/1122
f 1122/1122/1122 1132/1132/1132 1133/1133/1133
f 1125/1125/1125 1130/1130/1130 1124/1124/1124
f 1134/1134/1134 1135/1135/1135 1136/1136/1136
f 1137/1137/1137 1116/1116/1116 1126/1126/1126
f 1124/1124/1124 1128/1128/1128 1121/1121/1121
f 1138/1138/1138 1116/1116/1116 1137/1137/1137
f 1130/1130/1130 1139/1139/1139 1124/1124/1124
f 1131/1131/1131 1140/1140/1140 1130/1130/1130
f 1141/1141/1141 1128/1128/1128 1124/1124/1124
f 1135/1135/1135 1142/1142/1142 1143/1143/1143
f 1133/1133/1133 1144/1144/1144 1145/1145/1145
f 1140/1140/1140 1139/1139/1139 1130/1130/1130
f 1132/1132/1132 1144/1144/1144 1133/1133/1133
f 1146/1146/1146 1132/1132/1132 1128/1128/1128
f 1147/1147/1147 1138/1138/1138 1137/1137/1137
f 1141/1141/1141 1146/1146/1146 1128/1128/1128
f 1148/1148/1148 1135/1135/1135 1149/1149/1149
f 1139/1139/1139 1141/1141/1141 1124/1124/1124
f 1146/1146/1146 1150/1150/1150 1132/1132/1132
f 1150/1150/1150 1144/1144/1144 1132/1132/1132
f 1151/1151/1151 1141/1141/1141 1139/1139/1139
f 1151/1151/1151 1146/1146/1146 1141/1141/1141
f 1139/1139/1139 1140/1140/1140 1152/1152/1152
f 1147/1147/1147 1153/1153/1153 1138/1138/1138
f 1138/1138/1138 1153/1153/1153 1154/1154/1154
f 1155/1155/1155 1148/1148/1148 1149/1149/1149
f 1156/1156/1156 1144/1144/1144 1150/1150/1150
f 1152/1152/1152 1157/1157/1157 1139/1139/1139
f 1158/1158/1158 1146/1146/1146 1151/1151/1151
f 1153/1153/1153 1159/1159/1159 1160/1160/1160
f 1158/1158/1158 1161/1161/1161 1146/1146/1146
f 1146/1146/1146 1161/1161/1161 1150/1150/1150
f 1162/1162/1162 1156/1156/1156 1150/1150/1150
f 1157/1157/1157 1151/1151/1151 1139/1139/1139
f 1163/1163/1163 1148/1148/1148 1155/1155/1155
f 1161/1161/1161 1162/1162/1162 1150/1150/1150
f 1164/1164/1164 1158/1158/1158 1151/1151/1151
f 1165/1165/1165 1157/1157/1157 1152/1152/1152
f 1166/1166/1166 1159/1159/1159 1153/1153/1153
f 1157/1157/1157 1164/1164/1164 1151/1151/1151
f 1157/1157/1157 1167/1167/1167 1164/1164/1164
f 1162/1162/1162 1168/1168/1168 1156/1156/1156
f 1158/1158/1158 1169/1169/1169 1161/1161/1161
f 1165/1165/1165 1170/1170/1170 1157/1157/1157
f 1167/1167/1167 1158/1158/1158 1164/1164/1164
f 1169/1169/1169 1162/1162/1162 1161/1161/1161
f 1162/1162/1162 1169/1169/1169 1168/1168/1168
f 1158/1158/1158 1171/1171/1171 1169/1169/1169
f 1166/1166/1166 1172/1172/1172 1159/1159/1159
f 1170/1170/1170 1167/1167/1167 1157/1157/1157
f 1167/1167/1167 1171/1171/1171 1158/1158/1158
f 1173/1173/1173 1163/1163/1163 1174/1174/1174
f 1175/1175/1175 1176/1176/1176 1177/1177/1177
f 1178/1178/1178 1179/1179/1179 1180/1180/1180
f 1178/1178/1178 1180/1180/1180 1181/1181/1181
f 1176/1176/1176 1182/1182/1182 1177/1177/1177
f 1183/1183/1183 1184/1184/1184 1178/1178/1178
f 1185/1185/1185 1176/1176/1176 1175/1175/1175
f 1183/1183/1183 1178/1178/1178 1181/1181/1181
f 1176/1176/1176 1186/1186/1186 1182/1182/1182
f 1183/1183/1183 1186/1186/1186 1185/1185/1185
f 1186/1186/1186 1176/1176/1176 1185/1185/1185
f 1186/1186/1186 1183/1183/1183 1187/1187/1187
f 1183/1183/1183 1181/1181/1181 1187/1187/1187
f 1188/1188/1188 1189/1189/1189 1190/1190/1190
f 1188/1188/1188 1191/1191/1191 1189/1189/1189
f 1190/1190/1190 1189/1189/1189 1192/1192/1192
f 1191/1191/1191 1193/1193/1193 1189/1189/1189
f 1188/1188/1188 1194/1194/1194 1191/1191/1191
f 1195/1195/1195 1190/1190/1190 1192/1192/1192
f 1189/1189/1189 1196/1196/1196 1192/1192/1192
f 1194/1194/1194 1197/1197/1197 1191/1191/1191
f 1196/1196/1196 1198/1198/1198 1192/1192/1192
f 1199/1199/1199 1200/1200/1200 1201/1201/1201
f 1202/1202/1202 1203/1203/1203 1204/1204/1204
f 1199/1199/1199 1201/1201/1201 1205/1205/1205
f 1198/1198/1198 1206/1206/1206 1192/1192/1192
f 1207/1207/1207 1208/1208/1208 1209/1209/1209
f 1210/1210/1210 1199/1199/1199 1205/1205/1205
f 1200/1200/1200 1208/1208/1208 1207/1207/1207
f 1204/1204/1204 1211/1211/1211 1202/1202/1202
f 1209/1209/1209 1212/1212/1212 1213/1213/1213
f 1199/1199/1199 1208/1208/1208 1200/1200/1200
f 1208/1208/1208 1212/1212/1212 1209/1209/1209
f 1214/1214/1214 1204/1204/1204 1215/1215/1215
f 1214/1214/1214 1216/1216/1216 1204/1204/1204
f 1217/1217/1217 1218/1218/1218 1219/1219/1219
f 1210/1210/1210 1220/1220/1220 1199/1199/1199
f 1221/1221/1221 1208/1208/1208 1199/1199/1199
f 1212/1212/1212 1222/1222/1222 1213/1213/1213
f 1223/1223/1223 1220/1220/1220 1210/1210/1210
f 1221/1221/1221 1212/1212/1212 1208/1208/1208
f 1222/1222/1222 1224/1224/1224 1213/1213/1213
f 1221/1221/1221 1199/1199/1199 1220/1220/1220
f 1212/1212/1212 1221/1221/1221 1222/1222/1222
f 1214/1214/1214 1225/1225/1225 1226/1226/1226
f 1222/1222/1222 1227/1227/1227 1224/1224/1224
f 1228/1228/1228 1217/1217/1217 1219/1219/1219
f 1229/1229/1229 1220/1220/1220 1223/1223/1223
f 1230/1230/1230 1231/1231/1231 1221/1221/1221
f 1219/1219/1219 1232/1232/1232 1228/1228/1228
f 1220/1220/1220 1230/1230/1230 1221/1221/1221
f 1233/1233/1233 1234/1234/1234 1228/1228/1228
f 1221/1221/1221 1231/1231/1231 1222/1222/1222
f 1233/1233/1233 1228/1228/1228 1232/1232/1232
f 1235/1235/1235 1236/1236/1236 1225/1225/1225
f 1225/1225/1225 1236/1236/1236 1226/1226/1226
f 1231/1231/1231 1237/1237/1237 1222/1222/1222
f 1237/1237/1237 1227/1227/1227 1222/1222/1222
f 1238/1238/1238 1239/1239/1239 1230/1230/1230
f 1237/1237/1237 1240/1240/1240 1227/1227/1227
f 1238/1238/1238 1230/1230/1230 1220/1220/1220
f 1239/1239/1239 1231/1231/1231 1230/1230/1230
f 1229/1229/1229 1241/1241/1241 1220/1220/1220
f 1241/1241/1241 1238/1238/1238 1220/1220/1220
f 1239/1239/1239 1237/1237/1237 1231/1231/1231
f 1236/1236/1236 1242/1242/1242 1226/1226/1226
f 1238/1238/1238 1243/1243/1243 1239/1239/1239
f 1232/1232/1232 1244/1244/1244 1233/1233/1233
f 1243/1243/1243 1237/1237/1237 1239/1239/1239
f 1241/1241/1241 1245/1245/1245 1238/1238/1238
f 1243/1243/1243 1246/1246/1246 1237/1237/1237
f 1237/1237/1237 1246/1246/1246 1240/1240/1240
f 1238/1238/1238 1245/1245/1245 1247/1247/1247
f 1248/1248/1248 1249/1249/1249 1250/1250/1250
f 1243/1243/1243 1238/1238/1238 1247/1247/1247
f 1248/1248/1248 1251/1251/1251 1252/1252/1252
f 1246/1246/1246 1243/1243/1243 1247/1247/1247
f 1253/1253/1253 1254/1254/1254 1255/1255/1255
f 1254/1254/1254 1256/1256/1256 1255/1255/1255
f 1253/1253/1253 1251/1251/1251 1257/1257/1257
f 1248/1248/1248 1257/1257/1257 1251/1251/1251
f 1253/1253/1253 1257/1257/1257 1254/1254/1254
f 1258/1258/1258 1259/1259/1259 1260/1260/1260
f 1261/1261/1261 1258/1258/1258 1260/1260/1260
f 1262/1262/1262 1258/1258/1258 1261/1261/1261
f 1263/1263/1263 649/649/649 1262/1262/1262
f 651/651/651 649/649/649 1263/1263/1263
f 1259/1259/1259 1264/1264/1264 1260/1260/1260
f 1265/1265/1265 1266/1266/1266 1259/1259/1259
f 1258/1258/1258 1265/1265/1265 1259/1259/1259
f 1262/1262/1262 639/639/639 1265/1265/1265
f 649/649/649 639/639/639 1262/1262/1262
f 1258/1258/1258 1262/1262/1262 1265/1265/1265
f 1261/1261/1261 1260/1260/1260 1267/1267/1267
f 1268/1268/1268 1262/1262/1262 1261/1261/1261
f 1263/1263/1263 1262/1262/1262 1268/1268/1268
f 1269/1269/1269 1270/1270/1270 1271/1271/1271
f 1259/1259/1259 1269/1269/1269 1271/1271/1271
f 1264/1264/1264 1259/1259/1259 1271/1271/1271
f 1271/1271/1271 1272/1272/1272 1264/1264/1264
f 1273/1273/1273 1261/1261/1261 1267/1267/1267
f 1273/1273/1273 1268/1268/1268 1261/1261/1261
f 1274/1274/1274 1106/1106/1106 1108/1108/1108
f 1274/1274/1274 1108/1108/1108 1109/1109/1109
f 1275/1275/1275 1106/1106/1106 1274/1274/1274
f 1270/1270/1270 1276/1276/1276 1271/1271/1271
f 1271/1271/1271 1276/1276/1276 1277/1277/1277
f 1272/1272/1272 1271/1271/1271 1277/1277/1277
f 1266/1266/1266 1269/1269/1269 1259/1259/1259
f 1260/1260/1260 1264/1264/1264 1267/1267/1267
f 1109/1109/1109 1278/1278/1278 1274/1274/1274
f 1278/1278/1278 1109/1109/1109 1111/1111/1111
f 1275/1275/1275 1107/1107/1107 1106/1106/1106
f 1279/1279/1279 1275/1275/1275 1274/1274/1274
f 1279/1279/1279 1280/1280/1280 1275/1275/1275
f 1281/1281/1281 1280/1280/1280 1279/1279/1279
f 1282/1282/1282 1281/1281/1281 1279/1279/1279
f 1276/1276/1276 1280/1280/1280 1281/1281/1281
f 1277/1277/1277 1276/1276/1276 1281/1281/1281
f 1277/1277/1277 1281/1281/1281 1282/1282/1282
f 1269/1269/1269 1266/1266/1266 1283/1283/1283
f 1274/1274/1274 1278/1278/1278 1279/1279/1279
f 1284/1284/1284 1282/1282/1282 1279/1279/1279
f 1277/1277/1277 1282/1282/1282 1285/1285/1285
f 1272/1272/1272 1277/1277/1277 1285/1285/1285
f 1269/1269/1269 1283/1283/1283 1270/1270/1270
f 639/639/639 669/669/669 1286/1286/1286
f 1265/1265/1265 1286/1286/1286 1266/1266/1266
f 1265/1265/1265 639/639/639 1286/1286/1286
f 1273/1273/1273 1287/1287/1287 1268/1268/1268
f 1278/1278/1278 1284/1284/1284 1279/1279/1279
f 1266/1266/1266 1286/1286/1286 1283/1283/1283
f 1288/1288/1288 1267/1267/1267 1264/1264/1264
f 1268/1268/1268 1287/1287/1287 1289/1289/1289
f 1290/1290/1290 1275/1275/1275 1280/1280/1280
f 1282/1282/1282 1284/1284/1284 1285/1285/1285
f 1270/1270/1270 1280/1280/1280 1276/1276/1276
f 1264/1264/1264 1291/1291/1291 1288/1288/1288
f 1267/1267/1267 1292/1292/1292 1273/1273/1273
f 1273/1273/1273 1292/1292/1292 1287/1287/1287
f 1111/1111/1111 1293/1293/1293 1278/1278/1278
f 1294/1294/1294 1295/1295/1295 1296/1296/1296
f 1297/1297/1297 1284/1284/1284 1278/1278/1278
f 1284/1284/1284 1298/1298/1298 1285/1285/1285
f 1299/1299/1299 1300/1300/1300 1301/1301/1301
f 1285/1285/1285 1302/1302/1302 1272/1272/1272
f 1286/1286/1286 669/669/669 1303/1303/1303
f 1272/1272/1272 1304/1304/1304 1264/1264/1264
f 1288/1288/1288 1292/1292/1292 1267/1267/1267
f 1127/1127/1127 1305/1305/1305 1294/1294/1294
f 1297/1297/1297 1278/1278/1278 1293/1293/1293
f 1298/1298/1298 1284/1284/1284 1297/1297/1297
f 1272/1272/1272 1302/1302/1302 1304/1304/1304
f 1299/1299/1299 1296/1296/1296 1300/1300/1300
f 1306/1306/1306 1285/1285/1285 1298/1298/1298
f 1307/1307/1307 1308/1308/1308 1309/1309/1309
f 669/669/669 680/680/680 1303/1303/1303
f 1283/1283/1283 1286/1286/1286 1303/1303/1303
f 1264/1264/1264 1304/1304/1304 1310/1310/1310
f 1264/1264/1264 1310/1310/1310 1291/1291/1291
f 1302/1302/1302 1285/1285/1285 1306/1306/1306
f 1302/1302/1302 1306/1306/1306 1311/1311/1311
f 1292/1292/1292 1288/1288/1288 1312/1312/1312
f 691/691/691 1303/1303/1303 680/680/680
f 1303/1303/1303 1313/1313/1313 1283/1283/1283
f 1287/1287/1287 1292/1292/1292 1314/1314/1314
f 1304/1304/1304 1302/1302/1302 1311/1311/1311
f 1312/1312/1312 1288/1288/1288 1291/1291/1291
f 1111/1111/1111 1113/1113/1113 1129/1129/1129
f 1126/1126/1126 1127/1127/1127 1294/1294/1294
f 1313/1313/1313 1303/1303/1303 691/691/691
f 1291/1291/1291 1315/1315/1315 1312/1312/1312
f 1126/1126/1126 1294/1294/1294 1296/1296/1296
f 1309/1309/1309 1308/1308/1308 1299/1299/1299
f 1304/1304/1304 1311/1311/1311 1316/1316/1316
f 1310/1310/1310 1304/1304/1304 1316/1316/1316
f 1291/1291/1291 1310/1310/1310 1315/1315/1315
f 1317/1317/1317 1292/1292/1292 1312/1312/1312
f 1292/1292/1292 1317/1317/1317 1314/1314/1314
f 1318/1318/1318 1319/1319/1319 1320/1320/1320
f 1293/1293/1293 1298/1298/1298 1297/1297/1297
f 1321/1321/1321 1306/1306/1306 1298/1298/1298
f 1312/1312/1312 1315/1315/1315 1322/1322/1322
f 1317/1317/1317 1323/1323/1323 1314/1314/1314
f 1299/1299/1299 1324/1324/1324 1296/1296/1296
f 1293/1293/1293 1325/1325/1325 1298/1298/1298
f 1129/1129/1129 1293/1293/1293 1111/1111/1111
f 1296/1296/1296 1324/1324/1324 1126/1126/1126
f 1310/1310/1310 1316/1316/1316 1315/1315/1315
f 1322/1322/1322 1317/1317/1317 1312/1312/1312
f 1298/1298/1298 1325/1325/1325 1321/1321/1321
f 1306/1306/1306 1321/1321/1321 1311/1311/1311
f 1316/1316/1316 1326/1326/1326 1315/1315/1315
f 1308/1308/1308 1327/1327/1327 1299/1299/1299
f 1322/1322/1322 1315/1315/1315 1328/1328/1328
f 1322/1322/1322 1323/1323/1323 1317/1317/1317
f 1329/1329/1329 1318/1318/1318 1320/1320/1320
f 1311/1311/1311 1321/1321/1321 1330/1330/1330
f 1322/1322/1322 1331/1331/1331 1323/1323/1323
f 1327/1327/1327 1324/1324/1324 1299/1299/1299
f 1332/1332/1332 1313/1313/1313 691/691/691
f 1311/1311/1311 1330/1330/1330 1316/1316/1316
f 1316/1316/1316 1330/1330/1330 1326/1326/1326
f 1318/1318/1318 1333/1333/1333 1319/1319/1319
f 1129/1129/1129 1334/1334/1334 1293/1293/1293
f 1293/1293/1293 1334/1334/1334 1325/1325/1325
f 691/691/691 692/692/692 1335/1335/1335
f 1336/1336/1336 1337/1337/1337 1338/1338/1338
f 1339/1339/1339 1323/1323/1323 1331/1331/1331
f 1324/1324/1324 1340/1340/1340 1126/1126/1126
f 1322/1322/1322 1328/1328/1328 1331/1331/1331
f 1331/1331/1331 1341/1341/1341 1339/1339/1339
f 1321/1321/1321 1342/1342/1342 1330/1330/1330
f 1326/1326/1326 1343/1343/1343 1315/1315/1315
f 1315/1315/1315 1343/1343/1343 1328/1328/1328
f 1325/1325/1325 1344/1344/1344 1321/1321/1321
f 1345/1345/1345 1346/1346/1346 1347/1347/1347
f 1348/1348/1348 1324/1324/1324 1327/1327/1327
f 1126/1126/1126 1340/1340/1340 1137/1137/1137
f 1349/1349/1349 702/702/702 1337/1337/1337
f 1350/1350/1350 1143/1143/1143 1142/1142/1142
f 1343/1343/1343 1326/1326/1326 1330/1330/1330
f 1328/1328/1328 1351/1351/1351 1331/1331/1331
f 1137/1137/1137 1340/1340/1340 1147/1147/1147
f 1350/1350/1350 1345/1345/1345 1143/1143/1143
f 1324/1324/1324 1348/1348/1348 1340/1340/1340
f 1352/1352/1352 1353/1353/1353 1347/1347/1347
f 1343/1343/1343 1354/1354/1354 1328/1328/1328
f 1346/1346/1346 1345/1345/1345 1350/1350/1350
f 1327/1327/1327 1355/1355/1355 1356/1356/1356
f 1331/1331/1331 1351/1351/1351 1341/1341/1341
f 1357/1357/1357 1358/1358/1358 1359/1359/1359
f 1351/1351/1351 1360/1360/1360 1341/1341/1341
f 1358/1358/1358 1357/1357/1357 1361/1361/1361
f 1362/1362/1362 1352/1352/1352 1347/1347/1347
f 1363/1363/1363 1359/1359/1359 1353/1353/1353
f 1364/1364/1364 1361/1361/1361 1365/1365/1365
f 1360/1360/1360 1366/1366/1366 1341/1341/1341
f 1148/1148/1148 1142/1142/1142 1135/1135/1135
f 1347/1347/1347 1346/1346/1346 1362/1362/1362
f 1352/1352/1352 1362/1362/1362 1367/1367/1367
f 1357/1357/1357 1359/1359/1359 1363/1363/1363
f 1148/1148/1148 1350/1350/1350 1142/1142/1142
f 1340/1340/1340 1368/1368/1368 1147/1147/1147
f 1369/1369/1369 1340/1340/1340 1348/1348/1348
f 701/701/701 1337/1337/1337 702/702/702
f 1370/1370/1370 1369/1369/1369 1348/1348/1348
f 1368/1368/1368 1340/1340/1340 1369/1369/1369
f 1353/1353/1353 1352/1352/1352 1367/1367/1367
f 1371/1371/1371 1337/1337/1337 701/701/701
f 1362/1362/1362 1346/1346/1346 1350/1350/1350
f 1372/1372/1372 1373/1373/1373 1374/1374/1374
f 1375/1375/1375 1363/1363/1363 1353/1353/1353
f 1375/1375/1375 1353/1353/1353 1367/1367/1367
f 1361/1361/1361 1376/1376/1376 1377/1377/1377
f 1368/1368/1368 1378/1378/1378 1147/1147/1147
f 1377/1377/1377 1376/1376/1376 1373/1373/1373
f 1378/1378/1378 1153/1153/1153 1147/1147/1147
f 1379/1379/1379 1350/1350/1350 1148/1148/1148
f 1380/1380/1380 1357/1357/1357 1363/1363/1363
f 1381/1381/1381 1373/1373/1373 1382/1382/1382
f 1383/1383/1383 1363/1363/1363 1375/1375/1375
f 1380/1380/1380 1361/1361/1361 1357/1357/1357
f 1376/1376/1376 1361/1361/1361 1384/1384/1384
f 1371/1371/1371 1385/1385/1385 1386/1386/1386
f 1380/1380/1380 1363/1363/1363 1383/1383/1383
f 701/701/701 1385/1385/1385 1371/1371/1371
f 1384/1384/1384 1361/1361/1361 1380/1380/1380
f 1379/1379/1379 1148/1148/1148 1163/1163/1163
f 1387/1387/1387 1362/1362/1362 1350/1350/1350
f 1388/1388/1388 1375/1375/1375 1367/1367/1367
f 1383/1383/1383 1375/1375/1375 1388/1388/1388
f 1382/1382/1382 1373/1373/1373 1376/1376/1376
f 1389/1389/1389 1360/1360/1360 1390/1390/1390
f 1378/1378/1378 1166/1166/1166 1153/1153/1153
f 1387/1387/1387 1350/1350/1350 1379/1379/1379
f 1388/1388/1388 1367/1367/1367 1362/1362/1362
f 1382/1382/1382 1376/1376/1376 1384/1384/1384
f 1391/1391/1391 1392/1392/1392 1368/1368/1368
f 1383/1383/1383 1393/1393/1393 1380/1380/1380
f 1166/1166/1166 1378/1378/1378 1368/1368/1368
f 1394/1394/1394 1362/1362/1362 1387/1387/1387
f 1388/1388/1388 1362/1362/1362 1395/1395/1395
f 1393/1393/1393 1384/1384/1384 1380/1380/1380
f 1396/1396/1396 1389/1389/1389 1390/1390/1390
f 1368/1368/1368 1397/1397/1397 1166/1166/1166
f 1398/1398/1398 1383/1383/1383 1388/1388/1388
f 708/708/708 1385/1385/1385 701/701/701
f 1362/1362/1362 1394/1394/1394 1395/1395/1395
f 1399/1399/1399 1382/1382/1382 1384/1384/1384
f 1400/1400/1400 1387/1387/1387 1379/1379/1379
f 1379/1379/1379 1163/1163/1163 1400/1400/1400
f 1368/1368/1368 1392/1392/1392 1397/1397/1397
f 1401/1401/1401 1393/1393/1393 1383/1383/1383
f 1402/1402/1402 1396/1396/1396 1390/1390/1390
f 1387/1387/1387 1400/1400/1400 1394/1394/1394
f 1395/1395/1395 1403/1403/1403 1388/1388/1388
f 1404/1404/1404 1166/1166/1166 1397/1397/1397
f 1405/1405/1405 1395/1395/1395 1394/1394/1394
f 1395/1395/1395 1405/1405/1405 1403/1403/1403
f 1390/1390/1390 1406/1406/1406 1407/1407/1407
f 1172/1172/1172 1166/1166/1166 1404/1404/1404
f 1388/1388/1388 1403/1403/1403 1398/1398/1398
f 1407/1407/1407 1402/1402/1402 1390/1390/1390
f 1408/1408/1408 1409/1409/1409 1385/1385/1385
f 1401/1401/1401 1383/1383/1383 1398/1398/1398
f 1410/1410/1410 1384/1384/1384 1393/1393/1393
f 1399/1399/1399 1384/1384/1384 1410/1410/1410
f 1400/1400/1400 1163/1163/1163 1173/1173/1173
f 1400/1400/1400 1411/1411/1411 1394/1394/1394
f 1410/1410/1410 1393/1393/1393 1401/1401/1401
f 1408/1408/1408 1385/1385/1385 708/708/708
f 1398/1398/1398 1403/1403/1403 1412/1412/1412
f 1402/1402/1402 1407/1407/1407 1413/1413/1413
f 720/720/720 1408/1408/1408 708/708/708
f 1412/1412/1412 1401/1401/1401 1398/1398/1398
f 1412/1412/1412 1414/1414/1414 1401/1401/1401
f 1415/1415/1415 1416/1416/1416 1417/1417/1417
f 1418/1418/1418 1405/1405/1405 1394/1394/1394
f 1419/1419/1419 1177/1177/1177 1182/1182/1182
f 1182/1182/1182 1420/1420/1420 1419/1419/1419
f 1421/1421/1421 1409/1409/1409 1408/1408/1408
f 1180/1180/1180 1422/1422/1422 1423/1423/1423
f 1405/1405/1405 1424/1424/1424 1425/1425/1425
f 1425/1425/1425 1403/1403/1403 1405/1405/1405
f 1413/1413/1413 1426/1426/1426 1402/1402/1402
f 1403/1403/1403 1425/1425/1425 1412/1412/1412
f 1401/1401/1401 1414/1414/1414 1410/1410/1410
f 1181/1181/1181 1180/1180/1180 1423/1423/1423
f 1186/1186/1186 1420/1420/1420 1182/1182/1182
f 1186/1186/1186 1417/1417/1417 1420/1420/1420
f 1423/1423/1423 1187/1187/1187 1181/1181/1181
f 1427/1427/1427 1186/1186/1186 1187/1187/1187
f 1427/1427/1427 1417/1417/1417 1186/1186/1186
f 1421/1421/1421 1428/1428/1428 1409/1409/1409
f 1423/1423/1423 1427/1427/1427 1187/1187/1187
f 1427/1427/1427 1429/1429/1429 1417/1417/1417
f 1429/1429/1429 1430/1430/1430 1417/1417/1417
f 1431/1431/1431 1423/1423/1423 1422/1422/1422
f 1423/1423/1423 1432/1432/1432 1427/1427/1427
f 1423/1423/1423 1431/1431/1431 1432/1432/1432
f 1421/1421/1421 1433/1433/1433 1428/1428/1428
f 1432/1432/1432 1429/1429/1429 1427/1427/1427
f 1412/1412/1412 1425/1425/1425 1434/1434/1434
f 1435/1435/1435 1436/1436/1436 1425/1425/1425
f 720/720/720 1437/1437/1437 1408/1408/1408
f 1437/1437/1437 1421/1421/1421 1408/1408/1408
f 1410/1410/1410 1414/1414/1414 1438/1438/1438
f 1439/1439/1439 1440/1440/1440 1441/1441/1441
f 1414/1414/1414 1412/1412/1412 1442/1442/1442
f 1443/1443/1443 1440/1440/1440 1439/1439/1439
f 1444/1444/1444 1437/1437/1437 720/720/720
f 1445/1445/1445 1433/1433/1433 1421/1421/1421
f 1446/1446/1446 1447/1447/1447 1433/1433/1433
f 1448/1448/1448 1434/1434/1434 1425/1425/1425
f 1449/1449/1449 1410/1410/1410 1438/1438/1438
f 1450/1450/1450 1451/1451/1451 1452/1452/1452
f 1453/1453/1453 1454/1454/1454 1447/1447/1447
f 1442/1442/1442 1455/1455/1455 1414/1414/1414
f 1455/1455/1455 1438/1438/1438 1414/1414/1414
f 1437/1437/1437 1445/1445/1445 1421/1421/1421
f 1456/1456/1456 1457/1457/1457 1458/1458/1458
f 1442/1442/1442 1412/1412/1412 1434/1434/1434
f 721/721/721 1444/1444/1444 720/720/720
f 1446/1446/1446 1453/1453/1453 1447/1447/1447
f 1445/1445/1445 1459/1459/1459 1433/1433/1433
f 1459/1459/1459 1446/1446/1446 1433/1433/1433
f 1446/1446/1446 1460/1460/1460 1453/1453/1453
f 1461/1461/1461 1456/1456/1456 1462/1462/1462
f 1451/1451/1451 1463/1463/1463 1464/1464/1464
f 1437/1437/1437 1465/1465/1465 1445/1445/1445
f 1442/1442/1442 1434/1434/1434 1466/1466/1466
f 1456/1456/1456 1453/1453/1453 1460/1460/1460
f 1466/1466/1466 1455/1455/1455 1442/1442/1442
f 1444/1444/1444 1465/1465/1465 1437/1437/1437
f 721/721/721 1467/1467/1467 1444/1444/1444
f 1468/1468/1468 1469/1469/1469 1470/1470/1470
f 1467/1467/1467 1465/1465/1465 1444/1444/1444
f 1455/1455/1455 1471/1471/1471 1438/1438/1438
f 1472/1472/1472 1439/1439/1439 1473/1473/1473
f 1465/1465/1465 1459/1459/1459 1445/1445/1445
f 1459/1459/1459 1474/1474/1474 1446/1446/1446
f 1460/1460/1460 1446/1446/1446 1475/1475/1475
f 1451/1451/1451 1476/1476/1476 1463/1463/1463
f 1474/1474/1474 1475/1475/1475 1446/1446/1446
f 746/746/746 1467/1467/1467 721/721/721
f 1455/1455/1455 1466/1466/1466 1477/1477/1477
f 1477/1477/1477 1471/1471/1471 1455/1455/1455
f 1459/1459/1459 1465/1465/1465 1474/1474/1474
f 1460/1460/1460 1478/1478/1478 1456/1456/1456
f 1456/1456/1456 1478/1478/1478 1462/1462/1462
f 1478/1478/1478 1479/1479/1479 1462/1462/1462
f 1467/1467/1467 1480/1480/1480 1465/1465/1465
f 1481/1481/1481 1474/1474/1474 1465/1465/1465
f 1477/1477/1477 1466/1466/1466 1482/1482/1482
f 1483/1483/1483 1463/1463/1463 1484/1484/1484
f 746/746/746 1480/1480/1480 1467/1467/1467
f 1474/1474/1474 1485/1485/1485 1475/1475/1475
f 1483/1483/1483 1486/1486/1486 1463/1463/1463
f 1487/1487/1487 1460/1460/1460 1475/1475/1475
f 1481/1481/1481 1485/1485/1485 1474/1474/1474
f 1485/1485/1485 1487/1487/1487 1475/1475/1475
f 1488/1488/1488 1481/1481/1481 1465/1465/1465
f 1489/1489/1489 1478/1478/1478 1460/1460/1460
f 1480/1480/1480 1488/1488/1488 1465/1465/1465
f 1477/1477/1477 1490/1490/1490 1471/1471/1471
f 1491/1491/1491 1492/1492/1492 1473/1473/1473
f 1493/1493/1493 1494/1494/1494 1495/1495/1495
f 1496/1496/1496 1460/1460/1460 1487/1487/1487
f 746/746/746 751/751/751 1480/1480/1480
f 1497/1497/1497 1477/1477/1477 1482/1482/1482
f 1498/1498/1498 1499/1499/1499 1500/1500/1500
f 1501/1501/1501 1502/1502/1502 1503/1503/1503
f 1490/1490/1490 1504/1504/1504 1505/1505/1505
f 1498/1498/1498 1501/1501/1501 1506/1506/1506
f 1480/1480/1480 1507/1507/1507 1488/1488/1488
f 1497/1497/1497 1482/1482/1482 1508/1508/1508
f 1500/1500/1500 1509/1509/1509 1498/1498/1498
f 1510/1510/1510 1481/1481/1481 1511/1511/1511
f 1488/1488/1488 1512/1512/1512 1481/1481/1481
f 1497/1497/1497 1513/1513/1513 1477/1477/1477
f 1509/1509/1509 1188/1188/1188 1498/1498/1498
f 1498/1498/1498 1188/1188/1188 1190/1190/1190
f 1514/1514/1514 1498/1498/1498 1190/1190/1190
f 1515/1515/1515 1509/1509/1509 1500/1500/1500
f 1480/1480/1480 1516/1516/1516 1507/1507/1507
f 1501/1501/1501 1498/1498/1498 1514/1514/1514
f 1501/1501/1501 1517/1517/1517 1502/1502/1502
f 1509/1509/1509 1194/1194/1194 1188/1188/1188
f 1518/1518/1518 1519/1519/1519 1502/1502/1502
f 1520/1520/1520 1497/1497/1497 1521/1521/1521
f 1513/1513/1513 1497/1497/1497 1522/1522/1522
f 1513/1513/1513 1490/1490/1490 1477/1477/1477
f 1490/1490/1490 1513/1513/1513 1523/1523/1523
f 1514/1514/1514 1190/1190/1190 1195/1195/1195
f 751/751/751 766/766/766 1480/1480/1480
f 1480/1480/1480 766/766/766 1516/1516/1516
f 1512/1512/1512 1488/1488/1488 1507/1507/1507
f 1501/1501/1501 1514/1514/1514 1517/1517/1517
f 1523/1523/1523 1504/1504/1504 1490/1490/1490
f 1524/1524/1524 1525/1525/1525 1526/1526/1526
f 1195/1195/1195 1527/1527/1527 1514/1514/1514
f 1502/1502/1502 1517/1517/1517 1518/1518/1518
f 1504/1504/1504 1523/1523/1523 1528/1528/1528
f 1529/1529/1529 1530/1530/1530 1531/1531/1531
f 1206/1206/1206 1195/1195/1195 1192/1192/1192
f 1532/1532/1532 1514/1514/1514 1527/1527/1527
f 1514/1514/1514 1532/1532/1532 1517/1517/1517
f 1533/1533/1533 1534/1534/1534 1535/1535/1535
f 1518/1518/1518 1517/1517/1517 1536/1536/1536
f 1522/1522/1522 1497/1497/1497 1520/1520/1520
f 1517/1517/1517 1532/1532/1532 1536/1536/1536
f 1206/1206/1206 1527/1527/1527 1195/1195/1195
f 1528/1528/1528 1537/1537/1537 1534/1534/1534
f 1215/1215/1215 1203/1203/1203 1524/1524/1524
f 1538/1538/1538 1513/1513/1513 1522/1522/1522
f 1203/1203/1203 1215/1215/1215 1204/1204/1204
f 770/770/770 1516/1516/1516 766/766/766
f 1513/1513/1513 1538/1538/1538 1523/1523/1523
f 1539/1539/1539 1215/1215/1215 1524/1524/1524
f 1520/1520/1520 1540/1540/1540 1541/1541/1541
f 1542/1542/1542 1543/1543/1543 1544/1544/1544
f 1217/1217/1217 1543/1543/1543 1542/1542/1542
f 1545/1545/1545 1520/1520/1520 1541/1541/1541
f 1537/1537/1537 1528/1528/1528 1546/1546/1546
f 1547/1547/1547 1215/1215/1215 1539/1539/1539
f 1234/1234/1234 1543/1543/1543 1217/1217/1217
f 1548/1548/1548 1544/1544/1544 1543/1543/1543
f 1548/1548/1548 1541/1541/1541 1544/1544/1544
f 1523/1523/1523 1538/1538/1538 1549/1549/1549
f 770/770/770 776/776/776 1516/1516/1516
f 1549/1549/1549 1528/1528/1528 1523/1523/1523
f 776/776/776 1550/1550/1550 1516/1516/1516
f 1516/1516/1516 1550/1550/1550 1507/1507/1507
f 1545/1545/1545 1541/1541/1541 1548/1548/1548
f 1545/1545/1545 1551/1551/1551 1520/1520/1520
f 1552/1552/1552 1522/1522/1522 1520/1520/1520
f 1552/1552/1552 1538/1538/1538 1522/1522/1522
f 1528/1528/1528 1549/1549/1549 1546/1546/1546
f 1215/1215/1215 1235/1235/1235 1214/1214/1214
f 1553/1553/1553 1548/1548/1548 1543/1543/1543
f 1507/1507/1507 1550/1550/1550 1554/1554/1554
f 1551/1551/1551 1552/1552/1552 1520/1520/1520
f 1547/1547/1547 1235/1235/1235 1215/1215/1215
f 1547/1547/1547 1555/1555/1555 1556/1556/1556
f 1557/1557/1557 1546/1546/1546 1549/1549/1549
f 1546/1546/1546 1558/1558/1558 1537/1537/1537
f 1217/1217/1217 1228/1228/1228 1234/1234/1234
f 1559/1559/1559 1549/1549/1549 1538/1538/1538
f 1543/1543/1543 1234/1234/1234 1553/1553/1553
f 1560/1560/1560 1545/1545/1545 1548/1548/1548
f 1214/1214/1214 1235/1235/1235 1225/1225/1225
f 1560/1560/1560 1548/1548/1548 1553/1553/1553
f 1538/1538/1538 1552/1552/1552 1559/1559/1559
f 1546/1546/1546 1561/1561/1561 1558/1558/1558
f 1551/1551/1551 1545/1545/1545 1560/1560/1560
f 1549/1549/1549 1559/1559/1559 1557/1557/1557
f 1550/1550/1550 1562/1562/1562 1554/1554/1554
f 1547/1547/1547 1563/1563/1563 1235/1235/1235
f 1546/1546/1546 1557/1557/1557 1561/1561/1561
f 1547/1547/1547 1556/1556/1556 1563/1563/1563
f 776/776/776 1562/1562/1562 1550/1550/1550
f 1558/1558/1558 1561/1561/1561 1564/1564/1564
f 1565/1565/1565 1560/1560/1560 1553/1553/1553
f 1559/1559/1559 1552/1552/1552 1566/1566/1566
f 1553/1553/1553 1234/1234/1234 1565/1565/1565
f 1567/1567/1567 1234/1234/1234 1233/1233/1233
f 1565/1565/1565 1234/1234/1234 1567/1567/1567
f 1551/1551/1551 1568/1568/1568 1552/1552/1552
f 1552/1552/1552 1568/1568/1568 1566/1566/1566
f 1557/1557/1557 1559/1559/1559 1561/1561/1561
f 1556/1556/1556 1569/1569/1569 1563/1563/1563
f 781/781/781 1562/1562/1562 776/776/776
f 1570/1570/1570 1556/1556/1556 1571/1571/1571
f 1551/1551/1551 1560/1560/1560 1568/1568/1568
f 1559/1559/1559 1572/1572/1572 1561/1561/1561
f 1564/1564/1564 1561/1561/1561 1573/1573/1573
f 1570/1570/1570 1569/1569/1569 1556/1556/1556
f 1567/1567/1567 1574/1574/1574 1565/1565/1565
f 1563/1563/1563 1575/1575/1575 1235/1235/1235
f 1572/1572/1572 1576/1576/1576 1561/1561/1561
f 1561/1561/1561 1576/1576/1576 1573/1573/1573
f 1577/1577/1577 1568/1568/1568 1560/1560/1560
f 1575/1575/1575 1236/1236/1236 1235/1235/1235
f 1569/1569/1569 1575/1575/1575 1563/1563/1563
f 1578/1578/1578 1566/1566/1566 1568/1568/1568
f 1566/1566/1566 1572/1572/1572 1559/1559/1559
f 1574/1574/1574 1567/1567/1567 1233/1233/1233
f 781/781/781 1579/1579/1579 1562/1562/1562
f 1560/1560/1560 1580/1580/1580 1577/1577/1577
f 1581/1581/1581 1560/1560/1560 1565/1565/1565
f 1576/1576/1576 1582/1582/1582 1573/1573/1573
f 1581/1581/1581 1565/1565/1565 1574/1574/1574
f 1580/1580/1580 1560/1560/1560 1581/1581/1581
f 781/781/781 1583/1583/1583 1579/1579/1579
f 1568/1568/1568 1577/1577/1577 1584/1584/1584
f 1568/1568/1568 1584/1584/1584 1578/1578/1578
f 1578/1578/1578 1585/1585/1585 1566/1566/1566
f 1566/1566/1566 1586/1586/1586 1572/1572/1572
f 1572/1572/1572 1587/1587/1587 1576/1576/1576
f 1588/1588/1588 1576/1576/1576 1587/1587/1587
f 1589/1589/1589 1590/1590/1590 1591/1591/1591
f 1592/1592/1592 1581/1581/1581 1574/1574/1574
f 781/781/781 1593/1593/1593 1583/1583/1583
f 1566/1566/1566 1585/1585/1585 1586/1586/1586
f 1233/1233/1233 1244/1244/1244 1574/1574/1574
f 1594/1594/1594 1569/1569/1569 1570/1570/1570
f 1595/1595/1595 1236/1236/1236 1575/1575/1575
f 1574/1574/1574 1244/1244/1244 1592/1592/1592
f 1596/1596/1596 1597/1597/1597 1598/1598/1598
f 1572/1572/1572 1586/1586/1586 1599/1599/1599
f 1572/1572/1572 1599/1599/1599 1587/1587/1587
f 1577/1577/1577 1580/1580/1580 1600/1600/1600
f 1601/1601/1601 1589/1589/1589 1591/1591/1591
f 1594/1594/1594 1575/1575/1575 1569/1569/1569
f 1581/1581/1581 1602/1602/1602 1580/1580/1580
f 1603/1603/1603 1594/1594/1594 1570/1570/1570
f 1577/1577/1577 1600/1600/1600 1584/1584/1584
f 1578/1578/1578 1584/1584/1584 1585/1585/1585
f 1584/1584/1584 1600/1600/1600 1604/1604/1604
f 1584/1584/1584 1604/1604/1604 1585/1585/1585
f 1605/1605/1605 1606/1606/1606 1607/1607/1607
f 1595/1595/1595 1575/1575/1575 1594/1594/1594
f 1602/1602/1602 1600/1600/1600 1580/1580/1580
f 1596/1596/1596 1608/1608/1608 1609/1609/1609
f 1607/1607/1607 1610/1610/1610 1611/1611/1611
f 1605/1605/1605 1607/1607/1607 1611/1611/1611
f 1612/1612/1612 1248/1248/1248 1613/1613/1613
f 1614/1614/1614 1256/1256/1256 1615/1615/1615
f 1616/1616/1616 1617/1617/1617 1618/1618/1618
f 1619/1619/1619 1620/1620/1620 1621/1621/1621
f 1622/1622/1622 1620/1620/1620 1610/1610/1610
f 1623/1623/1623 1256/1256/1256 1624/1624/1624
f 1625/1625/1625 1626/1626/1626 1627/1627/1627
f 1598/1598/1598 1628/1628/1628 1596/1596/1596
f 1629/1629/1629 1618/1618/1618 1630/1630/1630
f 1631/1631/1631 1589/1589/1589 1601/1601/1601
f 1632/1632/1632 1631/1631/1631 1601/1601/1601
f 789/789/789 1628/1628/1628 1598/1598/1598
f 1610/1610/1610 1620/1620/1620 1611/1611/1611
f 1256/1256/1256 1626/1626/1626 1633/1633/1633
f 1634/1634/1634 1612/1612/1612 1635/1635/1635
f 1627/1627/1627 1636/1636/1636 1637/1637/1637
f 1637/1637/1637 1636/1636/1636 1617/1617/1617
f 789/789/789 801/801/801 1628/1628/1628
f 1620/1620/1620 1619/1619/1619 1630/1630/1630
f 1611/1611/1611 1638/1638/1638 1605/1605/1605
f 1639/1639/1639 1255/1255/1255 1256/1256/1256
f 1627/1627/1627 1626/1626/1626 1636/1636/1636
f 1640/1640/1640 1596/1596/1596 1628/1628/1628
f 1608/1608/1608 1596/1596/1596 1640/1640/1640
f 1256/1256/1256 1641/1641/1641 1626/1626/1626
f 1611/1611/1611 1642/1642/1642 1638/1638/1638
f 1643/1643/1643 1248/1248/1248 1612/1612/1612
f 1626/1626/1626 1644/1644/1644 1636/1636/1636
f 1645/1645/1645 1617/1617/1617 1636/1636/1636
f 1646/1646/1646 1618/1618/1618 1617/1617/1617
f 1647/1647/1647 1630/1630/1630 1618/1618/1618
f 1647/1647/1647 1620/1620/1620 1630/1630/1630
f 1642/1642/1642 1611/1611/1611 1620/1620/1620
f 1632/1632/1632 1648/1648/1648 1631/1631/1631
f 1643/1643/1643 1612/1612/1612 1634/1634/1634
f 1634/1634/1634 1635/1635/1635 1649/1649/1649
f 1644/1644/1644 1645/1645/1645 1636/1636/1636
f 1649/1649/1649 1635/1635/1635 1608/1608/1608
f 1618/1618/1618 1646/1646/1646 1647/1647/1647
f 824/824/824 1640/1640/1640 1628/1628/1628
f 801/801/801 824/824/824 1628/1628/1628
f 1650/1650/1650 1620/1620/1620 1647/1647/1647
f 1620/1620/1620 1651/1651/1651 1642/1642/1642
f 1641/1641/1641 1644/1644/1644 1626/1626/1626
f 1646/1646/1646 1617/1617/1617 1645/1645/1645
f 1650/1650/1650 1651/1651/1651 1620/1620/1620
f 1254/1254/1254 1641/1641/1641 1256/1256/1256
f 1643/1643/1643 1634/1634/1634 1652/1652/1652
f 1652/1652/1652 1645/1645/1645 1644/1644/1644
f 1652/1652/1652 1634/1634/1634 1649/1649/1649
f 1652/1652/1652 1646/1646/1646 1645/1645/1645
f 1640/1640/1640 824/824/824 1653/1653/1653
f 1654/1654/1654 1638/1638/1638 1642/1642/1642
f 1257/1257/1257 1641/1641/1641 1254/1254/1254
f 1248/1248/1248 1643/1643/1643 1257/1257/1257
f 1257/1257/1257 1644/1644/1644 1641/1641/1641
f 1643/1643/1643 1652/1652/1652 1644/1644/1644
f 1649/1649/1649 1646/1646/1646 1652/1652/1652
f 1649/1649/1649 1655/1655/1655 1646/1646/1646
f 1608/1608/1608 1640/1640/1640 1656/1656/1656
f 1655/1655/1655 1647/1647/1647 1646/1646/1646
f 1642/1642/1642 1657/1657/1657 1654/1654/1654
f 1257/1257/1257 1643/1643/1643 1644/1644/1644
f 1608/1608/1608 1656/1656/1656 1649/1649/1649
f 1649/1649/1649 1656/1656/1656 1655/1655/1655
f 1655/1655/1655 1656/1656/1656 1647/1647/1647
f 1653/1653/1653 1656/1656/1656 1640/1640/1640
f 1656/1656/1656 1650/1650/1650 1647/1647/1647
f 1658/1658/1658 1653/1653/1653 824/824/824
f 1651/1651/1651 1659/1659/1659 1642/1642/1642
f 1657/1657/1657 1660/1660/1660 1654/1654/1654
f 1661/1661/1661 1662/1662/1662 1660/1660/1660
f 823/823/823 1663/1663/1663 824/824/824
f 1653/1653/1653 1651/1651/1651 1650/1650/1650
f 824/824/824 1663/1663/1663 1658/1658/1658
f 1653/1653/1653 1659/1659/1659 1651/1651/1651
f 1642/1642/1642 1659/1659/1659 1657/1657/1657
f 1664/1664/1664 1660/1660/1660 1657/1657/1657
f 1664/1664/1664 1661/1661/1661 1660/1660/1660
f 854/854/854 1665/1665/1665 1661/1661/1661
f 1653/1653/1653 1650/1650/1650 1656/1656/1656
f 823/823/823 860/860/860 1663/1663/1663
f 860/860/860 1666/1666/1666 1663/1663/1663
f 1663/1663/1663 1666/1666/1666 1658/1658/1658
f 1659/1659/1659 1658/1658/1658 1666/1666/1666
f 1666/1666/1666 852/852/852 1664/1664/1664
f 852/852/852 1661/1661/1661 1664/1664/1664
f 852/852/852 854/854/854 1661/1661/1661
f 1658/1658/1658 1659/1659/1659 1653/1653/1653
f 1666/1666/1666 1664/1664/1664 1659/1659/1659
f 860/860/860 852/852/852 1666/1666/1666
f 1664/1664/1664 1657/1657/1657 1659/1659/1659
f 1667/1667/1667 1668/1668/1668 1669/1669/1669
f 1667/1667/1667 1670/1670/1670 1668/1668/1668
f 1671/1671/1671 1672/1672/1672 1673/1673/1673
f 1673/1673/1673 1674/1674/1674 1675/1675/1675
f 1675/1675/1675 1676/1676/1676 1677/1677/1677
f 1678/1678/1678 1679/1679/1679 1680/1680/1680
f 1681/1681/1681 1682/1682/1682 1683/1683/1683
f 1678/1678/1678 1684/1684/1684 1679/1679/1679
f 1677/1677/1677 1676/1676/1676 1685/1685/1685
f 1670/1670/1670 1686/1686/1686 1668/1668/1668
f 1669/1669/1669 1687/1687/1687 1688/1688/1688
f 1688/1688/1688 1689/1689/1689 1680/1680/1680
f 1680/1680/1680 1689/1689/1689 1678/1678/1678
f 1690/1690/1690 1685/1685/1685 1691/1691/1691
f 1682/1682/1682 1686/1686/1686 1670/1670/1670
f 1687/1687/1687 1669/1669/1669 1668/1668/1668
f 1692/1692/1692 1682/1682/1682 1681/1681/1681
f 1682/1682/1682 1692/1692/1692 1686/1686/1686
f 1676/1676/1676 1693/1693/1693 1685/1685/1685
f 1688/1688/1688 1687/1687/1687 1689/1689/1689
f 1681/1681/1681 1683/1683/1683 1694/1694/1694
f 1673/1673/1673 1695/1695/1695 1674/1674/1674
f 1694/1694/1694 1683/1683/1683 1696/1696/1696
f 1694/1694/1694 1692/1692/1692 1681/1681/1681
f 1676/1676/1676 1675/1675/1675 1697/1697/1697
f 1674/1674/1674 1697/1697/1697 1675/1675/1675
f 1668/1668/1668 1698/1698/1698 1687/1687/1687
f 1672/1672/1672 1695/1695/1695 1673/1673/1673
f 1678/1678/1678 1699/1699/1699 1684/1684/1684
f 1700/1700/1700 1701/1701/1701 1702/1702/1702
f 1668/1668/1668 1686/1686/1686 1698/1698/1698
f 1672/1672/1672 1703/1703/1703 1695/1695/1695
f 1693/1693/1693 1691/1691/1691 1685/1685/1685
f 1684/1684/1684 1699/1699/1699 1704/1704/1704
f 1696/1696/1696 1705/1705/1705 1706/1706/1706
f 1696/1696/1696 1706/1706/1706 1694/1694/1694
f 1694/1694/1694 1707/1707/1707 1692/1692/1692
f 1697/1697/1697 1693/1693/1693 1676/1676/1676
f 1687/1687/1687 1708/1708/1708 1689/1689/1689
f 1672/1672/1672 1700/1700/1700 1709/1709/1709
f 1678/1678/1678 1689/1689/1689 1699/1699/1699
f 1702/1702/1702 1701/1701/1701 1710/1710/1710
f 1711/1711/1711 1712/1712/1712 1691/1691/1691
f 1686/1686/1686 1713/1713/1713 1698/1698/1698
f 1706/1706/1706 1705/1705/1705 1714/1714/1714
f 1715/1715/1715 1712/1712/1712 1711/1711/1711
f 1698/1698/1698 1716/1716/1716 1687/1687/1687
f 1689/1689/1689 1708/1708/1708 1717/1717/1717
f 1693/1693/1693 1718/1718/1718 1691/1691/1691
f 1719/1719/1719 1686/1686/1686 1692/1692/1692
f 1674/1674/1674 1720/1720/1720 1697/1697/1697
f 1720/1720/1720 1674/1674/1674 1695/1695/1695
f 1687/1687/1687 1716/1716/1716 1708/1708/1708
f 1672/1672/1672 1709/1709/1709 1703/1703/1703
f 1689/1689/1689 1717/1717/1717 1699/1699/1699
f 1711/1711/1711 1721/1721/1721 1715/1715/1715
f 1706/1706/1706 1722/1722/1722 1694/1694/1694
f 1692/1692/1692 1707/1707/1707 1719/1719/1719
f 1713/1713/1713 1686/1686/1686 1719/1719/1719
f 1700/1700/1700 1702/1702/1702 1709/1709/1709
f 1707/1707/1707 1694/1694/1694 1722/1722/1722
f 1707/1707/1707 1723/1723/1723 1719/1719/1719
f 1698/1698/1698 1713/1713/1713 1716/1716/1716
f 1691/1691/1691 1718/1718/1718 1711/1711/1711
f 1707/1707/1707 1722/1722/1722 1723/1723/1723
f 1699/1699/1699 1717/1717/1717 1724/1724/1724
f 1722/1722/1722 1725/1725/1725 1723/1723/1723
f 1708/1708/1708 1716/1716/1716 1726/1726/1726
f 1708/1708/1708 1726/1726/1726 1717/1717/1717
f 1727/1727/1727 651/651/651 1263/1263/1263
f 1727/1727/1727 1263/1263/1263 1728/1728/1728
f 1728/1728/1728 1263/1263/1263 1268/1268/1268
f 1727/1727/1727 660/660/660 651/651/651
f 1714/1714/1714 1729/1729/1729 1706/1706/1706
f 1697/1697/1697 1730/1730/1730 1693/1693/1693
f 1713/1713/1713 1719/1719/1719 1731/1731/1731
f 1722/1722/1722 1706/1706/1706 1725/1725/1725
f 1693/1693/1693 1730/1730/1730 1718/1718/1718
f 1719/1719/1719 1723/1723/1723 1731/1731/1731
f 1732/1732/1732 1733/1733/1733 1734/1734/1734
f 1734/1734/1734 1735/1735/1735 1736/1736/1736
f 1699/1699/1699 1724/1724/1724 1737/1737/1737
f 1329/1329/1329 1320/1320/1320 1738/1738/1738
f 1728/1728/1728 1268/1268/1268 1289/1289/1289
f 1739/1739/1739 1711/1711/1711 1718/1718/1718
f 1740/1740/1740 1697/1697/1697 1720/1720/1720
f 1716/1716/1716 1713/1713/1713 1741/1741/1741
f 1742/1742/1742 1743/1743/1743 1732/1732/1732
f 1738/1738/1738 1744/1744/1744 1329/1329/1329
f 1706/1706/1706 1729/1729/1729 1745/1745/1745
f 900/900/900 660/660/660 1727/1727/1727
f 1706/1706/1706 1745/1745/1745 1725/1725/1725
f 1730/1730/1730 1697/1697/1697 1740/1740/1740
f 1716/1716/1716 1741/1741/1741 1726/1726/1726
f 1717/1717/1717 1726/1726/1726 1724/1724/1724
f 1723/1723/1723 1725/1725/1725 1746/1746/1746
f 1723/1723/1723 1746/1746/1746 1731/1731/1731
f 1741/1741/1741 1713/1713/1713 1731/1731/1731
f 1724/1724/1724 1726/1726/1726 1747/1747/1747
f 1728/1728/1728 1748/1748/1748 1727/1727/1727
f 1721/1721/1721 1711/1711/1711 1749/1749/1749
f 900/900/900 1727/1727/1727 1748/1748/1748
f 1730/1730/1730 1750/1750/1750 1718/1718/1718
f 1741/1741/1741 1731/1731/1731 1751/1751/1751
f 1734/1734/1734 1752/1752/1752 1753/1753/1753
f 1749/1749/1749 1711/1711/1711 1739/1739/1739
f 1718/1718/1718 1750/1750/1750 1739/1739/1739
f 1732/1732/1732 1754/1754/1754 1742/1742/1742
f 1729/1729/1729 1755/1755/1755 1745/1745/1745
f 1721/1721/1721 1749/1749/1749 1756/1756/1756
f 1757/1757/1757 1731/1731/1731 1746/1746/1746
f 1758/1758/1758 1754/1754/1754 1759/1759/1759
f 1759/1759/1759 1754/1754/1754 1732/1732/1732
f 1760/1760/1760 1726/1726/1726 1741/1741/1741
f 1724/1724/1724 1761/1761/1761 1737/1737/1737
f 1289/1289/1289 1762/1762/1762 1728/1728/1728
f 1728/1728/1728 1762/1762/1762 1763/1763/1763
f 1728/1728/1728 1763/1763/1763 1748/1748/1748
f 1726/1726/1726 1760/1760/1760 1747/1747/1747
f 1734/1734/1734 1753/1753/1753 1764/1764/1764
f 1765/1765/1765 1746/1746/1746 1725/1725/1725
f 1751/1751/1751 1766/1766/1766 1741/1741/1741
f 1724/1724/1724 1747/1747/1747 1761/1761/1761
f 1764/1764/1764 1753/1753/1753 1767/1767/1767
f 1737/1737/1737 1761/1761/1761 1768/1768/1768
f 1287/1287/1287 1314/1314/1314 1769/1769/1769
f 1289/1289/1289 1287/1287/1287 1769/1769/1769
f 1745/1745/1745 1770/1770/1770 1725/1725/1725
f 913/913/913 900/900/900 1748/1748/1748
f 1746/1746/1746 1771/1771/1771 1757/1757/1757
f 1751/1751/1751 1731/1731/1731 1772/1772/1772
f 1769/1769/1769 1314/1314/1314 1323/1323/1323
f 1745/1745/1745 1755/1755/1755 1773/1773/1773
f 1746/1746/1746 1765/1765/1765 1771/1771/1771
f 1731/1731/1731 1757/1757/1757 1772/1772/1772
f 1751/1751/1751 1772/1772/1772 1766/1766/1766
f 1741/1741/1741 1766/1766/1766 1760/1760/1760
f 1774/1774/1774 1732/1732/1732 1734/1734/1734
f 1289/1289/1289 1769/1769/1769 1762/1762/1762
f 1775/1775/1775 1762/1762/1762 1769/1769/1769
f 1725/1725/1725 1770/1770/1770 1765/1765/1765
f 1759/1759/1759 1732/1732/1732 1774/1774/1774
f 1776/1776/1776 1734/1734/1734 1764/1764/1764
f 1745/1745/1745 1777/1777/1777 1770/1770/1770
f 1748/1748/1748 1778/1778/1778 913/913/913
f 1750/1750/1750 1730/1730/1730 1779/1779/1779
f 1730/1730/1730 1780/1780/1780 1779/1779/1779
f 1781/1781/1781 1763/1763/1763 1762/1762/1762
f 1763/1763/1763 1778/1778/1778 1748/1748/1748
f 922/922/922 913/913/913 1778/1778/1778
f 1782/1782/1782 1739/1739/1739 1750/1750/1750
f 1761/1761/1761 1747/1747/1747 1783/1783/1783
f 1781/1781/1781 1762/1762/1762 1775/1775/1775
f 1776/1776/1776 1774/1774/1774 1734/1734/1734
f 1760/1760/1760 1783/1783/1783 1747/1747/1747
f 1784/1784/1784 1764/1764/1764 1767/1767/1767
f 1763/1763/1763 1785/1785/1785 1778/1778/1778
f 1765/1765/1765 1786/1786/1786 1771/1771/1771
f 1757/1757/1757 1771/1771/1771 1787/1787/1787
f 1772/1772/1772 1788/1788/1788 1766/1766/1766
f 1776/1776/1776 1764/1764/1764 1784/1784/1784
f 1785/1785/1785 1781/1781/1781 1775/1775/1775
f 1781/1781/1781 1785/1785/1785 1763/1763/1763
f 1765/1765/1765 1770/1770/1770 1786/1786/1786
f 1757/1757/1757 1787/1787/1787 1772/1772/1772
f 1766/1766/1766 1788/1788/1788 1760/1760/1760
f 1760/1760/1760 1788/1788/1788 1789/1789/1789
f 1759/1759/1759 1774/1774/1774 1790/1790/1790
f 1760/1760/1760 1791/1791/1791 1783/1783/1783
f 1792/1792/1792 1319/1319/1319 1333/1333/1333
f 1761/1761/1761 1793/1793/1793 1794/1794/1794
f 1771/1771/1771 1786/1786/1786 1787/1787/1787
f 1790/1790/1790 1774/1774/1774 1795/1795/1795
f 1789/1789/1789 1791/1791/1791 1760/1760/1760
f 1793/1793/1793 1761/1761/1761 1783/1783/1783
f 922/922/922 1778/1778/1778 1796/1796/1796
f 1772/1772/1772 1787/1787/1787 1797/1797/1797
f 1779/1779/1779 1780/1780/1780 1798/1798/1798
f 1780/1780/1780 1799/1799/1799 1798/1798/1798
f 1800/1800/1800 1798/1798/1798 1799/1799/1799
f 1779/1779/1779 1801/1801/1801 1750/1750/1750
f 1772/1772/1772 1797/1797/1797 1802/1802/1802
f 1788/1788/1788 1772/1772/1772 1802/1802/1802
f 1776/1776/1776 1795/1795/1795 1774/1774/1774
f 1791/1791/1791 1793/1793/1793 1783/1783/1783
f 1803/1803/1803 1776/1776/1776 1784/1784/1784
f 1778/1778/1778 1785/1785/1785 1796/1796/1796
f 1792/1792/1792 1333/1333/1333 1804/1804/1804
f 1805/1805/1805 1794/1794/1794 1793/1793/1793
f 1806/1806/1806 1807/1807/1807 1808/1808/1808
f 1787/1787/1787 1786/1786/1786 1809/1809/1809
f 1787/1787/1787 1810/1810/1810 1797/1797/1797
f 1811/1811/1811 1802/1802/1802 1797/1797/1797
f 1812/1812/1812 1802/1802/1802 1811/1811/1811
f 1812/1812/1812 1788/1788/1788 1802/1802/1802
f 1789/1789/1789 1788/1788/1788 1812/1812/1812
f 1789/1789/1789 1813/1813/1813 1791/1791/1791
f 1814/1814/1814 1795/1795/1795 1776/1776/1776
f 1815/1815/1815 1816/1816/1816 1808/1808/1808
f 1787/1787/1787 1809/1809/1809 1810/1810/1810
f 1797/1797/1797 1810/1810/1810 1817/1817/1817
f 1811/1811/1811 1797/1797/1797 1817/1817/1817
f 1803/1803/1803 1814/1814/1814 1776/1776/1776
f 1785/1785/1785 1818/1818/1818 1796/1796/1796
f 1779/1779/1779 1819/1819/1819 1820/1820/1820
f 1813/1813/1813 1789/1789/1789 1812/1812/1812
f 922/922/922 1821/1821/1821 1822/1822/1822
f 1796/1796/1796 1821/1821/1821 922/922/922
f 1800/1800/1800 1823/1823/1823 1798/1798/1798
f 1791/1791/1791 1813/1813/1813 1793/1793/1793
f 1816/1816/1816 1806/1806/1806 1808/1808/1808
f 1823/1823/1823 1800/1800/1800 1824/1824/1824
f 1825/1825/1825 1813/1813/1813 1812/1812/1812
f 1826/1826/1826 1809/1809/1809 1786/1786/1786
f 1827/1827/1827 1818/1818/1818 1828/1828/1828
f 1825/1825/1825 1812/1812/1812 1829/1829/1829
f 1793/1793/1793 1813/1813/1813 1825/1825/1825
f 1830/1830/1830 1814/1814/1814 1803/1803/1803
f 1798/1798/1798 1819/1819/1819 1779/1779/1779
f 1824/1824/1824 1831/1831/1831 1832/1832/1832
f 1833/1833/1833 1834/1834/1834 1835/1835/1835
f 1796/1796/1796 1828/1828/1828 1821/1821/1821
f 1836/1836/1836 1830/1830/1830 1803/1803/1803
f 1819/1819/1819 1798/1798/1798 1837/1837/1837
f 1837/1837/1837 1798/1798/1798 1838/1838/1838
f 1838/1838/1838 1798/1798/1798 1823/1823/1823
f 1839/1839/1839 1823/1823/1823 1824/1824/1824
f 1840/1840/1840 1836/1836/1836 1803/1803/1803
f 1841/1841/1841 1842/1842/1842 1843/1843/1843
f 1844/1844/1844 1845/1845/1845 1846/1846/1846
f 1847/1847/1847 1848/1848/1848 1826/1826/1826
f 1849/1849/1849 1839/1839/1839 1850/1850/1850
f 1825/1825/1825 1851/1851/1851 1793/1793/1793
f 1852/1852/1852 966/966/966 959/959/959
f 950/950/950 959/959/959 966/966/966
f 1839/1839/1839 1853/1853/1853 1823/1823/1823
f 1853/1853/1853 1838/1838/1838 1823/1823/1823
f 1854/1854/1854 1839/1839/1839 1849/1849/1849
f 1360/1360/1360 1848/1848/1848 1847/1847/1847
f 1855/1855/1855 1856/1856/1856 1852/1852/1852
f 1857/1857/1857 1837/1837/1837 1838/1838/1838
f 1841/1841/1841 1858/1858/1858 1842/1842/1842
f 1389/1389/1389 1848/1848/1848 1360/1360/1360
f 1859/1859/1859 966/966/966 1852/1852/1852
f 1860/1860/1860 1853/1853/1853 1839/1839/1839
f 1860/1860/1860 1839/1839/1839 1854/1854/1854
f 1852/1852/1852 1856/1856/1856 1861/1861/1861
f 1862/1862/1862 1841/1841/1841 1863/1863/1863
f 1852/1852/1852 1861/1861/1861 1859/1859/1859
f 1838/1838/1838 1853/1853/1853 1857/1857/1857
f 1862/1862/1862 1858/1858/1858 1841/1841/1841
f 1864/1864/1864 1865/1865/1865 1866/1866/1866
f 1867/1867/1867 1848/1848/1848 1389/1389/1389
f 965/965/965 966/966/966 1859/1859/1859
f 1868/1868/1868 1862/1862/1862 1863/1863/1863
f 1869/1869/1869 1863/1863/1863 1866/1866/1866
f 1870/1870/1870 1871/1871/1871 1872/1872/1872
f 1873/1873/1873 1859/1859/1859 1861/1861/1861
f 1874/1874/1874 1857/1857/1857 1853/1853/1853
f 1869/1869/1869 1868/1868/1868 1863/1863/1863
f 1875/1875/1875 1853/1853/1853 1860/1860/1860
f 1876/1876/1876 1860/1860/1860 1877/1877/1877
f 1862/1862/1862 1878/1878/1878 1858/1858/1858
f 1879/1879/1879 1880/1880/1880 1881/1881/1881
f 1859/1859/1859 1873/1873/1873 1882/1882/1882
f 1859/1859/1859 1882/1882/1882 965/965/965
f 1874/1874/1874 1853/1853/1853 1883/1883/1883
f 1883/1883/1883 1853/1853/1853 1875/1875/1875
f 1884/1884/1884 1862/1862/1862 1868/1868/1868
f 1882/1882/1882 977/977/977 965/965/965
f 1884/1884/1884 1878/1878/1878 1862/1862/1862
f 1860/1860/1860 1885/1885/1885 1875/1875/1875
f 1886/1886/1886 1885/1885/1885 1860/1860/1860
f 1873/1873/1873 1887/1887/1887 1882/1882/1882
f 1888/1888/1888 977/977/977 1882/1882/1882
f 1888/1888/1888 1882/1882/1882 1887/1887/1887
f 1874/1874/1874 1883/1883/1883 1889/1889/1889
f 1883/1883/1883 1875/1875/1875 1890/1890/1890
f 1884/1884/1884 1891/1891/1891 1878/1878/1878
f 1875/1875/1875 1885/1885/1885 1890/1890/1890
f 1892/1892/1892 1885/1885/1885 1893/1893/1893
f 1888/1888/1888 986/986/986 977/977/977
f 1889/1889/1889 1883/1883/1883 1890/1890/1890
f 1894/1894/1894 1891/1891/1891 1884/1884/1884
f 1895/1895/1895 1890/1890/1890 1885/1885/1885
f 1896/1896/1896 1885/1885/1885 1892/1892/1892
f 1895/1895/1895 1885/1885/1885 1896/1896/1896
f 1897/1897/1897 1891/1891/1891 1894/1894/1894
f 1898/1898/1898 1888/1888/1888 1887/1887/1887
f 986/986/986 1888/1888/1888 998/998/998
f 1899/1899/1899 1889/1889/1889 1890/1890/1890
f 1897/1897/1897 1900/1900/1900 1891/1891/1891
f 1888/1888/1888 1898/1898/1898 998/998/998
f 1895/1895/1895 1901/1901/1901 1890/1890/1890
f 1900/1900/1900 1902/1902/1902 1891/1891/1891
f 1895/1895/1895 1896/1896/1896 1903/1903/1903
f 1904/1904/1904 998/998/998 1898/1898/1898
f 1890/1890/1890 1901/1901/1901 1899/1899/1899
f 1905/1905/1905 1906/1906/1906 1900/1900/1900
f 1901/1901/1901 1895/1895/1895 1903/1903/1903
f 1903/1903/1903 1896/1896/1896 1907/1907/1907
f 998/998/998 1904/1904/1904 1002/1002/1002
f 1897/1897/1897 1905/1905/1905 1900/1900/1900
f 1901/1901/1901 1908/1908/1908 1899/1899/1899
f 1909/1909/1909 1901/1901/1901 1903/1903/1903
f 1907/1907/1907 1909/1909/1909 1903/1903/1903
f 1910/1910/1910 1002/1002/1002 1904/1904/1904
f 1909/1909/1909 1911/1911/1911 1901/1901/1901
f 1905/1905/1905 1897/1897/1897 1912/1912/1912
f 1901/1901/1901 1911/1911/1911 1908/1908/1908
f 1913/1913/1913 1909/1909/1909 1914/1914/1914
f 1908/1908/1908 1911/1911/1911 1915/1915/1915
f 1916/1916/1916 1911/1911/1911 1909/1909/1909
f 1910/1910/1910 1022/1022/1022 1002/1002/1002
f 1911/1911/1911 1917/1917/1917 1918/1918/1918
f 1913/1913/1913 1916/1916/1916 1909/1909/1909
f 1919/1919/1919 1920/1920/1920 1905/1905/1905
f 1921/1921/1921 1022/1022/1022 1910/1910/1910
f 1905/1905/1905 1912/1912/1912 1919/1919/1919
f 1922/1922/1922 1919/1919/1919 1912/1912/1912
f 1911/1911/1911 1916/1916/1916 1917/1917/1917
f 1923/1923/1923 1919/1919/1919 1924/1924/1924
f 1916/1916/1916 1925/1925/1925 1917/1917/1917
f 1916/1916/1916 1913/1913/1913 1926/1926/1926
f 1926/1926/1926 1925/1925/1925 1916/1916/1916
f 1921/1921/1921 1927/1927/1927 1022/1022/1022
f 1928/1928/1928 1926/1926/1926 1929/1929/1929
f 1927/1927/1927 1930/1930/1930 1022/1022/1022
f 1022/1022/1022 1930/1930/1930 1021/1021/1021
f 1931/1931/1931 1925/1925/1925 1932/1932/1932
f 1933/1933/1933 1924/1924/1924 1919/1919/1919
f 1919/1919/1919 1922/1922/1922 1933/1933/1933
f 1035/1035/1035 1021/1021/1021 1930/1930/1930
f 1934/1934/1934 1930/1930/1930 1927/1927/1927
f 1925/1925/1925 1926/1926/1926 1935/1935/1935
f 1926/1926/1926 1936/1936/1936 1937/1937/1937
f 1938/1938/1938 1925/1925/1925 1939/1939/1939
f 1940/1940/1940 1941/1941/1941 1942/1942/1942
f 1942/1942/1942 1933/1933/1933 1940/1940/1940
f 1035/1035/1035 1930/1930/1930 1934/1934/1934
f 1927/1927/1927 1943/1943/1943 1934/1934/1934
f 1935/1935/1935 1939/1939/1939 1925/1925/1925
f 1933/1933/1933 1944/1944/1944 1945/1945/1945
f 1935/1935/1935 1926/1926/1926 1937/1937/1937
f 1946/1946/1946 1945/1945/1945 1944/1944/1944
f 1943/1943/1943 1947/1947/1947 1934/1934/1934
f 1939/1939/1939 1935/1935/1935 1948/1948/1948
f 1933/1933/1933 1949/1949/1949 1940/1940/1940
f 1945/1945/1945 1949/1949/1949 1933/1933/1933
f 1950/1950/1950 1945/1945/1945 1946/1946/1946
f 1951/1951/1951 1952/1952/1952 1940/1940/1940
f 1934/1934/1934 1947/1947/1947 1035/1035/1035
f 1949/1949/1949 1951/1951/1951 1940/1940/1940
f 1035/1035/1035 1947/1947/1947 1039/1039/1039
f 1935/1935/1935 1953/1953/1953 1948/1948/1948
f 1937/1937/1937 1953/1953/1953 1935/1935/1935
f 1950/1950/1950 1949/1949/1949 1945/1945/1945
f 1954/1954/1954 1952/1952/1952 1951/1951/1951
f 1955/1955/1955 1956/1956/1956 1957/1957/1957
f 1958/1958/1958 1959/1959/1959 1950/1950/1950
f 1960/1960/1960 1961/1961/1961 1943/1943/1943
f 1039/1039/1039 1947/1947/1947 1962/1962/1962
f 1948/1948/1948 1953/1953/1953 1963/1963/1963
f 1958/1958/1958 1964/1964/1964 1959/1959/1959
f 1943/1943/1943 1962/1962/1962 1947/1947/1947
f 1955/1955/1955 1965/1965/1965 1956/1956/1956
f 1950/1950/1950 1959/1959/1959 1949/1949/1949
f 1943/1943/1943 1961/1961/1961 1962/1962/1962
f 1966/1966/1966 1967/1967/1967 1968/1968/1968
f 1969/1969/1969 1964/1964/1964 1970/1970/1970
f 1054/1054/1054 1039/1039/1039 1962/1962/1962
f 1971/1971/1971 1972/1972/1972 1973/1973/1973
f 1974/1974/1974 1975/1975/1975 1968/1968/1968
f 1976/1976/1976 1975/1975/1975 1974/1974/1974
f 1977/1977/1977 1976/1976/1976 1974/1974/1974
f 1977/1977/1977 1978/1978/1978 1972/1972/1972
f 1979/1979/1979 1980/1980/1980 1981/1981/1981
f 1961/1961/1961 1982/1982/1982 1962/1962/1962
f 1972/1972/1972 1976/1976/1976 1977/1977/1977
f 1979/1979/1979 1983/1983/1983 1984/1984/1984
f 1980/1980/1980 1979/1979/1979 1984/1984/1984
f 1985/1985/1985 1969/1969/1969 1986/1986/1986
f 1564/1564/1564 1987/1987/1987 1558/1558/1558
f 1972/1972/1972 1988/1988/1988 1989/1989/1989
f 1990/1990/1990 1966/1966/1966 1968/1968/1968
f 1972/1972/1972 1989/1989/1989 1976/1976/1976
f 1991/1991/1991 1966/1966/1966 1990/1990/1990
f 1975/1975/1975 1990/1990/1990 1968/1968/1968
f 1992/1992/1992 1993/1993/1993 1994/1994/1994
f 1962/1962/1962 1982/1982/1982 1054/1054/1054
f 1975/1975/1975 1976/1976/1976 1995/1995/1995
f 1976/1976/1976 1989/1989/1989 1996/1996/1996
f 1997/1997/1997 1980/1980/1980 1984/1984/1984
f 1997/1997/1997 1998/1998/1998 1980/1980/1980
f 1999/1999/1999 2000/2000/2000 2001/2001/2001
f 1991/1991/1991 2000/2000/2000 1966/1966/1966
f 2002/2002/2002 2003/2003/2003 2004/2004/2004
f 1066/1066/1066 1054/1054/1054 1982/1982/1982
f 1996/1996/1996 1995/1995/1995 1976/1976/1976
f 2005/2005/2005 2002/2002/2002 2004/2004/2004
f 2006/2006/2006 2007/2007/2007 2008/2008/2008
f 1995/1995/1995 1990/1990/1990 1975/1975/1975
f 2009/2009/2009 2010/2010/2010 1564/1564/1564
f 2011/2011/2011 2002/2002/2002 2005/2005/2005
f 2011/2011/2011 2012/2012/2012 2002/2002/2002
f 2012/2012/2012 2003/2003/2003 2002/2002/2002
f 2013/2013/2013 2010/2010/2010 2014/2014/2014
f 1997/1997/1997 2015/2015/2015 1998/1998/1998
f 2015/2015/2015 2016/2016/2016 1998/1998/1998
f 1591/1591/1591 1590/1590/1590 2017/2017/2017
f 2000/2000/2000 2018/2018/2018 2001/2001/2001
f 2001/2001/2001 1078/1078/1078 2019/2019/2019
f 1990/1990/1990 2020/2020/2020 1991/1991/1991
f 2021/2021/2021 2005/2005/2005 2022/2022/2022
f 2021/2021/2021 2011/2011/2011 2005/2005/2005
f 2023/2023/2023 2007/2007/2007 2024/2024/2024
f 2025/2025/2025 2003/2003/2003 2012/2012/2012
f 2025/2025/2025 2026/2026/2026 2003/2003/2003
f 2006/2006/2006 2027/2027/2027 2007/2007/2007
f 2015/2015/2015 2028/2028/2028 2029/2029/2029
f 1078/1078/1078 2001/2001/2001 2018/2018/2018
f 2030/2030/2030 2021/2021/2021 2031/2031/2031
f 2024/2024/2024 2007/2007/2007 2027/2027/2027
f 2032/2032/2032 2018/2018/2018 2000/2000/2000
f 2000/2000/2000 1991/1991/1991 2033/2033/2033
f 2033/2033/2033 1991/1991/1991 2020/2020/2020
f 1990/1990/1990 1995/1995/1995 2020/2020/2020
f 2010/2010/2010 2009/2009/2009 2014/2014/2014
f 2013/2013/2013 2014/2014/2014 2034/2034/2034
f 2000/2000/2000 2033/2033/2033 2032/2032/2032
f 2015/2015/2015 2035/2035/2035 2016/2016/2016
f 2036/2036/2036 2016/2016/2016 2035/2035/2035
f 2037/2037/2037 2030/2030/2030 2036/2036/2036
f 2038/2038/2038 2039/2039/2039 2040/2040/2040
f 2037/2037/2037 2021/2021/2021 2030/2030/2030
f 2037/2037/2037 2041/2041/2041 2011/2011/2011
f 2037/2037/2037 2011/2011/2011 2021/2021/2021
f 2040/2040/2040 2039/2039/2039 2042/2042/2042
f 1079/1079/1079 1078/1078/1078 1097/1097/1097
f 2035/2035/2035 2037/2037/2037 2036/2036/2036
f 2011/2011/2011 2043/2043/2043 2012/2012/2012
f 2018/2018/2018 2044/2044/2044 1078/1078/1078
f 2045/2045/2045 2032/2032/2032 2033/2033/2033
f 2011/2011/2011 2041/2041/2041 2043/2043/2043
f 2023/2023/2023 2024/2024/2024 2042/2042/2042
f 2046/2046/2046 2042/2042/2042 2024/2024/2024
f 2012/2012/2012 2043/2043/2043 2025/2025/2025
f 2047/2047/2047 2048/2048/2048 2049/2049/2049
f 2050/2050/2050 2051/2051/2051 2052/2052/2052
f 2053/2053/2053 2037/2037/2037 2035/2035/2035
f 2032/2032/2032 2045/2045/2045 2054/2054/2054
f 2018/2018/2018 2032/2032/2032 2054/2054/2054
f 1078/1078/1078 2044/2044/2044 1097/1097/1097
f 2055/2055/2055 2053/2053/2053 2035/2035/2035
f 2037/2037/2037 2056/2056/2056 2041/2041/2041
f 2041/2041/2041 2056/2056/2056 2043/2043/2043
f 2040/2040/2040 2042/2042/2042 2046/2046/2046
f 2034/2034/2034 2014/2014/2014 2057/2057/2057
f 2044/2044/2044 2018/2018/2018 2058/2058/2058
f 2059/2059/2059 2034/2034/2034 2060/2060/2060
f 2037/2037/2037 2061/2061/2061 2056/2056/2056
f 2043/2043/2043 2062/2062/2062 2025/2025/2025
f 2009/2009/2009 2063/2063/2063 2014/2014/2014
f 2058/2058/2058 2018/2018/2018 2054/2054/2054
f 2050/2050/2050 2052/2052/2052 2064/2064/2064
f 2052/2052/2052 2051/2051/2051 2065/2065/2065
f 2051/2051/2051 2040/2040/2040 2065/2065/2065
f 2066/2066/2066 2054/2054/2054 2045/2045/2045
f 2067/2067/2067 2060/2060/2060 2068/2068/2068
f 2037/2037/2037 2053/2053/2053 2069/2069/2069
f 2058/2058/2058 2054/2054/2054 2066/2066/2066
f 2066/2066/2066 2045/2045/2045 2070/2070/2070
f 2067/2067/2067 2034/2034/2034 2057/2057/2057
f 1096/1096/1096 1097/1097/1097 2044/2044/2044
f 2071/2071/2071 2072/2072/2072 2053/2053/2053
f 2053/2053/2053 2072/2072/2072 2069/2069/2069
f 2062/2062/2062 2073/2073/2073 2025/2025/2025
f 2025/2025/2025 2073/2073/2073 2074/2074/2074
f 2014/2014/2014 2063/2063/2063 2057/2057/2057
f 2056/2056/2056 2075/2075/2075 2043/2043/2043
f 2046/2046/2046 2024/2024/2024 2076/2076/2076
f 2077/2077/2077 2066/2066/2066 2070/2070/2070
f 2061/2061/2061 2037/2037/2037 2069/2069/2069
f 2056/2056/2056 2061/2061/2061 2075/2075/2075
f 2062/2062/2062 2043/2043/2043 2078/2078/2078
f 1638/1638/1638 2077/2077/2077 1605/1605/1605
f 1654/1654/1654 2077/2077/2077 1638/1638/1638
f 2058/2058/2058 2066/2066/2066 1662/1662/1662
f 2044/2044/2044 2058/2058/2058 1103/1103/1103
f 2075/2075/2075 2078/2078/2078 2043/2043/2043
f 2076/2076/2076 2024/2024/2024 2079/2079/2079
f 2080/2080/2080 2079/2079/2079 2024/2024/2024
f 1654/1654/1654 2066/2066/2066 2077/2077/2077
f 2057/2057/2057 2063/2063/2063 2081/2081/2081
f 1096/1096/1096 2044/2044/2044 1103/1103/1103
f 2082/2082/2082 2083/2083/2083 2072/2072/2072
f 2084/2084/2084 2040/2040/2040 2046/2046/2046
f 1103/1103/1103 2058/2058/2058 1662/1662/1662
f 2052/2052/2052 2085/2085/2085 2064/2064/2064
f 2086/2086/2086 2065/2065/2065 2040/2040/2040
f 2086/2086/2086 2040/2040/2040 2084/2084/2084
f 2084/2084/2084 2046/2046/2046 2087/2087/2087
f 2088/2088/2088 2089/2089/2089 2090/2090/2090
f 1654/1654/1654 1662/1662/1662 2066/2066/2066
f 2091/2091/2091 2092/2092/2092 2083/2083/2083
f 2069/2069/2069 2093/2093/2093 2061/2061/2061
f 2094/2094/2094 2095/2095/2095 2096/2096/2096
f 2097/2097/2097 2094/2094/2094 2096/2096/2096
f 2064/2064/2064 2098/2098/2098 2097/2097/2097
f 2099/2099/2099 2072/2072/2072 2083/2083/2083
f 2100/2100/2100 2069/2069/2069 2072/2072/2072
f 2076/2076/2076 2087/2087/2087 2046/2046/2046
f 2089/2089/2089 2088/2088/2088 2101/2101/2101
f 2063/2063/2063 2102/2102/2102 2103/2103/2103
f 1662/1662/1662 1665/1665/1665 1103/1103/1103
f 2098/2098/2098 2064/2064/2064 2104/2104/2104
f 2105/2105/2105 2099/2099/2099 2083/2083/2083
f 2106/2106/2106 2052/2052/2052 2065/2065/2065
f 2069/2069/2069 2100/2100/2100 2093/2093/2093
f 2093/2093/2093 2075/2075/2075 2061/2061/2061
f 2078/2078/2078 2075/2075/2075 2107/2107/2107
f 2100/2100/2100 2072/2072/2072 2099/2099/2099
f 2108/2108/2108 2109/2109/2109 2089/2089/2089
f 2090/2090/2090 2089/2089/2089 2110/2110/2110
f 1660/1660/1660 1662/1662/1662 1654/1654/1654
f 1665/1665/1665 1662/1662/1662 1661/1661/1661
f 2085/2085/2085 2104/2104/2104 2064/2064/2064
f 854/854/854 1103/1103/1103 1665/1665/1665
f 2105/2105/2105 2083/2083/2083 2092/2092/2092
f 2106/2106/2106 2065/2065/2065 2086/2086/2086
f 2111/2111/2111 1648/1648/1648 2112/2112/2112
f 2098/2098/2098 2094/2094/2094 2097/2097/2097
f 2105/2105/2105 2113/2113/2113 2099/2099/2099
f 2099/2099/2099 2113/2113/2113 2100/2100/2100
f 2107/2107/2107 2075/2075/2075 2093/2093/2093
f 2086/2086/2086 2084/2084/2084 2114/2114/2114
f 2090/2090/2090 2110/2110/2110 2115/2115/2115
f 2116/2116/2116 2117/2117/2117 2092/2092/2092
f 2092/2092/2092 2117/2117/2117 2105/2105/2105
f 2100/2100/2100 2113/2113/2113 2118/2118/2118
f 2052/2052/2052 2119/2119/2119 2085/2085/2085
f 2087/2087/2087 2120/2120/2120 2084/2084/2084
f 2089/2089/2089 2109/2109/2109 2121/2121/2121
f 2089/2089/2089 2122/2122/2122 2110/2110/2110
f 2116/2116/2116 2123/2123/2123 2117/2117/2117
f 2052/2052/2052 2106/2106/2106 2119/2119/2119
f 2114/2114/2114 2106/2106/2106 2086/2086/2086
f 2114/2114/2114 2084/2084/2084 2120/2120/2120
f 2117/2117/2117 2124/2124/2124 2105/2105/2105
f 2100/2100/2100 2118/2118/2118 2093/2093/2093
f 2089/2089/2089 2121/2121/2121 2122/2122/2122
f 2105/2105/2105 2124/2124/2124 2125/2125/2125
f 2125/2125/2125 2113/2113/2113 2105/2105/2105
f 2126/2126/2126 2127/2127/2127 2128/2128/2128
f 2087/2087/2087 2076/2076/2076 2129/2129/2129
f 2129/2129/2129 2076/2076/2076 2079/2079/2079
f 2122/2122/2122 2130/2130/2130 2110/2110/2110
f 2131/2131/2131 1648/1648/1648 2111/2111/2111
f 2132/2132/2132 2117/2117/2117 2133/2133/2133
f 2098/2098/2098 2134/2134/2134 2094/2094/2094
f 2109/2109/2109 2135/2135/2135 2121/2121/2121
f 2129/2129/2129 2136/2136/2136 2087/2087/2087
f 2137/2137/2137 2129/2129/2129 2079/2079/2079
f 2118/2118/2118 2113/2113/2113 2125/2125/2125
f 2087/2087/2087 2136/2136/2136 2120/2120/2120
f 2124/2124/2124 2117/2117/2117 2132/2132/2132
f 2118/2118/2118 2125/2125/2125 2138/2138/2138
f 2139/2139/2139 2140/2140/2140 2127/2127/2127
f 2135/2135/2135 2127/2127/2127 2141/2141/2141
f 2135/2135/2135 2141/2141/2141 2121/2121/2121
f 2142/2142/2142 2131/2131/2131 2111/2111/2111
f 2104/2104/2104 2134/2134/2134 2098/2098/2098
f 2143/2143/2143 2085/2085/2085 2119/2119/2119
f 2144/2144/2144 2119/2119/2119 2106/2106/2106
f 2120/2120/2120 2145/2145/2145 2114/2114/2114
f 2130/2130/2130 2122/2122/2122 2146/2146/2146
f 2140/2140/2140 2147/2147/2147 2127/2127/2127
f 2121/2121/2121 2148/2148/2148 2146/2146/2146
f 2146/2146/2146 2122/2122/2122 2121/2121/2121
f 2124/2124/2124 2132/2132/2132 2149/2149/2149
f 2150/2150/2150 2151/2151/2151 2152/2152/2152
f 2127/2127/2127 2153/2153/2153 2141/2141/2141
f 2121/2121/2121 2141/2141/2141 2148/2148/2148
f 2104/2104/2104 2154/2154/2154 2134/2134/2134
f 2085/2085/2085 2143/2143/2143 2104/2104/2104
f 2140/2140/2140 2155/2155/2155 2147/2147/2147
f 2119/2119/2119 2144/2144/2144 2143/2143/2143
f 2114/2114/2114 2144/2144/2144 2106/2106/2106
f 2114/2114/2114 2145/2145/2145 2144/2144/2144
f 2156/2156/2156 2157/2157/2157 2158/2158/2158
f 2127/2127/2127 2147/2147/2147 2153/2153/2153
f 2143/2143/2143 2154/2154/2154 2104/2104/2104
f 2159/2159/2159 2155/2155/2155 2160/2160/2160
f 2159/2159/2159 2161/2161/2161 2155/2155/2155
f 2148/2148/2148 2162/2162/2162 2146/2146/2146
f 2158/2158/2158 2163/2163/2163 2156/2156/2156
f 2164/2164/2164 2148/2148/2148 2141/2141/2141
f 2148/2148/2148 2164/2164/2164 2162/2162/2162
f 2155/2155/2155 2165/2165/2165 2147/2147/2147
f 2120/2120/2120 2166/2166/2166 2145/2145/2145
f 2136/2136/2136 2166/2166/2166 2120/2120/2120
f 2167/2167/2167 2163/2163/2163 2158/2158/2158
f 2144/2144/2144 2168/2168/2168 2143/2143/2143
f 2147/2147/2147 2169/2169/2169 2153/2153/2153
f 2145/2145/2145 2168/2168/2168 2144/2144/2144
f 2153/2153/2153 2170/2170/2170 2141/2141/2141
f 2141/2141/2141 2171/2171/2171 2164/2164/2164
f 2172/2172/2172 2173/2173/2173 2174/2174/2174
f 2169/2169/2169 2170/2170/2170 2153/2153/2153
f 2169/2169/2169 2147/2147/2147 2175/2175/2175
f 1704/1704/1704 1699/1699/1699 2176/2176/2176
f 2177/2177/2177 2178/2178/2178 2179/2179/2179
f 1699/1699/1699 1737/1737/1737 2176/2176/2176
f 2180/2180/2180 1702/1702/1702 2181/2181/2181
f 1737/1737/1737 1768/1768/1768 2176/2176/2176
f 2182/2182/2182 2176/2176/2176 1768/1768/1768
f 2183/2183/2183 2184/2184/2184 2185/2185/2185
f 2183/2183/2183 2186/2186/2186 2178/2178/2178
f 2184/2184/2184 2183/2183/2183 2178/2178/2178
f 2182/2182/2182 1768/1768/1768 2187/2187/2187
f 1702/1702/1702 2180/2180/2180 2188/2188/2188
f 2189/2189/2189 2182/2182/2182 2187/2187/2187
f 2183/2183/2183 2185/2185/2185 2190/2190/2190
f 1761/1761/1761 2187/2187/2187 1768/1768/1768
f 2191/2191/2191 1784/1784/1784 1767/1767/1767
f 2192/2192/2192 2193/2193/2193 2194/2194/2194
f 1794/1794/1794 2187/2187/2187 1761/1761/1761
f 2187/2187/2187 1794/1794/1794 2195/2195/2195
f 2196/2196/2196 2193/2193/2193 2197/2197/2197
f 2190/2190/2190 2198/2198/2198 2183/2183/2183
f 2193/2193/2193 2198/2198/2198 2190/2190/2190
f 1805/1805/1805 2195/2195/2195 1794/1794/1794
f 2191/2191/2191 2199/2199/2199 1784/1784/1784
f 1803/1803/1803 1784/1784/1784 2199/2199/2199
f 1803/1803/1803 2199/2199/2199 1840/1840/1840
f 2200/2200/2200 2193/2193/2193 2196/2196/2196
f 1840/1840/1840 2201/2201/2201 2202/2202/2202
f 1840/1840/1840 2202/2202/2202 1836/1836/1836
f 2202/2202/2202 2201/2201/2201 2203/2203/2203
f 1870/1870/1870 1865/1865/1865 1864/1864/1864
f 1866/1866/1866 1865/1865/1865 1869/1869/1869
f 2204/2204/2204 1869/1869/1869 1865/1865/1865
f 1865/1865/1865 1870/1870/1870 1872/1872/1872
f 1868/1868/1868 1869/1869/1869 2204/2204/2204
f 2205/2205/2205 1865/1865/1865 1872/1872/1872
f 1872/1872/1872 2206/2206/2206 2207/2207/2207
f 2204/2204/2204 1865/1865/1865 2208/2208/2208
f 2205/2205/2205 2208/2208/2208 1865/1865/1865
f 2205/2205/2205 1872/1872/1872 2207/2207/2207
f 2204/2204/2204 2209/2209/2209 1868/1868/1868
f 2210/2210/2210 2208/2208/2208 2205/2205/2205
f 2211/2211/2211 2209/2209/2209 2204/2204/2204
f 2208/2208/2208 2211/2211/2211 2204/2204/2204
f 1884/1884/1884 1868/1868/1868 2209/2209/2209
f 2211/2211/2211 2208/2208/2208 2210/2210/2210
f 2212/2212/2212 1884/1884/1884 2209/2209/2209
f 2213/2213/2213 2210/2210/2210 2205/2205/2205
f 2205/2205/2205 2207/2207/2207 2213/2213/2213
f 2212/2212/2212 1894/1894/1894 1884/1884/1884
f 2213/2213/2213 2207/2207/2207 2214/2214/2214
f 2210/2210/2210 2215/2215/2215 2211/2211/2211
f 2216/2216/2216 2209/2209/2209 2211/2211/2211
f 2216/2216/2216 2212/2212/2212 2209/2209/2209
f 2215/2215/2215 2216/2216/2216 2211/2211/2211
f 2213/2213/2213 2215/2215/2215 2210/2210/2210
f 2217/2217/2217 2215/2215/2215 2213/2213/2213
f 1897/1897/1897 1894/1894/1894 2218/2218/2218
f 2218/2218/2218 1894/1894/1894 2212/2212/2212
f 2219/2219/2219 2212/2212/2212 2216/2216/2216
f 2219/2219/2219 2218/2218/2218 2212/2212/2212
f 2217/2217/2217 2213/2213/2213 2214/2214/2214
f 2215/2215/2215 2217/2217/2217 2220/2220/2220
f 2219/2219/2219 2221/2221/2221 2218/2218/2218
f 2215/2215/2215 2222/2222/2222 2216/2216/2216
f 2217/2217/2217 2214/2214/2214 2223/2223/2223
f 2220/2220/2220 2222/2222/2222 2215/2215/2215
f 2224/2224/2224 2219/2219/2219 2216/2216/2216
f 2218/2218/2218 2221/2221/2221 1897/1897/1897
f 2224/2224/2224 2216/2216/2216 2222/2222/2222
f 2225/2225/2225 2222/2222/2222 2220/2220/2220
f 2221/2221/2221 1912/1912/1912 1897/1897/1897
f 2224/2224/2224 2221/2221/2221 2219/2219/2219
f 2225/2225/2225 2224/2224/2224 2222/2222/2222
f 2217/2217/2217 2226/2226/2226 2220/2220/2220
f 2217/2217/2217 2223/2223/2223 2227/2227/2227
f 2224/2224/2224 2228/2228/2228 2221/2221/2221
f 2226/2226/2226 2225/2225/2225 2220/2220/2220
f 2227/2227/2227 2226/2226/2226 2217/2217/2217
f 2228/2228/2228 1912/1912/1912 2221/2221/2221
f 2226/2226/2226 2229/2229/2229 2225/2225/2225
f 2230/2230/2230 2227/2227/2227 2231/2231/2231
f 2228/2228/2228 1922/1922/1922 1912/1912/1912
f 2232/2232/2232 2224/2224/2224 2225/2225/2225
f 2229/2229/2229 2232/2232/2232 2225/2225/2225
f 2233/2233/2233 2228/2228/2228 2224/2224/2224
f 2227/2227/2227 2234/2234/2234 2226/2226/2226
f 2234/2234/2234 2227/2227/2227 2230/2230/2230
f 2234/2234/2234 2229/2229/2229 2226/2226/2226
f 2232/2232/2232 2233/2233/2233 2224/2224/2224
f 2228/2228/2228 1944/1944/1944 1922/1922/1922
f 2233/2233/2233 1944/1944/1944 2228/2228/2228
f 2235/2235/2235 2232/2232/2232 2229/2229/2229
f 2235/2235/2235 2229/2229/2229 2234/2234/2234
f 2232/2232/2232 2236/2236/2236 2233/2233/2233
f 2235/2235/2235 2237/2237/2237 2232/2232/2232
f 2233/2233/2233 1946/1946/1946 1944/1944/1944
f 2237/2237/2237 2236/2236/2236 2232/2232/2232
f 1922/1922/1922 1944/1944/1944 1933/1933/1933
f 2233/2233/2233 2236/2236/2236 1946/1946/1946
f 2238/2238/2238 2235/2235/2235 2234/2234/2234
f 2235/2235/2235 2238/2238/2238 2237/2237/2237
f 2234/2234/2234 2239/2239/2239 2240/2240/2240
f 2238/2238/2238 1970/1970/1970 2237/2237/2237
f 2240/2240/2240 2238/2238/2238 2234/2234/2234
f 1970/1970/1970 2236/2236/2236 2237/2237/2237
f 1958/1958/1958 2236/2236/2236 1970/1970/1970
f 2236/2236/2236 1958/1958/1958 1946/1946/1946
f 2241/2241/2241 2238/2238/2238 2240/2240/2240
f 2238/2238/2238 2241/2241/2241 1970/1970/1970
f 1958/1958/1958 1950/1950/1950 1946/1946/1946
f 2242/2242/2242 2241/2241/2241 2240/2240/2240
f 2241/2241/2241 1969/1969/1969 1970/1970/1970
f 1958/1958/1958 1970/1970/1970 1964/1964/1964
f 2242/2242/2242 1986/1986/1986 2241/2241/2241
f 1969/1969/1969 2241/2241/2241 1986/1986/1986
f 2243/2243/2243 2244/2244/2244 2245/2245/2245
f 2243/2243/2243 1992/1992/1992 1994/1994/1994
f 2243/2243/2243 2246/2246/2246 1992/1992/1992
f 2243/2243/2243 2245/2245/2245 2246/2246/2246
f 2247/2247/2247 1992/1992/1992 2248/2248/2248
f 2246/2246/2246 2248/2248/2248 1992/1992/1992
f 2249/2249/2249 2250/2250/2250 2251/2251/2251
f 2252/2252/2252 2253/2253/2253 2006/2006/2006
f 2027/2027/2027 2006/2006/2006 2253/2253/2253
f 2254/2254/2254 2255/2255/2255 2256/2256/2256
f 2257/2257/2257 2258/2258/2258 2259/2259/2259
f 2025/2025/2025 2074/2074/2074 2026/2026/2026
f 2080/2080/2080 2027/2027/2027 2253/2253/2253
f 2254/2254/2254 2257/2257/2257 2255/2255/2255
f 2080/2080/2080 2024/2024/2024 2027/2027/2027
f 2257/2257/2257 2254/2254/2254 2260/2260/2260
f 2261/2261/2261 2262/2262/2262 2258/2258/2258
f 2257/2257/2257 2260/2260/2260 2258/2258/2258
f 2074/2074/2074 2263/2263/2263 2264/2264/2264
f 2261/2261/2261 2265/2265/2265 2266/2266/2266
f 2267/2267/2267 2261/2261/2261 2258/2258/2258
f 2115/2115/2115 2268/2268/2268 2090/2090/2090
f 2080/2080/2080 2137/2137/2137 2079/2079/2079
f 2265/2265/2265 2261/2261/2261 2269/2269/2269
f 2270/2270/2270 2271/2271/2271 2272/2272/2272
f 2261/2261/2261 2267/2267/2267 2269/2269/2269
f 2269/2269/2269 2273/2273/2273 2265/2265/2265
f 2130/2130/2130 2115/2115/2115 2110/2110/2110
f 2115/2115/2115 2130/2130/2130 2274/2274/2274
f 2275/2275/2275 2157/2157/2157 2276/2276/2276
f 2277/2277/2277 2278/2278/2278 2279/2279/2279
f 2280/2280/2280 2277/2277/2277 2279/2279/2279
f 2281/2281/2281 2282/2282/2282 2277/2277/2277
f 2277/2277/2277 2283/2283/2283 2278/2278/2278
f 2284/2284/2284 2278/2278/2278 2285/2285/2285
f 2286/2286/2286 2287/2287/2287 2288/2288/2288
f 2279/2279/2279 2278/2278/2278 2284/2284/2284
f 2285/2285/2285 2278/2278/2278 2283/2283/2283
f 2289/2289/2289 2284/2284/2284 2285/2285/2285
f 2290/2290/2290 2287/2287/2287 2291/2291/2291
f 2285/2285/2285 2292/2292/2292 2289/2289/2289
f 2287/2287/2287 2286/2286/2286 2293/2293/2293
f 2294/2294/2294 2295/2295/2295 2296/2296/2296
f 2297/2297/2297 2292/2292/2292 2298/2298/2298
f 2287/2287/2287 2299/2299/2299 2291/2291/2291
f 2298/2298/2298 2292/2292/2292 2300/2300/2300
f 2297/2297/2297 2289/2289/2289 2292/2292/2292
f 2301/2301/2301 2302/2302/2302 2303/2303/2303
f 2304/2304/2304 2305/2305/2305 2306/2306/2306
f 2301/2301/2301 2307/2307/2307 2308/2308/2308
f 2290/2290/2290 2309/2309/2309 2305/2305/2305
f 2310/2310/2310 2311/2311/2311 2312/2312/2312
f 2313/2313/2313 2311/2311/2311 2314/2314/2314
f 2309/2309/2309 2306/2306/2306 2305/2305/2305
f 2291/2291/2291 2315/2315/2315 2290/2290/2290
f 2301/2301/2301 2316/2316/2316 2302/2302/2302
f 2311/2311/2311 2317/2317/2317 2314/2314/2314
f 2318/2318/2318 2319/2319/2319 2320/2320/2320
f 2320/2320/2320 2314/2314/2314 2318/2318/2318
f 2321/2321/2321 2322/2322/2322 2323/2323/2323
f 2324/2324/2324 2321/2321/2321 2318/2318/2318
f 2321/2321/2321 2319/2319/2319 2318/2318/2318
f 1402/1402/1402 2325/2325/2325 2326/2326/2326
f 1402/1402/1402 2327/2327/2327 2328/2328/2328
f 2329/2329/2329 2330/2330/2330 2331/2331/2331
f 2332/2332/2332 2333/2333/2333 2329/2329/2329
f 2330/2330/2330 2334/2334/2334 2331/2331/2331
f 2333/2333/2333 2330/2330/2330 2329/2329/2329
f 2334/2334/2334 2335/2335/2335 2336/2336/2336
f 2330/2330/2330 2335/2335/2335 2334/2334/2334
f 2337/2337/2337 1402/1402/1402 1426/1426/1426
f 2335/2335/2335 2338/2338/2338 2339/2339/2339
f 2335/2335/2335 2339/2339/2339 2336/2336/2336
f 2340/2340/2340 2341/2341/2341 2342/2342/2342
f 2331/2331/2331 2343/2343/2343 2344/2344/2344
f 2345/2345/2345 2346/2346/2346 2347/2347/2347
f 2348/2348/2348 2349/2349/2349 2350/2350/2350
f 2347/2347/2347 2350/2350/2350 2345/2345/2345
f 2347/2347/2347 2346/2346/2346 2338/2338/2338
f 2338/2338/2338 2346/2346/2346 2351/2351/2351
f 2338/2338/2338 2352/2352/2352 2339/2339/2339
f 2335/2335/2335 2353/2353/2353 2338/2338/2338
f 2354/2354/2354 2334/2334/2334 2336/2336/2336
f 2334/2334/2334 2343/2343/2343 2331/2331/2331
f 2355/2355/2355 2356/2356/2356 2357/2357/2357
f 2350/2350/2350 2358/2358/2358 2345/2345/2345
f 2347/2347/2347 2348/2348/2348 2350/2350/2350
f 2338/2338/2338 2351/2351/2351 2352/2352/2352
f 2338/2338/2338 2353/2353/2353 2347/2347/2347
f 2359/2359/2359 2349/2349/2349 2348/2348/2348
f 2360/2360/2360 2349/2349/2349 2359/2359/2359
f 2361/2361/2361 2360/2360/2360 2359/2359/2359
f 2336/2336/2336 2339/2339/2339 2354/2354/2354
f 1413/1413/1413 2362/2362/2362 1426/1426/1426
f 2351/2351/2351 2346/2346/2346 2363/2363/2363
f 2363/2363/2363 2352/2352/2352 2351/2351/2351
f 2360/2360/2360 2364/2364/2364 2349/2349/2349
f 2365/2365/2365 2366/2366/2366 2367/2367/2367
f 2343/2343/2343 2334/2334/2334 2368/2368/2368
f 2369/2369/2369 2370/2370/2370 2371/2371/2371
f 2372/2372/2372 2373/2373/2373 2374/2374/2374
f 2348/2348/2348 2347/2347/2347 2353/2353/2353
f 2359/2359/2359 2375/2375/2375 2361/2361/2361
f 2376/2376/2376 2377/2377/2377 2361/2361/2361
f 2361/2361/2361 2375/2375/2375 2376/2376/2376
f 2376/2376/2376 1426/1426/1426 2378/2378/2378
f 2334/2334/2334 2354/2354/2354 2368/2368/2368
f 2357/2357/2357 2379/2379/2379 2355/2355/2355
f 2380/2380/2380 2381/2381/2381 2382/2382/2382
f 2380/2380/2380 2383/2383/2383 2381/2381/2381
f 2365/2365/2365 2367/2367/2367 2340/2340/2340
f 2376/2376/2376 2384/2384/2384 1426/1426/1426
f 2356/2356/2356 2355/2355/2355 2340/2340/2340
f 2385/2385/2385 2379/2379/2379 2357/2357/2357
f 2386/2386/2386 2387/2387/2387 2388/2388/2388
f 2389/2389/2389 2352/2352/2352 2363/2363/2363
f 1464/1464/1464 2390/2390/2390 2391/2391/2391
f 2355/2355/2355 2392/2392/2392 2340/2340/2340
f 2387/2387/2387 2393/2393/2393 2388/2388/2388
f 2394/2394/2394 2395/2395/2395 2396/2396/2396
f 2375/2375/2375 2359/2359/2359 2348/2348/2348
f 1451/1451/1451 1464/1464/1464 2397/2397/2397
f 1452/1452/1452 1451/1451/1451 2397/2397/2397
f 2398/2398/2398 2399/2399/2399 2400/2400/2400
f 2401/2401/2401 2402/2402/2402 2403/2403/2403
f 2404/2404/2404 2405/2405/2405 2406/2406/2406
f 2375/2375/2375 2384/2384/2384 2376/2376/2376
f 2407/2407/2407 2408/2408/2408 2409/2409/2409
f 2410/2410/2410 2411/2411/2411 2412/2412/2412
f 2413/2413/2413 2410/2410/2410 2412/2412/2412
f 2395/2395/2395 2394/2394/2394 2414/2414/2414
f 2415/2415/2415 2416/2416/2416 2413/2413/2413
f 2379/2379/2379 2392/2392/2392 2355/2355/2355
f 2417/2417/2417 2418/2418/2418 2390/2390/2390
f 2419/2419/2419 2395/2395/2395 2414/2414/2414
f 2407/2407/2407 2409/2409/2409 2416/2416/2416
f 2420/2420/2420 2401/2401/2401 2421/2421/2421
f 1464/1464/1464 1463/1463/1463 2390/2390/2390
f 2413/2413/2413 2412/2412/2412 2415/2415/2415
f 2422/2422/2422 2384/2384/2384 2375/2375/2375
f 2340/2340/2340 2392/2392/2392 2365/2365/2365
f 2423/2423/2423 2424/2424/2424 2405/2405/2405
f 2408/2408/2408 2407/2407/2407 2425/2425/2425
f 2426/2426/2426 2393/2393/2393 2387/2387/2387
f 1463/1463/1463 2427/2427/2427 2390/2390/2390
f 2424/2424/2424 2406/2406/2406 2405/2405/2405
f 2426/2426/2426 2428/2428/2428 2393/2393/2393
f 2374/2374/2374 2429/2429/2429 2430/2430/2430
f 2427/2427/2427 2417/2417/2417 2390/2390/2390
f 2425/2425/2425 2369/2369/2369 2408/2408/2408
f 2431/2431/2431 2369/2369/2369 2425/2425/2425
f 2379/2379/2379 2432/2432/2432 2433/2433/2433
f 2414/2414/2414 2394/2394/2394 2396/2396/2396
f 2379/2379/2379 2434/2434/2434 2392/2392/2392
f 2365/2365/2365 2392/2392/2392 2435/2435/2435
f 2436/2436/2436 2372/2372/2372 2374/2374/2374
f 2437/2437/2437 2438/2438/2438 2439/2439/2439
f 2440/2440/2440 2387/2387/2387 2386/2386/2386
f 2372/2372/2372 2440/2440/2440 2386/2386/2386
f 2440/2440/2440 2372/2372/2372 2441/2441/2441
f 2442/2442/2442 2416/2416/2416 2415/2415/2415
f 2442/2442/2442 2407/2407/2407 2416/2416/2416
f 2424/2424/2424 2443/2443/2443 2444/2444/2444
f 2400/2400/2400 2406/2406/2406 2445/2445/2445
f 2412/2412/2412 2411/2411/2411 2446/2446/2446
f 2447/2447/2447 2448/2448/2448 2414/2414/2414
f 2449/2449/2449 2450/2450/2450 2435/2435/2435
f 2392/2392/2392 2451/2451/2451 2435/2435/2435
f 2436/2436/2436 2374/2374/2374 2430/2430/2430
f 2433/2433/2433 2434/2434/2434 2379/2379/2379
f 2452/2452/2452 2414/2414/2414 2396/2396/2396
f 2447/2447/2447 2414/2414/2414 2453/2453/2453
f 2435/2435/2435 2451/2451/2451 2454/2454/2454
f 2434/2434/2434 2451/2451/2451 2392/2392/2392
f 2426/2426/2426 2387/2387/2387 2455/2455/2455
f 2456/2456/2456 2415/2415/2415 2412/2412/2412
f 2454/2454/2454 2457/2457/2457 2435/2435/2435
f 2440/2440/2440 2455/2455/2455 2387/2387/2387
f 2425/2425/2425 2407/2407/2407 2458/2458/2458
f 2411/2411/2411 2459/2459/2459 2460/2460/2460
f 2461/2461/2461 2462/2462/2462 2427/2427/2427
f 2463/2463/2463 2427/2427/2427 1463/1463/1463
f 2446/2446/2446 2456/2456/2456 2412/2412/2412
f 2464/2464/2464 2444/2444/2444 2465/2465/2465
f 2466/2466/2466 2407/2407/2407 2442/2442/2442
f 2467/2467/2467 2440/2440/2440 2441/2441/2441
f 2468/2468/2468 2436/2436/2436 2430/2430/2430
f 2453/2453/2453 2414/2414/2414 2452/2452/2452
f 2442/2442/2442 2415/2415/2415 2456/2456/2456
f 2372/2372/2372 2436/2436/2436 2441/2441/2441
f 2426/2426/2426 2469/2469/2469 2428/2428/2428
f 2463/2463/2463 2461/2461/2461 2427/2427/2427
f 2411/2411/2411 2460/2460/2460 2446/2446/2446
f 2470/2470/2470 2447/2447/2447 2453/2453/2453
f 2458/2458/2458 2407/2407/2407 2466/2466/2466
f 2425/2425/2425 2458/2458/2458 2431/2431/2431
f 2471/2471/2471 2472/2472/2472 2473/2473/2473
f 2467/2467/2467 2474/2474/2474 2440/2440/2440
f 2441/2441/2441 2436/2436/2436 2475/2475/2475
f 2476/2476/2476 2460/2460/2460 2477/2477/2477
f 2442/2442/2442 2478/2478/2478 2466/2466/2466
f 2445/2445/2445 2406/2406/2406 2424/2424/2424
f 2441/2441/2441 2475/2475/2475 2467/2467/2467
f 2455/2455/2455 2469/2469/2469 2426/2426/2426
f 2479/2479/2479 2468/2468/2468 2430/2430/2430
f 2442/2442/2442 2456/2456/2456 2478/2478/2478
f 2474/2474/2474 2455/2455/2455 2440/2440/2440
f 2468/2468/2468 2475/2475/2475 2436/2436/2436
f 2480/2480/2480 2444/2444/2444 2464/2464/2464
f 2481/2481/2481 2434/2434/2434 2433/2433/2433
f 2452/2452/2452 2482/2482/2482 2453/2453/2453
f 2451/2451/2451 2434/2434/2434 2483/2483/2483
f 2484/2484/2484 2431/2431/2431 2458/2458/2458
f 1463/1463/1463 2485/2485/2485 2463/2463/2463
f 2486/2486/2486 2487/2487/2487 2453/2453/2453
f 2456/2456/2456 2446/2446/2446 2488/2488/2488
f 1486/1486/1486 2485/2485/2485 1463/1463/1463
f 2480/2480/2480 2424/2424/2424 2444/2444/2444
f 2424/2424/2424 2489/2489/2489 2445/2445/2445
f 2433/2433/2433 2490/2490/2490 2481/2481/2481
f 2491/2491/2491 2492/2492/2492 2493/2493/2493
f 2460/2460/2460 2488/2488/2488 2446/2446/2446
f 2480/2480/2480 2494/2494/2494 2424/2424/2424
f 2481/2481/2481 2483/2483/2483 2434/2434/2434
f 2456/2456/2456 2488/2488/2488 2495/2495/2495
f 2496/2496/2496 2497/2497/2497 2498/2498/2498
f 2452/2452/2452 2499/2499/2499 2482/2482/2482
f 2500/2500/2500 2501/2501/2501 2502/2502/2502
f 2451/2451/2451 2483/2483/2483 2454/2454/2454
f 2503/2503/2503 2504/2504/2504 2497/2497/2497
f 2495/2495/2495 2478/2478/2478 2456/2456/2456
f 2480/2480/2480 2464/2464/2464 2505/2505/2505
f 2484/2484/2484 2458/2458/2458 2506/2506/2506
f 2507/2507/2507 2468/2468/2468 2479/2479/2479
f 2453/2453/2453 2482/2482/2482 2486/2486/2486
f 2508/2508/2508 2454/2454/2454 2483/2483/2483
f 2509/2509/2509 2466/2466/2466 2478/2478/2478
f 2494/2494/2494 2489/2489/2489 2424/2424/2424
f 2458/2458/2458 2466/2466/2466 2506/2506/2506
f 2510/2510/2510 2511/2511/2511 2502/2502/2502
f 2512/2512/2512 2513/2513/2513 2502/2502/2502
f 2455/2455/2455 2474/2474/2474 2514/2514/2514
f 2502/2502/2502 2515/2515/2515 2510/2510/2510
f 2516/2516/2516 2517/2517/2517 2503/2503/2503
f 2518/2518/2518 2489/2489/2489 2494/2494/2494
f 2519/2519/2519 2520/2520/2520 2521/2521/2521
f 2522/2522/2522 2503/2503/2503 2523/2523/2523
f 2524/2524/2524 2478/2478/2478 2495/2495/2495
f 2478/2478/2478 2524/2524/2524 2509/2509/2509
f 2522/2522/2522 2525/2525/2525 2526/2526/2526
f 1529/1529/1529 2526/2526/2526 2525/2525/2525
f 2466/2466/2466 2509/2509/2509 2506/2506/2506
f 2520/2520/2520 2527/2527/2527 2521/2521/2521
f 2528/2528/2528 2521/2521/2521 2529/2529/2529
f 2521/2521/2521 2530/2530/2530 2529/2529/2529
f 2531/2531/2531 2511/2511/2511 2532/2532/2532
f 2533/2533/2533 2523/2523/2523 2503/2503/2503
f 2515/2515/2515 2502/2502/2502 2513/2513/2513
f 2522/2522/2522 2526/2526/2526 2503/2503/2503
f 2534/2534/2534 2535/2535/2535 2536/2536/2536
f 2537/2537/2537 2538/2538/2538 2536/2536/2536
f 2539/2539/2539 2527/2527/2527 2520/2520/2520
f 2527/2527/2527 2532/2532/2532 2511/2511/2511
f 2532/2532/2532 2497/2497/2497 2531/2531/2531
f 2533/2533/2533 2503/2503/2503 2497/2497/2497
f 2540/2540/2540 2541/2541/2541 2542/2542/2542
f 2539/2539/2539 2532/2532/2532 2527/2527/2527
f 2527/2527/2527 2510/2510/2510 2521/2521/2521
f 2539/2539/2539 2543/2543/2543 2532/2532/2532
f 2497/2497/2497 2543/2543/2543 2533/2533/2533
f 2543/2543/2543 2497/2497/2497 2532/2532/2532
f 2521/2521/2521 2510/2510/2510 2515/2515/2515
f 2521/2521/2521 2515/2515/2515 2530/2530/2530
f 2527/2527/2527 2511/2511/2511 2510/2510/2510
f 2530/2530/2530 2515/2515/2515 2544/2544/2544
f 2544/2544/2544 2545/2545/2545 2546/2546/2546
f 2545/2545/2545 2547/2547/2547 2546/2546/2546
f 2515/2515/2515 2513/2513/2513 2545/2545/2545
f 2545/2545/2545 2513/2513/2513 2548/2548/2548
f 2526/2526/2526 1529/1529/1529 1531/1531/1531
f 2484/2484/2484 2506/2506/2506 2549/2549/2549
f 2515/2515/2515 2545/2545/2545 2544/2544/2544
f 2548/2548/2548 2550/2550/2550 2545/2545/2545
f 2550/2550/2550 2548/2548/2548 2551/2551/2551
f 2489/2489/2489 2552/2552/2552 2553/2553/2553
f 2547/2547/2547 2554/2554/2554 2555/2555/2555
f 2545/2545/2545 2554/2554/2554 2547/2547/2547
f 2545/2545/2545 2550/2550/2550 2554/2554/2554
f 2556/2556/2556 2541/2541/2541 2540/2540/2540
f 2554/2554/2554 2550/2550/2550 2551/2551/2551
f 2554/2554/2554 2557/2557/2557 2555/2555/2555
f 2557/2557/2557 2558/2558/2558 2555/2555/2555
f 2559/2559/2559 2560/2560/2560 2551/2551/2551
f 2559/2559/2559 2561/2561/2561 2560/2560/2560
f 2557/2557/2557 2554/2554/2554 2551/2551/2551
f 2557/2557/2557 2551/2551/2551 2560/2560/2560
f 1530/1530/1530 2562/2562/2562 2563/2563/2563
f 2557/2557/2557 2564/2564/2564 2558/2558/2558
f 2560/2560/2560 2565/2565/2565 2557/2557/2557
f 2565/2565/2565 2564/2564/2564 2557/2557/2557
f 2566/2566/2566 2567/2567/2567 2568/2568/2568
f 2569/2569/2569 2567/2567/2567 2566/2566/2566
f 2570/2570/2570 2571/2571/2571 2572/2572/2572
f 2572/2572/2572 2571/2571/2571 2573/2573/2573
f 2574/2574/2574 2575/2575/2575 2570/2570/2570
f 2574/2574/2574 2570/2570/2570 2572/2572/2572
f 2576/2576/2576 2577/2577/2577 2578/2578/2578
f 2579/2579/2579 2575/2575/2575 2580/2580/2580
f 2581/2581/2581 2582/2582/2582 2583/2583/2583
f 2570/2570/2570 2575/2575/2575 2584/2584/2584
f 2574/2574/2574 2580/2580/2580 2575/2575/2575
f 2583/2583/2583 2585/2585/2585 2581/2581/2581
f 2578/2578/2578 2586/2586/2586 2587/2587/2587
f 2585/2585/2585 2587/2587/2587 2588/2588/2588
f 2589/2589/2589 2585/2585/2585 2583/2583/2583
f 2590/2590/2590 2591/2591/2591 2592/2592/2592
f 2592/2592/2592 2593/2593/2593 2590/2590/2590
f 2587/2587/2587 2585/2585/2585 2594/2594/2594
f 2595/2595/2595 2596/2596/2596 2592/2592/2592
f 2597/2597/2597 2594/2594/2594 2585/2585/2585
f 2595/2595/2595 2598/2598/2598 2596/2596/2596
f 2599/2599/2599 2596/2596/2596 2600/2600/2600
f 2600/2600/2600 2596/2596/2596 2598/2598/2598
f 2601/2601/2601 2602/2602/2602 2603/2603/2603
f 2601/2601/2601 2603/2603/2603 2598/2598/2598
f 2603/2603/2603 2600/2600/2600 2598/2598/2598
f 2604/2604/2604 1812/1812/1812 1811/1811/1811
f 1810/1810/1810 1809/1809/1809 2605/2605/2605
f 1829/1829/1829 1812/1812/1812 2604/2604/2604
f 1810/1810/1810 2605/2605/2605 2606/2606/2606
f 1817/1817/1817 1810/1810/1810 2606/2606/2606
f 2604/2604/2604 2607/2607/2607 1817/1817/1817
f 2604/2604/2604 1817/1817/1817 2608/2608/2608
f 2281/2281/2281 2277/2277/2277 2280/2280/2280
f 1809/1809/1809 1826/1826/1826 2609/2609/2609
f 1825/1825/1825 1829/1829/1829 2610/2610/2610
f 1809/1809/1809 2609/2609/2609 2605/2605/2605
f 2604/2604/2604 2608/2608/2608 2611/2611/2611
f 2281/2281/2281 2612/2612/2612 2282/2282/2282
f 2613/2613/2613 2612/2612/2612 2281/2281/2281
f 2606/2606/2606 2605/2605/2605 2614/2614/2614
f 1817/1817/1817 2615/2615/2615 2608/2608/2608
f 2615/2615/2615 1817/1817/1817 2606/2606/2606
f 2611/2611/2611 1829/1829/1829 2604/2604/2604
f 2609/2609/2609 1826/1826/1826 2616/2616/2616
f 2605/2605/2605 2609/2609/2609 2614/2614/2614
f 2606/2606/2606 2614/2614/2614 2617/2617/2617
f 2613/2613/2613 2281/2281/2281 2618/2618/2618
f 2619/2619/2619 2620/2620/2620 2613/2613/2613
f 2614/2614/2614 2620/2620/2620 2619/2619/2619
f 2609/2609/2609 2620/2620/2620 2614/2614/2614
f 2621/2621/2621 2622/2622/2622 2623/2623/2623
f 2608/2608/2608 2624/2624/2624 2611/2611/2611
f 2625/2625/2625 2626/2626/2626 2627/2627/2627
f 2626/2626/2626 2628/2628/2628 2629/2629/2629
f 1826/1826/1826 1848/1848/1848 2616/2616/2616
f 2613/2613/2613 2618/2618/2618 2619/2619/2619
f 2617/2617/2617 2614/2614/2614 2619/2619/2619
f 2606/2606/2606 2630/2630/2630 2615/2615/2615
f 2611/2611/2611 2631/2631/2631 1829/1829/1829
f 2632/2632/2632 2294/2294/2294 2633/2633/2633
f 2620/2620/2620 2609/2609/2609 2616/2616/2616
f 2606/2606/2606 2617/2617/2617 2630/2630/2630
f 2610/2610/2610 1851/1851/1851 1825/1825/1825
f 1867/1867/1867 2616/2616/2616 1848/1848/1848
f 2617/2617/2617 2619/2619/2619 2634/2634/2634
f 2631/2631/2631 2610/2610/2610 1829/1829/1829
f 2620/2620/2620 2616/2616/2616 2635/2635/2635
f 2630/2630/2630 2617/2617/2617 2634/2634/2634
f 2631/2631/2631 2636/2636/2636 2610/2610/2610
f 2610/2610/2610 2636/2636/2636 2637/2637/2637
f 2615/2615/2615 2630/2630/2630 2638/2638/2638
f 2618/2618/2618 2639/2639/2639 2619/2619/2619
f 2619/2619/2619 2639/2639/2639 2634/2634/2634
f 2640/2640/2640 2641/2641/2641 2642/2642/2642
f 2643/2643/2643 2616/2616/2616 1867/1867/1867
f 2644/2644/2644 2645/2645/2645 2646/2646/2646
f 2647/2647/2647 2648/2648/2648 2649/2649/2649
f 2630/2630/2630 2634/2634/2634 2650/2650/2650
f 2641/2641/2641 2651/2651/2651 2642/2642/2642
f 2652/2652/2652 2653/2653/2653 2611/2611/2611
f 2653/2653/2653 2631/2631/2631 2611/2611/2611
f 2654/2654/2654 2625/2625/2625 2302/2302/2302
f 2630/2630/2630 2655/2655/2655 2638/2638/2638
f 2626/2626/2626 2625/2625/2625 2654/2654/2654
f 2632/2632/2632 2656/2656/2656 2294/2294/2294
f 2650/2650/2650 2655/2655/2655 2630/2630/2630
f 2638/2638/2638 2655/2655/2655 2657/2657/2657
f 2658/2658/2658 2659/2659/2659 2648/2648/2648
f 2634/2634/2634 2639/2639/2639 2650/2650/2650
f 2631/2631/2631 2660/2660/2660 2636/2636/2636
f 2650/2650/2650 2661/2661/2661 2655/2655/2655
f 2314/2314/2314 2317/2317/2317 2318/2318/2318
f 2644/2644/2644 1880/1880/1880 1879/1879/1879
f 2662/2662/2662 2648/2648/2648 2659/2659/2659
f 2639/2639/2639 2663/2663/2663 2650/2650/2650
f 2311/2311/2311 2664/2664/2664 2317/2317/2317
f 2648/2648/2648 2662/2662/2662 2665/2665/2665
f 2666/2666/2666 2657/2657/2657 2655/2655/2655
f 2657/2657/2657 2667/2667/2667 2652/2652/2652
f 1879/1879/1879 2668/2668/2668 2644/2644/2644
f 2663/2663/2663 2661/2661/2661 2650/2650/2650
f 2652/2652/2652 2667/2667/2667 2653/2653/2653
f 2668/2668/2668 2669/2669/2669 2293/2293/2293
f 2666/2666/2666 2655/2655/2655 2661/2661/2661
f 2669/2669/2669 2668/2668/2668 1879/1879/1879
f 2670/2670/2670 2631/2631/2631 2653/2653/2653
f 2671/2671/2671 2669/2669/2669 2672/2672/2672
f 2661/2661/2661 2673/2673/2673 2666/2666/2666
f 2674/2674/2674 2657/2657/2657 2666/2666/2666
f 2675/2675/2675 2206/2206/2206 2676/2676/2676
f 2639/2639/2639 2677/2677/2677 2678/2678/2678
f 2663/2663/2663 2639/2639/2639 2678/2678/2678
f 2679/2679/2679 2663/2663/2663 2678/2678/2678
f 2661/2661/2661 2663/2663/2663 2680/2680/2680
f 2673/2673/2673 2661/2661/2661 2680/2680/2680
f 2657/2657/2657 2674/2674/2674 2667/2667/2667
f 2680/2680/2680 2663/2663/2663 2679/2679/2679
f 2666/2666/2666 2673/2673/2673 2674/2674/2674
f 2653/2653/2653 2667/2667/2667 2681/2681/2681
f 2674/2674/2674 2681/2681/2681 2667/2667/2667
f 2653/2653/2653 2682/2682/2682 2670/2670/2670
f 2683/2683/2683 2684/2684/2684 2685/2685/2685
f 2669/2669/2669 2686/2686/2686 2687/2687/2687
f 2688/2688/2688 2678/2678/2678 2677/2677/2677
f 2679/2679/2679 2678/2678/2678 2689/2689/2689
f 1879/1879/1879 2381/2381/2381 2669/2669/2669
f 2381/2381/2381 2690/2690/2690 2669/2669/2669
f 2688/2688/2688 2677/2677/2677 2691/2691/2691
f 2679/2679/2679 2689/2689/2689 2692/2692/2692
f 2680/2680/2680 2679/2679/2679 2692/2692/2692
f 2693/2693/2693 2674/2674/2674 2673/2673/2673
f 2681/2681/2681 2682/2682/2682 2653/2653/2653
f 2678/2678/2678 2688/2688/2688 2332/2332/2332
f 2678/2678/2678 2332/2332/2332 2689/2689/2689
f 2694/2694/2694 2680/2680/2680 2692/2692/2692
f 2680/2680/2680 2694/2694/2694 2695/2695/2695
f 2680/2680/2680 2695/2695/2695 2673/2673/2673
f 2689/2689/2689 2332/2332/2332 2696/2696/2696
f 2692/2692/2692 2689/2689/2689 2696/2696/2696
f 2674/2674/2674 2693/2693/2693 2697/2697/2697
f 2332/2332/2332 2329/2329/2329 2698/2698/2698
f 2696/2696/2696 2332/2332/2332 2698/2698/2698
f 2699/2699/2699 2688/2688/2688 2691/2691/2691
f 2332/2332/2332 2688/2688/2688 2700/2700/2700
f 2692/2692/2692 2696/2696/2696 2701/2701/2701
f 2692/2692/2692 2701/2701/2701 2694/2694/2694
f 2673/2673/2673 2695/2695/2695 2693/2693/2693
f 2697/2697/2697 2681/2681/2681 2674/2674/2674
f 2702/2702/2702 2703/2703/2703 2704/2704/2704
f 2699/2699/2699 2700/2700/2700 2688/2688/2688
f 2696/2696/2696 2705/2705/2705 2701/2701/2701
f 2700/2700/2700 2333/2333/2333 2332/2332/2332
f 2329/2329/2329 2331/2331/2331 2344/2344/2344
f 2690/2690/2690 2686/2686/2686 2669/2669/2669
f 2698/2698/2698 2329/2329/2329 2344/2344/2344
f 2698/2698/2698 2706/2706/2706 2705/2705/2705
f 2698/2698/2698 2705/2705/2705 2696/2696/2696
f 2698/2698/2698 2344/2344/2344 2706/2706/2706
f 2707/2707/2707 2695/2695/2695 2694/2694/2694
f 2707/2707/2707 2693/2693/2693 2695/2695/2695
f 2686/2686/2686 2401/2401/2401 2403/2403/2403
f 2708/2708/2708 2709/2709/2709 2710/2710/2710
f 2690/2690/2690 2401/2401/2401 2686/2686/2686
f 2711/2711/2711 2712/2712/2712 2713/2713/2713
f 2714/2714/2714 2715/2715/2715 2716/2716/2716
f 2717/2717/2717 2718/2718/2718 2719/2719/2719
f 2720/2720/2720 2721/2721/2721 2722/2722/2722
f 2723/2723/2723 2724/2724/2724 2725/2725/2725
f 2726/2726/2726 2727/2727/2727 2728/2728/2728
f 2729/2729/2729 2712/2712/2712 2730/2730/2730
f 2731/2731/2731 2708/2708/2708 2732/2732/2732
f 2733/2733/2733 2709/2709/2709 2708/2708/2708
f 2381/2381/2381 2383/2383/2383 2690/2690/2690
f 2690/2690/2690 2383/2383/2383 2401/2401/2401
f 2734/2734/2734 2702/2702/2702 2735/2735/2735
f 2722/2722/2722 2726/2726/2726 2720/2720/2720
f 2718/2718/2718 2736/2736/2736 2737/2737/2737
f 2738/2738/2738 2718/2718/2718 2723/2723/2723
f 2739/2739/2739 2369/2369/2369 2726/2726/2726
f 2715/2715/2715 2738/2738/2738 2723/2723/2723
f 2712/2712/2712 2729/2729/2729 2713/2713/2713
f 2714/2714/2714 2740/2740/2740 2720/2720/2720
f 2714/2714/2714 2738/2738/2738 2715/2715/2715
f 2720/2720/2720 2741/2741/2741 2714/2714/2714
f 2729/2729/2729 2742/2742/2742 2713/2713/2713
f 2743/2743/2743 2401/2401/2401 2383/2383/2383
f 2744/2744/2744 2720/2720/2720 2726/2726/2726
f 2738/2738/2738 2714/2714/2714 2745/2745/2745
f 2431/2431/2431 2726/2726/2726 2369/2369/2369
f 2746/2746/2746 2747/2747/2747 2718/2718/2718
f 2742/2742/2742 2748/2748/2748 2713/2713/2713
f 2749/2749/2749 2708/2708/2708 2750/2750/2750
f 2380/2380/2380 2743/2743/2743 2383/2383/2383
f 2741/2741/2741 2720/2720/2720 2744/2744/2744
f 2751/2751/2751 2708/2708/2708 2752/2752/2752
f 2742/2742/2742 2729/2729/2729 2753/2753/2753
f 2754/2754/2754 2744/2744/2744 2726/2726/2726
f 2738/2738/2738 2755/2755/2755 2718/2718/2718
f 2746/2746/2746 2756/2756/2756 2747/2747/2747
f 2493/2493/2493 2743/2743/2743 2380/2380/2380
f 2754/2754/2754 2726/2726/2726 2431/2431/2431
f 2708/2708/2708 2749/2749/2749 2752/2752/2752
f 2745/2745/2745 2714/2714/2714 2741/2741/2741
f 2718/2718/2718 2755/2755/2755 2746/2746/2746
f 2753/2753/2753 2757/2757/2757 2742/2742/2742
f 2758/2758/2758 2741/2741/2741 2744/2744/2744
f 2758/2758/2758 2744/2744/2744 2754/2754/2754
f 2759/2759/2759 2755/2755/2755 2738/2738/2738
f 2743/2743/2743 2536/2536/2536 2401/2401/2401
f 2738/2738/2738 2745/2745/2745 2759/2759/2759
f 2749/2749/2749 2760/2760/2760 2752/2752/2752
f 2484/2484/2484 2754/2754/2754 2431/2431/2431
f 2761/2761/2761 2757/2757/2757 2753/2753/2753
f 2755/2755/2755 2762/2762/2762 2746/2746/2746
f 2760/2760/2760 2763/2763/2763 2752/2752/2752
f 2764/2764/2764 2759/2759/2759 2745/2745/2745
f 2746/2746/2746 2765/2765/2765 2756/2756/2756
f 2745/2745/2745 2741/2741/2741 2764/2764/2764
f 2766/2766/2766 2761/2761/2761 2753/2753/2753
f 2760/2760/2760 2749/2749/2749 2767/2767/2767
f 2492/2492/2492 2743/2743/2743 2493/2493/2493
f 2768/2768/2768 2758/2758/2758 2754/2754/2754
f 2758/2758/2758 2764/2764/2764 2741/2741/2741
f 2762/2762/2762 2765/2765/2765 2746/2746/2746
f 2760/2760/2760 2769/2769/2769 2763/2763/2763
f 2537/2537/2537 2536/2536/2536 2743/2743/2743
f 2768/2768/2768 2754/2754/2754 2484/2484/2484
f 2762/2762/2762 2770/2770/2770 2765/2765/2765
f 2766/2766/2766 2771/2771/2771 2761/2761/2761
f 2492/2492/2492 2772/2772/2772 2743/2743/2743
f 2772/2772/2772 2537/2537/2537 2743/2743/2743
f 2770/2770/2770 2773/2773/2773 2765/2765/2765
f 2774/2774/2774 2764/2764/2764 2758/2758/2758
f 2769/2769/2769 2760/2760/2760 2767/2767/2767
f 2768/2768/2768 2484/2484/2484 2549/2549/2549
f 2768/2768/2768 2774/2774/2774 2758/2758/2758
f 2759/2759/2759 2775/2775/2775 2755/2755/2755
f 2775/2775/2775 2762/2762/2762 2755/2755/2755
f 2776/2776/2776 2769/2769/2769 2767/2767/2767
f 2537/2537/2537 2777/2777/2777 2538/2538/2538
f 2764/2764/2764 2778/2778/2778 2759/2759/2759
f 2779/2779/2779 2776/2776/2776 2767/2767/2767
f 2549/2549/2549 2780/2780/2780 2768/2768/2768
f 2774/2774/2774 2778/2778/2778 2764/2764/2764
f 2541/2541/2541 2781/2781/2781 2492/2492/2492
f 2772/2772/2772 2777/2777/2777 2537/2537/2537
f 2759/2759/2759 2782/2782/2782 2775/2775/2775
f 2775/2775/2775 2783/2783/2783 2762/2762/2762
f 2783/2783/2783 2770/2770/2770 2762/2762/2762
f 2784/2784/2784 2763/2763/2763 2769/2769/2769
f 2492/2492/2492 2781/2781/2781 2772/2772/2772
f 2768/2768/2768 2780/2780/2780 2774/2774/2774
f 2782/2782/2782 2759/2759/2759 2778/2778/2778
f 2785/2785/2785 2786/2786/2786 2787/2787/2787
f 2782/2782/2782 2783/2783/2783 2775/2775/2775
f 2560/2560/2560 2788/2788/2788 2565/2565/2565
f 2560/2560/2560 2561/2561/2561 2788/2788/2788
f 2789/2789/2789 2564/2564/2564 2565/2565/2565
f 2790/2790/2790 2791/2791/2791 2792/2792/2792
f 2793/2793/2793 2776/2776/2776 2779/2779/2779
f 2565/2565/2565 2788/2788/2788 2789/2789/2789
f 2788/2788/2788 2794/2794/2794 2789/2789/2789
f 2795/2795/2795 2796/2796/2796 2797/2797/2797
f 2798/2798/2798 2769/2769/2769 2776/2776/2776
f 2798/2798/2798 2784/2784/2784 2769/2769/2769
f 2799/2799/2799 2800/2800/2800 2561/2561/2561
f 2561/2561/2561 2800/2800/2800 2788/2788/2788
f 2788/2788/2788 2786/2786/2786 2794/2794/2794
f 2799/2799/2799 2801/2801/2801 2800/2800/2800
f 2800/2800/2800 2786/2786/2786 2788/2788/2788
f 2802/2802/2802 2803/2803/2803 2804/2804/2804
f 2802/2802/2802 2797/2797/2797 2803/2803/2803
f 2567/2567/2567 2805/2805/2805 2541/2541/2541
f 2801/2801/2801 2806/2806/2806 2800/2800/2800
f 2806/2806/2806 2786/2786/2786 2800/2800/2800
f 2806/2806/2806 2807/2807/2807 2786/2786/2786
f 2807/2807/2807 2787/2787/2787 2786/2786/2786
f 2807/2807/2807 2808/2808/2808 2787/2787/2787
f 2804/2804/2804 2787/2787/2787 2808/2808/2808
f 2808/2808/2808 2802/2802/2802 2804/2804/2804
f 2791/2791/2791 2809/2809/2809 2797/2797/2797
f 2810/2810/2810 2784/2784/2784 2798/2798/2798
f 2805/2805/2805 2781/2781/2781 2541/2541/2541
f 2791/2791/2791 2811/2811/2811 2812/2812/2812
f 2813/2813/2813 2776/2776/2776 2793/2793/2793
f 2814/2814/2814 2815/2815/2815 2816/2816/2816
f 2799/2799/2799 2817/2817/2817 2801/2801/2801
f 2801/2801/2801 2807/2807/2807 2806/2806/2806
f 2818/2818/2818 2797/2797/2797 2802/2802/2802
f 2811/2811/2811 2791/2791/2791 2797/2797/2797
f 2567/2567/2567 1956/1956/1956 2805/2805/2805
f 2781/2781/2781 2581/2581/2581 2772/2772/2772
f 2819/2819/2819 2820/2820/2820 2821/2821/2821
f 2808/2808/2808 2822/2822/2822 2802/2802/2802
f 2818/2818/2818 2802/2802/2802 2822/2822/2822
f 2818/2818/2818 2811/2811/2811 2797/2797/2797
f 2813/2813/2813 2798/2798/2798 2776/2776/2776
f 2819/2819/2819 2821/2821/2821 2823/2823/2823
f 2824/2824/2824 2801/2801/2801 2817/2817/2817
f 2822/2822/2822 2808/2808/2808 2807/2807/2807
f 2581/2581/2581 2781/2781/2781 2582/2582/2582
f 2805/2805/2805 2582/2582/2582 2781/2781/2781
f 2825/2825/2825 2807/2807/2807 2801/2801/2801
f 2825/2825/2825 2822/2822/2822 2807/2807/2807
f 2813/2813/2813 2826/2826/2826 2798/2798/2798
f 2569/2569/2569 1956/1956/1956 2567/2567/2567
f 2825/2825/2825 2801/2801/2801 2827/2827/2827
f 2828/2828/2828 2818/2818/2818 2822/2822/2822
f 2818/2818/2818 2828/2828/2828 2811/2811/2811
f 2829/2829/2829 2830/2830/2830 2813/2813/2813
f 1956/1956/1956 2831/2831/2831 2805/2805/2805
f 2813/2813/2813 2830/2830/2830 2826/2826/2826
f 2814/2814/2814 2832/2832/2832 2833/2833/2833
f 2834/2834/2834 2835/2835/2835 2579/2579/2579
f 2836/2836/2836 2822/2822/2822 2825/2825/2825
f 2828/2828/2828 2822/2822/2822 2836/2836/2836
f 2828/2828/2828 2837/2837/2837 2811/2811/2811
f 2834/2834/2834 2579/2579/2579 2580/2580/2580
f 2825/2825/2825 2838/2838/2838 2836/2836/2836
f 2825/2825/2825 2839/2839/2839 2838/2838/2838
f 2836/2836/2836 2840/2840/2840 2828/2828/2828
f 2798/2798/2798 2826/2826/2826 2841/2841/2841
f 2841/2841/2841 2810/2810/2810 2798/2798/2798
f 2814/2814/2814 2833/2833/2833 2242/2242/2242
f 2805/2805/2805 2831/2831/2831 2842/2842/2842
f 2842/2842/2842 2582/2582/2582 2805/2805/2805
f 2828/2828/2828 2840/2840/2840 2843/2843/2843
f 2844/2844/2844 2830/2830/2830 2845/2845/2845
f 2846/2846/2846 2847/2847/2847 2819/2819/2819
f 2840/2840/2840 2836/2836/2836 2838/2838/2838
f 2848/2848/2848 2582/2582/2582 2842/2842/2842
f 2849/2849/2849 2847/2847/2847 2846/2846/2846
f 1956/1956/1956 2850/2850/2850 2831/2831/2831
f 2831/2831/2831 2850/2850/2850 2842/2842/2842
f 2851/2851/2851 2852/2852/2852 2853/2853/2853
f 2854/2854/2854 2851/2851/2851 2855/2855/2855
f 2856/2856/2856 2826/2826/2826 2830/2830/2830
f 2841/2841/2841 2857/2857/2857 2810/2810/2810
f 2833/2833/2833 1986/1986/1986 2242/2242/2242
f 1956/1956/1956 1965/1965/1965 2850/2850/2850
f 2858/2858/2858 2846/2846/2846 2819/2819/2819
f 2856/2856/2856 2830/2830/2830 2859/2859/2859
f 2853/2853/2853 2860/2860/2860 2851/2851/2851
f 2843/2843/2843 2840/2840/2840 2861/2861/2861
f 2843/2843/2843 2862/2862/2862 2863/2863/2863
f 2864/2864/2864 1981/1981/1981 2865/2865/2865
f 2865/2865/2865 2838/2838/2838 2866/2866/2866
f 2840/2840/2840 2838/2838/2838 2867/2867/2867
f 2867/2867/2867 2861/2861/2861 2840/2840/2840
f 2861/2861/2861 2862/2862/2862 2843/2843/2843
f 2856/2856/2856 2868/2868/2868 2826/2826/2826
f 2868/2868/2868 2841/2841/2841 2826/2826/2826
f 2867/2867/2867 2838/2838/2838 2865/2865/2865
f 2865/2865/2865 2869/2869/2869 2864/2864/2864
f 2869/2869/2869 2870/2870/2870 2864/2864/2864
f 2871/2871/2871 2872/2872/2872 2873/2873/2873
f 2603/2603/2603 2866/2866/2866 2874/2874/2874
f 2861/2861/2861 2875/2875/2875 2862/2862/2862
f 2876/2876/2876 2877/2877/2877 2856/2856/2856
f 2871/2871/2871 2004/2004/2004 2872/2872/2872
f 2602/2602/2602 2870/2870/2870 2869/2869/2869
f 2869/2869/2869 2865/2865/2865 2866/2866/2866
f 1980/1980/1980 2878/2878/2878 1981/1981/1981
f 2865/2865/2865 1981/1981/1981 2878/2878/2878
f 2867/2867/2867 2875/2875/2875 2861/2861/2861
f 2856/2856/2856 2877/2877/2877 2879/2879/2879
f 2600/2600/2600 2880/2880/2880 2599/2599/2599
f 2869/2869/2869 2866/2866/2866 2603/2603/2603
f 2881/2881/2881 2865/2865/2865 2878/2878/2878
f 2881/2881/2881 2867/2867/2867 2865/2865/2865
f 2867/2867/2867 2881/2881/2881 2875/2875/2875
f 2882/2882/2882 2841/2841/2841 2883/2883/2883
f 2603/2603/2603 2602/2602/2602 2869/2869/2869
f 2004/2004/2004 2871/2871/2871 2005/2005/2005
f 2600/2600/2600 2603/2603/2603 2884/2884/2884
f 2603/2603/2603 2874/2874/2874 2884/2884/2884
f 1998/1998/1998 2878/2878/2878 1980/1980/1980
f 2878/2878/2878 1998/1998/1998 2881/2881/2881
f 2875/2875/2875 2885/2885/2885 2862/2862/2862
f 2862/2862/2862 2886/2886/2886 2887/2887/2887
f 2888/2888/2888 2889/2889/2889 2887/2887/2887
f 2875/2875/2875 2881/2881/2881 2885/2885/2885
f 2886/2886/2886 2888/2888/2888 2887/2887/2887
f 2890/2890/2890 2891/2891/2891 2892/2892/2892
f 2005/2005/2005 2871/2871/2871 2889/2889/2889
f 2893/2893/2893 2894/2894/2894 2895/2895/2895
f 2016/2016/2016 2881/2881/2881 1998/1998/1998
f 2016/2016/2016 2885/2885/2885 2881/2881/2881
f 2016/2016/2016 2036/2036/2036 2885/2885/2885
f 2036/2036/2036 2031/2031/2031 2885/2885/2885
f 2031/2031/2031 2036/2036/2036 2030/2030/2030
f 2021/2021/2021 2022/2022/2022 2031/2031/2031
f 1872/1872/1872 1871/1871/1871 2206/2206/2206
f 2896/2896/2896 2207/2207/2207 2206/2206/2206
f 2896/2896/2896 2206/2206/2206 2675/2675/2675
f 2702/2702/2702 2897/2897/2897 2675/2675/2675
f 2675/2675/2675 2897/2897/2897 2896/2896/2896
f 2207/2207/2207 2896/2896/2896 2214/2214/2214
f 2223/2223/2223 2896/2896/2896 2897/2897/2897
f 2223/2223/2223 2214/2214/2214 2896/2896/2896
f 2734/2734/2734 2897/2897/2897 2702/2702/2702
f 2734/2734/2734 2898/2898/2898 2897/2897/2897
f 2897/2897/2897 2898/2898/2898 2223/2223/2223
f 2899/2899/2899 2734/2734/2734 2900/2900/2900
f 2899/2899/2899 2898/2898/2898 2734/2734/2734
f 2899/2899/2899 2900/2900/2900 2901/2901/2901
f 2223/2223/2223 2898/2898/2898 2231/2231/2231
f 2898/2898/2898 2899/2899/2899 2902/2902/2902
f 2231/2231/2231 2898/2898/2898 2902/2902/2902
f 2231/2231/2231 2227/2227/2227 2223/2223/2223
f 2901/2901/2901 2902/2902/2902 2899/2899/2899
f 2231/2231/2231 2902/2902/2902 2230/2230/2230
f 2902/2902/2902 2901/2901/2901 2903/2903/2903
f 2239/2239/2239 2230/2230/2230 2902/2902/2902
f 2239/2239/2239 2234/2234/2234 2230/2230/2230
f 2904/2904/2904 2903/2903/2903 2901/2901/2901
f 2902/2902/2902 2903/2903/2903 2814/2814/2814
f 2239/2239/2239 2902/2902/2902 2814/2814/2814
f 2904/2904/2904 2814/2814/2814 2903/2903/2903
f 2239/2239/2239 2814/2814/2814 2240/2240/2240
f 2814/2814/2814 2242/2242/2242 2240/2240/2240
